stop_id,stop_name,stop_lat,stop_lon
101014,WILLIS AV/E 138 ST,40.80893,-73.922855
101015,WILLIS AV/E 140 ST,40.810634,-73.921632
101017,WILLIS AV/E 144 ST,40.813111,-73.919823
101018,WILLIS AV/E 146 ST,40.814404,-73.918954
101066,3 AV/E 150 ST,40.816142,-73.917547
101069,WILLIS AV/E 144 ST,40.812711,-73.920405
101074,E 138 ST/3 AV,40.810945,-73.926956
102209,E 138 ST/WILLIS AV,40.809367,-73.923348
103772,BERGEN AV/WESTCHESTER AV,40.816234,-73.915859
104075,LINCOLN AV/BRUCKNER BLVD,40.80803,-73.929335
104630,WILLIS AV/E 140 ST,40.810753,-73.921819
400001,4 AV/E 9 ST,40.730955,-73.990418
400003,4 AV/E 13 ST,40.733936,-73.98972
400007,PARK AV SOUTH/E 21 ST,40.738976,-73.987053
400008,5 AV/E 72 ST,40.772134,-73.967365
400018,MADISON AV/E 43 ST,40.753349,-73.978759
400019,MADISON AV/E 46 ST,40.755236,-73.977436
400021,MADISON AV/E 50 ST,40.757739,-73.975556
400023,MADISON AV/E 56 ST,40.761496,-73.972818
400024,MADISON AV/E 58 ST,40.762701,-73.971959
400026,MADISON AV/E 63 ST,40.766274,-73.969329
400028,MADISON AV/E 67 ST,40.768812,-73.967483
400029,MADISON AV/E 69 ST,40.770075,-73.966558
400030,MADISON AV/E 72 ST,40.772141,-73.96508
400031,MADISON AV/E 74 ST,40.77345,-73.964142
400032,MADISON AV/E 77 ST,40.775322,-73.962739
400033,MADISON AV/E 79 ST,40.776647,-73.961823
400034,MADISON AV/E 83 ST,40.778793,-73.960206
400036,MADISON AV/E 86 ST,40.781155,-73.958483
400037,MADISON AV/E 89 ST,40.782676,-73.957373
400038,MADISON AV/E 91 ST,40.78436,-73.956137
400039,MADISON AV/E 93 ST,40.785636,-73.955205
400041,MADISON AV/E 98 ST,40.788413,-73.95318
400042,MADISON AV/E 101 ST,40.790304,-73.951799
400043,MADISON AV/E 102 ST,40.791371,-73.951022
400044,MADISON AV/E 104 ST,40.792159,-73.950447
400045,MADISON AV/E 106 ST,40.793434,-73.949511
400046,MADISON AV/E 107 ST,40.794551,-73.948694
400047,MADISON AV/E 109 ST,40.795813,-73.947779
400048,MADISON AV/E 111 ST,40.796865,-73.947073
400051,MADISON AV/E 118 ST,40.801507,-73.943618
400053,MADISON AV/E 123 ST,40.804777,-73.941328
400054,MADISON AV/E 125 ST,40.806015,-73.940348
400055,MADISON AV/E 127 ST,40.807247,-73.939459
400056,MADISON AV/E 129 ST,40.808511,-73.938536
400057,MADISON AV/E 132 ST,40.810426,-73.937108
400059,5 AV/E 135 ST,40.813125,-73.937224
400060,5 AV/E 138 ST,40.814463,-73.936251
400061,W 139 ST/5 AV,40.815616,-73.936283
400062,MALCOLM X BLVD/W 139 ST,40.81694,-73.938615
400065,MALCOLM X BLVD/W 145 ST,40.82068,-73.935873
400066,W 147 ST/MALCOLM X BLVD,40.821952,-73.935729
400067,W 147 ST/ADAM C POWELL BLVD,40.822853,-73.937867
400070,TRINITY PL/RECTOR ST,40.708007,-74.012714
400080,CENTRE ST/BROOME ST,40.720678,-73.997674
400081,CLEVELAND  PL/SPRING ST,40.722433,-73.997008
400085,LAFAYETTE ST/E 4 ST,40.728066,-73.992849
400086,LAFAYETTE ST/ASTOR PL,40.729751,-73.991427
400087,W 146 ST/MALCOLM X BLVD,40.821178,-73.935956
400088,MALCOLM X BLVD/W 145 ST,40.820359,-73.93646
400089,MALCOLM X BLVD/W 142 ST,40.818247,-73.938003
400091,W 139 ST/MALCOLM X BLVD,40.816381,-73.938746
400092,5 AV/W 138 ST,40.815202,-73.93598
400093,5 AV/W 137 ST,40.813791,-73.937003
400094,5 AV/W 135 ST,40.812365,-73.938045
400095,5 AV/W 132 ST,40.81062,-73.939282
400096,5 AV/W 130 ST,40.809347,-73.940208
400097,5 AV/W 128 ST,40.808076,-73.941141
400098,5 AV/W 125 ST,40.806137,-73.942555
400099,MOUNT MORRIS PARK WEST/W 124 ST,40.80619,-73.944603
400102,5 AV/W 118 ST,40.801694,-73.945835
400103,5 AV/W 116 ST,40.800355,-73.946815
400105,5 AV/W 112 ST,40.79786,-73.948595
400107,5 AV/E 109 ST,40.796533,-73.94957
400108,5 AV/E 108 ST,40.795513,-73.950319
400109,5 AV/E 106 ST,40.794176,-73.951287
400110,5 AV/E 104 ST,40.792922,-73.952153
400111,5 AV/E 102 ST,40.79157,-73.953182
400115,5 AV/E 94 ST,40.786559,-73.956865
400116,5 AV/E 92 ST,40.785205,-73.957824
400117,5 AV/E 90 ST,40.783993,-73.958712
400118,5 AV/E 87 ST,40.782181,-73.960036
400119,5 AV/E 84 ST,40.780435,-73.961321
400120,5 AV/E 80 ST,40.777791,-73.963228
400121,5 AV/E 79 ST,40.776724,-73.963977
400122,5 AV/E 77 ST,40.77561,-73.964837
400123,5 AV/E 75 ST,40.774356,-73.965776
400124,5 AV/E 72 ST,40.771976,-73.967447
400125,5 AV/E 69 ST,40.770259,-73.968739
400126,5 AV/E 66 ST,40.768234,-73.970238
400127,5 AV/E 63 ST,40.766715,-73.971292
400128,5 AV/E 61 ST,40.76568,-73.972026
400129,5 AV/E 60 ST,40.765226,-73.972459
400131,5 AV/W 53 ST,40.760147,-73.976147
400133,5 AV/W 47 ST,40.756381,-73.978884
400135,5 AV/W 42 ST,40.753141,-73.981216
400153,BROADWAY/WAVERLY PL,40.7294,-73.993516
400154,BROADWAY/W 3 ST,40.727539,-73.9951
400155,BROADWAY/BLEECKER ST,40.726263,-73.996172
400157,BROADWAY/SPRING ST,40.722843,-73.999066
400162,BROADWAY/FRANKLIN ST,40.717587,-74.003435
400166,BROADWAY/PARK PL,40.712679,-74.007665
400168,BROADWAY/CORTLANDT ST,40.709969,-74.009942
400170,BROADWAY/RECTOR ST,40.707554,-74.01196
400176,E 9 ST/BROADWAY,40.731425,-73.992408
400190,MADISON AV/E 35 ST,40.748313,-73.982456
400191,MADISON AV/E 37 ST,40.749808,-73.981344
400224,CENTRAL PARK NORTH/MALCOLM X BLVD,40.798395,-73.952601
400225,CENTRAL PARK NORTH/ADAM C POWELL BLVD,40.799354,-73.954975
400226,ADAM C POWELL BLVD/W 113 ST,40.801484,-73.953579
400227,ADAM C POWELL BLVD/W 137 ST,40.816789,-73.942405
400228,ADAM C POWELL BLVD/W 116 ST,40.803426,-73.952158
400230,ADAM C POWELL BLVD/W 121 ST,40.806598,-73.949844
400231,ADAM C POWELL BLVD/W 123 ST,40.80752,-73.949175
400233,ADAM C POWELL BLVD/W 127 ST,40.810475,-73.947009
400234,ADAM C POWELL BLVD/W 129 ST,40.811718,-73.946105
400235,ADAM C POWELL BLVD/W 131 ST,40.812958,-73.945197
400236,ADAM C POWELL BLVD/W 133 ST,40.81419,-73.9443
400237,ADAM C POWELL BLVD/W 135 ST,40.815549,-73.943309
400238,ADAM C POWELL BLVD/W 139 ST,40.818034,-73.94149
400239,ADAM C POWELL BLVD/W 141 ST,40.819296,-73.940571
400240,ADAM C POWELL BLVD/W 143 ST,40.820515,-73.939681
400241,ADAM C POWELL BLVD/W 145 ST,40.821878,-73.938687
400242,ADAM C POWELL BLVD/W 147 ST,40.823169,-73.937752
400248,EDGECOMBE AV/W 155 ST,40.830904,-73.940279
400249,EDGECOMBE AV/W 158 ST,40.832912,-73.939461
400250,EDGECOMBE AV/W 160 ST,40.834045,-73.938133
400251,EDGECOMBE AV/W 162 ST,40.835242,-73.937496
400252,EDGECOMBE AV/W 164 ST,40.836657,-73.936852
400258,BROADWAY/W 168 ST,40.841041,-73.939971
400259,W 166 ST/SAINT NICHOLAS AV,40.839624,-73.940184
400263,EDGECOMBE AV/W 164 ST,40.836219,-73.937231
400264,EDGECOMBE AV/W 162 ST,40.835011,-73.937775
400265,EDGECOMBE AV/W 160 ST,40.833653,-73.938817
400266,EDGECOMBE AV/W 158 ST,40.832421,-73.939905
400267,EDGECOMBE AV/W 155 ST,40.830618,-73.940438
400268,W 155 ST/EDGECOMBE AV,40.830182,-73.939846
400271,ADAM C POWELL BLVD/W 154 ST,40.827574,-73.935345
400272,ADAM C POWELL BLVD/W 151 ST,40.825776,-73.936202
400274,ADAM C POWELL BLVD/W 148 ST,40.823366,-73.938028
400275,ADAM C POWELL BLVD/W 145 ST,40.821387,-73.939471
400276,ADAM C POWELL BLVD/W 142 ST,40.819535,-73.94082
400277,ADAM C POWELL BLVD/W 140 ST,40.818303,-73.941721
400278,ADAM C POWELL BLVD/W 138 ST,40.817028,-73.942661
400279,ADAM C POWELL BLVD/W 135 ST,40.815277,-73.943909
400280,ADAM C POWELL BLVD/W 132 ST,40.813155,-73.945461
400281,ADAM C POWELL BLVD/W 130 ST,40.812037,-73.946257
400282,ADAM C POWELL BLVD/W 128 ST,40.810701,-73.947255
400283,ADAM C POWELL BLVD/W 125 ST,40.80918,-73.948379
400284,ADAM C POWELL BLVD/W 122 ST,40.806837,-73.950097
400285,ADAM C POWELL BLVD/W 120 ST,40.805602,-73.950997
400287,ADAM C POWELL BLVD/W 116 ST,40.803591,-73.952433
400288,ADAM C POWELL BLVD/W 114 ST,40.801714,-73.953836
400289,ADAM C POWELL BLVD/W 112 ST,40.80046,-73.95475
400290,CENTRAL PARK NORTH/ADAM C POWELL BLVD,40.799173,-73.95486
400292,CENTRAL PARK NORTH/5 AV,40.797099,-73.949858
400316,5 AV/W 56 ST,40.761999,-73.974749
400322,5 AV/W 39 ST,40.75131,-73.982589
400323,5 AV/W 36 ST,40.749477,-73.983921
400324,5 AV/W 33 ST,40.747494,-73.985338
400325,5 AV/W 31 ST,40.746263,-73.986268
400327,5 AV/W 26 ST,40.743534,-73.988188
400329,5 AV/W 23 ST,40.74124,-73.990062
400330,5 AV/W 20 ST,40.739407,-73.99126
400331,5 AV/W 17 ST,40.73767,-73.992523
400333,5 AV/W 12 ST,40.734469,-73.994847
400334,5 AV/W 10 ST,40.733223,-73.995749
400335,E 8 ST/5 AV,40.731996,-73.995926
400336,E 8 ST/UNIVERSITY PL,40.731417,-73.994502
400337,E 8 ST/MERCER ST,40.730576,-73.99259
400352,MADISON AV/E 30 ST,40.74551,-73.984493
400353,MADISON AV/E 32 ST,40.746763,-73.983626
400354,MADISON AV/E 34 ST,40.748328,-73.982437
400358,MADISON AV/E 45 ST,40.755233,-73.977403
400360,MADISON AV/E 49 ST,40.757429,-73.975822
400362,MADISON AV/E 55  ST,40.761386,-73.972943
400363,MADISON AV/E 57 ST,40.762702,-73.971997
400364,MADISON AV/E 60  ST,40.76457,-73.970598
400390,CATHEDRAL PKWY/FREDERICK DOUGLASS BLVD,40.80078,-73.958486
400394,MANHATTAN AV/W 116 ST,40.804877,-73.956842
400395,MANHATTAN AV/W 119 ST,40.807171,-73.955168
400396,MANHATTAN AV/W 121 ST,40.808447,-73.954236
400397,SAINT NICHOLAS AV/W 125 ST,40.811052,-73.952325
400398,SAINT NICHOLAS AV/W 127 ST,40.812206,-73.951155
400399,SAINT NICHOLAS AV/W 130 ST,40.814014,-73.949575
400400,SAINT NICHOLAS AV/W 133 ST,40.815562,-73.948647
400401,SAINT NICHOLAS AV/W 135 ST,40.816973,-73.948012
400403,SAINT NICHOLAS AV/W 139 ST,40.82015,-73.946481
400404,SAINT NICHOLAS AV/W 141 ST,40.821124,-73.946034
400405,SAINT NICHOLAS AV/W 144 ST,40.823278,-73.945037
400406,SAINT NICHOLAS AV/W 145 ST,40.824338,-73.944408
400408,SAINT NICHOLAS AV/W 151 ST,40.828325,-73.942272
400409,SAINT NICHOLAS AV/W 153 ST,40.829645,-73.941744
400418,SAINT NICHOLAS AV/W 170 ST,40.842529,-73.938555
400419,SAINT NICHOLAS AV/W 173 ST,40.844406,-73.937188
400422,SAINT NICHOLAS AV/W 179 ST,40.848225,-73.934397
400423,SAINT NICHOLAS AV/W 181 ST,40.849572,-73.933416
400426,SAINT NICHOLAS AV/W 187 ST,40.853358,-73.930644
400448,SAINT NICHOLAS AV/W 192 ST,40.856246,-73.928691
400449,SAINT NICHOLAS AV/W 190 ST,40.854494,-73.930039
400452,SAINT NICHOLAS AV/W 184 ST,40.85079,-73.932783
400453,SAINT NICHOLAS AV/W 181 ST,40.849015,-73.934086
400454,SAINT NICHOLAS AV/W 178 ST,40.847482,-73.935168
400457,SAINT NICHOLAS AV/W 172 ST,40.843215,-73.938316
400461,SAINT NICHOLAS AV/W 164 ST,40.837543,-73.940115
400462,SAINT NICHOLAS AV/W 162 ST,40.83629,-73.940039
400467,SAINT NICHOLAS AV/W 150 ST,40.827466,-73.942831
400468,SAINT NICHOLAS AV/W 148 ST,40.82571,-73.943669
400469,SAINT NICHOLAS AV/W 145 ST,40.823764,-73.945033
400470,SAINT NICHOLAS AV/W 142 ST,40.822296,-73.945724
400471,SAINT NICHOLAS AV/W 141 ST,40.821042,-73.946307
400472,SAINT NICHOLAS AV/W 138 ST,40.818937,-73.947284
400473,SAINT NICHOLAS AV/W 135 ST,40.817178,-73.948099
400474,SAINT NICHOLAS AV/W 133 ST,40.81537,-73.948945
400475,SAINT NICHOLAS AV/W 130 ST,40.813469,-73.950237
400476,SAINT NICHOLAS AV/W 128 ST,40.812363,-73.951246
400477,SAINT NICHOLAS AV/W 125 ST,40.810492,-73.952926
400479,MANHATTAN AV/W 122 ST,40.808628,-73.95429
400482,MANHATTAN AV/W 116 ST,40.804751,-73.957121
400483,MANHATTAN AV/W 114 ST,40.803829,-73.957789
400484,MANHATTAN AV/W 112 ST,40.802216,-73.958968
400485,CATHEDRAL PKWY/MANHATTAN AV,40.801047,-73.959575
400486,CENTRAL PARK NORTH/CENTRAL PARK WEST,40.800357,-73.957727
400512,5 AV/W 59 ST,40.764429,-73.972966
400514,5 AV/W 52 ST,40.759924,-73.976306
400515,5 AV/W 49 ST,40.758031,-73.977678
400516,5 AV/W 46 ST,40.756156,-73.979047
400518,5 AV/W 41 ST,40.753191,-73.981154
400519,5 AV/W 38 ST,40.750927,-73.982808
400561,MADISON AV/E 42 ST,40.753337,-73.978759
400595,CATHEDRAL PKWY/MANHATTAN AV,40.801417,-73.959954
400596,CATHEDRAL PKWY/MORNINGSIDE DR,40.802016,-73.961395
400597,CATHEDRAL PKWY/AMSTERDAM AV,40.803219,-73.964208
400598,CATHEDRAL PKWY/BROADWAY,40.804038,-73.966264
400599,RIVERSIDE DR/W 112 ST,40.806297,-73.967664
400602,RIVERSIDE DR/W 119 ST,40.810907,-73.964175
400609,BROADWAY/W 137 ST,40.82124,-73.954014
400610,BROADWAY/W 139 ST,40.822815,-73.952874
400611,BROADWAY/W 141 ST,40.82408,-73.951948
400612,BROADWAY/W 143 ST,40.825312,-73.951051
400613,BROADWAY/W 145 ST,40.826791,-73.94997
400614,BROADWAY/W 147 ST,40.827916,-73.949145
400615,BROADWAY/W 149 ST,40.829167,-73.948237
400616,BROADWAY/W 151 ST,40.830413,-73.947322
400617,BROADWAY/W 153 ST,40.831697,-73.946385
400618,BROADWAY/W 155 ST,40.832992,-73.945441
400619,BROADWAY/W 157 ST,40.834257,-73.944519
400620,BROADWAY/W 159 ST,40.835516,-73.9436
400621,BROADWAY/W 161 ST,40.83674,-73.942702
400622,BROADWAY/W 163 ST,40.838005,-73.941772
400623,BROADWAY/W 165 ST,40.839363,-73.940785
400624,BROADWAY/W 167 ST,40.840308,-73.94011
400626,FORT WASHINGTON AV/W 171 ST,40.844315,-73.940871
400627,FORT WASHINGTON AV/W 173 ST,40.8457,-73.940298
400628,FORT WASHINGTON AV/W 175 ST,40.846825,-73.939845
400629,FORT WASHINGTON AV/W 177 ST,40.847906,-73.939407
400630,FORT WASHINGTON AV/W 179 ST,40.849229,-73.938932
400631,FORT WASHINGTON AV/W 181 ST,40.851202,-73.938078
400632,FORT WASHINGTON AV/W 183 ST,40.852396,-73.937654
400633,FORT WASHINGTON AV/W 185 ST,40.853639,-73.937266
400634,FORT WASHINGTON AV/W 187 ST,40.85507,-73.936723
400635,FORT WASHINGTON AV/W 190 ST,40.857335,-73.935335
400636,FORT WASHINGTON AV/CABRINI BLVD,40.859129,-73.934142
400639,FORT WASHINGTON AV/CABRINI BLVD,40.85916,-73.934198
400640,FORT WASHINGTON AV/W 190 ST,40.856809,-73.935921
400641,FORT WASHINGTON AV/W 187 ST,40.854822,-73.937062
400642,FORT WASHINGTON AV/W 185 ST,40.853134,-73.937591
400643,FORT WASHINGTON AV/W 183 ST,40.851888,-73.937987
400644,FORT WASHINGTON AV/W 181 ST,40.850634,-73.938487
400645,FORT WASHINGTON AV/W 179 ST,40.849216,-73.939025
400646,FORT WASHINGTON AV/W 177 ST,40.847583,-73.939718
400647,FORT WASHINGTON AV/W 174 ST,40.845854,-73.94041
400648,FORT WASHINGTON AV/W 172 ST,40.844435,-73.940982
400649,FORT WASHINGTON AV/W 170 ST,40.843204,-73.941912
400655,BROADWAY/W 157 ST,40.834229,-73.944922
400656,BROADWAY/W 155 ST,40.832512,-73.946226
400657,BROADWAY/W 152 ST,40.830668,-73.947579
400658,BROADWAY/W 150 ST,40.829398,-73.948497
400659,BROADWAY/W 147 ST,40.827513,-73.949879
400661,BROADWAY/W 142 ST,40.824316,-73.952208
400662,BROADWAY/W 140 ST,40.823073,-73.953123
400663,BROADWAY/W 138 ST,40.821841,-73.954028
400676,CATHEDRAL PKWY/BROADWAY,40.803862,-73.966205
400677,CATHEDRAL PKWY/AMSTERDAM AV,40.802722,-73.963511
400678,CATHEDRAL PKWY/COLUMBUS AV,40.801508,-73.960792
400716,W 34 ST/BROADWAY,40.749982,-73.98805
400719,WEST HOUSTON ST/SULLIVAN ST,40.727752,-74.001516
400722,6 AV/W 3 ST,40.730879,-74.001389
400723,6 AV/WAVERLY PL,40.733006,-73.999838
400724,6 AV/W 10 ST,40.734865,-73.998466
400725,6 AV/W 12 ST,40.736155,-73.997539
400731,6 AV/W 27 ST,40.745283,-73.990927
400732,6 AV/W 29 ST,40.746542,-73.990097
400744,W 57 ST/7 AV,40.765736,-73.980402
400745,W 57 ST/BROADWAY,40.766518,-73.982248
400747,BROADWAY/W 63 ST,40.77186,-73.981984
400750,BROADWAY/W 69 ST,40.776682,-73.981922
400751,W 72 ST/BROADWAY,40.779127,-73.982766
400752,W 72 ST/WEST END AV,40.780124,-73.984968
400755,RIVERSIDE DR/W 77 ST,40.783989,-73.983566
400756,RIVERSIDE DR/W 79 ST,40.785215,-73.982281
400759,RIVERSIDE DR/W 85 ST,40.789293,-73.98076
400760,RIVERSIDE DR/W 87 ST,40.790737,-73.979671
400761,RIVERSIDE DR/W 89 ST,40.791852,-73.978234
400762,RIVERSIDE DR/W 91 ST,40.792603,-73.977074
400764,RIVERSIDE DR/W 97 ST,40.79649,-73.974307
400768,RIVERSIDE DR/W 106 ST,40.802241,-73.970219
400769,RIVERSIDE DR/W 108 ST,40.803674,-73.969149
400771,RIVERSIDE DR/W 114 ST,40.807864,-73.966626
400772,RIVERSIDE DR/W 116 ST,40.809122,-73.965499
400796,BROADWAY/W 171 ST,40.843509,-73.939006
400798,BROADWAY/W 175 ST,40.846487,-73.938292
400799,W 178 ST/BROADWAY,40.84803,-73.936989
400808,BROADWAY/W 178 ST,40.848425,-73.937697
400809,BROADWAY/W 176 ST,40.846657,-73.938432
400810,BROADWAY/W 174 ST,40.845164,-73.938824
400811,BROADWAY/W 172 ST,40.843646,-73.939171
400812,BROADWAY/W 170 ST,40.842568,-73.939311
400814,BROADWAY/W 164 ST,40.838197,-73.942072
400815,BROADWAY/W 162 ST,40.836998,-73.942951
400816,BROADWAY/W 160 ST,40.835736,-73.943874
400834,RIVERSIDE DR/W 116 ST,40.808776,-73.966007
400835,RIVERSIDE DR/W 113 ST,40.807137,-73.967414
400836,RIVERSIDE DR/W 112 ST,40.806236,-73.967951
400837,RIVERSIDE DR/W 108 ST,40.803581,-73.969521
400838,RIVERSIDE DR/W 106 ST,40.802324,-73.970472
400840,RIVERSIDE DR/W 100 ST,40.798412,-73.973916
400841,RIVERSIDE DR/W 97 ST,40.796511,-73.974404
400843,RIVERSIDE DR/W 91 ST,40.792862,-73.977067
400846,RIVERSIDE DR/W 86 ST,40.789741,-73.9806
400847,RIVERSIDE DR/W 84 ST,40.788278,-73.981178
400848,RIVERSIDE DR/W 82 ST,40.786689,-73.981341
400849,RIVERSIDE DR/W 80 ST,40.785449,-73.982266
400851,RIVERSIDE DR/W 76 ST,40.783055,-73.984578
400852,RIVERSIDE DR/W 73 ST,40.781412,-73.985318
400853,W 72 ST/WEST END AV,40.779553,-73.984116
400856,BROADWAY/W 68 ST,40.775414,-73.982417
400858,BROADWAY/W 64 ST,40.771797,-73.982364
400860,BROADWAY/W 61 ST,40.76947,-73.982326
400861,COLUMBUS CIRCLE/8 AV,40.767676,-73.982261
400890,WEST HOUSTON ST/GREENE ST,40.72623,-73.998164
400903,STATE ST/BRIDGE ST,40.704209,-74.014192
400910,CHURCH ST/CHAMBERS ST,40.714954,-74.007835
400913,6 AV/WHITE ST,40.719318,-74.005054
400916,6 AV/BROOME ST,40.724232,-74.004455
400917,6 AV/SPRING ST,40.72573,-74.00387
400919,6 AV/WEST HOUSTON ST,40.7287,-74.00254
400929,6 AV/W 23 ST,40.743027,-73.992644
400933,6 AV/W 34 ST,40.74986,-73.987669
400936,6 AV/W 42 ST,40.755109,-73.983786
400938,6 AV/W 47 ST,40.75829,-73.981468
400940,6 AV/W 51 ST,40.760748,-73.97967
400941,6 AV/W 54 ST,40.762617,-73.978301
400943,CENTRAL PARK SOUTH/6 AV,40.766128,-73.977019
400948,7 AV/W 58 ST,40.766137,-73.979694
400950,7 AV/W 54 ST,40.763718,-73.981405
400988,BROADWAY/THAMES ST,40.708643,-74.011062
401014,CENTRAL PARK SOUTH/7 AV,40.767201,-73.979581
401015,CENTRAL PARK SOUTH/COLUMBUS CIRCLE,40.767838,-73.981242
401016,BROADWAY/W 61 ST,40.769517,-73.981883
401021,AMSTERDAM AV/W 72 ST,40.778924,-73.981271
401022,AMSTERDAM AV/W 75 ST,40.78088,-73.979904
401023,AMSTERDAM AV/W 77 ST,40.782056,-73.978988
401024,AMSTERDAM AV/W 79 ST,40.78328,-73.978085
401025,AMSTERDAM AV/W 81 ST,40.784688,-73.97707
401026,AMSTERDAM AV/W 83 ST,40.785955,-73.976152
401027,AMSTERDAM AV/W 86 ST,40.787953,-73.974696
401029,AMSTERDAM AV/W 91 ST,40.791085,-73.972405
401030,AMSTERDAM AV/W 93 ST,40.792344,-73.97148
401031,AMSTERDAM AV/W 96 ST,40.794323,-73.970039
401032,AMSTERDAM AV/W 98 ST,40.795601,-73.969106
401033,AMSTERDAM AV/W 100 ST,40.796869,-73.968181
401034,AMSTERDAM AV/W 102 ST,40.798005,-73.967398
401035,AMSTERDAM AV/W 104 ST,40.799391,-73.966341
401036,W 106 ST/AMSTERDAM AV,40.800184,-73.965359
401037,W 106 ST/COLUMBUS AV,40.798989,-73.962527
401038,MANHATTAN AV/W 106 ST,40.798937,-73.96118
401039,MANHATTAN AV/W 109 ST,40.800471,-73.960056
401044,W 116 ST/FREDERICK DOUGLASS BLVD,40.804229,-73.955203
401045,W 116 ST/ADAM C POWELL BLVD,40.802908,-73.952032
401047,MALCOLM X BLVD/W 119 ST,40.804171,-73.947943
401051,MALCOLM X BLVD/W 127 ST,40.809382,-73.944138
401052,MALCOLM X BLVD/W 129 ST,40.810635,-73.943223
401055,LENOX AV/W 135 ST,40.814194,-73.940599
401056,MALCOLM X BLVD/W 137 ST,40.81575,-73.939483
401069,MALCOLM X BLVD/W 135 ST,40.813711,-73.94132
401070,MALCOLM X BLVD/W 132 ST,40.811953,-73.942601
401074,MALCOLM X BLVD/W 122 ST,40.805595,-73.947252
401078,W 116 ST/SAINT NICHOLAS AV,40.803561,-73.953097
401079,W 116 ST/FREDERICK DOUGLASS BLVD,40.804421,-73.955141
401084,MANHATTAN AV/W 108 ST,40.799754,-73.960764
401085,MANHATTAN AV/W 106 ST,40.798802,-73.961459
401086,COLUMBUS AV/W 106 ST,40.798915,-73.963235
401087,COLUMBUS AV/W 102 ST,40.796671,-73.964838
401088,COLUMBUS AV/W 100 ST,40.795065,-73.966047
401090,COLUMBUS AV/W 94 ST,40.791289,-73.96879
401091,COLUMBUS AV/W 92 ST,40.790024,-73.969719
401092,COLUMBUS AV/W 89 ST,40.788158,-73.971085
401093,COLUMBUS AV/W 86 ST,40.786185,-73.97253
401094,COLUMBUS AV/W 84 ST,40.784895,-73.973466
401096,COLUMBUS AV/W 78 ST,40.780996,-73.976309
401099,COLUMBUS AV/W 72 ST,40.777085,-73.97916
401100,COLUMBUS AV/W 69 ST,40.775251,-73.980548
401101,COLUMBUS AV/W 66 ST,40.773753,-73.981594
401139,GRAND ST/CLINTON ST,40.715758,-73.986415
401140,GRAND ST/PITT ST,40.715164,-73.984467
401141,GRAND ST/EAST BROADWAY,40.714594,-73.982301
401142,GRAND ST/JACKSON ST,40.71408,-73.980611
401147,GRAND ST/COLUMBIA ST,40.714486,-73.981455
401149,GRAND ST/PITT ST,40.715328,-73.984449
401150,GRAND ST/CLINTON ST,40.716095,-73.986873
401168,EAST BROADWAY/FORSYTH ST,40.713675,-73.994096
401169,EAST BROADWAY/PIKE ST,40.713808,-73.99265
401182,E 14 ST/AVENUE B,40.729501,-73.978117
401183,E 14 ST/AVENUE A,40.730455,-73.980421
401191,E 14 ST/3 AV,40.733008,-73.986729
401192,E 14 ST/2 AV,40.732083,-73.984535
401193,E 14 ST/1 AV,40.731086,-73.982172
401194,E 14 ST/AVENUE A,40.730404,-73.980445
401195,E 14 ST/AVENUE B,40.72942,-73.978171
401202,ESSEX ST/EAST HOUSTON ST,40.721859,-73.986612
401206,ESSEX ST/GRAND ST,40.716867,-73.989185
401208,EAST BROADWAY/PIKE ST,40.713947,-73.992385
401209,EAST BROADWAY/MARKET ST,40.71373,-73.995011
401210,EAST BROADWAY/CATHERINE ST,40.71351,-73.997626
401220,HUDSON ST/PERRY ST,40.735435,-74.005921
401223,8 AV/W 14 ST,40.739885,-74.002263
401224,8 AV/W 17 ST,40.741899,-74.000808
401225,8 AV/W 20 ST,40.743642,-73.999538
401227,8 AV/W 25 ST,40.746845,-73.997203
401229,8 AV/W 28 ST,40.748684,-73.995864
401231,8 AV/W 34 ST,40.752329,-73.993258
401232,8 AV/W 37 ST,40.75396,-73.992034
401239,8 AV/W 52 ST,40.763788,-73.984867
401248,CENTRAL PARK WEST/W 72 ST,40.776516,-73.975596
401250,CENTRAL PARK WEST/W 77 ST,40.779818,-73.97319
401252,CENTRAL PARK WEST/W 81 ST,40.78223,-73.97152
401253,CENTRAL PARK WEST/W 84 ST,40.784035,-73.970126
401254,CENTRAL PARK WEST/W 87 ST,40.785681,-73.968984
401255,CENTRAL PARK WEST/W 88 ST,40.786848,-73.968059
401256,CENTRAL PARK WEST/W 90 ST,40.788071,-73.967205
401257,CENTRAL PARK WEST/W 92 ST,40.789324,-73.966253
401258,CENTRAL PARK WEST/W 94 ST,40.790539,-73.965364
401259,CENTRAL PARK WEST/W 97 ST,40.792222,-73.964215
401261,CENTRAL PARK WEST/W 100 ST,40.794507,-73.962472
401262,CENTRAL PARK WEST/W 102 ST,40.79575,-73.961561
401263,CENTRAL PARK WEST/W 104 ST,40.797034,-73.960632
401264,CENTRAL PARK WEST/W 106 ST,40.798297,-73.959714
401265,CENTRAL PARK WEST/W 108 ST,40.799706,-73.958746
401267,FREDERICK DOUGLASS BLVD/W 111 ST,40.801444,-73.957433
401268,FREDERICK DOUGLASS BLVD/W 113 ST,40.802747,-73.956482
401269,FREDERICK DOUGLASS BLVD/W 116 ST,40.804742,-73.955025
401270,FREDERICK DOUGLASS BLVD/W 119 ST,40.806378,-73.953887
401271,FREDERICK DOUGLASS BLVD/W 121 ST,40.807445,-73.953051
401272,FREDERICK DOUGLASS BLVD/W 123 ST,40.809069,-73.951847
401274,FREDERICK DOUGLASS BLVD/W 127 ST,40.811747,-73.949887
401275,FREDERICK DOUGLASS BLVD/W 129 ST,40.812894,-73.949048
401276,FREDERICK DOUGLASS BLVD/W 131 ST,40.81414,-73.948137
401277,FREDERICK DOUGLASS BLVD/W 133 ST,40.815432,-73.94719
401279,1 AV/E 120 ST,40.798954,-73.933223
401281,FREDERICK DOUGLASS BLVD/W 141 ST,40.820541,-73.943464
401282,FREDERICK DOUGLASS BLVD/W 143 ST,40.821759,-73.942574
401286,FREDERICK DOUGLASS BLVD/W 153 ST,40.82813,-73.937918
401287,FREDERICK DOUGLASS BLVD/W 155 ST,40.829277,-73.937054
401288,FREDERICK DOUGLASS BLVD/W 158 ST,40.831209,-73.935693
401294,W 14 ST/7 AV,40.738287,-73.999271
401301,HUDSON ST/CHARLTON ST,40.727185,-74.007248
401302,HUDSON ST/W HOUSTON ST,40.728924,-74.00704
401305,FREDERICK DOUGLASS BLVD/W 155 ST,40.829091,-73.937451
401306,FREDERICK DOUGLASS BLVD/W 154 ST,40.828306,-73.938048
401307,FREDERICK DOUGLASS BLVD/W 152 ST,40.827019,-73.938993
401308,FREDERICK DOUGLASS BLVD/W 150 ST,40.825949,-73.939723
401310,FREDERICK DOUGLASS BLVD/W 145 ST,40.822522,-73.942285
401311,FREDERICK DOUGLASS BLVD/W 142 ST,40.820659,-73.943641
401312,FREDERICK DOUGLASS BLVD/W 140 ST,40.819419,-73.944553
401313,FREDERICK DOUGLASS BLVD/W 138 ST,40.818185,-73.94545
401314,FREDERICK DOUGLASS BLVD/W 135 ST,40.816206,-73.946889
401315,FREDERICK DOUGLASS BLVD/W 133 ST,40.814919,-73.947829
401317,FREDERICK DOUGLASS BLVD/W 129 ST,40.812828,-73.949339
401318,FREDERICK DOUGLASS BLVD/W 125 ST,40.810365,-73.95116
401324,FREDERICK DOUGLASS BLVD/W 112 ST,40.801644,-73.957505
401326,CENTRAL PARK WEST/W 108 ST,40.799136,-73.959367
401327,CENTRAL PARK WEST/W 106 ST,40.797925,-73.960182
401328,CENTRAL PARK WEST/W 104 ST,40.79651,-73.961272
401329,CENTRAL PARK WEST/W 102 ST,40.795276,-73.96219
401330,CENTRAL PARK WEST/W 100 ST,40.79395,-73.963152
401331,CENTRAL PARK WEST/W 97 ST,40.792268,-73.964384
401333,CENTRAL PARK WEST/W 94 ST,40.790108,-73.965963
401334,CENTRAL PARK WEST/W 92 ST,40.788893,-73.966852
401335,CENTRAL PARK WEST/W 90 ST,40.787619,-73.96777
401336,CENTRAL PARK WEST/W 88 ST,40.786527,-73.968515
401337,CENTRAL PARK WEST/W 86 ST,40.78504,-73.96969
401338,CENTRAL PARK WEST/W 84 ST,40.78375,-73.970599
401339,CENTRAL PARK WEST/W 81 ST,40.781964,-73.971889
401341,CENTRAL PARK WEST/W 77 ST,40.779398,-73.973786
401342,CENTRAL PARK WEST/W 74 ST,40.777466,-73.97518
401343,CENTRAL PARK WEST/W 72 ST,40.776132,-73.976188
401344,CENTRAL PARK WEST/W 70 ST,40.774837,-73.97716
401345,CENTRAL PARK WEST/W 68 ST,40.773569,-73.978045
401348,BROADWAY/W 63 ST,40.770883,-73.982338
401359,7 AV/W 37 ST,40.752568,-73.989494
401360,7 AV/W 34 ST,40.750627,-73.99102
401361,7 AV/W 31 ST,40.74886,-73.992309
401363,7 AV/W 28 ST,40.747035,-73.993637
401364,7 AV/W 25 ST,40.745177,-73.994994
401366,7 AV/W 20 ST,40.742028,-73.997286
401371,7 AV SOUTH/WAVERLY PL,40.735235,-74.001999
401372,7 AV SOUTH/W 10 ST,40.73411,-74.002648
401373,7 AV SOUTH/BARROW ST,40.732573,-74.003525
401374,7 AV SOUTH/BEDFORD ST,40.730467,-74.00473
401375,7 AV SOUTH/CLARKSON ST,40.729333,-74.005257
401377,VARICK ST/CHARLTON ST,40.726861,-74.005711
401379,VARICK ST/WATTS ST,40.723547,-74.006244
401380,VARICK ST/NORTH MOORE ST,40.719658,-74.006955
401381,WEST BROADWAY/DUANE ST,40.716367,-74.008661
401386,HUDSON ST/W 13 ST,40.740187,-74.005344
401387,HUDSON ST/HORATIO ST,40.738853,-74.00559
401388,HUDSON ST/W 12 ST,40.73767,-74.005766
401393,BETHUNE ST/GREENWICH ST,40.736989,-74.006358
401398,10 AV/W 21 ST,40.746615,-74.004825
401400,10 AV/W 25 ST,40.749222,-74.002905
401401,10 AV/W 27 ST,40.750501,-74.002053
401402,10 AV/W 30 ST,40.752373,-74.000606
401404,10 AV/W 34 ST,40.754475,-73.999157
401407,10 AV/W 42 ST,40.759847,-73.995181
401408,10 AV/W 45 ST,40.761749,-73.993798
401409,10 AV/W 47 ST,40.763025,-73.992874
401410,10 AV/W 49 ST,40.764272,-73.991957
401411,10 AV/W 53 ST,40.766418,-73.990397
401412,10 AV/W 55 ST,40.768029,-73.989275
401413,10 AV/W 57 ST,40.768926,-73.988563
401414,AMSTERDAM AV/W 59 ST,40.770631,-73.987328
401416,AMSTERDAM AV/W 62 ST,40.772642,-73.985836
401417,AMSTERDAM AV/W 65 ST,40.774341,-73.984619
401435,AMSTERDAM AV/W 106 ST,40.800697,-73.965394
401436,AMSTERDAM AV/W 109 ST,40.802566,-73.964024
401438,AMSTERDAM AV/W 112 ST,40.804556,-73.962579
401440,AMSTERDAM AV/W 116 ST,40.807099,-73.960724
401441,AMSTERDAM AV/W 118 ST,40.808353,-73.959809
401442,AMSTERDAM AV/W 120 ST,40.809585,-73.958906
401443,AMSTERDAM AV/W 123 ST,40.811144,-73.957808
401444,AMSTERDAM AV/W 125 ST,40.813745,-73.955868
401446,AMSTERDAM AV/W 129 ST,40.815135,-73.954899
401447,AMSTERDAM AV/W 131 ST,40.816685,-73.953761
401448,AMSTERDAM AV/W 133 ST,40.81785,-73.952922
401450,BROADWAY/W 135 ST,40.820088,-73.955315
401453,HUDSON ST/CHRISTOPHER ST,40.733347,-74.00626
401458,AMSTERDAM AV/W 131 ST,40.816009,-73.954424
401459,AMSTERDAM AV/W 129 ST,40.814859,-73.95525
401462,AMSTERDAM AV/W 123 ST,40.811034,-73.958114
401463,AMSTERDAM AV/W 120 ST,40.809048,-73.959563
401464,AMSTERDAM AV/W 118 ST,40.807818,-73.960464
401465,AMSTERDAM AV/W 116 ST,40.806523,-73.961403
401466,AMSTERDAM AV/W 114 ST,40.805286,-73.962307
401467,AMSTERDAM AV/W 112 ST,40.804034,-73.963215
401469,COLUMBUS AV/CATHEDRAL PKWY,40.801443,-73.961388
401470,COLUMBUS AV/W 108 ST,40.800309,-73.962213
401489,9 AV/W 59 ST,40.768953,-73.985086
401490,9 AV/W 57 ST,40.767674,-73.986043
401491,9 AV/W 55 ST,40.766555,-73.986769
401492,9 AV/W 52 ST,40.764526,-73.988336
401493,9 AV/W 50 ST,40.763294,-73.989235
401495,9 AV/W 46 ST,40.760764,-73.99108
401496,9 AV/W 44 ST,40.759839,-73.99172
401497,9 AV/W 42 ST,40.758584,-73.992665
401500,9 AV/W 35 ST,40.754199,-73.995867
401501,9 AV/W 34 ST,40.753153,-73.996625
401503,9 AV/W 28 ST,40.749425,-73.999343
401506,9 AV/W 20 ST,40.744433,-74.002977
401507,9 AV/W 18 ST,40.7432,-74.003816
401528,WEST ST/CHRISTOPHER ST,40.732847,-74.010081
401529,W 10 ST/WASHINGTON ST,40.73331,-74.008708
401531,W 10 ST/BLEECKER ST,40.734005,-74.004254
401532,W 10 ST/7 AV S,40.734228,-74.002587
401533,W 10 ST/WAVERLY PL,40.734489,-74.001021
401535,GREENWICH AV/CHRISTOPHER ST,40.734143,-73.999729
401536,W 8 ST/6 AV,40.733369,-73.999159
401538,W 8 ST/5 AV,40.732336,-73.996709
401543,SAINT MARKS PL/2 AV,40.728611,-73.987848
401544,SAINT MARKS PL/1 AV,40.727381,-73.984926
401545,SAINT MARKS PL/AVENUE A,40.72672,-73.983353
401547,E 10 ST/AVENUE A,40.727645,-73.981877
401548,E 10 ST/AVENUE B,40.726672,-73.97959
401549,E 10 ST/AVENUE C,40.725667,-73.97722
401552,E 10 ST/AVENUE C,40.726046,-73.977844
401553,E 10 ST/AVENUE B,40.727049,-73.980214
401554,E 10 ST/AVENUE A,40.727828,-73.982068
401555,E 9 ST/AVENUE A,40.727464,-73.982999
401556,E 9 ST/1 AV,40.728392,-73.985207
401557,E 9 ST/2 AV,40.729413,-73.987642
401558,E 9 ST/3 AV,40.730094,-73.989262
401559,E 9 ST/4 AV,40.730549,-73.990323
401561,E 9 ST/UNIVERSITY PL,40.732356,-73.994609
401562,W 9 ST/5 AV,40.733089,-73.996367
401563,W 9 ST/AVENUE OF THE AMERICAS,40.734156,-73.99891
401564,CHRISTOPHER ST/GREENWICH AV,40.734113,-73.999946
401565,CHRISTOPHER ST/WAVERLY PL,40.733747,-74.002197
401566,CHRISTOPHER ST/7 AV SOUTH,40.733577,-74.003341
401567,CHRISTOPHER ST/BLEECKER ST,40.733369,-74.004694
401568,CHRISTOPHER ST/HUDSON ST,40.733141,-74.006159
401569,CHRISTOPHER ST/GREENWICH ST,40.732852,-74.007927
401570,CHRISTOPHER ST/WASHINGTON ST,40.732666,-74.009067
401575,W 14 ST/8 AV,40.739621,-74.002394
401577,W 14 ST/6 AV,40.737093,-73.996431
401587,E 14 ST/AVENUE C,40.728428,-73.975827
401589,AVENUE C/E 12 ST,40.726979,-73.976815
401595,AVENUE D/E 6 ST,40.722269,-73.977174
401596,AVENUE D/E 4 ST,40.721056,-73.978055
401598,EAST HOUSTON ST/BARUCH DR,40.719096,-73.976883
401599,EAST HOUSTON ST/MANGIN ST,40.718835,-73.975614
401600,FDR DR/555 FDR DR,40.71675,-73.975842
401608,8 AV/BLEECKER ST,40.737379,-74.004929
401609,8 AV/W 4 ST,40.738597,-74.003533
401610,AVENUE A/E 11 ST,40.728215,-73.982068
401624,COLUMBIA ST/RIVINGTON ST,40.71778,-73.979762
401625,AVENUE D/EAST HOUSTON ST,40.72009,-73.97855
401626,AVENUE D/E 5 ST,40.722118,-73.977073
401630,AVENUE C/E 12 ST,40.727333,-73.976332
401633,E 14 ST/AVENUE C,40.72861,-73.975909
401657,AVENUE A/E 5 ST,40.7251,-73.984118
401659,AVENUE A/E 11 ST,40.728676,-73.981509
401665,WATER ST/OLD SLIP,40.704274,-74.00849
401666,WATER ST/WALL ST,40.705287,-74.007109
401669,PEARL ST/PECK SLIP,40.708968,-74.002171
401670,SAINT JAMES PL/ROBERT F WAGNER SR PL,40.710594,-74.000752
401675,PIKE ST/DIVISION ST,40.714303,-73.992468
401679,ALLEN ST/DELANCEY ST,40.719558,-73.989999
401681,ALLEN ST/STANTON ST,40.721896,-73.988839
401685,1 AV/SAINT MARKS PL,40.727823,-73.985061
401686,1 AV/E 11 ST,40.729636,-73.983733
401687,1 AV/E 14 ST,40.732122,-73.981946
401688,1 AV/E 17 ST,40.733155,-73.981188
401689,1 AV/E 20 ST,40.735109,-73.979751
401690,1 AV/E 23 ST,40.737053,-73.978368
401691,1 AV/E 25 ST,40.738358,-73.977404
401694,1 AV/E 31 ST,40.741957,-73.974808
401696,1 AV/E 36 ST,40.745324,-73.972349
401697,1 AV/E 39 ST,40.747191,-73.970988
401698,1 AV/E 42 ST,40.749251,-73.969332
401699,1 AV/E 45 ST,40.750684,-73.96846
401701,1 AV/MITCHELL PL,40.753591,-73.966311
401702,1 AV/E 52 ST,40.755395,-73.964983
401703,1 AV/E 55 ST,40.75726,-73.963631
401704,1 AV/E 57 ST,40.758829,-73.962462
401706,1 AV/E 64 ST,40.762984,-73.959485
401707,1 AV/E 67 ST,40.76487,-73.958109
401708,1 AV/E 70 ST,40.766741,-73.956738
401709,1 AV/E 72 ST,40.768087,-73.955742
401710,1 AV/E 75 ST,40.769986,-73.95435
401711,1 AV/E 77 ST,40.771254,-73.953421
401715,1 AV/E 86 ST,40.777168,-73.94911
401716,1 AV/E 89 ST,40.779039,-73.947728
401718,1 AV/E 93 ST,40.781562,-73.945891
401721,1 AV/E 99 ST,40.785414,-73.943097
401722,1 AV/E 102 ST,40.787357,-73.941682
401725,1 AV/E 111 ST,40.793101,-73.937481
401726,1 AV/E 113 ST,40.79433,-73.936584
401727,1 AV/E 116 ST,40.796303,-73.935089
401729,1 AV/E 120 ST,40.798936,-73.933223
401730,1 AV/PALADINO AV,40.80036,-73.932182
401731,1 AV/E 125 ST,40.801611,-73.931268
401732,E 126 ST/2 AV,40.80323,-73.932451
401738,2 AV/E 125 ST,40.802473,-73.933855
401739,2 AV/E 122 ST,40.800564,-73.935233
401740,2 AV/E 119 ST,40.798669,-73.93661
401741,2 AV/E 116 ST,40.796723,-73.93804
401742,2 AV/E 113 ST,40.794823,-73.939429
401744,2 AV/E 108 ST,40.791673,-73.941736
401746,2 AV/E 103 ST,40.788594,-73.943979
401747,2 AV/E 101 ST,40.787352,-73.944893
401748,2 AV/E 97 ST,40.785065,-73.946555
401754,2 AV/E 84 ST,40.776302,-73.952953
401755,2 AV/E 82 ST,40.775053,-73.95387
401756,2 AV/E 78 ST,40.772922,-73.955434
401759,2 AV/E 72 ST,40.768727,-73.958485
401760,2 AV/E 70 ST,40.76733,-73.959501
401761,2 AV/E 68 ST,40.76599,-73.960476
401762,2 AV/E 66 ST,40.764664,-73.961439
401763,2 AV/E 64 ST,40.763471,-73.962314
401764,2 AV/E 61 ST,40.761523,-73.963754
401765,2 AV/E 56 ST,40.758987,-73.965601
401768,2 AV/E 50 ST,40.754623,-73.968787
401769,2 AV/E 46 ST,40.752481,-73.970371
401771,2 AV/E 42 ST,40.749502,-73.972517
401772,2 AV/E 39 ST,40.747638,-73.97388
401775,2 AV/E 31 ST,40.742638,-73.977523
401778,2 AV/E 25 ST,40.738933,-73.980226
401779,2 AV/E 23 ST,40.737516,-73.981202
401780,2 AV/E 20 ST,40.735746,-73.982489
401781,2 AV/E 17 ST,40.733996,-73.983769
401782,2 AV/E 14 ST,40.732494,-73.984903
401784,2 AV/E 9 ST,40.728891,-73.987523
401785,2 AV/E 6 ST,40.727161,-73.988785
401786,2 AV/E 3 ST,40.725343,-73.990108
401787,EAST HOUSTON ST/FORSYTH ST,40.723329,-73.990427
401791,ALLEN ST/GRAND ST,40.717144,-73.991663
401793,ALLEN ST/CANAL ST,40.714855,-73.992805
401797,PEARL ST/FRANKFORT ST,40.709399,-74.001915
401802,WATER ST/HANOVER SQ,40.703882,-74.009427
401806,WORTH ST/CENTRE ST,40.715354,-74.002503
401808,CENTRE ST/CHAMBERS ST,40.713272,-74.004029
401809,PARK ROW/SPRUCE ST,40.711845,-74.006641
401811,12 AV/W 42 ST,40.762461,-74.001188
401812,W 42 ST/12 AV,40.761908,-74.001056
401813,W 42 ST/11 AV,40.760542,-73.997928
401814,W 42 ST/10 AV,40.759359,-73.995076
401818,W 34 ST/9 AV,40.753106,-73.995857
401819,W 34 ST/8 AV,40.751988,-73.993312
401821,W 34 ST/BROADWAY,40.749624,-73.987617
401822,E 34 ST/5 AV,40.748192,-73.984134
401824,E 34 ST/PARK AV,40.746797,-73.98089
401826,E 34 ST/3 AV,40.745446,-73.977711
401827,E 34 ST/2 AV,40.744771,-73.976091
401832,E 23 ST/2 AV,40.737663,-73.980554
401833,E 23 ST/1 AV,40.736691,-73.978245
401840,E 34 ST/3 AV,40.745998,-73.978634
401842,E 34 ST/PARK AV,40.747234,-73.981547
401847,W 34 ST/7 AV,40.75125,-73.991027
401848,W 34 ST/8 AV,40.752301,-73.993588
401850,8 AV/W 40 ST,40.756261,-73.990408
401851,W 42 ST/8 AV,40.757575,-73.990464
401852,W 42 ST/9 AV,40.75867,-73.992979
401853,W 42 ST/10 AV,40.759888,-73.995834
401857,WATERSIDE PLAZA/WATERSIDE 1,40.738058,-73.973463
401858,WATERSIDE PLAZA/WATERSIDE 2,40.739144,-73.972885
401867,W 81 ST/COLUMBUS AV,40.78298,-73.974189
401869,E 79 ST TRANSVERSE/CENTRAL PARK,40.778765,-73.968554
401870,E 79 ST/5 AV,40.776768,-73.963421
401874,E 79 ST/3 AV,40.774286,-73.957524
401875,E 79 ST/2 AV,40.773093,-73.9547
401876,E 79 ST/1 AV,40.772051,-73.952224
401877,YORK AV/E 79 ST,40.77158,-73.950235
401878,E 80 ST/EAST END AV,40.771092,-73.94777
401880,E 79 ST/EAST END AV,40.77074,-73.948716
401881,E 79 ST/YORK AV,40.7717,-73.95095
401883,E 79 ST/2 AV,40.773579,-73.955411
401884,E 79 ST/3 AV,40.77454,-73.957682
401887,E 79 ST/MADISON AV,40.77623,-73.961824
401889,E 79 ST TRANSVERSE/CENTRAL PARK,40.779084,-73.968749
401890,W 81 ST/CENTRAL PARK WEST,40.782268,-73.972066
401893,W 79 ST/BROADWAY,40.784063,-73.980345
401897,W 86 ST/AMSTERDAM AV,40.78775,-73.975401
401898,W 86 ST/COLUMBUS AV,40.786476,-73.972389
401899,W 86 ST/CENTRAL PARK WEST,40.785289,-73.969373
401900,86 ST TRANSVERSE /CENTRAL PARK,40.78323,-73.963993
401901,E 84 ST/5 AV,40.779814,-73.960631
401903,E 86 ST/MADISON AV,40.780626,-73.958485
401905,E 86 ST/LEXINGTON  AV,40.779177,-73.954877
401906,E 86 ST/3 AV,40.778463,-73.953302
401908,E 86 ST/1 AV,40.776744,-73.949236
401910,YORK AV/E 88 ST,40.777473,-73.94591
401916,YORK AV/E 91 ST,40.778847,-73.945062
401917,YORK AV/E 88 ST,40.776997,-73.946434
401919,E 86 ST/1 AV,40.776884,-73.949159
401920,E 86 ST/2 AV,40.778128,-73.952115
401921,E 86 ST/3 AV,40.778999,-73.954184
401922,E 86 ST/LEXINGTON AV,40.779905,-73.956476
401924,E 86 ST/MADISON AV,40.780881,-73.958662
401925,E 86 ST/5 AV,40.781538,-73.960312
401926,86 ST TRANSVERSE /CENTRAL PARK,40.783314,-73.963941
401927,W 86 ST/CENTRAL PK WEST,40.7857,-73.970102
401929,W 86 ST/AMSTERDAM AV,40.787698,-73.974816
401930,W 86 ST/BROADWAY,40.788358,-73.97679
401933,W 96 ST/WEST END AV,40.794933,-73.972689
401934,W 96 ST/BROADWAY,40.794392,-73.971407
401935,W 96 ST/AMSTERDAM AV,40.793798,-73.970006
401936,W 96 ST/COLUMBUS AV,40.792604,-73.967161
401937,W 96 ST/CENTRAL PARK WEST,40.791667,-73.964944
401939,E 96 ST/MADISON AV,40.786986,-73.953853
401941,E 96 ST/LEXINGTON AV,40.785852,-73.951207
401942,E 96 ST/3 AV,40.784948,-73.948998
401943,E 96 ST/2 AV,40.784068,-73.946933
401946,3 AV/E 99 ST,40.787906,-73.947273
401947,3 AV/E 102 ST,40.789273,-73.946287
401948,3 AV/E 104 ST,40.79054,-73.945358
401950,E 106 ST/2 AV,40.790384,-73.94211
401951,E 106 ST/1 AV,40.789401,-73.939775
401954,E 97 ST/1 AV,40.784528,-73.945491
401957,E 96 ST/3 AV,40.785357,-73.949465
401958,E 96 ST/LEXINGTON AV,40.786099,-73.951246
401960,E 96 ST/MADISON AV,40.787241,-73.953875
401961,E 97 ST/5 AV,40.788581,-73.955047
401964,W 96 ST/AMSTERDAM AV,40.794037,-73.970096
401965,W 96 ST/BROADWAY,40.7946,-73.971451
401968,E 105 ST/1 AV,40.788901,-73.940313
401969,E 106 ST/1 AV,40.789898,-73.940478
401970,E 106 ST/2 AV,40.790769,-73.942597
401971,E 106 ST/3 AV,40.791597,-73.944502
401973,LEXINGTON AV/E 104 ST,40.79057,-73.947556
401974,LEXINGTON AV/E 102 ST,40.789366,-73.948437
401977,W 106 ST/BROADWAY,40.801329,-73.967601
401988,W 116 ST/MALCOLM X BLVD,40.801755,-73.949213
401989,W 116 ST/5 AV,40.800666,-73.94671
401990,E 116 ST/MADISON AV,40.799718,-73.944398
401993,E 116 ST/3 AV,40.797712,-73.939691
401994,E 116 ST/2 AV,40.796991,-73.937987
401999,E 116 ST/PLEASANT AV,40.795306,-73.93351
402000,E 116 ST/1 AV,40.796005,-73.935171
402001,E 116 ST/2 AV,40.797247,-73.938121
402003,E 116 ST/LEXINGTON AV,40.798601,-73.941471
402004,E 116 ST/PARK AV,40.799171,-73.942827
402005,E 116 ST/MADISON AV,40.800172,-73.94517
402006,E 116 ST/5 AV,40.800626,-73.946224
402016,W 106 ST/COLUMBUS AV,40.799239,-73.962661
402017,W 106 ST/AMSTERDAM AV,40.800678,-73.966059
402018,W 106 ST/BROADWAY,40.801424,-73.968241
402022,WEST HOUSTON ST/AVENUE OF THE AMERICAS,40.728226,-74.002663
402023,WEST HOUSTON ST/SULLIVAN ST,40.727478,-74.001098
402024,WEST HOUSTON ST/WEST BROADWAY,40.726524,-73.999412
402027,EAST HOUSTON ST/LAFAYETTE ST,40.725023,-73.995229
402028,EAST HOUSTON ST/MOTT ST,40.724449,-73.993704
402029,EAST HOUSTON ST/BOWERY,40.72391,-73.992387
402032,EAST HOUSTON ST/ESSEX ST,40.722147,-73.986565
402033,EAST HOUSTON ST/NORFOLK ST,40.721682,-73.984971
402034,EAST HOUSTON ST/CLINTON ST,40.721285,-73.983737
402036,AVENUE C/E 3 ST,40.721781,-73.980425
402037,AVENUE C/E 5 ST,40.723008,-73.979516
402038,AVENUE C/E 7 ST,40.724334,-73.978577
402039,AVENUE C/E 11 ST,40.726278,-73.97714
402042,AVENUE C/E 16 ST,40.729699,-73.974715
402043,AVENUE C/FDR DRIVE,40.730813,-73.973903
402048,E 29 ST/1 AV,40.740788,-73.975905
402052,E 23 ST/AV C,40.7355,-73.975374
402054,AVENUE C/E 20 ST,40.732795,-73.974542
402055,AVENUE C/E 18 ST,40.731266,-73.974185
402056,AVENUE C/E 16 ST,40.730031,-73.974881
402057,AVENUE C/E 14 ST,40.728544,-73.975657
402068,EAST HOUSTON ST/AV A,40.722234,-73.986069
402071,EAST HOUSTON ST/BOWERY,40.724255,-73.992852
402082,PARK ROW/SPRUCE ST,40.711893,-74.006217
402085,FRANKFORT ST/PEARL ST,40.709555,-74.001873
402088,MADISON ST/OLIVER ST,40.711877,-73.997922
402090,MADISON ST/MARKET ST,40.712207,-73.994092
402091,MADISON ST/PIKE ST,40.712393,-73.992032
402092,MADISON ST/RUTGERS ST,40.712601,-73.989561
402093,MADISON ST/JEFFERSON ST,40.712697,-73.988399
402094,MADISON ST/CLINTON ST,40.712865,-73.986455
402095,MADISON ST/MONTGOMERY ST,40.713043,-73.984583
402096,MADISON ST/GOUVERNEUR ST,40.713152,-73.983555
402097,MADISON ST/GOUVERNEUR ST,40.713331,-73.981762
402100,GRAND ST/FDR DR,40.713264,-73.977982
402102,CHERRY ST/JACKSON ST,40.712296,-73.980525
402103,JACKSON ST/MADISON ST,40.713361,-73.980705
402104,MADISON ST/JACKSON ST,40.713586,-73.981358
402105,MADISON ST/GOUVERNEUR ST,40.713218,-73.984341
402106,MADISON ST/MONTGOMERY ST,40.713092,-73.985553
402107,MADISON ST/CLINTON ST,40.712931,-73.98744
402108,MADISON ST/JEFFERSON ST,40.712807,-73.988886
402109,MADISON ST/RUTGERS ST,40.712684,-73.990419
402110,MADISON ST/PIKE ST,40.712489,-73.992197
402111,MADISON ST/MARKET ST,40.712325,-73.994744
402112,MADISON ST/CATHERINE ST,40.712064,-73.997462
402113,MADISON ST/SAINT JAMES PL,40.711872,-73.99943
402118,CHAMBERS ST/BROADWAY,40.714164,-74.006143
402119,CHAMBERS ST/CHURCH ST,40.714935,-74.00773
402124,W 23 ST/10 AV,40.747425,-74.003764
402125,W 23 ST/9 AV,40.746244,-74.000956
402126,W 23 ST/8 AV,40.745059,-73.998141
402127,W 23 ST/7 AV,40.743952,-73.995493
402128,W 23 ST/6 AV,40.74236,-73.991763
402130,E 23 ST/BROADWAY,40.741142,-73.98879
402134,E 23 ST/3 AV,40.738589,-73.982755
402142,E 20 ST/1 AV,40.73495,-73.979534
402143,E 23 ST/1 AV,40.737297,-73.97936
402144,E 23 ST/2 AV,40.738311,-73.981712
402145,E 23 ST/3 AV,40.739027,-73.983456
402152,W 23 ST/6 AV,40.743101,-73.993064
402153,W 23 ST/7 AV,40.744403,-73.996167
402154,W 23 ST/8 AV,40.745547,-73.998888
402155,W 23 ST/9 AV,40.746716,-74.001653
402157,W 23 ST/11 AV,40.748876,-74.006785
402160,12 AV/W 43 ST,40.762552,-74.000157
402161,12 AV/W 46 ST,40.764287,-73.998337
402162,12 AV/W 48 ST,40.765583,-73.997431
402163,W 50 ST/12 AV,40.766621,-73.996653
402164,W 50 ST/11 AV,40.765735,-73.994534
402165,W 50 ST/10 AV,40.764502,-73.991704
402166,W 50 ST/9 AV,40.763468,-73.989101
402167,W 50 ST/8 AV,40.762023,-73.985792
402169,W 50 ST/AVENUE OF THE AMERICAS,40.759675,-73.980215
402171,E 50 ST/5 AV,40.758431,-73.977104
402172,E 50 ST/MADISON AV,40.757723,-73.975397
402173,E 50 ST/LEXINGTON AV,40.756243,-73.972135
402174,E 50 ST/3 AV,40.755545,-73.970482
402175,E 50 ST/2 AV,40.754881,-73.9688
402183,E 49 ST/1 AV,40.753508,-73.966967
402185,E 49 ST/3 AV,40.755381,-73.971417
402186,E 49 ST/LEXINGTON AV,40.756139,-73.97308
402188,E 49 ST/MADISON AV,40.75744,-73.976217
402189,W 49 ST/5 AV,40.758113,-73.978021
402191,W 49 ST/AVENUE OF THE AMERICAS,40.759503,-73.981121
402194,W 49 ST/9 AV,40.763033,-73.989557
402195,W 49 ST/10 AV,40.7641,-73.991985
402205,W 57 ST/11 AV,40.77023,-73.991334
402211,E 57 ST/5 AV,40.762773,-73.973746
402214,E 57 ST/LEXINGTON AV,40.760727,-73.968725
402215,E 57 ST/3 AV,40.75991,-73.966804
402216,E 57 ST/2 AV,40.759086,-73.96486
402217,E 57 ST/1 AV,40.758095,-73.962478
402218,E 57 ST/SUTTON PL,40.757658,-73.961488
402221,E 55 ST/1 AV,40.756998,-73.963634
402222,E 57 ST/1 AV,40.758562,-73.963301
402223,E 57 ST/2 AV,40.75957,-73.965679
402224,E 57 ST/3 AV,40.760521,-73.967931
402228,W 57 ST/5 AV,40.763206,-73.974446
402229,W 57 ST/6 AV,40.764577,-73.977639
402233,W 57 ST/9 AV,40.768068,-73.985902
402269,W 72 ST/CENTRAL PARK WEST,40.776206,-73.976177
402290,E 72 ST/MADISON AV,40.771502,-73.964994
402292,E 72 ST/LEXINGTON AV,40.770268,-73.962107
402293,E 72 ST/3 AV,40.769518,-73.960284
402294,E 72 ST/2 AV,40.768637,-73.958281
402295,E 72 ST/1 AV,40.767672,-73.955852
402296,E 72 ST/YORK AV,40.76695,-73.954116
402298,E 72 ST/1 AV,40.768049,-73.956372
402299,E 72 ST/2 AV,40.769046,-73.958721
402300,E 72 ST/3 AV,40.769996,-73.960984
402301,E 72 ST/LEXINGTON AV,40.770658,-73.962551
402303,E 72 ST/MADISON AV,40.77179,-73.965247
402328,SUTTON PL/SUTTON SQ,40.75826,-73.959957
402330,YORK AV/E 63 ST,40.761483,-73.95757
402331,YORK AV/E 66 ST,40.763333,-73.95624
402334,YORK AV/E 72 ST,40.767166,-73.95344
402335,YORK AV/E 74 ST,40.768374,-73.952509
402336,YORK AV/E 76 ST,40.769679,-73.951606
402338,YORK AV/E 82 ST,40.773596,-73.948771
402339,YORK AV/E 84 ST,40.774863,-73.947842
402345,YORK AV/E 86 ST,40.775777,-73.947318
402346,YORK AV/E 84 ST,40.774314,-73.948386
402347,YORK AV/E 82 ST,40.773109,-73.949262
402348,YORK AV/E 79 ST,40.771081,-73.950753
402349,YORK AV/E 77 ST,40.769815,-73.951645
402351,YORK AV/E 72 ST,40.766595,-73.954011
402355,YORK AV/E 64 ST,40.761551,-73.957684
402446,5 AV/W 58 ST,40.763251,-73.973803
402458,LEXINGTON AV/E 125 ST,40.80458,-73.937417
402460,E 124 ST/3 AV,40.803051,-73.936515
402461,E 124 ST/2 AV,40.802148,-73.934477
402498,E 126 ST/2 AV,40.80367,-73.933538
402502,E 125 ST/3 AV,40.803935,-73.936221
402503,E 125 ST/LEXINGTON AV,40.804584,-73.937761
402504,E 125 ST/PARK AV,40.805301,-73.939475
402505,E 125 ST/MADISON AV,40.805979,-73.940999
402506,W 125 ST/5 AV,40.806542,-73.94244
402507,W 125 ST/MALCOLM X BLVD,40.808026,-73.945964
402508,W 125 ST/ADAM C POWELL BLVD,40.809228,-73.948781
402509,W 125 ST/FREDERICK DOUGLASS BLVD,40.810402,-73.951598
402510,W 125 ST/SAINT NICHOLAS AV,40.811005,-73.953007
402517,AMSTERDAM AV/W 135 ST,40.819316,-73.95184
402518,AMSTERDAM AV/W 138 ST,40.821041,-73.950578
402519,AMSTERDAM AV/W 140 ST,40.822402,-73.949594
402520,AMSTERDAM AV/W 143 ST,40.824241,-73.94826
402521,AMSTERDAM AV/W 145 ST,40.825615,-73.947231
402522,AMSTERDAM AV/W 147 ST,40.826778,-73.946404
402525,AMSTERDAM AV/W 153 ST,40.830343,-73.943814
402526,AMSTERDAM AV/W 155 ST,40.831683,-73.942827
402535,BROADWAY/W 173 ST,40.844953,-73.938676
402634,3 AV/E 31 ST,40.743707,-73.979544
402638,AMSTERDAM AV/W 158 ST,40.833351,-73.941776
402639,AMSTERDAM AV/W 156 ST,40.831932,-73.942813
402641,AMSTERDAM AV/W 152 ST,40.829745,-73.944372
402642,AMSTERDAM AV/W 150 ST,40.82806,-73.945613
402643,AMSTERDAM AV/W 148 ST,40.826908,-73.946446
402644,AMSTERDAM AV/W 145 ST,40.824949,-73.947888
402645,AMSTERDAM AV/W 143 ST,40.823629,-73.948866
402646,AMSTERDAM AV/W 140 ST,40.821716,-73.950244
402647,AMSTERDAM AV/W 138 ST,40.820487,-73.95113
402653,W 125 ST/AMSTERDAM AV,40.812602,-73.955693
402656,W 125 ST/SAINT NICHOLAS AV,40.810526,-73.952174
402657,W 125 ST/FREDERICK DOUGLASS BLVD,40.809908,-73.950705
402658,W 125 ST/ADAM C POWELL BLVD,40.8087,-73.947836
402659,W 125 ST/MALCOLM X  BLVD,40.807514,-73.945026
402660,E 125 ST/5 AV,40.806201,-73.941853
402661,E 125 ST/MADISON AV,40.805533,-73.940296
402662,E 125 ST/PARK AV,40.804799,-73.938583
402666,COOPER SQ/E 6 ST,40.728395,-73.990611
402670,3 AV/E 17 ST,40.735511,-73.985465
402673,3 AV/E 26 ST,40.741067,-73.981419
402674,3 AV/E 29 ST,40.742894,-73.980105
402677,3 AV/E 37 ST,40.747988,-73.97637
402678,3 AV/E 39 ST,40.749176,-73.975519
402679,3 AV/E 42 ST,40.751085,-73.974122
402680,3 AV/E 45 ST,40.752407,-73.973161
402681,3 AV/E 47 ST,40.754234,-73.97185
402682,3 AV/E 50 ST,40.755505,-73.970922
402687,3 AV/E 65 ST,40.765599,-73.963509
402688,3 AV/E 67 ST,40.767113,-73.962513
402689,3 AV/E 69 ST,40.768112,-73.961718
402691,3 AV/E 75 ST,40.771857,-73.959001
402692,3 AV/E 77 ST,40.773208,-73.95799
402694,3 AV/E 82 ST,40.776582,-73.955559
402696,3 AV/E 88 ST,40.780478,-73.952701
402697,3 AV/E 91 ST,40.782258,-73.951426
402704,3 AV/E 109 ST,40.793765,-73.943005
402705,3 AV/E 112 ST,40.795775,-73.941518
402707,3 AV/E 118 ST,40.799578,-73.938718
402723,W 125 ST/MORNINGSIDE AV,40.811402,-73.954184
402740,AMSTERDAM AV/W 171 ST,40.841978,-73.935267
402741,AMSTERDAM AV/W 173 ST,40.84312,-73.934443
402744,AMSTERDAM AV/W 179 ST,40.847008,-73.931612
402745,AMSTERDAM AV/W 181 ST,40.848358,-73.930616
402748,AMSTERDAM AV/W 187 ST,40.852204,-73.927829
402749,AMSTERDAM AV/W 190 ST,40.853927,-73.926552
402753,BOWERY/BAYARD ST,40.715391,-73.996465
402755,BOWERY/GRAND ST,40.718788,-73.994542
402762,BOWERY/E 3 ST,40.726723,-73.991525
402764,AMSTERDAM AV/W 188 ST,40.852241,-73.927959
402766,AMSTERDAM AV/W 184 ST,40.849558,-73.929899
402767,AMSTERDAM AV/W 181 ST,40.848228,-73.930845
402769,AMSTERDAM AV/W 178 ST,40.845883,-73.932601
402772,AMSTERDAM AV/W 172 ST,40.842043,-73.935378
402773,AMSTERDAM AV/W 170 ST,40.840658,-73.936399
402774,AMSTERDAM AV/W 168 ST,40.839549,-73.937226
402805,LEXINGTON AV/E 122 ST,40.802094,-73.939144
402809,LEXINGTON AV/E 114 ST,40.797178,-73.942746
402811,LEXINGTON AV/E 110 ST,40.794544,-73.944667
402816,LEXINGTON AV/E 100 ST,40.78827,-73.949209
402819,LEXINGTON AV/E 94 ST,40.784406,-73.952025
402826,LEXINGTON AV/E 79 ST,40.774868,-73.959032
402829,LEXINGTON AV/E 74 ST,40.771396,-73.961556
402831,LEXINGTON AV/E 70 ST,40.768759,-73.96348
402835,LEXINGTON AV/E 62 ST,40.763812,-73.967079
402838,LEXINGTON AV/E 56 ST,40.76012,-73.969776
402839,LEXINGTON AV/E 53 ST,40.758062,-73.971336
402843,LEXINGTON AV/E 45 ST,40.753095,-73.974905
402845,LEXINGTON AV/E 40 ST,40.749766,-73.977317
402851,LEXINGTON AV/E 28 ST,40.742375,-73.982721
402853,E 24 ST/LEXINGTON AV,40.739939,-73.983862
402854,3 AV/E 23 ST,40.738982,-73.983129
402856,3 AV/E 17 ST,40.73487,-73.986103
402857,5 AV/W 14 ST,40.735713,-73.993952
402858,3 AV/E 11 ST,40.730973,-73.988946
402862,BOWERY/BLEECKER ST,40.725346,-73.992211
402863,BOWERY/EAST HOUSTON ST,40.723756,-73.992907
402864,BOWERY/PRINCE ST,40.722055,-73.993513
402865,BOWERY/KENMARE ST,40.720035,-73.994296
402867,BOWERY/GRAND ST,40.718135,-73.995079
402868,BOWERY/CANAL ST,40.715915,-73.996422
402869,BOWERY/BAYARD ST,40.714772,-73.9971
402870,PARK ROW/WORTH ST,40.713411,-73.998961
403036,WEST END AV/W 72 ST,40.779534,-73.98481
403037,WEST END AV/W 69 ST,40.777468,-73.986337
403038,WEST END AV/W 66 ST,40.77618,-73.987276
403047,CENTRAL PARK SOUTH/6 AV,40.765655,-73.976441
403076,WEST END AV/W 66 ST,40.776334,-73.986857
403103,BROADWAY/W 73 ST,40.779589,-73.981517
403104,BROADWAY/W 75 ST,40.781301,-73.981021
403105,BROADWAY/W 77 ST,40.782726,-73.980497
403106,BROADWAY/W 79 ST,40.784084,-73.979583
403107,BROADWAY/W 82 ST,40.785994,-73.978167
403109,BROADWAY/W 86 ST,40.788533,-73.976086
403110,BROADWAY/W 88 ST,40.789801,-73.975114
403111,BROADWAY/W 91 ST,40.791669,-73.973745
403112,BROADWAY/W 93 ST,40.792967,-73.972806
403114,BROADWAY/W 99 ST,40.796724,-73.970048
403115,BROADWAY/W 101 ST,40.798143,-73.968924
403116,BROADWAY/W 103 ST,40.79932,-73.968241
403117,BROADWAY/W 106 ST,40.801818,-73.967642
403118,BROADWAY/W 108 ST,40.803132,-73.967242
403119,BROADWAY/CATHEDRAL PKWY,40.804269,-73.96635
403122,BROADWAY/W 116 ST,40.807895,-73.963813
403125,BROADWAY/W 122 ST,40.812034,-73.960739
403126,BROADWAY/LA SALLE ST,40.813972,-73.959307
403132,6 AV/W 50 ST,40.759771,-73.980381
403139,MORNINGSIDE AV/W 125 ST,40.811475,-73.95402
403142,BROADWAY/TIEMANN PL,40.815025,-73.959043
403144,BROADWAY/LA SALLE ST,40.813736,-73.959961
403145,BROADWAY/W 122 ST,40.811738,-73.961462
403147,BROADWAY/W 116 ST,40.807957,-73.96422
403148,BROADWAY/W 114 ST,40.806645,-73.965164
403149,BROADWAY/W 112 ST,40.805377,-73.966071
403150,BROADWAY/CATHEDRAL PKWY,40.804085,-73.967018
403151,BROADWAY/W 108 ST,40.803163,-73.967726
403152,BROADWAY/W 106 ST,40.800986,-73.96811
403153,BROADWAY/W 104 ST,40.799738,-73.968497
403154,BROADWAY/W 102 ST,40.798434,-73.969289
403155,BROADWAY/W 100 ST,40.79718,-73.970232
403158,BROADWAY/W 94 ST,40.793162,-73.973094
403159,BROADWAY/W 92 ST,40.791906,-73.974012
403162,BROADWAY/W 86 ST,40.788066,-73.976942
403163,BROADWAY/W 84 ST,40.78682,-73.977979
403164,BROADWAY/W 82 ST,40.785596,-73.9789
403165,BROADWAY/W 79 ST,40.783599,-73.980392
403166,BROADWAY/W 76 ST,40.781642,-73.981411
403167,BROADWAY/W 74 ST,40.780165,-73.981863
403168,BROADWAY/W 72 ST,40.778655,-73.982115
403169,BROADWAY/W 70 ST,40.776767,-73.982304
403171,BROADWAY/W 65 ST,40.773284,-73.982406
403192,W 34 ST/10 AV,40.75433,-73.998776
403216,E 34 ST/2 AV,40.74504,-73.976264
403238,W 42 ST/9 AV,40.757961,-73.991925
403239,W 42 ST/8 AV,40.757191,-73.989904
403240,W 42 ST/7 AV,40.756259,-73.987735
403241,W 42 ST/BROADWAY,40.755466,-73.985721
403242,W 42 ST/6 AV,40.754535,-73.98364
403245,E 42 ST/LEXINGTON AV,40.751149,-73.975605
403247,E 42 ST/2 AV,40.749581,-73.971881
403248,E 42 ST/1 AV,40.748582,-73.969655
403249,E 41 ST/1 AV,40.747864,-73.969576
403251,E 42 ST/1 AV,40.749076,-73.970286
403252,E 42 ST/2 AV,40.750086,-73.972599
403253,E 42 ST/3 AV,40.751014,-73.974764
403257,W 42 ST/5 AV,40.75357,-73.98098
403264,11 AV/W 42 ST,40.760639,-73.998508
403266,5 AV/W 55 ST,40.761751,-73.974937
403267,CENTRAL PARK NORTH/5 AV,40.797362,-73.950273
403271,BROADWAY/W 66 ST,40.774269,-73.982027
403276,FREDERICK DOUGLASS BLVD/W 128 ST,40.811896,-73.950046
403292,AMSTERDAM AV/LA SALLE ST,40.812755,-73.956592
403297,YORK AV/E 69 ST,40.765019,-73.955171
403303,EAST HOUSTON ST/AV C,40.720988,-73.981738
403304,AVENUE C/E 3 ST,40.721384,-73.980901
403305,AVENUE C/E 6 ST,40.723242,-73.979573
403306,AVENUE C/E 8 ST,40.724441,-73.978696
403307,AVENUE C/E 10 ST,40.725624,-73.977837
403311,BROADWAY/WEST HOUSTON ST,40.725107,-73.997106
403312,W 10 ST/HUDSON ST,40.733775,-74.005849
403313,W 10 ST/GREENWICH ST,40.733501,-74.007459
403316,E 25 ST/PARK AV SOUTH,40.741564,-73.985493
403317,ESSEX ST/GRAND ST,40.71682,-73.989005
403318,ESSEX ST/DELANCEY ST,40.718247,-73.988474
403319,ESSEX ST/RIVINGTON ST,40.719587,-73.987781
403320,AVENUE A/EAST HOUSTON ST,40.722573,-73.985955
403323,WEST HOUSTON ST/LAGUARDIA PL,40.726916,-73.999765
403326,E 105 ST/FDR  DR,40.788277,-73.93884
403338,ADAM C POWELL BLVD/W 151 ST,40.825612,-73.935955
403342,2 AV/E 94 ST,40.782675,-73.948302
403343,2 AV/E 89 ST,40.779574,-73.950645
403350,WORTH ST/MOTT ST,40.713757,-73.999037
403359,E 34 ST/1 AV,40.744007,-73.97394
403362,COLUMBUS AV/W 97 ST,40.793273,-73.967359
403367,E 91 ST/YORK AV,40.779214,-73.944942
403369,2 AV/E 92 ST,40.781467,-73.94926
403372,COLUMBUS AV/W 75 ST,40.779052,-73.977743
403373,FORT WASHINGTON AV/W 168 ST,40.8419,-73.942467
403374,FORT WASHINGTON AV/W 165 ST,40.839905,-73.943263
403375,FORT WASHINGTON AV/W 164 ST,40.838725,-73.943731
403376,FORT WASHINGTON AV/W 162 ST,40.837542,-73.944201
403377,FORT WASHINGTON AV/W 160 ST,40.836093,-73.944759
403380,DELANCEY ST/COLUMBIA ST,40.71645,-73.980468
403383,1 AV/E 91 ST,40.780248,-73.946809
403392,MANHATTAN AV/CATHEDRAL PKWY,40.800882,-73.95994
403397,WEST THAMES ST/SOUTH END AV,40.708407,-74.017093
403399,SOUTH END AV/ALBANY ST,40.710724,-74.016075
403415,PARK AV/E 125 ST,40.804807,-73.939454
403416,LEXINGTON AV/E 116 ST,40.798149,-73.942022
403417,LEXINGTON AV/E 106 ST,40.791892,-73.946585
403418,LEXINGTON AV/E 96 ST,40.785502,-73.951206
403419,LEXINGTON AV/E 86 ST,40.77931,-73.955763
403421,LEXINGTON AV/E 72 ST,40.770316,-73.962352
403422,LEXINGTON AV/E 68 ST,40.767713,-73.964248
403424,LEXINGTON AV/E 50 ST,40.756586,-73.972348
403425,LEXINGTON AV/E 42 ST,40.750843,-73.976533
403427,3 AV/E 33 ST,40.745188,-73.978434
403432,3 AV/E 72 ST,40.770075,-73.960281
403433,3 AV/E 79 ST,40.774605,-73.95697
403434,3 AV/E 86 ST,40.778466,-73.954179
403436,3 AV/E 106 ST,40.79189,-73.944367
403439,W 179 ST/AMSTERDAM AV,40.847044,-73.932251
403440,W 179 ST/SAINT NICHOLAS AV,40.848025,-73.934477
403443,E 10 ST/AVENUE D,40.725082,-73.975456
403444,HUDSON ST/NORTH MOORE ST,40.720023,-74.008576
403447,W 135 ST/BROADWAY,40.819614,-73.954283
403456,MADISON AV/E 38 ST,40.750124,-73.981081
403457,MADISON AV/E 40  ST,40.751774,-73.979963
403458,MADISON AV/E 41 ST,40.752028,-73.979748
403459,E 42 ST/PARK AV,40.75188,-73.97733
403461,BROADWAY/W 133 ST,40.818494,-73.955937
403462,BROADWAY/W 135 ST,40.820447,-73.954599
403465,W 42 ST/5 AV,40.753319,-73.980751
403466,SAINT NICHOLAS AV/FORT GEORGE HILL,40.857071,-73.927934
403472,AMSTERDAM AV/W 67 ST,40.775639,-73.98367
403475,GRAND ST/ESSEX ST,40.716485,-73.988824
403480,1 AV/E 34 ST,40.744157,-73.973165
403483,BROADWAY/W 145 ST,40.826693,-73.95048
403486,W 42 ST/11 AV,40.760822,-73.998047
403487,W 66 ST/WEST END AV,40.776008,-73.98702
403488,W 65 ST/WEST END AV,40.775118,-73.98728
403489,W 65 ST/AMSTERDAM AV,40.773871,-73.984293
403491,W 65 ST/BROADWAY,40.773087,-73.982432
403492,W 65 ST/CENTRAL PARK WEST,40.77181,-73.979385
403494,E 65 ST/5 AV,40.767811,-73.969931
403495,E 68 ST/MADISON AV,40.768993,-73.966909
403503,E 67 ST/1 AV,40.764833,-73.958713
403504,E 67 ST/2 AV,40.76583,-73.961084
403505,E 67 ST/3 AV,40.766525,-73.962733
403506,E 67 ST/LEXINGTON AV,40.767437,-73.964888
403510,W 66 ST/CENTRAL PK W,40.772619,-73.979118
403512,W 66 ST/BROADWAY,40.77413,-73.982724
403513,W 66 ST/AMSTERDAM AV,40.775049,-73.984749
403518,W 87 ST/WEST END AV,40.789549,-73.977198
403522,W 79 ST/RIVERSIDE DR,40.784786,-73.982315
403523,W 79 ST/BROADWAY,40.783867,-73.980284
403525,2 AV/E 28 ST,40.74081,-73.978848
403526,3 AV/E 11 ST,40.73168,-73.988278
403528,W 34 ST/9 AV,40.753361,-73.996044
403530,W 34 ST/DYER AV,40.754416,-73.998474
403537,3 AV/E 125 ST,40.80389,-73.935524
403545,3 AV/E 60 ST,40.762558,-73.965738
403547,W 23 ST/10 AV,40.747919,-74.004511
403552,8 AV/W 39 ST,40.755175,-73.991135
403555,AMSTERDAM AV/W 69 ST,40.776913,-73.982741
403556,E 14 ST/IRVING PL,40.733947,-73.988902
403557,DELANCEY ST/FDR DR,40.715368,-73.976655
403560,W 86 ST/WEST END AV,40.788621,-73.977342
403562,W 57 ST/8 AV,40.766592,-73.982719
403563,YORK AV/E 69 ST,40.764813,-73.955165
403573,W 65 ST/COLUMBUS AV,40.772835,-73.981874
403590,PEARL ST/FULTON ST,40.707631,-74.004
403601,PEARL ST/BEEKMAN ST,40.708264,-74.003099
403604,W 125 ST/AMSTERDAM AV,40.813693,-73.956392
403606,W 72 ST/COLUMBUS AV,40.777403,-73.979019
403608,WEST END AV/W 69 ST,40.777706,-73.985853
403610,W 72 ST/CENTRAL PARK WEST,40.77647,-73.976318
403611,W 72 ST/COLUMBUS AV,40.777656,-73.979141
403612,W 72 ST/AMSTERDAM AV,40.778609,-73.981401
403617,E 57 ST/LEXINGTON AV,40.761183,-73.969508
403620,E 57 ST/MADISON AV,40.762047,-73.971943
403621,W 57 ST/6 AV,40.764061,-73.976728
403626,WEST END AV/W 59 ST,40.77141,-73.990797
403632,E 96 ST/2 AV,40.784335,-73.94722
403639,PARK ROW/BEEKMAN ST,40.711591,-74.007131
403647,ALLEN ST/DELANCEY ST,40.719411,-73.990466
403670,W 179 ST/BROADWAY,40.849167,-73.937993
403671,E 125 ST/LEXINGTON AV,40.804178,-73.937065
403672,E 125 ST/3 AV,40.803485,-73.935437
403673,E 125 ST/2 AV,40.802793,-73.933781
403674,E 125 ST/1 AV,40.801794,-73.93155
403676,E 125 ST/2 AV,40.803001,-73.934009
403677,W 125 ST/BROADWAY,40.816175,-73.958569
403711,E 135 ST/MADISON AV,40.812302,-73.936529
403726,YORK AV/E 74 ST,40.768033,-73.952959
403731,EAST HOUSTON ST/2 AV,40.723879,-73.991401
403732,ESSEX ST/DELANCEY ST,40.718944,-73.987893
403733,W 79 ST/AMSTERDAM AV,40.783057,-73.977883
403736,W 57 ST/7 AV,40.765563,-73.980322
403749,LEXINGTON AV/E 98 ST,40.787269,-73.949971
403757,W 135 ST/AMSTERDAM AV,40.819159,-73.95262
403760,W 50 ST/7 AV,40.761062,-73.983503
403763,W 125 ST/OLD BROADWAY,40.815072,-73.957587
403765,3 AV/E 93 ST,40.783505,-73.950493
403766,E 128 ST/3 AV,40.805377,-73.933984
403769,6 AV/W 31 ST,40.748017,-73.98901
403772,3 AV/E 20 ST,40.736709,-73.984763
403776,SAINT NICHOLAS AV/W 137 ST,40.818358,-73.94731
403777,3 AV/E 97 ST,40.785746,-73.948862
403779,W 66 ST/COLUMBUS AV,40.773578,-73.981381
403781,CENTRAL PARK SOUTH/COLUMBUS CIRCLE,40.767567,-73.980989
403782,PARK AV SOUTH/E 23 ST,40.740471,-73.985939
403786,W 135 ST/AMSTERDAM AV,40.818923,-73.95253
403787,E 126 ST/3 AV,40.804579,-73.935704
403791,W 125 ST/OLD BROADWAY,40.815198,-73.958031
403797,7 AV/W 50 ST,40.760853,-73.983568
403802,10 AV/W 23 ST,40.747927,-74.003847
403805,E 42 ST/MADISON AV,40.753093,-73.979766
403808,EAST HOUSTON ST/COLUMBIA ST,40.719626,-73.978387
403821,LEXINGTON AV/E 34 ST,40.746226,-73.979892
403822,LEXINGTON AV/E 31 ST,40.744101,-73.981463
403826,FREDERICK DOUGLASS BLVD/W 145 ST,40.82312,-73.941579
403829,W 125 ST/SAINT CLAIR PL,40.817202,-73.959504
403830,W 42 ST/AV OF THE AMERICAS,40.754994,-73.984277
403832,FREDERICK DOUGLASS BLVD/W 138 ST,40.818645,-73.944849
403837,MADISON AV/E 61 ST,40.764726,-73.970463
403846,8 AV/W  57 ST,40.76674,-73.982683
403847,6 AV/WEST BROADWAY,40.7209,-74.005175
403851,SPRING ST/HUDSON ST,40.725735,-74.007198
403853,WEST HOUSTON ST/HUDSON ST,40.728889,-74.007303
403854,WASHINGTON ST/WEST HOUSTON ST,40.728087,-74.009557
403858,CHAMBERS ST/GREENWICH ST,40.716244,-74.01115
403870,E 14 ST/2 AV,40.732484,-73.985195
403871,E 14 ST/3 AV,40.733546,-73.98758
403876,HUDSON ST/BETHUNE ST,40.737071,-74.005867
403878,VESEY ST/NORTH END AV,40.714555,-74.015847
403886,AMSTERDAM AV/W 114 ST,40.805727,-73.961715
403887,2 AV/E 54 ST,40.757149,-73.966937
403893,E 14 ST/UNION SQUARE WEST,40.735465,-73.992137
403894,W 14 ST/5 AV,40.736229,-73.993956
403895,W 14 ST/6 AV,40.737664,-73.997362
403896,W 14 ST/7 AV,40.738798,-74.000047
403897,W 14 ST/8 AV,40.740027,-74.002966
403902,RIVERSIDE DR/W 100 ST,40.798851,-73.973449
403903,BROADWAY/W 125 ST,40.81617,-73.958183
403906,E 14 ST/IRVING PL,40.734417,-73.989702
403907,W 165 ST/AMSTERDAM AV,40.837871,-73.938159
403910,W 165 ST/AMSTERDAM AV,40.837687,-73.93804
403913,3 AV/E 14 ST,40.733689,-73.986787
403914,6 AV/W 20 ST,40.741155,-73.993876
403942,CONVENT AV/W 129 ST,40.814223,-73.953176
403953,STATE ST/BRIDGE ST,40.70335,-74.014524
403954,W 49 ST/11 AV,40.765477,-73.995473
403955,W 49 ST/12 AV,40.766193,-73.997183
403956,12 AV/W 46 ST,40.76446,-73.998687
403975,SAINT NICHOLAS AV/W 176 ST,40.846368,-73.935747
403976,SAINT NICHOLAS AV/W 184 ST,40.851369,-73.932102
403978,SAINT NICHOLAS AV/W 187 ST,40.85276,-73.931345
403979,SAINT NICHOLAS AV/W 174 ST,40.844905,-73.937093
403980,MADISON AV/E 121 ST,40.803482,-73.942225
403981,CENTRAL PARK WEST/W 69 ST,40.77451,-73.97707
403982,FREDERICK DOUGLASS BLVD/W 135 ST,40.816771,-73.946213
403984,W 57 ST/9 AV,40.767697,-73.98534
403986,W 57 ST/10 AV,40.769323,-73.988953
403987,11 AV/W 57 ST,40.770024,-73.991693
403989,E 79 ST/5 AV,40.77698,-73.963475
403992,W 57 ST/10 AV,40.768866,-73.988149
403993,E 68 ST/3 AV,40.766964,-73.962076
403994,E 68 ST/2 AV,40.766263,-73.96043
403995,E 68 ST/1 AV,40.76503,-73.957496
403996,E 68 ST/YORK AV,40.764295,-73.955701
403997,E 67 ST/YORK AV,40.76383,-73.956353
404008,AMSTERDAM AV/W 190 ST,40.853438,-73.927069
404010,E 8 ST/LAFAYETTE ST,40.730069,-73.991279
404011,W 135 ST/BROADWAY,40.82044,-73.955723
404012,W 135 ST/RIVERSIDE DR,40.821025,-73.957034
404013,RIVERSIDE DR/W 137 ST,40.822435,-73.955855
404014,RIVERSIDE DR/W 142 ST,40.825464,-73.953302
404015,RIVERSIDE DR/W 144 ST,40.826652,-73.952228
404017,RIVERSIDE DR/W 142 ST,40.825383,-73.953985
404018,RIVERSIDE DR/W 139 ST,40.823483,-73.955501
404019,W 135 ST/RIVERSIDE DR,40.820863,-73.957
404024,CENTRAL PARK WEST/W 75 ST,40.778511,-73.97414
404029,E 14 ST/1 AV,40.73115,-73.981962
404030,COLUMBUS AV/W 61 ST,40.770015,-73.984342
404031,RIVERSIDE DR/W 145 ST,40.827012,-73.952145
404035,W 49 ST/7 AV,40.760705,-73.98407
404037,SUTTON PL/E 55 ST,40.756196,-73.961653
404039,6 AV/W 38 ST,40.752139,-73.985967
404040,6 AV/W 40 ST,40.753709,-73.984732
404043,6 AV/W 45 ST,40.75703,-73.982378
404049,CENTRAL PARK WEST/W 63 ST,40.770657,-73.979873
404052,8 AV/W 41 ST,40.756182,-73.990405
404054,RIVERSIDE DR/W 94 ST,40.794693,-73.976593
404056,RIVERSIDE DR/W 139 ST,40.823431,-73.955324
404058,W 54 ST/11 AV,40.767925,-73.991859
404066,SAINT NICHOLAS AV/W 167 ST,40.840879,-73.939441
404075,W 96 ST/COLUMBUS AV,40.793081,-73.967825
404076,E 106 ST/LEXINGTON AV,40.792011,-73.945969
404077,E 106 ST/3 AV,40.791324,-73.944338
404079,E 106 ST/LEXINGTON AV,40.792464,-73.946569
404080,E 106 ST/MADISON AV,40.793835,-73.949832
404081,5 AV/E 98 ST,40.789203,-73.954934
404085,12 AV/W 23 ST,40.748873,-74.008035
404087,E 96 ST/5 AV,40.787657,-73.955416
404092,COOPER SQ/E 7 ST,40.729314,-73.990194
404099,E 20 ST/E 20 ST Loop,40.734053,-73.97755
404100,EAST HOUSTON ST/RIDGE ST,40.720652,-73.981642
404101,FRANKFORT ST/WILLIAM ST,40.711388,-74.004401
404104,RIVERSIDE DR/W 103 ST,40.800432,-73.971727
404105,2 AV/E 12 ST,40.730796,-73.986156
404106,3 AV/E 14 ST,40.732955,-73.987502
404108,CHURCH ST/VESEY ST,40.712127,-74.010049
404116,W 43 ST/8 AV,40.758191,-73.989943
404120,UNION SQ EAST/E 15 ST,40.73555,-73.989612
404122,5 AV/E 67 ST,40.769033,-73.969649
404124,W 178 ST/SAINT NICHOLAS AV,40.847336,-73.935381
404125,W 178 ST/AUDUBON AV,40.84655,-73.933445
404129,ADAM C POWELL BLVD/W 149 ST,40.82426,-73.936943
404130,RIVERSIDE DR/W 103 ST,40.800569,-73.971701
404131,RIVERSIDE DR/W 94 ST,40.794923,-73.976564
404132,6 AV/PRINCE ST,40.727023,-74.003348
404133,HUDSON ST/BARROW ST,40.731571,-74.006534
404134,CENTRAL PARK WEST/W 79 ST,40.781149,-73.972233
404135,FREDERICK DOUGLASS BLVD/W 158 ST,40.830451,-73.936359
404136,CENTRAL PARK WEST/W 79 ST,40.780619,-73.972854
404137,12 AV/W 23 ST,40.748728,-74.007954
404138,BROADWAY/W 63 ST,40.771637,-73.98234
404142,PARK ROW/BEEKMAN ST,40.711713,-74.007528
404147,W 133 ST/AMSTERDAM AV,40.81782,-73.953564
404148,BROADWAY/W 133 ST,40.818488,-73.956469
404153,7 AV/W 42 ST,40.755694,-73.987208
404154,YORK AV/E 60 ST,40.759558,-73.958987
404155,EAST HOUSTON ST/MOTT ST,40.724865,-73.994531
404160,E 42 ST/MADISON AV,40.752533,-73.978889
404161,10 AV/W 19 ST,40.745426,-74.005684
404168,5 AV/E 96 ST,40.787549,-73.956092
404171,LEXINGTON AV/E 59 ST,40.762106,-73.968336
404180,5 AV/W 45 ST,40.755127,-73.979805
404190,BROADWAY/MORRIS ST,40.705215,-74.01385
404191,MADISON AV/E 95 ST,40.786932,-73.954292
404194,W 179 ST/WADSWORTH AV,40.848514,-73.935778
404211,5 AV/W 28 ST,40.744396,-73.987625
404219,BROADWAY/WARREN ST,40.713766,-74.006749
404224,BROADWAY/CHAMBERS ST,40.714045,-74.006445
404225,BROADWAY/BARCLAY ST,40.711896,-74.008313
404232,BROADWAY/W 131 ST,40.817322,-73.956852
404244,7 AV/W 23 ST,40.743812,-73.995983
404245,FREDERICK DOUGLASS BLVD/W 119 ST,40.80609,-73.954262
404251,1 AV/E 28 ST,40.740022,-73.976194
404253,1 AV/E 62 ST,40.761632,-73.960457
404254,1 AV/E 97 ST,40.784095,-73.944031
404255,LEXINGTON AV/E 124 ST,40.803886,-73.937851
404258,RIVERSIDE DR/W 122 ST,40.812935,-73.9627
404259,RIVERSIDE DR/W 122 ST,40.813216,-73.963819
404260,BROADWAY/W 113 ST,40.806258,-73.964954
404262,BROADWAY/W 120 ST,40.810341,-73.961983
404264,AVENUE C/E 23 ST,40.735175,-73.975191
404266,SUTTON PL/E 58 ST,40.757808,-73.96043
404271,E 14 ST/UNIVERSITY PL,40.735177,-73.991881
404274,W 116 ST/MALCOLM X BLVD,40.802292,-73.950025
404278,CENTRAL PARK NORTH/MALCOLM X BLVD,40.798009,-73.952047
404279,10 AV/W 37 ST,40.756715,-73.997444
404280,W 34 ST/7 AV,40.751046,-73.990911
404283,ADAM C POWELL BLVD/W 125 ST,40.809158,-73.947978
404284,MALCOLM X BLVD/W 125 ST,40.807417,-73.945914
404286,W 14 ST/HUDSON ST,40.74062,-74.004803
404287,ESSEX ST/EAST BROADWAY,40.714094,-73.990301
404289,RIVERSIDE DR/W 74 ST,40.78204,-73.98487
404290,RIVERSIDE DR/W 82 ST,40.787205,-73.98111
404308,W 86 ST/COLUMBUS AV,40.786707,-73.972454
404309,MANHATTAN AV/W 116 ST,40.805214,-73.956566
404320,AMSTERDAM AV/W 89 ST,40.78949,-73.973569
404321,LEXINGTON AV/E 83 ST,40.777227,-73.957311
404325,FREDERICK DOUGLASS BLVD/MACOMBS PL,40.825817,-73.939658
404327,PEARL ST / PEARL ST,40.710832,-74.000822
404333,MALCOLM X BLVD/W 122 ST,40.806067,-73.946561
404334,LENOX AV/W 125 ST,40.80804,-73.945118
404335,MALCOLM X BLVD/W 142 ST,40.818795,-73.937266
404336,MALCOLM X BLVD/W 127 ST,40.808753,-73.944937
404337,MALCOLM X BLVD/W 129 ST,40.810005,-73.944029
404338,MALCOLM X BLVD/W 137 ST,40.81508,-73.940329
404339,MALCOLM X BLVD/W 139 ST,40.816345,-73.939396
404341,LENOX AV/W 116 ST,40.802336,-73.94928
404350,MAIN RDWY/OPP ICAHN STADIUM,40.792588,-73.923489
404351,MAIN RDWY/TENNIS CENTER 11,40.795131,-73.920014
404352,MAIN RDWY/EXIT RAMP,40.796137,-73.919511
404353,MAIN RDWY/ICAHN STADIUM,40.792872,-73.92339
404354,MAIN RDWY/MANHATTAN PSYCH CENTER,40.789145,-73.926831
404355,MAIN RDWY/OPP CLARKE THOMAS,40.78641,-73.929197
404356,SUNKEN GARDEN LOOP/EMPLOYMENT CENTER,40.786171,-73.931819
404357,SUNKEN GARDEN LOOP/CHARLES H GAY CENTER,40.785463,-73.931265
404362,SAINT CLAIRE PL/W 125 ST,40.817065,-73.959775
404681,E 86 ST/2 AV,40.77759,-73.951259
404821,RIVERSIDE DR/TIEMANN PL,40.816069,-73.961163
404822,RIVERSIDE DR/TIEMANN PL,40.816305,-73.961905
404823,CENTRE ST/GRAND ST,40.720448,-73.997887
404824,FREDERICK DOUGLASS BLVD/W 147 ST,40.823913,-73.941264
404825,FREDERICK DOUGLASS BLVD/W 148 ST,40.824928,-73.940255
404826,WEST END AV/W 64 ST,40.77449,-73.98841
404833,E 23 ST/PARK AV SOUTH,40.740491,-73.986847
404834,W 23 ST/11 AV,40.748632,-74.006633
404837,ADAM C POWELL BLVD/W 153 ST,40.826531,-73.935264
404838,COLUMBUS AV/W 80 ST,40.782804,-73.974976
404843,PIKE ST/MADISON ST,40.71288,-73.992288
404844,PIKE ST/MADISON ST,40.712625,-73.992622
404846,8 AV/W 49 ST,40.761902,-73.986239
404847,8 AV/W 31 ST,40.749952,-73.994947
404850,PEARL ST/FULTON ST,40.70755,-74.003857
404853,AMSTERDAM AV/W 161 ST,40.835239,-73.940199
404854,LEXINGTON AV/E 77 ST,40.773296,-73.960162
404855,RIVERSIDE DR/W 89 ST,40.791532,-73.979122
404856,E 110 ST/MADISON AV,40.796412,-73.948038
404857,PARK ROW/SAINT JAMES PL,40.713374,-73.998679
404858,E 79 ST/MADISON AV,40.776076,-73.961665
404859,YORK AV/E 87 ST,40.776178,-73.946977
404860,E 79 ST/LEXINGTON AV,40.775117,-73.959104
404863,HARRISON ST/HUDSON ST,40.718596,-74.009167
404864,HARRISON ST/WEST ST,40.718895,-74.012053
404865,W 70 ST/FREEDOM PL,40.778911,-73.986687
404870,8 AV/W 42 ST,40.757537,-73.98947
404871,CENTRAL PARK WEST/COLUMBUS CIRCLE,40.768686,-73.98134
404876,W 168 ST/AUDUBON AV,40.840634,-73.938644
404881,9 AV/W 23 ST,40.746264,-74.001642
404895,6 AV/SPRING ST,40.725672,-74.003915
404905,MADISON AV/E 69 ST,40.770133,-73.966573
404909,2 AV/E 36 ST,40.746181,-73.974949
404911,W 106 ST/BROADWAY,40.801154,-73.967576
404915,FREDERICK DOUGLASS BLVD/W 116 ST,40.804152,-73.955672
404916,BROADWAY/PRINCE ST,40.724012,-73.998084
404918,BROADWAY/W 167 ST,40.840167,-73.940639
404920,FORT WASHINGTON AV/W 165 ST,40.841726,-73.942351
404921,FORT WASHINGTON AV/W 168 ST,40.842408,-73.94209
404922,MADISON ST/GRAND ST,40.713503,-73.980417
404926,W 24 St/11 AV,40.749997,-74.007489
404927,W 24 ST/12 AV,40.749969,-74.007803
404936,PARK AV SOUTH/E 18 ST,40.736788,-73.988625
404947,LEXINGTON AV/E 92 ST,40.78294,-73.953141
404948,W 49 ST/8 AV,40.761998,-73.987034
404949,AMSTERDAM AV/W 161 ST,40.835536,-73.940181
404950,E 34 ST /1 AV,40.743774,-73.973731
404963,ADAM C POWELL BLVD/W 119 ST,40.805343,-73.950713
404964,5 AV/W 120 ST,40.802933,-73.944859
404972,CHAMBERS ST/HUDSON ST,40.715717,-74.009541
404973,CHAMBERS ST/GREENWICH ST,40.716554,-74.011352
404976,CHAMBERS ST/WEST BROADWAY,40.715377,-74.009105
404977,CHAMBERS ST/CHURCH ST,40.714802,-74.007821
404978,MALCOLM X BLVD/W 119 ST,40.803636,-73.948676
404979,BATTERY PL/3 PL,40.70727,-74.017356
404983,BATTERY PL/WEST ST,40.704998,-74.017384
404986,BATTERY PL/3 PL,40.707616,-74.016909
404987,CENTRAL PARK WEST/W 66 ST,40.772331,-73.97898
404988,CENTRAL PARK WEST/W 64 ST,40.771082,-73.979842
404990,SPRING ST/GREENWICH ST,40.725908,-74.00874
404991,6 AV/W 18 ST,40.739649,-73.995098
404992,6 AV/W 57 ST,40.764401,-73.977001
404994,MADISON AV/E 66 ST,40.767836,-73.968184
404995,1 AV/E 29 ST,40.740529,-73.975807
405003,E 92 ST/YORK AV,40.779755,-73.944535
405006,EAST BROADWAY/CATHERINE ST,40.713376,-73.997392
405014,MALCOLM X BLVD/W 132 ST,40.812501,-73.941856
405015,MAIN RDWY/OPP PARKS & RECREATION,40.799485,-73.922512
405016,MAIN RDWY/T B T A,40.798576,-73.921361
405024,CHURCH ST/WORTH ST,40.716678,-74.006421
405026,9 AV/W 40 ST,40.756899,-73.993896
405053,MURRAY ST/NORTH END AV,40.715482,-74.015376
405054,VESEY ST/NORTH END AV,40.714631,-74.015692
405056,NORTH END AV/WARREN ST,40.717072,-74.014087
405057,LEXINGTON AV/E 119 ST,40.800189,-73.94052
405061,3 AV/E 21 ST,40.737436,-73.984124
405062,NORTH END AV/WARREN ST,40.717251,-74.014498
405063,MURRAY ST/NORTH END AV,40.715733,-74.015035
405065,WEST ST/CHAMBERS ST,40.717479,-74.01255
405066,LEXINGTON AV/E 89 ST,40.78113,-73.954451
405067,STATE ST/WHITEHALL ST,40.702398,-74.01347
405068,STATE ST/WHITEHALL ST,40.702344,-74.012897
405069,AMSTERDAM AV/W 175 ST,40.84381,-73.934076
405070,AMSTERDAM AV/W 165 ST,40.837603,-73.938646
405071,W 70 ST/WEST END AV,40.778705,-73.985788
405072,BROADWAY/TIEMANN PL,40.814899,-73.95853
405073,AMSTERDAM AV/W 158 ST,40.833638,-73.941374
405075,AMSTERDAM AV/W 164 ST,40.837468,-73.938575
405076,AMSTERDAM AV/W 167 ST,40.839672,-73.93697
405077,AMSTERDAM AV/W 176 ST,40.84515,-73.932962
405078,AMSTERDAM AV/W 135 ST,40.818605,-73.952522
405079,AMSTERDAM AV/W 125 ST,40.812905,-73.956867
405083,SOUTH ST/WHITEHALL ST,40.701556,-74.012461
405086,WEST END AV/W 70 ST,40.778725,-73.985135
405087,MANHATTAN AV/W 111 ST,40.80173,-73.959138
405091,FORT GEORGE AV/66 FORT GEORGE AV,40.857887,-73.926614
405092,MANHATTAN AV/W 113 ST,40.803344,-73.957959
405093,MANHATTAN AV/W 119 ST,40.8069,-73.955537
405098,1 AV /E 4 ST,40.725463,-73.986785
405100,1 AV/E 82 ST,40.774585,-73.950985
405102,2 AV/E 75 ST,40.770486,-73.957273
405103,AMSTERDAM AV/W 149 ST,40.827662,-73.945755
405111,SAINT NICHOLAS AV/W 165 ST,40.838389,-73.93981
405112,RIVERSIDE BLVD/W 69 ST,40.77906,-73.988377
405118,W 42 ST/12 AV,40.761953,-74.000937
405120,GREENWICH ST/HORATIO ST,40.738674,-74.006416
405124,SOUTH END AV/GATEWAY PLAZA,40.710619,-74.016257
405125,WEST THAMES ST/SOUTH END AV,40.708324,-74.017266
405133,HUDSON ST/W 13 ST,40.740728,-74.005262
405135,E 116 ST/3 AV,40.798172,-73.940408
405138,1 AV/E 60 ST,40.760125,-73.961495
405140,MAIN RDWY/OPP GOLF CENTER PARKING,40.794984,-73.921694
405151,10 AV/W 16 ST,40.743645,-74.007041
405152,W 14 ST/WASHINGTON ST,40.741852,-74.007401
405154,ASTOR PL/COOPER SQ EAST,40.729574,-73.99004
405155,3 AV/E 9 ST,40.730389,-73.989235
405157,11 AV/W 15 ST,40.743388,-74.0084
405159,BROADWAY/GRAND ST,40.720536,-74.001026
405164,WATER ST/WHITEHALL ST,40.702508,-74.012429
405165,ESSEX ST/CANAL ST,40.715445,-73.989723
405167,9 AV/W 13 ST,40.740151,-74.005853
405169,E 79 ST/LEXINGTON AV,40.774947,-73.959139
405172,WEST HOUSTON ST/GREENE ST,40.725949,-73.998326
405179,5 AV/W 44 ST,40.75487,-73.979966
405181,3 AV/E 116 ST,40.797798,-73.94004
405182,FREDERICK DOUGLASS BLVD/W 125 ST,40.810331,-73.950969
405185,AMSTERDAM AV/W 183 ST,40.849806,-73.929603
405186,AMSTERDAM AV/W 185 ST,40.850616,-73.929187
405193,E 49 ST/2 Av,40.75449,-73.969364
405227,SAINT NICHOLAS AV/W 147 ST,40.825404,-73.943522
405230,BROADWAY/DUANE ST,40.715143,-74.005594
405231,E 23 ST/BROADWAY,40.741351,-73.989013
405234,BROADWAY/W 120 ST,40.810369,-73.962559
405237,W 72 ST/BROADWAY,40.778765,-73.982161
405241,E 42 ST/PARK AV,40.752111,-73.97748
405247,FREDERICK DOUGLASS BLVD/114 ST,40.80317,-73.95631
405248,BROADWAY/W 97 ST,40.795174,-73.971197
405249,BROADWAY/W 97 ST,40.794932,-73.971848
405265,W 14 ST/9 AV,40.741148,-74.005521
405266,BROADWAY/WALKER ST,40.718758,-74.002543
405269,BOWERY/HESTER ST,40.717343,-73.9953
405279,CHURCH ST/WARREN ST,40.714147,-74.008419
405284,MALCOLM X BLVD/W 146 ST,40.821082,-73.935896
405285,11 AV/W 34 ST,40.755629,-74.002186
405286,W 34 ST/12 AV,40.756419,-74.003657
405289,FREDERICK DOUGLASS BLVD/W 121 ST,40.807524,-73.953286
405290,COLUMBUS AV/W 63 ST,40.771841,-73.983006
405291,7 AV/W 57 ST,40.765727,-73.980083
405292,7 AV/W 49 ST,40.760601,-73.983615
405293,7 AV/W 55 ST,40.763975,-73.981348
405294,7 AV/W 53 ST,40.762679,-73.982234
405295,7 AV/W 52 ST,40.762459,-73.982389
405297,7 AV/W 44 ST,40.757476,-73.985927
405298,7 AV/W 17 ST,40.740352,-73.998492
405299,W 58 ST/BROADWAY,40.767155,-73.981981
405308,W 66 ST/FREEDOM PL,40.7765,-73.988634
405311,EAST HOUSTON ST/1 AV,40.723164,-73.988978
405312,E 120 ST/PLEASANT AV,40.797674,-73.931142
405313,E 116 ST/LEXINGTON AV,40.798605,-73.941796
405315,PLEASANT AV/E 117 ST,40.795671,-73.932777
405316,9 AV/W 25 ST,40.747568,-74.000712
405318,WATER ST/PINE ST,40.705518,-74.006816
405319,MADISON ST/CATHERINE ST,40.71193,-73.997157
405320,ALLEN ST/GRAND ST,40.717171,-73.991222
405321,1 AV/E 1 ST,40.723486,-73.988208
405322,1 AV/E 15 ST,40.732139,-73.981946
405323,1 AV/E 25 ST,40.737991,-73.977607
405325,1 AV/E 43 ST,40.749377,-73.969293
405328,1 AV/E 67 ST,40.764468,-73.958365
405331,1 AV/E 106 ST,40.789769,-73.939885
405333,1 AV/E 109 ST,40.791732,-73.938483
405336,2 AV/E 28 ST,40.741114,-73.978641
405339,MADISON ST/OLIVER ST,40.712048,-73.997597
405340,2 AV/E 13 ST,40.73179,-73.985449
405341,2 AV/E 22 ST,40.737536,-73.981193
405342,2 AV/E 33 ST,40.744211,-73.97635
405343,2 AV/E 41 ST,40.749242,-73.972721
405346,2 AV/E 78 ST,40.77276,-73.955567
405348,2 AV/E 115 ST,40.795919,-73.93877
405349,2 AV/E 124 ST,40.802238,-73.934072
405350,COLUMBIA ST/HOUSTON ST,40.719624,-73.978732
405352,LEWIS ST/GRAND ST,40.714038,-73.979844
405353,WEST END AV/W 61 ST,40.77291,-73.989366
405358,LEXINGTON AV/E 85 ST,40.779281,-73.955768
405359,PIKE ST/SOUTH  ST,40.710615,-73.991893
405361,EAST HOUSTON ST/CROSBY ST,40.725263,-73.995918
405368,1 AV/E 23 ST,40.736654,-73.978633
405370,MOUNT MORRIS PARK WEST/W 121 ST,40.804662,-73.945674
405372,GRAND ST/FDR DRIVE,40.713614,-73.978664
405373,ALLEN ST/HESTER ST,40.716371,-73.992021
405374,W 41 ST/8 AV,40.756549,-73.990123
405375,E 34 ST/5 AV,40.748399,-73.98435
405376,BROADWAY/W 57 ST,40.766529,-73.981964
405380,MADISON AV/E 28 ST,40.744189,-73.985425
405382,SOUTH FERRY TERM/SOUTH FERRY TERM,40.702001,-74.013524
405383,7 AV/W 12 ST,40.737149,-74.000795
405386,MURRAY ST/CHURCH ST,40.713897,-74.008942
405387,2 AV/E 56 ST,40.75843,-73.96601
405390,E 23 ST/1 AV,40.736864,-73.978704
405393,8 AV/W  56 ST,40.766284,-73.983072
405394,BROADWAY/W 105 ST,40.80059,-73.967806
405396,1 AV/E 27 ST,40.739627,-73.976496
405406,LEXINGTON AV/E 64 ST,40.765236,-73.966019
405409,E 10 ST/AVENUE D,40.724917,-73.975365
405412,W 43 ST/8 AV,40.75877,-73.99116
405414,E 125 ST/2 AV,40.803013,-73.934091
405415,W 125 ST/MALCOLM X BLVD,40.808026,-73.945928
405416,W 125 ST/SAINT NICHOLAS AV,40.810371,-73.951805
405417,W 125 ST/MALCOLM X  BLVD,40.807514,-73.945075
405419,E 125 ST/LEXINGTON AV,40.804584,-73.937731
405420,E 125 ST/2 AV,40.802838,-73.933881
405421,E 125 ST/LEXINGTON AV,40.804169,-73.937033
405422,E 125 ST/MADISON AV,40.805531,-73.940279
405424,AMSTERDAM AV/LA SALLE ST,40.812771,-73.956592
405426,W 125 ST/FREDERICK DOUGLASS BLVD,40.810402,-73.95163
405444,11 AV/W 50 ST,40.765989,-73.994643
405447,11 AV/W 38 ST,40.758109,-74.000379
405450,11 AV/W 26 ST,40.750895,-74.005642
405451,11 AV/W 23 ST,40.748324,-74.007569
405452,8 AV/W 12 ST,40.737903,-74.004356
405455,12 AV/W 27 ST,40.752215,-74.007578
405456,12 AV/W 30 ST,40.75484,-74.006232
405457,12 AV/W 33 ST,40.756398,-74.005125
405458,12 AV/W 40 ST,40.760765,-74.001924
405459,12 AV/W 52 ST,40.768082,-73.995597
405460,12 AV/W 55 ST,40.769942,-73.994246
405464,W 97 ST/WEST END AV,40.795852,-73.972385
405466,SAINT NICHOLAS AV/W 163 ST,40.837193,-73.940034
405467,SAINT NICHOLAS AV/W 153 ST,40.829356,-73.942043
405468,WEST END AV/W 64 ST,40.77484,-73.98805
405470,ALLEN ST/GRAND ST,40.717202,-73.991191
405471,E 126 ST/2 AV,40.803247,-73.932491
405472,ALLEN ST/E HOUSTON ST,40.722486,-73.989021
405473,E 125 ST/PARK AV,40.805301,-73.939442
405474,AVENUE C/E 14 ST,40.728558,-73.97553
405477,BOWERY/SPRING ST,40.720859,-73.993749
405480,3 AV/E 57 ST,40.76014,-73.967523
405485,W 34 ST/HUDSON BLVD E,40.755349,-74.000813
405488,3 AV/E 53 ST,40.757751,-73.969235
405489,MADISON AV/E 67 ST,40.768789,-73.967515
405490,MADISON AV/E 63 ST,40.766452,-73.969245
405491,5 AV/E 69 ST,40.770598,-73.968479
405492,CHURCH ST/LIBERTY ST,40.709922,-74.011403
405493,HELL GATE CIRCLE/SUNKEN GARDEN LOOP,40.785395,-73.929126
405494,HELL GATE CIRCLE/Opp ODYSSEY House,40.784581,-73.927653
405495,HELL GATE CIRCLE/IFO FIELD 61,40.785992,-73.925604
405496,HELL GATE CIRCLE/CENTRAL RD,40.789991,-73.925782
405499,YORK AV/E 60 ST,40.759392,-73.959263
405505,W 31 ST/6 AV,40.747801,-73.988889
405506,W 44 ST/6 AV,40.755933,-73.98283
405508,E 23 ST/1 AV,40.736071,-73.97724
405514,W 18 ST/10 AV,40.744354,-74.006027
405516,2 AV/E 95 ST,40.78368,-73.947583
405517,2 AV/E 87 ST,40.778374,-73.951482
405519,3 AV/E 63 ST,40.764195,-73.964536
405521,COLUMBUS CIRCLE/8 AV,40.767698,-73.982285
405523,LAFAYETTE ST/EAST HOUSTON ST,40.725154,-73.995195
405525,W 155 ST/AMSTERDAM AV,40.831216,-73.942273
405527,4 AV/E 10 ST,40.731354,-73.990292
405530,LEXINGTON AV/E 37 ST,40.748126,-73.978535
405531,11 AV/W 18 ST,40.745731,-74.007993
405537,YORK AV/E 87 ST,40.77642,-73.946694
405540,9 AV/W 40 ST,40.756938,-73.993896
405541,BROADWAY/W 89 ST,40.790087,-73.975267
405542,MADISON AV/E 114 ST,40.79868,-73.945697
405543,MADISON AV/E 116 ST,40.800274,-73.944587
405548,E 32 ST/5 AV,40.746891,-73.984976
405549,W 42 ST/7 AV,40.756311,-73.987403
405555,E 23 ST/PARK AV SOUTH,40.739743,-73.985587
405558,2 AV/E 111 ST,40.793598,-73.940351
405561,BOWERY/E HOUSTON ST,40.724412,-73.992372
405562,11 AV/W 58 ST,40.771083,-73.990735
405564,11 AV/W 29 ST,40.752582,-74.004396
405565,WEST END AV/W 61 ST,40.772964,-73.989602
405575,WEST HOUSTON ST/VARICK ST,40.728621,-74.005044
405576,AVENUE A/E 5 ST,40.724805,-73.984499
405577,AVENUE A/EAST HOUSTON ST,40.72236,-73.986267
405580,RIVERSIDE DR/W 119 ST,40.810847,-73.964477
405583,11 AV/W 47 ST,40.76407,-73.996014
405585,11 AV/W 54 ST,40.768253,-73.99299
405586,11 AV/W 44 ST,40.762035,-73.997557
405587,W 34 ST/11 AV,40.755718,-74.001884
405588,CENTRAL PARK WEST/W 67 ST,40.772938,-73.978267
405592,8 AV/W 46 ST,40.759936,-73.987677
405593,E 42 ST/3 AV,40.750781,-73.974543
405609,RIVERS EDGE RD/MANHATTAN PSYCHAITRIC CENTER,40.790482,-73.928937
405610,2 AV/E 33 ST,40.743833,-73.976649
405612,1 AV/E 97 ST,40.784147,-73.943991
405615,COOPER SQ/E 4 ST,40.727211,-73.991564
405620,WEST HOUSTON ST/VARICK ST,40.728563,-74.004555
405622,E 67 ST/MADISON AV,40.768687,-73.967903
405623,8 AV/W 23 ST,40.744919,-73.998656
405625,7 AV/W 15 ST,40.73939,-73.999158
405627,E 68 ST/LEXINGTON AV,40.767621,-73.963646
405631,10 AV/W 40 ST,40.75823,-73.996424
405633,1 AV/E 81 ST,40.773505,-73.951694
405634,E 79 ST/1 AV,40.772446,-73.952862
405635,6 AV/GRAND ST,40.722882,-74.005044
405641,SAINT NICHOLAS AV/W 189 ST,40.854377,-73.929979
405643,MURRAY ST/WEST BROADWAY,40.714457,-74.010208
405644,EAST HOUSTON ST/AV B,40.721473,-73.983484
405645,WATER ST/GOUVERNEUR LN,40.704628,-74.008244
405648,YORK AV/E 66 ST,40.762944,-73.956657
405650,3 AV/E 24 ST,40.739601,-73.98251
405652,3 AV/E 86 ST,40.778595,-73.954028
405653,2 AV/E 103 ST,40.788904,-73.943801
450045,7 AV/W 41 ST,40.755498,-73.987324
450102,MADISON AV/E 51 ST,40.758535,-73.975007
450104,MADISON AV/E 52 ST,40.758771,-73.974808
450123,5 AV/W 50 ST,40.75888,-73.977029
450228,3 AV/E 33 ST,40.745217,-73.978408
450331,WATER ST/JOHN ST,40.706599,-74.005496
450367,BATTERY PL/WASHINGTON ST,40.704768,-74.01555
450422,WARREN ST/CHURCH ST,40.714219,-74.008232
450424,WARREN ST/GREENWICH ST,40.715601,-74.011304
450492,3 AV/E 121 ST,40.801025,-73.937686
503357,HOYT AV SOUTH/31 ST,40.770274,-73.917529
503848,LAGUARDIA AIRPORT/TERMINAL C,40.770328,-73.864443
503853,LGA/TERMINAL A - MARINE AIR TERMINAL,40.772914,-73.886129
503855,DITMARS BLVD/81 ST,40.767279,-73.887997
503870,ASTORIA BLVD/STEINWAY ST,40.769407,-73.909755
503876,23 AV/87 ST,40.767279,-73.88237
504007,HOYT AV/31 ST,40.771069,-73.917561
504023,94 ST/23 AV,40.768482,-73.876211
504417,23 AV/82 ST,40.766378,-73.88718
504423,ASTORIA BLVD SOUTH/77 ST,40.765585,-73.891447
504517,ASTORIA BLVD NORTH/77 ST,40.766799,-73.892507
505254,ASTORIA BLVD SOUTH/STEINWAY ST,40.76879,-73.910815
803002,SOUTH ST/WHITEHALL ST,40.701609,-74.012226
803003,146 ST/LENOX AV,40.821204,-73.936042
803024,W 146 ST/MALCOLM X  BL,40.821199,-73.936118
803034,SUNKEN GARDEN LOOP/CHARLES GAY CENTER,40.785524,-73.931402
803054,E 126 ST/2 AV,40.80315,-73.932264
803056,W 66 ST/FREEDOM PL,40.776491,-73.988726
803057,W 66 ST/WEST END AV,40.775906,-73.986807
803058,E 72 ST/YORK AV,40.766958,-73.954141
803059,E 120 ST/PLEASANT AV,40.797614,-73.93101
803066,E 105 ST/FDR DR,40.788214,-73.938425
803067,MARGARET CORBIN DR/CLOISTERS,40.865166,-73.930841
803081,W 44 ST/6 AV,40.755986,-73.982997
803082,W 31 ST/6 AV,40.747777,-73.988823
803094,VESEY ST/NORTH END AV,40.71453,-74.015356
803108,SOUTH END AV/ALBANY ST,40.710277,-74.016204
803115,GRAND ST/FDR DR,40.71335,-73.977745
803120,SOUTH FERRY/TERMINAL,40.70191,-74.013846
803131,W 34 ST/12 AV,40.756579,-74.00403
803151,E 49 ST/1 AV,40.753385,-73.966854
803153,E 126 ST/2 AV,40.803873,-73.93388
803154,E 126 ST/2 AV,40.803985,-73.934214
803166,W 86 ST/BROADWAY,40.788263,-73.976297
803194,RIVERBANK STATE PARK RDWY/RIVERBANK STATE PARK,40.826815,-73.955386
803195,RIVERBANK STATE PARK RDWY/RIVERBANK STATE PARK,40.826647,-73.955503
803215,triboro br/ramp,40.796418,-73.921784
803243,W 57 ST/BROADWAY,40.766499,-73.982201
804142,LAGUARDIA AIRPORT/TERMINAL C,40.770289,-73.864375
840005,BROAD ST/SOUTH ST,40.702099,-74.011309
901342,SAINT NICHOLAS AV/W 192 ST,40.856299,-73.928658
903002,AVENUE C/E 20 ST,40.733004,-73.974597
903003,E 97 ST/1 AV,40.78421,-73.944775
903004,W 96 ST/WEST END AV,40.795103,-73.97309
903007,MARGINAL ST/E 34 ST,40.743343,-73.971727
903025,GRAND ST/FDR DR,40.713355,-73.978278
903027,WATERSIDE/WATERSIDE,40.737552,-73.973846
903030,WEST ST/CHRISTOPHER ST,40.732493,-74.010128
903042,3 AV /E 125 ST,40.804205,-73.935368
903046,E 41 ST/1 AV,40.747979,-73.969789
903049,W 168 ST/AUDUBON AV,40.840644,-73.938543
903063,8 AV/W 12 ST,40.737765,-74.004512
903074,W 54 ST/11 AV,40.768191,-73.992545
903075,LEXINGTON AV/E 125 ST,40.804764,-73.93725
903079,SPRING ST/GREENWICH ST,40.725939,-74.008902
903082,12 AV/W 42 ST,40.762648,-74.00092
903088,DELANCEY ST/COLUMBIA ST,40.716404,-73.980285
903092,BROADWAY/W 133 ST,40.818459,-73.956054
903093,1 AV/E 1 ST,40.723625,-73.988127
903105,LEXINGTON AV/E 68 ST,40.767745,-73.964259
903176,6 AV/W 15 ST,40.737972,-73.996333
903177,6 AV/W 15 ST,40.737587,-73.9966
903280,PARK ROW/SPRUCE ST,40.711897,-74.006203
903286,W 79 ST/RIVERSIDE DR,40.784853,-73.982543
903290,FORT WASHINGTON AV/CABRINI BLVD,40.859183,-73.934198
903302,E 55 ST/1 AV,40.756935,-73.963476
903340,FORT GEORGE AV/66 FORT GEORGE AV,40.858017,-73.926518
903341,FT GEORGE AV/FORT GEORGE HILL,40.857054,-73.927914
903352,W 129 St/AMSTERDAM AV,40.814961,-73.954741
903355,FDR DR/E 35 ST,40.743473,-73.971636
903358,10 AV/W 18 ST,40.744278,-74.006596
903360,FT GEORGE AV/FORT GEORGE HILL,40.857096,-73.927473
903363,2 AV/E 96 ST,40.784068,-73.947274
904242,LAGUARDIA AIRPORT/TERMINAL B,40.773008,-73.872411
904246,LAGUARDIA RD/94 ST,40.772064,-73.875852
904918,E 92 ST/YORK AV,40.779873,-73.944774
904920,PIKE ST/SOUTH ST,40.710336,-73.991857
940010,W 18 ST/10 AV,40.744354,-74.005998
940040,E 57 ST/MADISON AV,40.762273,-73.972213
100014,BEDFORD PK BLVD/GRAND CONCOURSE,40.872562,-73.888156
100017,PAUL AV/W 205 ST,40.876836,-73.88971
100018,PAUL AV/WEST MOSHOLU PKWY SOUTH,40.880392,-73.886081
100019,GRAND CONCOURSE/E 138 ST,40.813496,-73.929489
100020,GRAND CONCOURSE/E 144 ST,40.816812,-73.928001
100021,GRAND CONCOURSE/E 149 ST,40.818856,-73.927096
100022,GRAND CONCOURSE/E 153 ST,40.821103,-73.925751
100025,GRAND CONCOURSE/E 161 ST,40.826453,-73.922795
100026,GRAND CONCOURSE/E 163 ST,40.828837,-73.921328
100027,GRAND CONCOURSE/E 165 ST,40.831317,-73.919938
100028,GRAND CONCOURSE/MCCLELLAN ST,40.833276,-73.918555
100029,GRAND CONCOURSE/E 167 ST,40.834762,-73.917133
100030,GRAND CONCOURSE/E 169 ST,40.83657,-73.915371
100033,GRAND CONCOURSE/MOUNT EDEN AV,40.843511,-73.911556
100035,GRAND CONCOURSE/E 175 ST,40.846739,-73.908556
100038,GRAND CONCOURSE/E 179 ST,40.85093,-73.904494
100039,GRAND CONCOURSE/EAST BURNSIDE AV,40.852087,-73.903564
100040,GRAND CONCOURSE/E 180 ST,40.853719,-73.902245
100041,GRAND CONCOURSE/E 182 ST,40.856254,-73.900358
100044,GRAND CONCOURSE/E 187 ST,40.860569,-73.897865
100045,GRAND CONCOURSE/E FORDHAM RD,40.863097,-73.896368
100047,GRAND CONCOURSE/EAST KINGSBRIDGE RD,40.866343,-73.893861
100048,GRAND CONCOURSE/E 196 ST,40.868079,-73.892542
100049,GRAND CONCOURSE/E 198 ST,40.870243,-73.89042
100052,GRAND CONCOURSE/E 206 ST,40.876301,-73.88551
100053,GRAND CONCOURSE/EAST MOSHOLU PKWY SOUTH,40.877992,-73.884717
100054,EAST MOSHOLU PKWY SOUTH/JEROME AV,40.879494,-73.8856
100055,WEST MOSHOLU PKWY SOUTH/PAUL AV,40.880437,-73.885902
100056,SEDGWICK AV/DICKINSON AV,40.882852,-73.888859
100057,SEDGWICK AV/HILLMAN AV,40.882463,-73.891351
100058,SEDGWICK AV/VAN CORTLANDT AV WEST,40.882827,-73.893361
100059,SEDGWICK AV/STEVENSON PL,40.882691,-73.895187
100060,SEDGWICK AV/GILES PL,40.880925,-73.896698
100061,SEDGWICK AV/FORT INDEPENDENCE ST,40.878651,-73.897918
100062,HEATH AV/SUMMIT PL,40.877891,-73.901519
100063,ALBANY CR/BAILEY AV,40.876877,-73.903177
100064,W 231 ST/BAILEY AV,40.878232,-73.90277
100065,W 231 ST/BROADWAY,40.879254,-73.9054
100066,W 231 ST/KINGSBRIDGE AV,40.880047,-73.906872
100068,RIVERDALE AV/GREYSTONE AV,40.884362,-73.90747
100069,RIVERDALE AV/W 236 ST,40.88695,-73.90696
100070,RIVERDALE AV/W 238 ST,40.888109,-73.907428
100071,HENRY HUDSON PKWY EAST/W 239 ST,40.889537,-73.908059
100076,RIVERDALE AV/W 238 ST,40.887911,-73.907577
100077,RIVERDALE AV/W 236 ST,40.886429,-73.907076
100080,PAUL AV/BEDFORD PARK BLVD,40.874629,-73.891539
100082,W 231 ST/RIVERDALE AV,40.881211,-73.90921
100084,W 231 ST/BROADWAY,40.878698,-73.904415
100085,W 231 ST/BAILEY AV,40.878029,-73.902633
100087,HEATH AV/SUMMIT PL,40.878321,-73.900958
100088,SEDGWICK AV/FORT INDEPENDENCE ST,40.878665,-73.897767
100089,SEDGWICK AV/GILES PL,40.881501,-73.896448
100090,SEDGWICK AV/STEVENSON PL 1,40.882913,-73.894366
100096,GRAND CONCOURSE/VAN CORTLANDT AV EAST,40.876996,-73.885681
100098,GRAND CONCOURSE/BEDFORD PK BLVD,40.872033,-73.888206
100100,GRAND CONCOURSE/E 196 ST,40.868052,-73.89312
100101,GRAND CONCOURSE/EAST KINGSBRIDGE RD,40.865775,-73.894863
100102,GRAND CONCOURSE/E 192 ST,40.863998,-73.896254
100103,GRAND CONCOURSE/E FORDHAM RD,40.86223,-73.897531
100107,GRAND CONCOURSE/E 182 ST,40.855821,-73.90123
100108,GRAND CONCOURSE/E 181 ST,40.854276,-73.902425
100109,GRAND CONCOURSE/EAST BURNSIDE AV,40.852653,-73.903733
100110,GRAND CONCOURSE/E 179 ST,40.851248,-73.904866
100112,GRAND CONCOURSE/MORRIS AV,40.846914,-73.909021
100113,GRAND CONCOURSE/E 174 ST,40.844861,-73.911551
100114,GRAND CONCOURSE/EAST MOUNT EDEN AV,40.842905,-73.912309
100115,GRAND CONCOURSE/E 172 ST,40.840638,-73.913071
100117,GRAND CONCOURSE/E CLARKE PL,40.836746,-73.915851
100118,GRAND CONCOURSE/E 167 ST,40.834228,-73.918308
100119,GRAND CONCOURSE/McCLELLAN ST,40.833254,-73.919209
100126,MELROSE AV/E 158 ST,40.822016,-73.91506
100129,MELROSE AV/E 152 ST,40.817929,-73.917028
100131,GRAND CONCOURSE/E 165 ST,40.831175,-73.920603
100132,GRAND CONCOURSE/E 163 ST,40.828357,-73.922106
100133,GRAND CONCOURSE/E 161 ST,40.826258,-73.923044
100135,GRAND CONCOURSE/E 156 ST,40.823109,-73.924629
100136,GRAND CONCOURSE/E 153 ST,40.82113,-73.925891
100138,GRAND CONCOURSE/E 149 ST,40.818702,-73.927286
100139,GRAND CONCOURSE/E 144 ST,40.816194,-73.928408
100140,GRAND CONCOURSE/E 138 ST,40.813486,-73.930284
100148,UNIVERSITY AV/GEORGE WASHINGTON BRIDGE,40.845711,-73.921894
100149,UNIVERSITY AV/W 174 ST,40.846858,-73.92044
100151,UNIVERSITY AV/W 176 ST,40.84892,-73.917381
100152,UNIVERSITY AV/WEST TREMONT AV,40.850268,-73.915494
100155,UNIVERSITY AV/WEST BURNSIDE AV,40.854707,-73.911236
100156,UNIVERSITY AV/W 181 ST,40.857351,-73.909569
100157,UNIVERSITY AV/W 183 ST,40.859697,-73.907623
100159,UNIVERSITY AV/WEST FORDHAM RD,40.862638,-73.904979
100161,UNIVERSITY AV/W 190 ST,40.865519,-73.903034
100162,UNIVERSITY AV/W 192 ST,40.86722,-73.901763
100164,WEST KINGSBRIDGE RD/SEDGWICK AV,40.869541,-73.903603
100166,SEDGWICK AV/W 197 ST,40.872786,-73.901961
100169,FORT INDEPENDENCE ST/GILES PL,40.878638,-73.898998
100170,FORT INDEPENDENCE ST/BAILEY PL,40.880716,-73.899081
100171,W 238 ST/ORLOFF AV,40.883001,-73.897776
100172,W 238 ST/BAILEY AV,40.884297,-73.898273
100173,W 238 ST/BROADWAY,40.885085,-73.900434
100176,W 238 ST/BROADWAY,40.884969,-73.900478
100177,W 238 ST/BAILEY AV,40.884069,-73.89823
100178,W 238 ST/ORLOFF AV,40.882502,-73.898138
100179,FORT INDEPENDENCE ST/BAILEY PL,40.881015,-73.8992
100180,FORT INDEPENDENCE ST/HEATH AV,40.878971,-73.899692
100183,SEDGWICK AV/W 197 ST,40.872199,-73.902327
100187,UNIVERSITY AV/W 192 ST,40.867105,-73.902085
100188,UNIVERSITY AV/W 190 ST,40.865122,-73.903489
100189,UNIVERSITY AV/WEST FORDHAM RD,40.862861,-73.904923
100191,UNIVERSITY AV/W 183 ST,40.859354,-73.908072
100195,UNIVERSITY AV/WEST TREMONT AV,40.850235,-73.916007
100199,UNIVERSITY AV/G W BRIDGE ENTRANCE RAMP,40.845313,-73.922556
100204,WESTCHESTER AV/SAINT ANN'S AV,40.816026,-73.912148
100206,WESTCHESTER AV/JACKSON AV,40.816164,-73.90832
100207,WESTCHESTER AV/E 156 ST,40.817829,-73.905423
100209,WESTCHESTER AV/PROSPECT AV,40.819413,-73.902025
100211,WESTCHESTER AV/REV J POLITE AV,40.82088,-73.899106
100212,WESTCHESTER AV/INTERVALE AV,40.821942,-73.897089
100214,WESTCHESTER AV/SIMPSON ST,40.824006,-73.893119
100219,WESTCHESTER AV/WHITLOCK AV,40.827495,-73.886273
100221,WESTCHESTER AV/ELDER AV,40.828514,-73.879317
100223,WESTCHESTER AV/MANOR AV,40.828936,-73.876559
100224,WESTCHESTER AV/MORRISON AV,40.829418,-73.874811
100227,WESTCHESTER AV/SAINT LAWRENCE AV,40.831479,-73.867565
100230,WESTCHESTER AV/WHITE PLAINS RD,40.83278,-73.862939
100232,WESTCHESTER AV/PUGSLEY AV,40.833501,-73.857922
100233,WESTCHESTER AV/OLMSTEAD AV,40.833915,-73.854443
100234,WESTCHESTER AV/CASTLE HILL AV,40.834155,-73.851827
100235,WESTCHESTER AV/ZEREGA AV,40.836705,-73.846717
100236,WESTCHESTER AV/SAINT PETERS AV,40.83843,-73.844688
100239,WESTCHESTER AV/SAINT PETERS AV,40.838694,-73.844549
100240,WESTCHESTER AV/ZEREGA AV,40.836939,-73.846611
100242,WESTCHESTER AV/CASTLE HILL AV,40.834285,-73.851469
100243,WESTCHESTER AV/OLMSTEAD AV,40.834011,-73.854454
100244,WESTCHESTER AV/PUGSLEY AV,40.833634,-73.857595
100245,HUGH GRANT CIRCLE/CROSS BRONX EXPWY SERVICE RD,40.833603,-73.861155
100246,WESTCHESTER AV/WHITE PLAINS RD,40.833124,-73.862536
100249,WESTCHESTER AV/SAINT LAWRENCE AV,40.83174,-73.867069
100253,WESTCHESTER AV/MORRISON AV,40.829621,-73.874493
100254,WESTCHESTER AV/MANOR AV,40.829099,-73.876293
100256,WESTCHESTER AV/ELDER AV,40.828652,-73.879059
100259,WESTCHESTER AV/HOME ST,40.827447,-73.886598
100260,WESTCHESTER AV/HOE AV,40.825369,-73.890606
100261,WESTCHESTER AV/SIMPSON ST,40.82431,-73.892769
100264,WESTCHESTER AV/E 163 ST,40.821181,-73.898798
100265,WESTCHESTER AV/PROSPECT AV,40.819923,-73.901226
100267,WESTCHESTER AV/TINTON AV,40.818205,-73.904801
100268,WESTCHESTER AV/JACKSON AV,40.816511,-73.907907
100270,WESTCHESTER AV/SAINT ANN'S AV,40.816075,-73.91173
100273,SOUTHERN BLVD/WESTCHESTER AV,40.82437,-73.891944
100276,STORY AV/COLGATE AV,40.82128,-73.879856
100277,STORY AV/ELDER AV,40.821595,-73.877734
100278,STORY AV/BOYNTON AV,40.821789,-73.876062
100279,STORY AV/MORRISON AV,40.822192,-73.873098
100280,STORY AV/METCALF AV,40.822549,-73.870532
100281,STORY AV/NOBLE AV,40.82284,-73.868299
100282,STORY AV/ROSEDALE AV,40.823091,-73.866506
100284,STORY AV/THIERIOT AV,40.823673,-73.862104
100294,BRUCKNER BLVD/EAST TREMONT AV,40.833162,-73.827592
100295,BRUCKNER BLVD/LOGAN AV,40.834136,-73.825631
100296,BRUCKNER BLVD/KEARNEY AV,40.83914,-73.824851
100298,MACDONOUGH PL/COUNTRY CLUB RD,40.842501,-73.82511
100299,BRUCKNER BLVD/MIDDLETOWN RD,40.845754,-73.825391
100304,PELHAM PKWY/EASTCHESTER RD,40.857836,-73.844305
100305,PELHAM PKWY/SEYMOUR AV,40.85806,-73.846615
100306,PELHAM PKWY/THROOP AV,40.858026,-73.851524
100317,PELHAM PKWY/EASTCHESTER RD,40.857271,-73.843935
100318,PELHAM PKWY/STILLWELL AV,40.856475,-73.838814
100319,PELHAM PKWY/ST PAUL AV,40.855472,-73.830704
100322,BRUCKNER BLVD/WILLOW LA,40.848936,-73.828039
100323,BRUCKNER BLVD/ROBERTS AV,40.846613,-73.826719
100324,BRUCKNER BLVD/MIDDLETOWN RD,40.844904,-73.826192
100325,BRUCKNER BLVD/JARVIS AV,40.843134,-73.826298
100326,BRUCKNER BLVD/CODDINGTON AV,40.841438,-73.826168
100328,BRUCKNER BLVD/BAISLEY AV,40.837136,-73.825919
100329,BRUCKNER BLVD/CROSBY AV,40.834499,-73.826158
100330,BRUCKNER BLVD/EAST TREMONT AV,40.832977,-73.829074
100331,BRUCKNER BLVD/GIFFORD AV,40.831307,-73.831724
100337,STORY AV/BOLTON AV,40.824164,-73.859675
100339,STORY AV/TAYLOR AV,40.823533,-73.864002
100340,STORY AV/ROSEDALE AV,40.823152,-73.866918
100341,STORY AV/SOUNDVIEW AV,40.822974,-73.868066
100342,STORY AV/FTELEY AV,40.822659,-73.870545
100343,STORY AV/MORRISON AV,40.822262,-73.873406
100344,STORY AV/BOYNTON AV,40.821762,-73.877189
100347,STORY AV/BRONX RIVER AV,40.821109,-73.882065
100363,E 161 ST/RIVER AV,40.827792,-73.926096
100366,E 161 ST/CONCOURSE VILLAGE EAST,40.825343,-73.918099
100368,E 161 ST/MELROSE AV,40.824041,-73.913643
100369,ELTON AV/E 161 ST,40.82372,-73.911709
100370,E 163 ST/3 AV,40.824064,-73.908925
100373,E 163 ST/TINTON AV,40.822518,-73.902747
100374,E 163 ST/PROSPECT AV,40.821893,-73.900189
100376,E 163 ST/WESTCHESTER AV,40.820906,-73.898496
100379,E 163 ST/FOX ST,40.82091,-73.893001
100382,HUNTS POINT AV/SENECA AV,40.819273,-73.889683
100384,HUNTS POINT AV/COSTER ST,40.81607,-73.887579
100385,SPOFFORD AV/BRYANT AV,40.814586,-73.885118
100415,HUNTS POINT AV/SPOFFORD AV,40.814653,-73.885892
100416,HUNTS POINT AV/FAILE ST,40.815915,-73.887208
100419,HUNTS POINT AV/SENECA AV,40.818922,-73.889324
100424,E 163 ST/WESTCHESTER AV,40.820972,-73.898853
100425,E 163 ST/PROSPECT AV,40.822313,-73.90107
100428,E 163 ST/TRINITY AV,40.823544,-73.906235
100431,E 161 ST/MELROSE AV,40.824404,-73.914216
100449,BROADWAY/W 225 ST,40.8749,-73.909201
100450,BROADWAY/W 228 ST,40.875698,-73.908194
100451,BROADWAY/EXTERIOR ST,40.876732,-73.90643
100459,HENRY HUDSON PKWY EAST/W 246 ST,40.893961,-73.907908
100460,HENRY HUDSON PKWY EAST /W 250 ST,40.897735,-73.907574
100461,HENRY HUDSON PKWY EAST/W 252 ST,40.899288,-73.906659
100462,RIVERDALE AV/W 254 ST,40.901963,-73.905859
100463,RIVERDALE AV/W 256 ST,40.904309,-73.904842
100464,RIVERDALE AV/W 259 ST,40.90714,-73.903907
100465,RIVERDALE AV/W 260 ST,40.908712,-73.903544
100466,RIVERDALE AV/W 261 ST,40.910398,-73.903027
100469,RIVERDALE AV/W 261 ST,40.910225,-73.903269
100470,RIVERDALE AV/W 260 ST,40.908491,-73.903786
100471,RIVERDALE AV/W 259 ST,40.906534,-73.904313
100472,RIVERDALE AV/W 256 ST,40.903917,-73.905204
100473,RIVERDALE AV/W 254 ST,40.901894,-73.906064
100474,HENRY HUDSON PKWY WEST/W 252 ST,40.899008,-73.90778
100475,HENRY HUDSON PKWY WEST/W 249 ST,40.897,-73.908291
100482,KINGSBRIDGE AV/W 230 ST,40.878459,-73.907984
100483,W 230 ST/BROADWAY,40.876768,-73.906803
100484,BROADWAY/W 228 ST,40.875752,-73.90825
100485,BROADWAY/W 225 ST,40.87436,-73.91019
100492,WILLIAMSBRIDGE RD/EASTCHESTER RD,40.844441,-73.846043
100493,WILLIAMSBRIDGE RD/PIERCE AV,40.847385,-73.84917
100494,WILLIAMSBRIDGE RD/MORRIS PARK AV,40.850225,-73.851173
100495,WILLIAMSBRIDGE RD/RHINELANDER AV,40.852588,-73.853022
100496,WILLIAMSBRIDGE RD/NEILL AV,40.854531,-73.854532
100499,WILLIAMSBRIDGE RD/ASTOR AV,40.859582,-73.857225
100500,WILLIAMSBRIDGE RD/MACE AV,40.862923,-73.857891
100501,WILLIAMSBRIDGE RD/ALLERTON AV,40.865362,-73.859418
100502,WILLIAMSBRIDGE RD/BOSTON RD,40.867063,-73.860948
100504,BRONXWOOD AV/ADEE AV,40.869467,-73.861311
100505,BRONXWOOD AV/BURKE AV,40.87168,-73.861249
100506,BRONXWOOD AV/DUNCAN ST,40.873431,-73.861184
100508,BRONXWOOD AV/TILDEN ST,40.876747,-73.859683
100510,BRONXWOOD AV/E 216 ST,40.879904,-73.857941
100511,BRONXWOOD AV/E 218 ST,40.881303,-73.857168
100513,BRONXWOOD AV/E 222 ST,40.88415,-73.855599
100515,E 226 ST/BRONXWOOD AV,40.886863,-73.854718
100517,E 226 ST/WHITE PLAINS RD,40.888497,-73.859879
100522,BRONXWOOD AV/E 222 ST,40.883561,-73.85619
100524,BRONXWOOD AV/E 218 ST,40.880774,-73.857729
100525,BRONXWOOD AV/E 216 ST,40.87937,-73.858503
100527,BRONXWOOD AV/TILDEN ST,40.876534,-73.860078
100528,BRONXWOOD AV/EAST GUN HILL RD,40.875661,-73.860554
100529,BRONXWOOD AV/BARTHOLDI ST,40.873343,-73.861452
100530,BRONXWOOD AV/BURKE AV,40.870985,-73.861511
100531,BRONXWOOD AV/ADEE AV,40.869254,-73.861565
100533,WILLIAMSBRIDGE RD/BOSTON RD,40.86678,-73.860948
100534,WILLIAMSBRIDGE RD/ALLERTON AV,40.865653,-73.859938
100535,WILLIAMSBRIDGE RD/MACE AV,40.862717,-73.858017
100536,WILLIAMSBRIDGE RD/ASTOR AV,40.85937,-73.857414
100537,WILLIAMSBRIDGE RD/PELHAM PKWY NORTH,40.85767,-73.856517
100538,WILLIAMSBRIDGE RD/PELHAM PKWY SOUTH,40.856632,-73.856086
100539,WILLIAMSBRIDGE RD/NEILL AV,40.853858,-73.854288
100540,WILLIAMSBRIDGE RD/RHINELANDER AV,40.852119,-73.852911
100541,WILLIAMSBRIDGE RD/MORRIS PARK AV,40.850349,-73.851498
100542,WILLIAMSBRIDGE RD/PIERCE AV,40.84691,-73.849059
100543,WILLIAMSBRIDGE RD/SILVER ST,40.844076,-73.845989
100558,E 180 ST/BOSTON RD,40.842681,-73.878252
100559,E 180 ST/DALY AV,40.844777,-73.881784
100560,E 180 ST/CROTONA PKWY,40.845819,-73.883961
100561,SOUTHERN BLVD/BRONX PARK SOUTH,40.847688,-73.883127
100562,SOUTHERN BLVD/E 183 ST,40.851175,-73.88217
100563,SOUTHERN BLVD/E 187 ST,40.853214,-73.881577
100564,SOUTHERN BLVD/E 189 ST,40.856408,-73.880682
100565,EAST FORDHAM RD/CAMBERLENG AV,40.858134,-73.882985
100567,EASTFORDHAM RD/BATHGATE AV,40.859851,-73.887646
100571,EAST KINGSBRIDGE RD/E 192 ST,40.863823,-73.894194
100573,EAST KINGSBRIDGE RD/MORRIS AV,40.867294,-73.896876
100576,WEST KINGSBRIDGE RD/KINGSBRIDGE TERR,40.870345,-73.904246
100579,W 225 ST/BROADWAY,40.874486,-73.909403
100582,BROADWAY/W 231 ST,40.878788,-73.904848
100583,BROADWAY/W 234 ST,40.881534,-73.90279
100585,BROADWAY/W 238 ST,40.884966,-73.900634
100586,BROADWAY/VAN CORTLANDT PARK SOUTH,40.886376,-73.899709
100587,BROADWAY/W 242 ST,40.889761,-73.897936
100588,BROADWAY/W 246 ST,40.892052,-73.896966
100589,BROADWAY/W 251 ST,40.895684,-73.896637
100590,BROADWAY/LAKE VIEW PL,40.898497,-73.896946
100591,BROADWAY/W 254 ST,40.901357,-73.89667
100592,BROADWAY/MOSHOLU AV,40.904201,-73.896336
100594,BROADWAY/W 260 ST,40.907417,-73.896407
100595,BROADWAY/W 262 ST,40.910081,-73.896495
100606,RIVERDALE AV/W 263 ST,40.912377,-73.902533
100607,RIVERDALE AV/W 263 ST,40.912363,-73.902699
100608,BROADWAY/W 262 ST,40.910104,-73.89673
100609,BROADWAY/W 260 ST,40.907175,-73.896664
100610,BROADWAY/MOSHOLU AV,40.904244,-73.896539
100612,BROADWAY/W 254 ST,40.901169,-73.896915
100613,BROADWAY/LAKE VIEW PL,40.898665,-73.897242
100614,BROADWAY/W 251 ST,40.895876,-73.896856
100615,BROADWAY/W 246 ST,40.892236,-73.897158
100616,BROADWAY/W 242 ST,40.890027,-73.898243
100617,BROADWAY/W 240 ST,40.886686,-73.899919
100618,BROADWAY/W 238 ST,40.885241,-73.900666
100620,BROADWAY/W 234 ST,40.881798,-73.902826
100621,BROADWAY/W 231 ST,40.87906,-73.904768
100624,W 225 ST/BROADWAY,40.874274,-73.909375
100626,WEST KINGSBRIDGE RD/HEATH AV,40.872591,-73.904832
100627,WEST KINGSBRIDGE RD/KINGSBRIDGE TERR,40.87042,-73.904578
100629,WEST KINGSBRIDGE RD/UNIVERSITY AV,40.868262,-73.901233
100630,WEST KINGSBRIDGE RD/JEROME AV,40.86743,-73.89767
100631,EAST KINGSBRIDGE RD/GRAND CONCOURSE,40.86585,-73.894274
100632,EAST KINGSBRIDGE RD/E 192 ST,40.863722,-73.894364
100633,EAST KINGSBRIDGE RD/E FORDHAM RD,40.862089,-73.893936
100636,EAST FORDHAM RD/BATHGATE AV,40.859601,-73.887654
100640,SOUTHERN BLVD/EAST FORDHAM RD,40.856252,-73.880972
100641,SOUTHERN BLVD/E 187 ST,40.853173,-73.881852
100642,SOUTHERN BLVD/E 183 ST,40.850918,-73.882488
100643,SOUTHERN BLVD/E 182 ST,40.847976,-73.883339
100644,E 180 ST/MOHEGAN AV,40.845561,-73.883747
100645,E 180 ST/DALY AV,40.844403,-73.881557
100646,BOSTON RD/E 180 ST,40.842561,-73.878332
100647,BOSTON RD/E 178 ST,40.840915,-73.879477
100652,BAINBRIDGE AV/RESERVOIR OVAL E,40.877311,-73.879677
100654,EAST GUN HILL RD/BAINBRIDGE AV,40.881347,-73.878833
100655,EAST GUN HILL RD/DE KALB AV,40.882485,-73.8807
100657,JEROME AV/E 205 ST,40.876457,-73.888096
100675,KAPPOCK ST/JOHNSON AV,40.877566,-73.917738
100676,KAPPOCK ST/KNOLLS CRES,40.879473,-73.916643
100677,HENRY HUDSON PKWY EAST/W 227 ST,40.88118,-73.917093
100678,HENRY HUDSON PKWY EAST/W 232 ST,40.884434,-73.914569
100679,HENRY HUDSON PKWY EAST/W 235 ST,40.886017,-73.912559
100680,HENRY HUDSON PKWY EAST/W 238 ST,40.888566,-73.909655
100700,HENRY HUDSON PKWY WEST/W 239 ST,40.889606,-73.90901
100701,HENRY HUDSON PKWY WEST/W 237 ST,40.887849,-73.91192
100702,HENRY HUDSON PKWY WEST/W 236 ST,40.886798,-73.912533
100703,HENRY HUDSON PKWY WEST/W 232 ST,40.884346,-73.915205
100704,HENRY HUDSON PKWY WEST/W 227 ST,40.88157,-73.917346
100705,HENRY HUDSON PKWY WEST/INDEPENDENCE AV,40.880804,-73.91895
100706,KAPPOCK ST/KNOLLS CRES,40.87909,-73.916789
100707,KAPPOCK ST/JOHNSON AV,40.877396,-73.918013
100723,W 205 ST/PAUL AV,40.876999,-73.889855
100726,JEROME AV/E 205 ST,40.875794,-73.888278
100727,JEROME AV/EAST MOSHOLU PKWY NORTH,40.880473,-73.88375
100729,BAINBRIDGE AV/E 210 ST,40.880572,-73.878779
100730,BAINBRIDGE AV/E 210 ST,40.879332,-73.879113
100731,BAINBRIDGE AV/VAN CORTLANDT AV EAST,40.87709,-73.879774
100737,OGDEN AV/UNIVERSITY AV,40.843611,-73.923774
100740,OGDEN AV/W 169 ST,40.840238,-73.925301
100742,WOODYCREST AV/W 168 ST,40.838422,-73.923294
100743,SHAKESPEARE AV/W 169 ST,40.839536,-73.922454
100744,W 170 ST/EDWARD L GRANT HWY,40.840265,-73.921646
100745,W 170 ST/JEROME AV,40.84021,-73.917817
100749,E 170 ST/CLAY AV,40.837093,-73.908229
100750,CLAY AV/E 171 ST,40.838632,-73.906391
100751,CLAREMONT PKWY/WEBSTER AV,40.839509,-73.904973
100752,CLAREMONT PKWY/WASHINGTON AV,40.838615,-73.902322
100753,CLAREMONT PKWY/3 AV,40.83809,-73.901107
100754,CLAREMONT PKWY/CROTONA AV,40.836376,-73.898033
100762,CLAREMONT PKWY/CROTONA PARK EAST,40.835389,-73.895119
100763,CLAREMONT PKWY/CROTONA AV,40.83654,-73.897614
100764,CLAREMONT PKWY/3 AV,40.83827,-73.901294
100765,CLAREMONT PKWY/WASHINGTON AV,40.839093,-73.90299
100766,CLAREMONT PKWY/WEBSTER AV,40.839795,-73.905146
100768,E 170 ST/TELLER AV,40.836992,-73.909096
100769,E 170 ST/COLLEGE AV,40.837677,-73.910947
100772,E 170 ST/JEROME AV,40.840227,-73.917484
100775,SHAKESPEARE AV/W 169 ST,40.839023,-73.922795
100779,PLIMPTON AV/EDWARD L GRANT HWY,40.842407,-73.922982
100796,WEST FORDHAM RD/UNIVERSITY AV,40.862703,-73.904256
100797,EAST FORDHAM RD/WALTON AV,40.862451,-73.900497
100798,EAST FORDHAM RD/GRAND CONCOURSE,40.862394,-73.897565
100799,EAST FORDHAM RD/VALENTINE AV,40.862236,-73.89601
100807,EAST FORDHAM RD/SOUTHERN BLVD,40.856465,-73.880146
100808,PELHAM PKWY/WHITE PLAINS RD,40.856715,-73.867834
100809,PELHAM PKWY/MULINER AV,40.856878,-73.861761
100811,PELHAM PKWY/WILLIAMSBRIDGE RD,40.857026,-73.85623
100820,CITY ISLAND AV/KILROE ST,40.854659,-73.791003
100822,CITY ISLAND AV/BEACH ST,40.851731,-73.78899
100823,CITY ISLAND AV/DITMARS ST,40.849464,-73.787397
100824,CITY ISLAND AV/FORDHAM ST,40.846915,-73.786479
100826,CITY ISLAND AV/WINTERS ST,40.843817,-73.785314
100827,CITY ISLAND AV/PELL PL,40.842177,-73.784701
100828,CITY ISLAND AV/PILOT ST,40.841279,-73.784368
100829,CITY ISLAND AV/ROCHELLE ST,40.838969,-73.783486
100840,PELHAM PKWY/WILLIAMSBRIDGE RD,40.857548,-73.856642
100842,PELHAM PKWY/WHITE PLAINS RD,40.857292,-73.867321
100843,EAST FORDHAM RD/SOUTHERN BLVD,40.85731,-73.880492
100849,EAST FORDHAM RD/VALENTINE AV,40.862346,-73.896016
100850,E FORDHAM RD/E 190 ST,40.862426,-73.897854
100851,E FORDHAM RD/JEROME AV,40.862689,-73.900802
100854,W FORDHAM RD/SEDGWICK AV,40.862782,-73.908655
100860,CITY ISLAND AV/ROCHELLE ST,40.83906,-73.783366
100861,CITY ISLAND AV/PILOT ST,40.841152,-73.784108
100862,CITY ISLAND AV/PELL PL,40.842847,-73.784746
100863,CITY ISLAND AV/WINTERS ST,40.84408,-73.785197
100865,CITY ISLAND AV/FORDHAM ST,40.84753,-73.786495
100866,CITY ISLAND AV/DITMARS ST,40.84964,-73.787283
100867,CITY ISLAND AV/BEACH ST,40.852272,-73.78914
100869,CITY ISLAND AV/KILROE ST,40.854515,-73.790806
100870,CITY ISLAND RD/CITY ISLAND CIRCLE,40.860528,-73.801335
100876,ELTON AV/E 161 ST,40.823758,-73.911987
100883,JEROME AV/W 161 ST,40.829981,-73.930187
100884,OGDEN AV/W 162 ST,40.831913,-73.929871
100893,OGDEN AV/W 164 ST,40.833175,-73.929151
100895,OGDEN AV/W 166 ST,40.835862,-73.927637
100897,OGDEN AV/W 168 ST,40.838786,-73.925935
100922,OGDEN AV/W 168 ST,40.838216,-73.926456
100924,OGDEN AV/W 166 ST,40.835332,-73.92814
100926,OGDEN AV/W 164 ST,40.832641,-73.929628
100927,OGDEN AV/W 162 ST,40.831732,-73.930142
100946,WESTCHESTER AV/MIDDLETOWN RD,40.843758,-73.836358
100947,WESTCHESTER AV/ROBERTS AV,40.84543,-73.83423
100948,WESTCHESTER AV/CROSBY AV,40.846829,-73.832468
100949,WESTCHESTER AV/MAHAN AV,40.849025,-73.830544
100950,WESTCHESTER AV/WILKINSON AV,40.851708,-73.829539
100956,COUNTRY CLUB RD/KEARNEY AV,40.842489,-73.824756
100960,CAMPBELL DR/STADIUM AV,40.83791,-73.818838
100961,CAMPBELL DR/AGAR PL,40.839129,-73.817273
100962,CAMPBELL DR/COUNTRY CLUB RD,40.841062,-73.817857
100965,RADIO DR/LUCERNE ST,40.843131,-73.817143
100966,RADIO DR/GRISWOLD AV,40.843952,-73.819378
100967,RESEARCH AV/AMPERE AV,40.846067,-73.819252
100977,COUNTRY CLUB RD/MC DONOUGH PL,40.842745,-73.825073
100981,WESTCHESTER AV/WILKINSON AV,40.851299,-73.829945
100982,WESTCHESTER AV/SAINT THERESA AV,40.84933,-73.830543
100983,WESTCHESTER AV/BUHRE AV,40.847094,-73.832252
100984,WESTCHESTER AV/ROBERTS AV,40.845604,-73.834137
100985,WESTCHESTER AV/HUTCHINSON RIVER PKWY,40.843796,-73.836454
101021,3 AV/E 153 ST,40.818712,-73.914144
101027,3 AV/E 166 ST,40.828592,-73.906796
101028,3 AV/E 168 ST,40.831331,-73.905596
101029,3 AV/E 169 ST,40.833076,-73.904686
101030,3 AV/ST PAULS PL,40.836219,-73.902564
101034,3 AV/E 175 ST,40.844489,-73.897255
101036,3 AV/E 180 ST,40.850925,-73.893834
101055,3 AV/ST PAULS PL,40.835687,-73.903194
101057,3 AV/E 168 ST,40.830768,-73.906088
101058,3 AV/E 166 ST,40.827511,-73.907451
101059,3 AV/E 163 ST,40.823866,-73.908942
101061,3 AV/E 158 ST,40.821236,-73.912453
101063,3 AV/E 154 ST,40.818704,-73.914396
101137,BAINBRIDGE AV/E 212 ST,40.883777,-73.877631
101138,BAINBRIDGE AV/JEROME AV,40.886792,-73.877784
101140,E 233 ST/NAPIER AV,40.89568,-73.874901
101142,E 233 ST/KEPLER AV,40.89659,-73.870592
101146,WEBSTER AV/NEREID AV,40.900897,-73.861513
101147,NEREID AV/CARPENTER AV,40.899354,-73.856861
101148,NEREID AV/WHITE PLAINS RD,40.89844,-73.854552
101149,NEREID AV/BYRON AV,40.897757,-73.852785
101150,NEREID AV/BRUNER AV,40.898475,-73.849271
101152,BAYCHESTER AV/PITMAN AV,40.896328,-73.845091
101153,BAYCHESTER AV/EDENWALD AV,40.892974,-73.843749
101154,E 233 ST/BAYCHESTER AV,40.888451,-73.841455
101155,E 233 ST/MURDOCK AV,40.888592,-73.838741
101156,E 233 ST/SETON AV,40.888976,-73.836006
101157,E 233 ST/SECOR AV,40.889132,-73.831801
101158,DYRE AV/LIGHT ST,40.88789,-73.831353
101159,DYRE AV/BOSTON RD,40.884825,-73.83149
101160,BOSTON RD/CONNER ST,40.885811,-73.828096
101161,MCOWEN AV/BOSTON RD,40.889269,-73.820322
101162,HOLLERS AV/ROPES AV,40.888055,-73.81792
101163,ROPES AV/BOSTON RD,40.889844,-73.819521
101164,NEREID AV/MURDOCK AV,40.899847,-73.843035
101165,NEREID AV/MUNDY LA,40.900482,-73.840125
101166,MUNDY LN/PITMAN AV,40.897981,-73.839679
101167,ROPES AV/BOSTON RD,40.88997,-73.819647
101169,DYRE AV/BOSTON RD,40.885069,-73.831237
101170,DYRE AV/LIGHT ST,40.888242,-73.831214
101171,E 233 ST/DYRE AV,40.889262,-73.831731
101173,E 233 ST/SETON AV,40.888887,-73.836864
101174,E 233 ST/MURDOCK AV,40.888787,-73.839695
101175,BAYCHESTER AV/E 233 ST,40.888826,-73.841976
101176,BAYCHESTER AV/EDENWALD AV,40.893232,-73.843722
101177,BAYCHESTER AV/PITMAN AV,40.896567,-73.844945
101178,SANFORD BLVD/S 11 AV,40.897937,-73.839093
101179,NEREID AV/SETON AV,40.90041,-73.840943
101180,NEREID AV/MURDOCK AV,40.899812,-73.843671
101181,NEREID AV/BAYCHESTER AV,40.899209,-73.84657
101182,NEREID AV/BRUNER AV,40.898445,-73.85003
101183,NEREID AV/BYRON AV,40.897927,-73.852394
101184,NEREID AV/WHITE PLAINS RD,40.898456,-73.854085
101185,NEREID AV/CARPENTER AV,40.899725,-73.857316
101186,WEBSTER AV/E 240 ST,40.900752,-73.861803
101187,WEBSTER AV/E 235 ST,40.897767,-73.862641
101188,WEBSTER AV/E 233 ST,40.895553,-73.863604
101189,E 233 ST/KATONAH AV,40.896122,-73.866783
101190,E 233 ST/KEPLER AV,40.896662,-73.870394
101192,E 233 ST/NAPIER AV,40.895739,-73.875215
101193,BAINBRIDGE AV/JEROME AV,40.886637,-73.877852
101194,BAINBRIDGE AV/E 212 ST,40.883145,-73.877844
101201,E 134 ST/WILLOW AV,40.801674,-73.913082
101207,PROSPECT AV/E 149 ST,40.812625,-73.9043
101208,PROSPECT AV/KELLY ST,40.815141,-73.903408
101209,PROSPECT AV/E 156 ST,40.817602,-73.902364
101210,PROSPECT AV/WESTCHESTER AV,40.820222,-73.901265
101211,PROSPECT AV/E 163 ST,40.822417,-73.900358
101213,PROSPECT AV/E 166 ST,40.825558,-73.899049
101214,PROSPECT AV/HOME ST,40.828223,-73.897943
101215,PROSPECT AV/E 169 ST,40.829682,-73.89733
101216,PROSPECT AV/RITTER PL,40.831304,-73.896717
101217,PROSPECT AV/BOSTON RD,40.833425,-73.896262
101218,CROTONA AV/CLAREMONT PKWY,40.83641,-73.897722
101219,CROTONA AV/E 175 ST,40.843059,-73.893135
101223,CROTONA AV/E 180 ST,40.847998,-73.888859
101224,CROTONA AV/E 182 ST,40.850181,-73.88648
101225,CROTONA AV/E 183 ST,40.852023,-73.884493
101226,CROTONA AV/E 187 ST,40.85419,-73.883397
101227,CROTONA AV/EAST FORDHAM RD,40.857189,-73.881892
101236,CROTONA AV/E 189 ST,40.855825,-73.882751
101237,CROTONA AV/E 187 ST,40.853612,-73.883865
101238,CROTONA AV/E 183 ST,40.851521,-73.885057
101239,CROTONA AV/E 182 ST,40.850101,-73.886813
101240,CROTONA AV/E 180 ST,40.848264,-73.888822
101244,CROTONA AV/E 175 ST,40.842492,-73.893908
101245,CROTONA AV/CLAREMONT PKWY,40.836561,-73.897783
101246,PROSPECT AV/BOSTON RD,40.833615,-73.896504
101247,PROSPECT AV/RITTER PL,40.830697,-73.897099
101248,PROSPECT AV/E 169 ST,40.829276,-73.897739
101249,PROSPECT AV/HOME ST,40.827551,-73.898472
101250,PROSPECT AV/E 166 ST,40.825398,-73.899317
101252,PROSPECT AV/E 163 ST,40.82176,-73.900835
101253,PROSPECT AV/WESTCHESTER AV,40.819894,-73.901588
101254,PROSPECT AV/E 156 ST,40.81706,-73.902782
101255,PROSPECT AV/E 152 ST,40.81482,-73.903621
101256,PROSPECT AV/E 149 ST,40.812347,-73.90448
101262,E 135 ST/CYPRESS AV,40.803722,-73.915621
101274,WEST TREMONT AV/MONTGOMERY AV,40.85187,-73.916638
101275,MACOMBS RD/NELSON AV,40.848384,-73.916285
101276,MACOMBS RD/FEATHERBED LN,40.845489,-73.917228
101277,MACOMBS RD/GOBLE PL,40.844287,-73.917598
101278,MACOMBS RD/INWOOD AV,40.84178,-73.917931
101285,INWOOD AV/MACOMBS RD,40.841671,-73.918042
101286,MACOMBS RD/GOBLE PL,40.844479,-73.917392
101288,MACOMBS RD/W 176 ST,40.849149,-73.916029
101289,WEST TREMONT AV/UNIVERSITY AV,40.850906,-73.915779
101290,WEST TREMONT AV/LORING PL SOUTH,40.852034,-73.916808
101294,UNDERCLIFF AV/W 174 ST,40.847579,-73.923251
101295,UNDERCLIFF AV/W 172 ST,40.845071,-73.924631
101297,SEDGWICK AV/W 172 ST,40.845853,-73.925304
101306,E 149 ST/EXTERIOR ST,40.819235,-73.930052
101307,E 149 ST/GRAND CONCOURSE,40.818377,-73.926861
101309,E 149 ST/MORRIS AV,40.817178,-73.922383
101310,E 149 ST/COURTLANDT AV,40.816543,-73.919779
101313,E 149 ST/SAINT ANN'S AV,40.814223,-73.912863
101314,E 149 ST/TRINITY AV,40.81342,-73.910157
101315,E 149 ST/JACKSON AV,40.813105,-73.908684
101316,E 149 ST/WALES AV,40.812779,-73.907136
101318,SOUTHERN BLVD/E 149 ST,40.812179,-73.903625
101320,SOUTHERN BLVD/E 156 ST,40.815124,-73.897299
101321,SOUTHERN BLVD/LONGWOOD AV,40.816536,-73.895833
101322,SOUTHERN BLVD/TIFFANY ST,40.818544,-73.893764
101324,SOUTHERN BLVD/ALDUS ST,40.823173,-73.891755
101327,SOUTHERN BLVD/E 167 ST,40.827187,-73.891876
101328,SOUTHERN BLVD/FREEMAN ST,40.830046,-73.891826
101329,SOUTHERN BLVD/JENNINGS ST,40.832286,-73.890706
101330,SOUTHERN BLVD/E 172 ST,40.833943,-73.889728
101332,SOUTHERN BLVD/BOSTON RD,40.8372,-73.88775
101335,SOUTHERN BLVD/EAST TREMONT AV,40.843057,-73.885462
101337,SOUTHERN BLVD/E 180 ST,40.845823,-73.884446
101347,SOUTHERN BLVD/E 180 ST,40.846138,-73.884499
101352,SOUTHERN BLVD/E 174 ST,40.837467,-73.887719
101354,SOUTHERN BLVD/E 172 ST,40.834168,-73.889764
101355,SOUTHERN BLVD/JENNINGS ST,40.832528,-73.890724
101356,SOUTHERN BLVD/FREEMAN ST,40.830102,-73.891908
101358,SOUTHERN BLVD/E 167 ST,40.826905,-73.891991
101359,SOUTHERN BLVD/WESTCHESTER AV,40.824545,-73.891857
101360,SOUTHERN BLVD/ALDUS ST,40.822869,-73.891817
101362,SOUTHERN BLVD/TIFFANY ST,40.818478,-73.894129
101363,SOUTHERN BLVD/LONGWOOD AV,40.816076,-73.896607
101364,SOUTHERN BLVD/E 156 ST,40.81471,-73.898025
101366,SOUTHERN BLVD/E 149 ST,40.812224,-73.903953
101368,E 149 ST/TINTON AV,40.812659,-73.906146
101369,E 149 ST/CONCORD AV,40.813155,-73.90855
101370,E 149 ST/TRINITY AV,40.813559,-73.910473
101372,E 149 ST/BROOK AV,40.815166,-73.915301
101374,E 149 ST/COURTLANDT AV,40.816745,-73.919846
101375,E 149 ST/MORRIS AV,40.817533,-73.923013
101377,E 149 ST/GRAND CONCOURSE,40.818589,-73.927078
101378,E 149 ST/GERARD AV,40.819092,-73.929075
101389,3 AV/E 140 ST,40.812096,-73.925062
101401,3 AV/E 163 ST,40.824381,-73.908417
101402,BOSTON RD/E 166 ST,40.827328,-73.904705
101405,BOSTON RD/E 169 ST,40.831323,-73.899774
101406,BOSTON RD/PROSPECT AV,40.833606,-73.895962
101407,BOSTON RD/LOUIS NINE BLVD,40.835052,-73.893891
101408,BOSTON RD/SEABURY PL,40.83581,-73.890386
101409,BOSTON RD/SOUTHERN BLVD,40.837001,-73.8883
101410,BOSTON RD/VYSE AV,40.839112,-73.884631
101414,MORRIS PARK AV/EAST TREMONT AV,40.840129,-73.873289
101416,MORRIS PARK AV/TAYLOR AV,40.843598,-73.870125
101418,MORRIS PARK AV/WHITE PLAINS RD,40.845264,-73.865648
101419,MORRIS PARK AV/BARNES AV,40.845995,-73.862168
101420,MORRIS PARK AV/BRONXDALE AV,40.846573,-73.859604
101421,MORRIS PARK AV/RADCLIFF AV,40.847849,-73.856703
101422,MORRIS PARK AV/HONE AV,40.848875,-73.854407
101423,MORRIS PARK AV/WILLIAMSBRIDGE RD,40.850196,-73.851501
101424,MORRIS PARK AV/SEMINOLE AV,40.851034,-73.848417
101425,MORRIS PARK AV/EASTCHESTER RD,40.851068,-73.844607
101437,MORRIS PARK AV/EASTCHESTER RD,40.851271,-73.844385
101438,MORRIS PARK AV/SEMINOLE AV,40.85113,-73.84805
101440,MORRIS PARK AV/HONE AV,40.848722,-73.854977
101441,MORRIS PARK AV/RADCLIFF AV,40.847589,-73.857469
101443,MORRIS PARK AV/BARNES AV,40.845906,-73.862979
101444,MORRIS PARK AV/WHITE PLAINS RD,40.845158,-73.866587
101446,MORRIS PARK AV/MELVILLE  ST,40.843213,-73.870911
101447,MORRIS PARK AV/E 180 ST,40.840766,-73.872911
101448,EAST TREMONT AV/MORRIS PARK AV,40.839878,-73.873986
101453,BOSTON RD/VYSE AV,40.839528,-73.883665
101455,BOSTON RD/SOUTHERN BLVD,40.837153,-73.888206
101456,BOSTON RD/E 173 ST,40.836022,-73.890378
101457,BOSTON RD/LOUIS NINE BLVD,40.83462,-73.894565
101458,BOSTON RD/PROSPECT AV,40.833428,-73.896779
101459,BOSTON RD/E 169 ST,40.830926,-73.900787
101460,BOSTON RD/E 168 ST,40.829374,-73.902632
101461,BOSTON RD/E 166 ST,40.827073,-73.905269
101469,3 AV/E 148 ST,40.815342,-73.919123
101472,3 AV/E 138 ST,40.811053,-73.927386
101473,E 136 ST/LINCOLN AV,40.809653,-73.928362
101478,CASTLE HILL AV/NORTON AV,40.814728,-73.846917
101479,CASTLE HILL AV/LACOMBE AV,40.817262,-73.847486
101480,CASTLE HILL AV/RANDALL AV,40.819406,-73.848072
101481,CASTLE HILL AV/SEWARD AV,40.821456,-73.848538
101484,CASTLE HILL AV/QUIMBY AV,40.826079,-73.849609
101485,CASTLE HILL AV/BRUCKNER BLVD,40.827891,-73.850054
101486,CASTLE HILL AV/WATSON AV,40.829679,-73.850479
101487,CASTLE HILL AV/CROSS BRONX EXPWY SERVICE RD NORTH,40.830822,-73.850723
101488,CASTLE HILL AV/GLEASON AV,40.832242,-73.851
101489,CASTLE HILL AV/WESTCHESTER AV,40.834551,-73.851652
101490,STARLING AV/PURDY ST,40.83634,-73.853098
101491,STARLING AV/UNIONPORT RD,40.83603,-73.855733
101494,UNIONPORT RD/EAST TREMONT AV,40.841198,-73.863296
101496,WHITE PLAINS RD/VAN NEST AV,40.844084,-73.865589
101497,WHITE PLAINS RD/MORRIS PK AV,40.845557,-73.866194
101498,WHITE PLAINS RD/RHINELANDER AV,40.847846,-73.866948
101499,WHITE PLAINS RD/BRONXDALE AV,40.851305,-73.867689
101512,RESERVOIR AV/W 195 ST,40.869501,-73.898932
101525,GOULDEN AV/BEDFORD PARK BLVD,40.875294,-73.894407
101530,VALENTINE AV/E 192 ST,40.864178,-73.894444
101540,WHITE PLAINS RD/PELHAM PKWY,40.856843,-73.867681
101542,BRONX PARK EAST/BRADY AV,40.852713,-73.868901
101543,BRONX PARK EAST/UNIONPORT RD,40.850531,-73.86814
101545,WHITE PLAINS RD/RHINELANDER AV,40.847182,-73.866894
101547,WHITE PLAINS RD/VAN NEST AV,40.843493,-73.865576
101548,UNIONPORT RD/EAST TREMONT AV,40.840999,-73.863405
101551,UNIONPORT RD/STARLING AV,40.836,-73.85617
101552,STARLING AV/PURDY ST,40.836224,-73.852783
101553,CASTLE HILL AV/WESTCHESTER AV,40.833834,-73.851581
101554,CASTLE HILL AV/GLEASON AV,40.831602,-73.851029
101555,CASTLE HILL AV/CROSS BRONX EXPWY SERVICE RD NORTH,40.829964,-73.850634
101556,CASTLE HILL AV/CHATTERTON AV,40.828016,-73.850206
101557,CASTLE HILL AV/BRUCKNER BLVD,40.826582,-73.849847
101561,CASTLE HILL AV/SEWARD AV,40.820786,-73.848494
101562,CASTLE HILL AV/RANDALL AV,40.818611,-73.848003
101563,CASTLE HILL AV/LACOMBE AV,40.817004,-73.847699
101564,CASTLE HILL AV/NORTON AV,40.814484,-73.847095
101687,JEROME AV/E 196 ST,40.869163,-73.896059
101688,JEROME AV/MORRIS AV,40.870974,-73.893892
101691,BEDFORD PARK BLVD/GRAND CONCOURSE,40.871659,-73.887532
101692,BEDFORD PARK BLVD/BAINBRIDGE AV,40.869884,-73.885322
101693,BEDFORD PARK BLVD/MARION AV,40.868327,-73.884641
101694,BEDFORD PARK BLVD/WEBSTER AV,40.866887,-73.883398
101695,KAZIMIROFF BLVD/BOTANICAL GARDENS EAST,40.866662,-73.880985
101696,ALLERTON AV/BRONX PARK EAST,40.865322,-73.869932
101697,ALLERTON AV/WHITE PLAINS RD,40.865351,-73.86687
101699,ALLERTON AV/BARNES AV,40.865424,-73.863077
101703,ALLERTON AV/LACONIA AV,40.865364,-73.855326
101705,ALLERTON AV/PEARSALL AV,40.86527,-73.851533
101707,ALLERTON AV/FISH AV,40.86525,-73.847326
101709,ALLERTON AV/EASTCHESTER RD,40.865122,-73.843544
101711,ALLERTON AV/WESTERVELT AV,40.865048,-73.839404
101712,ALLERTON AV/LODOVICK AV,40.865011,-73.837152
101713,BARTOW AV/GUNTHER AV,40.866986,-73.837144
101714,BARTOW AV/ELY AV,40.86788,-73.834403
101716,BAYCHESTER AV/ALDRICH ST,40.870653,-73.832575
101717,BAYCHESTER AV/DONIZETTI PL,40.876369,-73.833678
101718,BAYCHESTER AV/DARROW PL,40.878523,-73.832844
101719,DREISER LOOP/CO-OP CITY BLVD,40.87787,-73.829667
101721,DREISER LOOP/DEBS PL,40.876987,-73.828071
101722,DREISER LOOP/CO-OP CITY BLVD,40.87834,-73.828057
101723,CO-OP CITY BLVD/CARVER LOOP 2,40.879403,-73.824941
101724,CO-OP CITY BLVD/BELLAMY LOOP N,40.873809,-73.824572
101725,CO-OP CITY BLVD/BELLAMY LOOP S,40.871926,-73.824762
101726,ASCH LOOP/CO-OP CITY BLVD,40.870598,-73.82623
101727,ASCH LOOP/ALCOTT PL,40.871472,-73.830409
101728,ASCH LOOP/BARTOW AV,40.869291,-73.830611
101729,HUTCHINSON RIVER PKWY/EINSTEIN LOOP NORTH,40.865445,-73.823763
101730,HUTCHINSON RIVER PKWY/EINSTEIN LOOP SOUTH,40.864524,-73.824593
101731,HUNTER AV/BOLLER AV,40.862332,-73.825571
101732,ERSKINE PL/EARHART LA,40.860826,-73.822669
101734,EARHART LA/ERSKINE PL,40.861114,-73.822549
101735,HUNTER AV/EARHART LA,40.861998,-73.824444
101737,HUTCHINSON RIVER PKWY EAST/EINSTEIN LOOP SOUTH,40.865014,-73.82388
101738,HUTCHINSON RIVER PKWY EAST/EINSTEIN LOOP NORTH,40.866014,-73.822984
101739,BARTOW AV/CO-OP CITY BLVD,40.869598,-73.828714
101740,ASCH LOOP/BARTOW AV,40.869391,-73.830561
101742,ASCH LOOP/CO-OP CITY BLVD,40.870438,-73.826121
101743,CO-OP CITY BLVD/BELLAMY LOOP NORTH,40.874344,-73.824318
101744,CO-OP CITY BLVD/PEARTREE AV,40.87994,-73.823842
101745,CO-OP CITY BLVD/CARVER LOOP  #1,40.879271,-73.825859
101746,DREISER LOOP/CO-OP CITY BLVD,40.878033,-73.828228
101747,DREISER LOOP/DEBS PL,40.876768,-73.828427
101749,DREISER LOOP/CO-OP CITY BLVD,40.878092,-73.829435
101750,BAYCHESTER AV/DARROW PL,40.878629,-73.833054
101751,BAYCHESTER AV/DONIZETTI PL,40.876299,-73.833911
101752,BAYCHESTER AV/ALDRICH ST,40.869901,-73.832508
101755,GUNTHER AV/BARTOW AV,40.866525,-73.837151
101756,ALLERTON AV/WESTERVELT AV,40.865177,-73.839927
101757,ALLERTON AV/EASTCHESTER RD,40.865249,-73.843225
101759,ALLERTON AV/FISH AV,40.865312,-73.847149
101761,ALLERTON AV/PEARSALL AV,40.865424,-73.851827
101763,ALLERTON AV/LACONIA AV,40.865536,-73.856258
101765,ALLERTON AV/WILLIAMSBRIDGE RD,40.865566,-73.86024
101767,ALLERTON AV/MATTHEWS AV,40.865554,-73.862986
101769,ALLERTON AV/WHITE PLAINS RD,40.865506,-73.867871
101770,ALLERTON AV/BARKER AV,40.865457,-73.869611
101771,KAZIMIROFF BLVD/BOTANICAL GARDENS,40.86688,-73.880788
101772,BEDFORD PARK BLVD/WEBSTER AV,40.86787,-73.88402
101773,BEDFORD PARK BLVD/MARION AV,40.869079,-73.884712
101774,BEDFORD PARK BLVD/BRIGGS AV,40.870705,-73.886044
101779,JEROME AV/MORRIS AV,40.871238,-73.89348
101780,JEROME AV/E 196 ST,40.869346,-73.896007
101781,JEROME AV/WEST KINGSBRIDGE RD,40.867595,-73.897384
101784,WEST FARMS RD/WESTCHESTER AV,40.825175,-73.891453
101794,MORRISON AV/WESTCHESTER AV,40.829097,-73.87457
101795,MORRISON AV/WATSON AV,40.826763,-73.874022
101797,WATSON AV/CROES AV,40.827146,-73.869681
101798,ROSEDALE AV/1055 ROSEDALE AV,40.826075,-73.868157
101800,ROSEDALE AV/STORY AV,40.82318,-73.867373
101811,SOUNDVIEW AV/PATTERSON AV,40.813436,-73.857956
101812,SOUNDVIEW AV/OBRIEN AV,40.811464,-73.856223
101813,SOUNDVIEW AV/GILDERSLEEVE AV,40.809388,-73.855424
101814,SOUNDVIEW AV/NEWMAN AV,40.808251,-73.85368
101819,SOUNDVIEW AV/STEPHENS AV,40.807868,-73.852716
101820,SOUNDVIEW AV/GILDERSLEEVE AV,40.809537,-73.855302
101821,SOUNDVIEW AV/O'BRIEN AV,40.811317,-73.855945
101822,SOUNDVIEW AV/PATTERSON AV,40.813647,-73.857877
101833,ROSEDALE AV/STORY AV,40.823446,-73.867159
101835,ROSEDALE AV/1040 ROSEDALE AV,40.826424,-73.867764
101837,WATSON AV/CROES AV,40.827185,-73.870545
101839,MORRISON AV/WATSON AV,40.827024,-73.873844
101840,MORRISON AV/WESTCHESTER AV,40.829402,-73.874506
101861,EAST GUN HILL RD/TRYON AV,40.880021,-73.876415
101863,EAST GUN HILL RD/HULL AV,40.878753,-73.873097
101866,EAST GUN HILL RD/WHITE PLAINS RD,40.877136,-73.865806
101867,EAST GUN HILL RD/BARNES AV,40.876006,-73.862295
101868,EAST GUN HILL RD/BRONXWOOD AV,40.875384,-73.860207
101869,EAST GUN HILL RD/PAULDING AV,40.874562,-73.857673
101871,EAST GUN HILL RD/HERING AV,40.873109,-73.853148
101872,EAST GUN HILL RD/PEARSALL AV,40.872503,-73.851272
101873,EAST GUN HILL RD/BURKE AV,40.871794,-73.849
101875,EAST GUN HILL RD/DEWITT PL,40.869944,-73.845334
101876,EAST GUN HILL RD/EASTCHESTER RD,40.868531,-73.842619
101924,EAST GUN HILL RD/EASTCHESTER RD,40.868414,-73.842234
101927,EAST GUN HILL RD/BURKE AV,40.87161,-73.848368
101928,EAST GUN HILL RD/GIVAN AV,40.872806,-73.851964
101929,EAST GUN HILL RD/BOSTON RD,40.873478,-73.854028
101931,EAST GUN HILL RD/PAULDING AV,40.874873,-73.858386
101933,EAST GUN HILL RD/BARNES AV,40.876157,-73.862529
101956,WEBSTER AV/E 204 ST,40.871368,-73.876451
101958,WEBSTER AV/EAST GUN HILL RD,40.878381,-73.871586
101964,BOSTON RD/EAST GUN HILL RD,40.873621,-73.853019
101965,BOSTON RD/WILSON AV,40.875626,-73.850179
101966,BOSTON RD/SEYMOUR AV,40.876247,-73.848442
101967,BOSTON RD/EASTCHESTER RD,40.877114,-73.845761
101969,BOSTON RD/WICKHAM AV,40.879585,-73.842255
101971,BOSTON RD/BAYCHESTER AV,40.8811,-73.838877
101972,BOSTON RD/BIVONA ST,40.884227,-73.833188
101973,BOSTON RD/STEENWICK AV,40.884598,-73.83143
101975,PEARTREE AV/GIVAN AV,40.881666,-73.823266
102010,BOSTON RD/BIVONA ST,40.884337,-73.833575
102011,BOSTON RD/BAYCHESTER AV,40.881343,-73.838673
102013,BOSTON RD/BRUNER AV,40.879687,-73.842526
102015,BOSTON RD/EASTCHESTER RD,40.876926,-73.847034
102016,BOSTON RD/SEYMOUR AV,40.876089,-73.8496
102017,BOSTON RD/WILSON AV,40.875276,-73.851218
102030,BAINBRIDGE AV/E 206 ST,40.87506,-73.879546
102034,EASTCHESTER RD/WATERS PL,40.846764,-73.844552
102037,EASTCHESTER RD/MORRIS PARK AV,40.851322,-73.844096
102039,EASTCHESTER RD/SEMINOLE ST,40.854972,-73.843636
102041,EASTCHESTER RD/PELHAM PKWY,40.858021,-73.843296
102042,EASTCHESTER RD/ASTOR AV,40.859826,-73.842931
102044,EASTCHESTER RD/MACE AV,40.863101,-73.843306
102045,EASTCHESTER RD/ALLERTON AV,40.865561,-73.843228
102047,EASTCHESTER RD/EAST GUN HILL RD,40.868203,-73.842394
102049,EASTCHESTER RD/HAMMERSLEY AV,40.871651,-73.843579
102050,EASTCHESTER RD/BURKE AV,40.873395,-73.844283
102051,EASTCHESTER RD/GIVAN AV,40.875057,-73.845176
102052,EASTCHESTER RD/BOSTON RD,40.876933,-73.846195
102053,EASTCHESTER RD/CHESTER ST,40.879281,-73.847463
102055,EASTCHESTER RD/E 222 ST,40.881111,-73.848453
102056,E 225 ST/LACONIA AV,40.88401,-73.848902
102059,E 229 ST/SCHIEFFELIN AV,40.885334,-73.843395
102061,LACONIA AV/GRENADA PL,40.888036,-73.846719
102062,LACONIA AV/E 233 ST,40.88958,-73.845869
102064,E 233 ST/BUSSING AV,40.892319,-73.853694
102065,E 233 ST/WHITE PLAINS RD,40.89363,-73.857771
102066,E 233 ST/CARPENTER AV,40.894531,-73.860608
102071,E 233 ST/BRONX BL,40.894413,-73.860927
102072,E 233 ST/WHITE PLAINS RD,40.893135,-73.856867
102073,E 233 ST/BUSSING AV,40.892152,-73.853665
102074,E 233 ST/PAULDING AV,40.890432,-73.848377
102076,LACONIA AV/E 230 ST,40.887814,-73.8471
102079,E 229 ST/SCHIEFFELIN AV,40.884696,-73.842912
102081,E 225 ST/SCHIEFFELIN PL,40.882492,-73.844913
102083,LACONIA AV/E 225 ST,40.883983,-73.849586
102085,EASTCHESTER RD/CHESTER ST,40.878752,-73.847424
102086,EASTCHESTER RD/BOSTON RD,40.877142,-73.846553
102087,EASTCHESTER RD/GIVAN AV,40.874365,-73.845051
102088,EASTCHESTER RD/BURKE AV,40.872687,-73.844209
102089,EASTCHESTER RD/HAMMERSLEY AV,40.87088,-73.843523
102090,EASTCHESTER RD/EAST GUN HILL RD,40.868867,-73.842454
102092,EASTCHESTER RD/ALLERTON AV,40.864834,-73.843483
102093,EASTCHESTER RD/MACE AV,40.862435,-73.843535
102095,EASTCHESTER RD/ASTOR AV,40.859176,-73.843077
102097,EASTCHESTER RD/PELHAM PKWY,40.85784,-73.843611
102098,EASTCHESTER RD/SEMINOLE ST,40.854154,-73.843652
102100,EASTCHESTER RD/MORRIS PARK AV,40.85135,-73.844321
102107,LINCOLN AV/E 138 ST,40.810859,-73.927181
102111,MORRIS AV/E 149 ST,40.817702,-73.922512
102113,MORRIS AV/E 153 ST,40.820538,-73.921297
102114,MORRIS AV/E 156 ST,40.821933,-73.920463
102115,MORRIS AV/E 158 ST,40.824098,-73.919181
102116,MORRIS AV/E 161 ST,40.825859,-73.918203
102117,MORRIS AV/E 163 ST,40.827494,-73.917305
102118,MORRIS AV/E 165 ST,40.829536,-73.916171
102119,MORRIS AV/E 166 ST,40.830416,-73.915671
102121,MORRIS AV/E 167 ST,40.832995,-73.914154
102122,MORRIS AV/E 169 ST,40.835569,-73.91264
102123,MORRIS AV/E 170 ST,40.838216,-73.911123
102125,MORRIS AV/E 172 ST,40.84043,-73.909779
102127,MORRIS AV/E 174 ST,40.84472,-73.90927
102128,E 175 ST/WALTON AV,40.847219,-73.911049
102130,JEROME AV/E 176 ST,40.848547,-73.911669
102131,JEROME AV/E 177 ST,40.850092,-73.910575
102132,JEROME AV/EAST TREMONT AV,40.851642,-73.909268
102133,JEROME AV/EAST BURNSIDE AV,40.853696,-73.907371
102134,JEROME AV/E 181 ST,40.855695,-73.905639
102136,JEROME AV/E 183 ST,40.858603,-73.903684
102138,JEROME AV/E 184 ST,40.860449,-73.902554
102139,JEROME AV/EAST FORDHAM RD,40.862611,-73.901104
102140,JEROME AV/E 192 ST,40.865447,-73.898909
102141,JEROME AV/EAST KINGSBRIDGE RD,40.867364,-73.89741
102145,JEROME AV/W 192 ST,40.865702,-73.898866
102146,JEROME AV/WEST FORDHAM RD,40.862916,-73.901024
102147,JEROME AV/W 184 ST,40.860688,-73.90255
102149,JEROME AV/W 183 ST,40.858461,-73.903912
102151,JEROME AV/W 181 ST,40.855896,-73.905564
102152,JEROME AV/WEST BURNSIDE AV,40.853965,-73.907288
102153,JEROME AV/WEST TREMONT AV,40.851957,-73.909141
102159,MORRIS AV/EAST MOUNT EDEN AV,40.842446,-73.909674
102160,MORRIS AV/E 172 ST,40.839906,-73.910244
102162,MORRIS AV/E 170 ST,40.838063,-73.91133
102163,MORRIS AV/E 169 ST,40.835026,-73.913127
102164,MORRIS AV/E 167 ST,40.832984,-73.914312
102166,MORRIS AV/E 166 ST,40.830639,-73.915699
102167,MORRIS AV/E 165 ST,40.829113,-73.916544
102168,MORRIS AV/E 163 ST,40.826993,-73.917743
102169,MORRIS AV/E 161 ST,40.825265,-73.918675
102170,MORRIS AV/E 158 ST,40.824001,-73.919371
102171,MORRIS AV/E 156 ST,40.822144,-73.920401
102172,MORRIS AV/E 153 ST,40.819905,-73.921718
102174,MORRIS AV/E 149 ST,40.817542,-73.922753
102185,E 138 ST/GRAND CONCOURSE,40.813217,-73.930599
102187,E 138 ST/LINCOLN AV,40.810745,-73.92681
102189,E 138 ST/WILLIS AV,40.808859,-73.922533
102190,E 138 ST/BROOK AV,40.807333,-73.918901
102192,E 138 ST/CYPRESS AV,40.80555,-73.914666
102195,E 138 ST/WALNUT AV,40.802794,-73.908667
102204,E 138 ST/BRUCKNER BLVD,40.804396,-73.911464
102206,E 138 ST/CYPRESS AV,40.805785,-73.914832
102207,E 138 ST/SAINT ANN'S AV,40.806829,-73.917302
102208,E 138 ST/BROOK AV,40.807781,-73.919551
102223,BAINBRIDGE AV/EAST FORDHAM RD,40.862264,-73.8933
102224,BAINBRIDGE AV/E 194 ST,40.864895,-73.891929
102225,BAINBRIDGE AV/E 196 ST,40.866839,-73.890056
102226,BAINBRIDGE AV/E 198 ST,40.86867,-73.887935
102227,BAINBRIDGE AV/BEDFORD PARK BLVD,40.870411,-73.885159
102229,BAINBRIDGE AV/EAST MOSHOLU PKWY NORTH,40.872927,-73.880542
102230,BAINBRIDGE AV/E 204 ST,40.873571,-73.87929
102242,KATONAH AV/E 234 ST,40.897198,-73.86708
102243,KATONAH AV/E 237 ST,40.899246,-73.867417
102244,KATONAH AV/E 239 ST,40.900605,-73.867714
102246,VAN CORTLANDT PARK EAST/E 242 ST,40.902431,-73.868289
102247,KATONAH AV/E 239 ST,40.900042,-73.867694
102248,KATONAH AV/E 237 ST,40.898654,-73.867438
102249,KATONAH AV/E 234 ST,40.897064,-73.867143
102260,BAINBRIDGE AV/EAST MOSHOLU PKWY NORTH,40.872951,-73.880635
102262,BAINBRIDGE AV/E 201 ST,40.871195,-73.884106
102264,VALENTINE AV/E 199 ST,40.870641,-73.888015
102265,VALENTINE AV/E 198 ST,40.86929,-73.890186
102266,VALENTINE AV/E 196 ST,40.86717,-73.89212
102267,VALENTINE AV/E 194 ST,40.865533,-73.893229
102269,VALENTINE AV/EAST FORDHAM RD,40.862431,-73.895859
102279,E 167 ST/RIVER AV,40.835522,-73.920919
102281,E 167 ST/GRAND CONCOURSE,40.834222,-73.91726
102283,E 167 ST/MORRIS AV,40.833264,-73.914262
102285,E 167 ST/FINDLAY AV,40.831039,-73.912926
102287,WEBSTER AV/E 167 ST,40.831044,-73.910249
102289,E 168 ST/PARK AV,40.831725,-73.908221
102290,E 168 ST/ 3 AV,40.831037,-73.906033
102294,E 169 ST/BOSTON RD,40.831173,-73.900555
102296,E 169 ST/PROSPECT AV,40.829136,-73.897241
102298,E 169 ST/TIFFANY ST,40.82775,-73.894761
102304,E 167 ST/BRYANT AV,40.826804,-73.889273
102306,E 167 ST/SOUTHERN BLVD,40.826825,-73.892087
102308,E 169 ST/INTERVALE AV,40.828462,-73.895692
102310,E 169 ST/PROSPECT AV,40.829707,-73.897916
102311,E 169 ST/BOSTON RD,40.831137,-73.900009
102313,FRANKLIN AV/E 169 ST,40.831506,-73.902238
102316,E 168 ST/3 AV,40.831265,-73.906228
102318,E 168 ST/PARK AV,40.831945,-73.908319
102319,WEBSTER AV/E 168 ST,40.831809,-73.909943
102320,WEBSTER AV/E 167 ST,40.830888,-73.91047
102322,E 167 ST/FINDLAY AV,40.831227,-73.913162
102326,E 167 ST/GRAND CONCOURSE,40.834495,-73.917284
102328,E 167 ST/RIVER AV,40.835974,-73.921832
102329,EDWARD L GRANT HWY/W 169 ST,40.838324,-73.921839
102330,EDWARD L GRANT HWY/JESUP AV,40.840919,-73.921761
102357,WEST TREMONT AV/W 177 ST,40.850656,-73.912158
102358,WEST TREMONT AV/DAVIDSON AV,40.851898,-73.910388
102359,EAST TREMONT AV/JEROME AV,40.851512,-73.908889
102361,EAST TREMONT AV/GRAND CONCOURSE,40.849534,-73.906343
102363,EAST TREMONT AV/ANTHONY AV,40.848538,-73.902925
102364,WEBSTER AV/EAST TREMONT AV,40.848051,-73.900694
102370,E 180 ST/BATHGATE AV,40.850828,-73.894489
102373,E 180 ST/CROTONA AV,40.847882,-73.888519
102375,E 180 ST/SOUTHERN BLVD,40.846004,-73.884698
102386,E 174 ST/LONGFELLOW AV,40.835974,-73.883921
102387,E 174 ST/BRONX RIVER AV,40.834207,-73.87889
102388,E 174 ST/MANOR AV,40.833736,-73.877073
102389,E 174 ST/HARROD AV,40.83403,-73.874857
102390,E 174 ST/FTELEY AV,40.834384,-73.872323
102391,ROSEDALE AV/E 174 ST,40.834851,-73.8699
102394,WHITE PLAINS RD/WESTCHESTER AV,40.833064,-73.862876
102395,WHITE PLAINS RD/GLEASON AV,40.830186,-73.861599
102396,WHITE PLAINS RD/WATSON AV,40.828107,-73.86066
102401,SEWARD AV/PUGSLEY AV,40.820276,-73.854184
102411,RANDALL AV/OLMSTEAD AV,40.818675,-73.851558
102413,PUGSLEY AV/SEWARD AV,40.820192,-73.854506
102416,WHITE PLAINS RD/STORY AV,40.824575,-73.858807
102417,WHITE PLAINS RD/BRUCKNER BLVD,40.826578,-73.859753
102418,WHITE PLAINS RD/WATSON AV,40.828688,-73.860722
102419,WHITE PLAINS RD/GLEASON AV,40.830809,-73.861634
102423,E 174 ST/ST LAWRENCE AV,40.834886,-73.867895
102425,E 174 ST/CROES AV,40.834532,-73.872247
102426,E 174 ST/HARROD AV,40.834143,-73.875226
102427,E 174 ST/MANOR AV,40.833862,-73.877286
102428,E 174 ST/BRONX RIVER AV,40.834405,-73.879023
102429,E 174 ST/BOONE AV,40.8361,-73.883783
102437,E 180 ST/CROTONA AV,40.848377,-73.889151
102439,E 180 ST/ARTHUR AV,40.849708,-73.89186
102440,E 180 ST/3 AV,40.850701,-73.893875
102445,WEBSTER AV/VALENTINE AV,40.847867,-73.90088
102446,EAST TREMONT AV/ANTHONY AV,40.848851,-73.903641
102447,EAST TREMONT AV/GRAND CONCOURSE EAST,40.8493,-73.905632
102450,WEST TREMONT AV/DAVIDSON AV,40.852046,-73.909954
102451,WEST TREMONT AV/W 177 ST,40.850516,-73.912461
102487,EAST BURNSIDE AV/VALENTINE AV,40.850314,-73.900837
102492,EAST TREMONT AV/3 AV,40.846484,-73.895765
102493,EAST TREMONT AV/ARTHUR AV,40.846014,-73.892549
102494,EAST TREMONT AV/CROTONA AV,40.845195,-73.89081
102495,EAST TREMONT AV/PROSPECT AV,40.84416,-73.888708
102498,EAST TREMONT AV/VYSE AV,40.841076,-73.882483
102499,EAST TREMONT AV/BOSTON RD,40.840214,-73.880653
102529,EAST TREMONT AV/BRYANT AV,40.840849,-73.881822
102532,EAST TREMONT AV/PROSPECT AV,40.844571,-73.889337
102533,EAST TREMONT AV/CROTONA AV,40.845625,-73.891455
102534,EAST TREMONT AV/ARTHUR AV,40.846483,-73.89374
102543,WEST BURNSIDE AV/LORING PL SOUTH,40.853877,-73.914574
102546,WEST BURNSIDE AV/GRAND AV,40.853875,-73.909335
102547,EAST BURNSIDE AV/JEROME AV,40.853609,-73.906964
102549,EAST BURNSIDE AV/GRAND CONCOURSE,40.852012,-73.903203
102566,EAST TREMONT AV/MORRIS PK AV,40.839715,-73.873484
102568,EAST TREMONT AV/COMMONWEALTH AV,40.839737,-73.868835
102571,EAST TREMONT AV/UNIONPORT RD,40.841218,-73.863692
102572,EAST TREMONT AV/DOGWOOD DR,40.841455,-73.861323
102574,EAST TREMONT AV/PURDY ST,40.842195,-73.855321
102575,EAST TREMONT AV/CASTLE HILL AV,40.842404,-73.853403
102577,EAST TREMONT AV/SAINT PETERS AV,40.842803,-73.84988
102578,EAST TREMONT AV/OVERING ST,40.843027,-73.847942
102579,EAST TREMONT AV/SAINT RAYMONDS AV,40.842609,-73.845686
102582,EAST TREMONT AV/ERICSON PL,40.839877,-73.837227
102583,EAST TREMONT AV/LATTING ST,40.838507,-73.835571
102584,EAST TREMONT AV/WATERBURY AV,40.836269,-73.833684
102586,EAST TREMONT AV/BAISLEY AV,40.834743,-73.830093
102587,EAST TREMONT AV/BRUCKNER BLVD,40.833347,-73.828471
102588,EAST TREMONT AV/BARKLEY AV,40.830835,-73.826413
102590,EAST TREMONT AV/PHILIP AV,40.827933,-73.823709
102592,EAST TREMONT AV/SCHLEY AV,40.823951,-73.820108
102593,EAST TREMONT AV/CROSS BRONX EXPWY,40.822381,-73.819285
102602,PENNYFIELD AV/HARDING AV,40.816898,-73.80931
102604,PENNYFIELD AV/GLENNON PL,40.813213,-73.806792
102613,RANDALL AV/EAST TREMONT AV,40.826089,-73.822151
102614,RANDALL AV/CROSS BRONX EXPWY,40.824444,-73.825411
102615,BALCOM AV/RANDALL AV,40.822735,-73.827644
102617,DEWEY AV/BALCOM AV,40.820277,-73.824894
102618,DEWEY AV/SWINTON AV,40.821023,-73.822818
102619,DEWEY AV/QUINCY AV,40.821389,-73.821639
102621,HARDING AV/EAST TREMONT AV,40.816071,-73.815486
102622,HARDING AV/CALHOUN AV,40.815624,-73.817984
102624,HARDING AV/BALCOM AV,40.814773,-73.821952
102632,PENNYFIELD AV/FORT SCHUYLER,40.809173,-73.801764
102635,PENNYFIELD AV/FEARN PL,40.811478,-73.805164
102637,PENNYFIELD AV/GLENNON PL,40.813444,-73.80686
102640,TIERNEY PL/LONGSTREET AV,40.813727,-73.802571
102644,LONGSTREET AV/CHAFFEE AV,40.816297,-73.804449
102645,DEWEY AV/CALHOUN AV,40.82151,-73.821773
102646,DEWEY AV/SWINTON AV,40.821029,-73.823266
102647,DEWEY AV/BALCOM AV,40.820305,-73.825291
102649,BALCOM AV/RANDALL AV,40.82313,-73.827752
102653,HARDING AV/BALCOM AV,40.814788,-73.821567
102655,HARDING AV/CALHOUN AV,40.815665,-73.817186
102658,EAST TREMONT AV/MILES AV,40.818962,-73.817122
102659,EAST TREMONT AV/SAMPSON AV,40.820382,-73.817963
102661,EAST TREMONT AV/SCHLEY AV,40.824702,-73.820257
102662,EAST TREMONT AV/RANDALL AV,40.826467,-73.821907
102666,EAST TREMONT AV/BRUCKNER BLVD,40.832882,-73.828032
102667,EAST TREMONT AV/HASKIN ST,40.834531,-73.829233
102669,EAST TREMONT AV/WATERBURY AV,40.836933,-73.833956
102671,EAST TREMONT AV/DUDLEY AV,40.839515,-73.836621
102672,EAST TREMONT AV/HUTCHINSON RIVER PKWY,40.840755,-73.838667
102674,EAST TREMONT AV/SAINT RAYMONDS AV,40.842866,-73.845978
102675,EAST TREMONT AV/SILVER ST,40.843062,-73.848498
102676,EAST TREMONT AV/LURTING AV,40.842861,-73.850148
102678,EAST TREMONT AV/CASTLE HILL AV,40.84253,-73.853124
102679,EAST TREMONT AV/PURDY ST,40.842276,-73.855558
102682,EAST TREMONT AV/UNIONPORT RD,40.841344,-73.863418
102702,EAST BURNSIDE AV/GRAND CONCOURSE,40.852663,-73.903962
102729,WEBSTER AV/E 169 ST,40.834285,-73.908427
102730,WEBSTER AV/E 170 ST,40.836577,-73.907157
102734,WEBSTER AV/E 173 ST,40.843041,-73.903506
102740,WEBSTER AV/E 182 ST,40.855243,-73.896153
102742,WEBSTER AV/E 187 ST,40.859065,-73.893682
102748,WEBSTER AV/E 197 ST,40.865313,-73.886867
102750,WEBSTER AV/BEDFORD PARK BLVD,40.86711,-73.883742
102757,WHITE PLAINS RD/E 215 ST,40.880382,-73.864544
102759,WHITE PLAINS RD/E 219 ST,40.883432,-73.862754
102762,WHITE PLAINS RD/E 225 ST,40.88769,-73.860385
102766,WHITE PLAINS RD/E 233 ST,40.893227,-73.857336
102769,WHITE PLAINS RD/NEREID AV,40.898298,-73.854312
102775,E 241 ST/BAYCHESTER AV,40.901883,-73.847031
102778,WHITE PLAINS RD/E 239 ST,40.90008,-73.853004
102782,WHITE PLAINS RD/E 233 ST,40.893553,-73.857362
102786,WHITE PLAINS RD/E 225 ST,40.888234,-73.860297
102789,WHITE PLAINS RD/E 219 ST,40.883665,-73.862833
102791,WHITE PLAINS RD/E 215 ST,40.880731,-73.865005
102793,WHITE PLAINS RD/EAST GUN HILL RD,40.877829,-73.866304
102795,WEBSTER AV/EAST GUN HILL RD,40.878196,-73.871756
102796,WEBSTER AV/E 205 ST,40.872726,-73.87524
102797,WEBSTER AV/E 204 ST,40.870873,-73.877332
102798,WEBSTER AV/EAST MOSHOLU PKWY NORTH,40.86942,-73.880178
102806,WEBSTER AV/EAST FORDHAM RD,40.861287,-73.891854
102808,WEBSTER AV/E 187 ST,40.858702,-73.894045
102809,WEBSTER AV/E 183 ST,40.856334,-73.895601
102811,WEBSTER AV/E 180 ST,40.851594,-73.898635
102819,WEBSTER AV/CLAREMONT PKWY,40.839897,-73.905382
102821,WEBSTER AV/E 170 ST,40.836305,-73.907476
102837,3 AV/E 140 ST,40.812033,-73.92555
102897,METROPOLITAN AV/PARKCHESTER RD,40.835828,-73.860937
102899,METROPOLITAN AV/MAPLE DR,40.839943,-73.857195
102903,METROPOLITAN AV/RED OAK DR,40.840094,-73.857459
102906,METROPOLITAN AV/WOOD AV,40.835408,-73.861187
102938,3 AV/E FORDHAM RD,40.860945,-73.890313
102942,WHITE PLAINS RD/EAST GUN HILL RD,40.877512,-73.866027
102946,WEBSTER AV/BEDFORD PARK BLVD,40.867348,-73.883511
102948,3 AV/E 183 ST,40.853917,-73.891132
102949,3 AV/E 180 ST,40.850826,-73.894052
102953,3 AV/E 169 ST,40.832911,-73.905044
102962,3 AV/E 144 ST,40.813873,-73.921705
102965,W 239 ST/RIVERDALE AV,40.889139,-73.908577
102966,E 161 ST/RIVER AV,40.82788,-73.926034
102968,EAST KINGSBRIDGE RD/GRAND CONCOURSE,40.866058,-73.894031
102971,GRAND CONCOURSE/BEDFORD PARK BLVD,40.87229,-73.887379
102976,3 AV/WESTCHESTER AV,40.816626,-73.916626
102977,WEBSTER AV/E 205 ST,40.872789,-73.875012
102978,OLMSTEAD AV/SEWARD AV,40.820506,-73.851633
102979,E 233 ST/JEROME AV,40.895247,-73.87957
102985,WHITE PLAINS RD/LAFAYETTE AV,40.822144,-73.858232
102986,VALENTINE AV/E 178 ST,40.849573,-73.900822
102988,E 138 ST/WILLOW AV,40.804017,-73.91106
102991,WEBSTER AV/E 195 ST,40.864145,-73.888173
102994,E 170 ST/GRAND CONCOURSE,40.838701,-73.91415
102995,W 231 ST/CORLEAR AV,40.880164,-73.907304
102996,W 231 ST/TIBBETT AV,40.881046,-73.908774
102999,BOSTON RD/DYRE AV,40.88482,-73.831179
103000,BOSTON RD/KINGSLAND AV,40.877665,-73.84525
103003,WILLIAMSBRIDGE RD/EAST TREMONT AV,40.842408,-73.844482
103006,W 195 ST/RESERVOIR AV,40.869627,-73.898682
103007,RESERVOIR AV/WEST KINGSBRIDGE RD,40.868113,-73.899947
103008,WEST KINGSBRIDGE RD/UNIVERSITY AV,40.868402,-73.901313
103009,V A HOSPITAL,40.867388,-73.905465
103012,V A HOSPITAL,40.867352,-73.905628
103013,ALLERTON AV/WILLIAMSBRIDGE RD,40.865408,-73.859071
103017,GRAND CONCOURSE/MINERVA PL,40.8705,-73.890759
103019,UNDERCLIFF AV/BOSCOBEL PL,40.844087,-73.925382
103028,PELHAM PKWY/STILLWELL AV,40.856696,-73.836552
103031,E 233 ST/GUNTHER AV,40.89085,-73.849089
103034,E 170 ST/JEROME AV,40.840362,-73.917902
103042,VALENTINE AV/E 192 ST,40.863917,-73.894537
103043,SEDGWICK AV/W 174 ST,40.847774,-73.92432
103044,SEDGWICK AV/W 176 ST,40.850535,-73.92191
103047,SEDGWICK AV/W 231 ST,40.875483,-73.90097
103050,NEREID AV/EDSON AV,40.899061,-73.846603
103051,WEST FORDHAM RD/SEDGWICK AV,40.86274,-73.908471
103057,EAST MOSHOLU PKWY SOUTH/GRAND CONCOURSE,40.878707,-73.884969
103060,BARTOW AV/GUNTHER AV,40.866888,-73.837711
103063,BARTOW AV/CO-OP CITY BLVD,40.86929,-73.825691
103066,EASTCHESTER RD/IVES ST,40.850092,-73.844805
103067,MORRIS AV/E 141 ST,40.813996,-73.924973
103069,WEBSTER AV/E 178 ST,40.849332,-73.899914
103072,WEBSTER AV/E 182 ST,40.855011,-73.896447
103073,WEBSTER AV/E 169 ST,40.833693,-73.908881
103075,SEDGWICK AV/WEST TREMONT AV,40.852777,-73.918604
103077,PENNYFIELD AV/THROGS NECK EXPWY,40.818769,-73.809856
103081,ALCOTT PL/ASCH LOOP,40.871394,-73.830564
103092,3 AV/WASHINGTON AV,40.857137,-73.891208
103095,3 AV/E 144 ST,40.813859,-73.921993
103099,WEST FARMS RD/HOE AV,40.825694,-73.891026
103101,BOSTON RD/PROVOST AV,40.885675,-73.828741
103105,KATONAH AV/E 242 ST,40.902789,-73.86831
103108,E 180 ST/ARTHUR AV,40.849208,-73.891217
103113,MELROSE AV/E 156 ST,40.820952,-73.915515
103114,MELROSE AV/E 158 ST,40.822604,-73.91463
103117,WEBSTER AV/E 184 ST,40.856627,-73.895271
103118,WHITE PLAINS RD/E 222 ST,40.885535,-73.861661
103119,WHITE PLAINS RD/E 228 ST,40.889836,-73.85928
103121,WHITE PLAINS RD/E 228 ST,40.890014,-73.859326
103122,WHITE PLAINS RD/E 222 ST,40.885843,-73.861635
103124,MELROSE AV/E 155 ST,40.820113,-73.915985
103125,MELROSE AV/E 160 ST,40.823727,-73.914192
103127,WESTCHESTER AV/BRYANT AV,40.826389,-73.888671
103136,MELROSE AV/E 162 ST,40.824647,-73.913525
103137,MELROSE AV/E 153 ST,40.819155,-73.916275
103151,PELHAM PKWY/JACOBI HOSP,40.85741,-73.847392
103152,DREISER LOOP/DEFOE PL,40.876031,-73.829278
103161,EDGEWATER PL/EDGEWATER PARK OVAL,40.822599,-73.811021
103162,THROGS NECK EXPWY/VETERANS MEMORIAL PARK,40.825071,-73.815501
103165,CLARENCE AV/RANDALL AV,40.829764,-73.815127
103166,CLARENCE AV/PHILIP AV,40.831259,-73.816395
103167,DEAN AV/LAFAYETTE AV,40.833126,-73.816852
103168,DEAN AV/LAYTON AV,40.835433,-73.817934
103169,LAYTON AV/VINCENT AV,40.834941,-73.821032
103171,OTIS AV/LOGAN AV,40.833521,-73.825437
103172,CROSBY AV/BRUCKNER BLVD,40.834671,-73.826413
103173,CROSBY AV/BAISLEY AV,40.83661,-73.827749
103174,CROSBY AV/WATERBURY AV,40.838651,-73.829034
103176,CROSBY AV/ZULETTE AV,40.842469,-73.830059
103177,CROSBY AV/MIDDLETOWN RD,40.844191,-73.830462
103181,CROSBY AV/WESTCHESTER AV,40.846774,-73.832273
103183,CROSBY AV/MIDDLETOWN RD,40.843547,-73.830407
103186,CROSBY AV/WATERBURY AV,40.837996,-73.828786
103187,CROSBY AV/BAISLEY AV,40.836028,-73.827492
103188,CROSBY AV/BRUCKNER BLVD,40.834379,-73.82636
103192,LAYTON AV/CLARENCE AV,40.835333,-73.818516
103194,DEAN AV/LAFAYETTE AV,40.833255,-73.817188
103195,CLARENCE AV/PHILIP AV,40.831031,-73.816352
103196,CLARENCE AV/RANDALL AV,40.829536,-73.815088
103204,LOCUST POINT DR/GIEGERICH PL,40.816647,-73.800463
103206,TIERNEY PL/LONGSTREET AV,40.813801,-73.802361
103208,HENRY HUDSON PKWY WEST/W 246 ST,40.893316,-73.908526
103211,JEROME AV/W 177 ST,40.850106,-73.91072
103212,JEROME AV/W 176 ST,40.848694,-73.91173
103214,MORRIS AV/WALTON AV,40.846768,-73.910341
103215,MORRIS AV/E 174 ST,40.844533,-73.909509
103228,EAST TREMONT AV/SAMPSON AV,40.820559,-73.81821
103229,EAST TREMONT AV/MILES AV,40.818882,-73.817213
103230,PENNYFIELD AV/LAWTON AV,40.818186,-73.809968
103234,THROGS NECK EXPWY/VETERANS MEMORIAL PARK,40.824917,-73.815646
103237,NEREID AV/MONTICELLO AV,40.900165,-73.842102
103241,VALENTINE AV/E 192 ST,40.863865,-73.894754
103255,EDSON AV/BARTOW AV,40.868062,-73.833072
103261,HENRY HUDSON PKWY EAST/W 246 ST,40.893486,-73.907923
103266,3 AV/CLAREMONT PKWY,40.838304,-73.901199
103272,METROPOLITAN AV/BENEDICT AV,40.833917,-73.860731
103279,BARTOW AV/CO-OP CITY BLVD,40.86958,-73.825892
103280,BRUCKNER BLVD/BURR AV,40.853259,-73.827048
103283,PEARTREE AV/CONNER  ST,40.882074,-73.823412
103288,PLIMPTON AV/W 170 ST,40.841368,-73.92375
103293,CASTLE HILL AV/EAST TREMONT AV,40.842093,-73.85341
103294,METROPOLITAN AV/UNIONPORT RD,40.83871,-73.860626
103297,WHITE PLAINS RD/MAGENTA ST,40.87537,-73.86711
103299,WHITE PLAINS RD/BURKE AV,40.871585,-73.86723
103301,WHITE PLAINS RD/ARNOW AV,40.867984,-73.86736
103302,WHITE PLAINS RD/ALLERTON AV,40.865566,-73.867415
103303,WHITE PLAINS RD/MACE AV,40.863343,-73.867488
103304,WHITE PLAINS RD/WARING AV,40.861463,-73.867553
103305,WHITE PLAINS RD/LYDIG AV,40.854591,-73.867773
103309,WHITE PLAINS RD/MORRIS PK AV,40.844848,-73.866108
103310,WHITE PLAINS RD/EAST TREMONT AV,40.840718,-73.864404
103311,WHITE PLAINS RD/ARCHER ST,40.837538,-73.863619
103312,WHITE PLAINS RD/LAFAYETTE AV,40.821666,-73.858255
103313,WHITE PLAINS RD/SEWARD AV,40.819518,-73.857824
103314,WHITE PLAINS RD/RANDALL AV,40.817404,-73.857312
103315,WHITE PLAINS RD/LACOMBE AV,40.815328,-73.856825
103316,WHITE PLAINS RD/OBRIEN AV,40.811528,-73.855887
103317,WHITE PLAINS RD/OBRIEN AV,40.811814,-73.855764
103318,WHITE PLAINS RD/PATTERSON AV,40.8139,-73.856254
103319,WHITE PLAINS RD/RANDALL AV,40.818147,-73.85722
103320,WHITE PLAINS RD/SEWARD AV,40.820229,-73.857714
103321,WHITE PLAINS RD/WESTCHESTER AV,40.833367,-73.862704
103322,WHITE PLAINS RD/WOOD AV,40.835841,-73.863091
103323,WHITE PLAINS RD/GUERLAIN ST,40.840327,-73.864015
103324,BRONX PARK EAST/BRADY AV,40.852736,-73.868699
103326,BRONX PARK EAST/PELHAM PKWY,40.856536,-73.869324
103328,WARING AV/WHITE PLAINS RD,40.861402,-73.867293
103329,WHITE PLAINS RD/MACE AV,40.863351,-73.867279
103330,WHITE PLAINS RD/ALLERTON AV,40.865297,-73.867296
103331,WHITE PLAINS RD/ARNOW AV,40.867759,-73.867226
103333,WHITE PLAINS RD/BURKE AV,40.871294,-73.867107
103335,WHITE PLAINS RD/MAGENTA ST,40.875046,-73.866984
103343,RANDALL AV/ROSEDALE AV,40.816626,-73.865265
103349,ROSEDALE AV/SEWARD AV,40.818397,-73.866219
103350,SOUNDVIEW AV/LACOMBE AV,40.814972,-73.859456
103351,SOUNDVIEW AV/LACOMBE AV,40.815175,-73.859474
103352,ROSEDALE AV/SEWARD AV,40.819056,-73.866185
103353,ROSEDALE AV/LAFAYETTE AV,40.82123,-73.866687
103355,LAFAYETTE AV/WHITE PLAINS RD,40.822005,-73.857966
103356,WATERS PL/EASTCHESTER RD,40.846261,-73.844137
103359,BRONX STATE/BUS SHELTER,40.846211,-73.839829
103362,BOSTON RD/PELHAM PKWY,40.856574,-73.869468
103365,WHITE PLAINS RD/LYDIG AV,40.854406,-73.867643
103366,WHITE PLAINS RD/PELHAM PKWY,40.857117,-73.867549
103390,BRUCKNER BLVD/CASTLE HILL AV,40.826904,-73.849379
103391,BRUCKNER BLVD/HAVEMEYER AV,40.827309,-73.846393
103393,BRUCKNER BLVD/ZEREGA AV,40.827582,-73.843919
103400,PAUL AV/W 205 ST,40.876681,-73.889931
103403,WHITE PLAINS RD/PATTERSON AV,40.813211,-73.856331
103405,SOUNDVIEW AV/CORNELL AV,40.807544,-73.852337
103406,WEBSTER AV/E 197 ST,40.86548,-73.88681
103409,STORY AV/EVERGREEN AV,40.821394,-73.879876
103410,BRUCKNER BLVD/HAVEMEYER AV,40.827994,-73.847302
103413,BRUCKNER BLVD/HUNTINGTON AV,40.83007,-73.832706
103420,HUNTS POINT AV/E 163 ST,40.820942,-73.891511
103426,BAINBRIDGE AV/E 206 ST,40.874875,-73.8794
103435,E 170 ST/MORRIS AV,40.837634,-73.91098
103441,SOUNDVIEW AV/LAFAYETTE AV,40.821122,-73.866015
103443,WEST KINGSBRIDGE RD/BAILEY AV,40.873121,-73.905507
103446,EAST TREMONT AV/3 AV,40.846759,-73.89659
103449,PAUL AV/BEDFORD PARK BLVD,40.874638,-73.891419
103450,GOULDEN AV/BEDFORD PARK BLVD,40.875776,-73.893859
103453,WESTCHESTER AV/HAVEMEYER AV,40.834998,-73.848855
103459,THROGS NECK EXPWY/PRENTISS AV,40.81966,-73.809815
103466,WEBSTER AV/E 235 ST,40.89812,-73.862301
103469,PENNYFIELD AV/FORT SCHUYLER,40.809077,-73.801898
103472,MORRIS AV/E 142 ST,40.814161,-73.924983
103473,BRUCKNER BLVD/BUHRE AV,40.849009,-73.826857
103486,BRONX STATE/BUS SHELTER,40.846085,-73.839623
103489,SEDGWICK AV/W 231 ST,40.875672,-73.900564
103490,UNIVERSITY AV/W 179 ST,40.854565,-73.911591
103492,W 170 ST/SHAKESPEARE AV,40.840442,-73.922258
103493,W 168 ST/WOODYCREST AV,40.838291,-73.924093
103495,WEST FARMS RD/WESTCHESTER AV,40.824975,-73.891477
103498,GOULDEN AV/W 197 ST,40.871569,-73.897334
103501,WHITE PLAINS RD/NEREID AV,40.898646,-73.85427
103504,PENNYFIELD AV/GERANIUM PL,40.810888,-73.804754
103505,EAST BURNSIDE AV/RYER AV,40.85112,-73.901816
103507,SOUTHERN BLVD/HUNTS POINT AV,40.82082,-73.891607
103508,THROGS NECK EXPWY/HARDING AV,40.81727,-73.805973
103514,AILEEN RYAN OVAL/METROPOLITAN AV,40.838708,-73.859449
103516,AILEEN RYAN OVAL/METROPOLITAN AV,40.837847,-73.860239
103517,UNIONPORT RD/METROPOLITAN AV,40.836992,-73.857767
103518,LODOVICK AV/ALLERTON AV,40.86519,-73.837033
103520,METROPOLITAN AV/CASTLE HILL AV,40.8408,-73.853485
103525,WEST BURNSIDE AV/JEROME AV,40.853857,-73.907519
103526,WEST BURNSIDE AV/GRAND AV,40.854204,-73.909765
103528,WEST BURNSIDE AV/LORING PL SOUTH,40.854087,-73.915009
103529,WEST BURNSIDE AV/SEDGWICK AV,40.854796,-73.91657
103532,UNIVERSITY AV/MORTON PL,40.852219,-73.913847
103537,BARTOW AV/2136 BARTOW AV,40.869089,-73.824455
103538,BARTOW AV/REAR OF PATHMARK,40.869269,-73.824034
103539,E 229 ST/SCHIEFFELIN PL,40.884042,-73.842327
103540,EAST FORDHAM RD/HOFFMAN ST,40.858624,-73.885659
103541,UNDERCLIFF AV/SEDGWICK AV,40.842892,-73.926796
103542,WHITE PLAINS RD/BIRCHALL AV,40.849922,-73.867692
103543,WESTCHESTER AV/DORIS ST,40.835231,-73.848662
103544,EAST TREMONT AV/HARDING AV,40.81642,-73.815723
103556,MORRIS AV/E 144 ST,40.815293,-73.923974
103561,LAYTON AV/VINCENT AV,40.834809,-73.820729
103575,CASTLE HILL AV/ZEREGA AV,40.841362,-73.853036
103576,METROPOLITAN AV/PURDY ST,40.840554,-73.853638
103577,SPENCER DR/REED PL,40.842196,-73.819625
103578,WESTCHESTER AV/AMENDOLA PLAZA,40.852575,-73.827362
103588,AMENDOLA PL/WESTCHESTER AV,40.852227,-73.827258
103589,PELHAM PKWY/BRONXWOOD AV,40.857426,-73.861416
103590,ORCHARD BEACH CIRCLE/CITY ISLAND RD,40.85994,-73.802831
103592,PELHAM PKWY/NARRAGANSETT AV,40.85742,-73.85163
103595,SEDGWICK AV/DICKINSON AV,40.882628,-73.888885
103596,RANDALL AV/TAYLOR AV,40.817138,-73.862443
103597,RANDALL AV/COMMONWEALTH AV,40.816771,-73.865182
103599,CROTONA AV/CROTONA PARK,40.839932,-73.895573
103600,CROTONA AVE/CROTONA PARK,40.839442,-73.896007
103606,WESTCHESTER AV/INTERVALE AV,40.822265,-73.896646
103611,SOUTHERN BLVD/E 176 ST,40.84079,-73.885907
103612,SOUTHERN BLVD/E 176 St,40.840198,-73.886237
103617,BAINBRIDGE AV/E 206 ST,40.875018,-73.879505
103618,EAST MOSHOLU PKWY NORTH/VAN CORTLANDT AV EAST,40.876084,-73.881447
103620,E 206 ST/ROCHAMBEAU AV,40.874929,-73.880302
103625,HALLECK ST/FOOD CENTER DR,40.809739,-73.880298
103640,SOUTHERN BLVD/BOTANICAL GARDENS,40.861247,-73.880732
103641,BARTOW AV/EDSON AV,40.868117,-73.833907
103650,WESTCHESTER AV/SOUTHERN BLVD,40.82478,-73.891573
103653,WHITE PLAINS RD/STORY AV,40.82388,-73.858819
103654,SEDGWICK AV/WEST TREMONT AV,40.852982,-73.91835
103657,BOSTON RD/ASTOR AV,40.859786,-73.867315
103659,CITY ISLAND RD/SHORE RD,40.864419,-73.813197
103660,CITY ISLAND RD/SHORE RD,40.864309,-73.813045
103662,E 233 ST/KATONAH AV,40.895954,-73.866552
103664,E 229 ST/E 229 DR S,40.886398,-73.845399
103665,E 229 ST/E 229 DR S,40.886176,-73.845255
103666,EASTCHESTER RD/PELHAM PKWY SOUTH,40.857006,-73.843707
103667,EASTCHESTER RD/PELHAM PKWY SOUTH,40.856853,-73.84399
103668,EASTCHESTER RD/E 222 ST,40.881748,-73.849019
103671,PAUL AV/WEST MOSHOLU PKWY SOUTH,40.880365,-73.886348
103672,WHITE PLAINS RD/BRONXDALE AV,40.851802,-73.867858
103674,DREISER LOOP/DEFOE PL,40.875936,-73.829479
103678,LANE AV/BENSON AV,40.840796,-73.84329
103681,WESTCHESTER AV/EAST TREMONT AV,40.840742,-73.841952
103683,EAST TREMONT AV/WESTCHESTER AV,40.840672,-73.842224
103684,EAST TREMONT AV/WESTCHESTER AV,40.840806,-73.842275
103688,CROSBY AV/BUHRE AV,40.846891,-73.832267
103689,WILLIAMSBRIDGE RD/ROBERTS AV,40.842557,-73.844422
103690,THROGS NECK EXPWY/WISSMAN AV,40.81995,-73.81021
103692,CROSBY AV/DUDLEY AV,40.841801,-73.829991
103694,WEBSTER AV/E 171 ST,40.838358,-73.906035
103695,WEBSTER AV/E 173 ST,40.842699,-73.903809
103696,WEBSTER AV/BOTANICAL SQ NORTH,40.868591,-73.881391
103697,EAST FORDHAM RD/HOFFMAN ST,40.85887,-73.88576
103698,EDGEWATER PARK/EDGEWATER PARK OVAL,40.8225,-73.810952
103699,WILLIAMSBRIDGE RD/PELHAM PKWY NORTH,40.858005,-73.856477
103700,WILLIAMSBRIDGE RD/PELHAM PKWY,40.856857,-73.855948
103701,WHITE PLAINS RD/BRUCKNER BLVD,40.826428,-73.859856
103702,ELLSWORTH AV/SCHLEY AV,40.826575,-73.815982
103703,EASTCHESTER RD/WATERS PL,40.846531,-73.844762
103704,WEST MOSHOLU PKWY SOUTH/PAUL AV,40.880611,-73.886057
103705,WEBSTER AV/ITTNER PL,40.844837,-73.902481
103708,BERGEN AV/E 149 ST,40.815878,-73.916343
103709,EDWARD L GRANT HWY/W 169 ST,40.838179,-73.922224
103712,PENNYFIELD AV/HARDING AV,40.817054,-73.809205
103714,WEST KINGSBRIDGE RD/SEDGWICK AV,40.869439,-73.90377
103716,AILEEN RYAN OVAL/UNIONPORT RD,40.83772,-73.859706
103719,EAST TREMONT AV/LANE AV,40.841139,-73.842918
103721,GRAND CONCOURSE/E 203 ST,40.874308,-73.886448
103722,GRAND CONCOURSE/E 204 ST,40.874303,-73.886904
103723,E 149 ST/SAINT ANN'S AV,40.814424,-73.913289
103726,E 222 ST/BARNES AV,40.884605,-73.858431
103731,EAST TREMONT AV/ST LAWRENCE AV,40.840051,-73.868324
103737,3 AV/EAST TREMONT AV,40.847019,-73.89588
103748,E 149 ST/BERGEN AV,40.815686,-73.916991
103753,BOSTON RD/E 165 ST,40.825987,-73.906593
103761,BAYCHESTER AV/CRAWFORD AV,40.885054,-73.84039
103765,E 229 ST/NEEDHAM AV,40.882494,-73.841365
103768,LODOVICK AV/ALLERTON AV,40.864926,-73.836931
103769,SCHURZ AV/HUNTINGTON AV,40.814107,-73.820015
103776,CLAY AV/E 171 ST,40.838772,-73.906478
103778,E 138 ST/GRAND CONCOURSE,40.813346,-73.930263
103779,E 229 ST/SCHIEFFELIN PL,40.884347,-73.842341
103781,GRAND CONCOURSE/CROSS BRONX EXPWY OVERPASS,40.845254,-73.910632
103784,LONGSTREET AV/CHAFFEE AV,40.816201,-73.804619
103785,RANDALL AV/TAYLOR AV,40.81705,-73.862075
103787,UNIONPORT RD/GUERLAIN ST,40.839389,-73.86183
103794,BAY PLAZA BLVD/BAY PLAZA DR,40.866285,-73.826858
103795,BAY PLAZA BLVD/CO-OP CITY BLVD,40.866795,-73.827849
103796,E 135 ST/ST ANN'S AV,40.804901,-73.91868
103798,MORRIS AV/MOUNT EDEN PKWY,40.84338,-73.90942
103800,JEROME AV/E 233 ST,40.894716,-73.88025
103801,EAST FORDHAM RD/DECATUR AV,40.861898,-73.891895
103802,MELROSE AV/E 149 ST,40.816259,-73.91772
103807,E 161 ST/RIVER AV,40.827816,-73.925724
103809,JEROME AV/E 161 ST,40.829736,-73.93051
103890,E 225 ST/SCHIEFFELIN AV,40.882674,-73.845744
103892,BAINBRIDGE AV/EAST MOSHOLU PKWY SOUTH,40.872101,-73.882595
103894,E 180 ST/SOUTHERN BLVD,40.846279,-73.884882
103899,3 AV/EAST TREMONT AV,40.846781,-73.896223
103900,CROSS BRONX EXPWY SERVICE RD SOUTH/BEACH AV,40.834919,-73.867288
103902,WHITE PLAINS RD/ARCHER ST,40.838162,-73.863537
103903,WHITE PLAINS RD/WOOD AV,40.835216,-73.863222
103904,WEBSTER AV/E 233 ST,40.895673,-73.863253
103906,WATERS PL/FINK AV,40.842886,-73.838807
103907,WATERS PL/HUTCHINSON RIVER PKWY,40.843677,-73.839224
103908,BOSTON RD/ROPES AV,40.889697,-73.820597
103910,E 163 ST/3 AV,40.824299,-73.909103
103911,HUNTS POINT AV/SOUTHERN BLVD,40.820553,-73.891175
103912,WEST MOSHOLU PKWY SOUTH/JEROME AV,40.879312,-73.885816
103913,WEST MOSHOLU PKWY SOUTH/JEROME AV,40.879128,-73.885581
103914,E 135 ST/ST ANN'S AV,40.804846,-73.918554
103915,IRWIN AV/JOHNSON AV,40.879431,-73.912366
103916,IRWIN AV/JOHNSON AV,40.879344,-73.912326
103917,SOUTHERN BLVD/EAST TREMONT AV,40.842926,-73.885763
103918,EAST TREMONT AV/BOSTON RD,40.840196,-73.880005
103920,BOSTON RD/E 168 ST,40.829837,-73.901833
103924,EDWARD L GRANT HWY/UNIVERSITY AV,40.843774,-73.923082
103925,EAST TREMONT AV/DEWEY AV,40.822593,-73.819262
103927,UNIVERSITY AV/HALL OF FAME TERR,40.856575,-73.909952
103929,EAST TREMONT AV/E 177 ST,40.839857,-73.878605
103930,EASTTREMONT AV/E 177 ST,40.839852,-73.878243
103931,SEDGWICK AV/FORT INDEPENDENCE ST,40.878264,-73.89817
103932,SEDGWICK AV/FT INDEPENDENCE ST,40.878056,-73.89855
103933,BAINBRIDGE AV/EAST MOSHOLU PKWY SOUTH,40.872039,-73.882601
103934,JEROME AV/EAST MOSHOLU PKWY NORTH,40.880279,-73.884125
103935,UNIONPORT RD/STARLING AV,40.837037,-73.857368
103936,UNIONPORT RD/METROPOLITAN AV,40.839265,-73.861233
103937,GOULDEN AV/RESERVOIR AV,40.871182,-73.897458
103943,CHARLES CRIMI RD/SUBWAY OVERPASS,40.852828,-73.825972
103945,AMENDOLA PL/WILKINSON AV,40.851782,-73.827201
103946,BRUCKNER BLVD/WILKINSON AV,40.851831,-73.827224
103947,WEST FORDHAM RD/CEDAR AV,40.861666,-73.911486
103951,E 170 ST/GRAND CONCOURSE,40.83896,-73.914011
103954,SEDGWICK AV/STEVENSON PL 2,40.882384,-73.892363
103955,BAILEY AV/W 238 ST,40.883795,-73.898238
103956,BAILEY AV/VAN CORTLANDT PK SOUTH,40.885351,-73.895442
103960,BAILEY AV/W 233 ST,40.879488,-73.901173
103961,BAILEY AV/W 238 ST,40.884074,-73.89776
103962,VAN CORTLANDT AV W/ORLOFF AV,40.883801,-73.893294
103964,BAILEY AV/W 233 ST,40.879675,-73.901163
103965,VAN CORTLANDT AV W/ORLOFF AV,40.883559,-73.892994
103966,BAILEY AV/VAN CORTLANDT PK SOUTH,40.88534,-73.8948
103968,GRAND CONCOURSE/E 156 ST,40.823685,-73.924298
103969,GRAND CONCOURSE/E 170 ST,40.838994,-73.913297
103970,GRAND CONCOURSE/FIELD PL,40.858876,-73.898793
103973,GRAND CONCOURSE/E 177 ST,40.848991,-73.906702
103974,GRAND CONCOURSE/E 170 ST,40.838449,-73.914273
103980,3 AV/148 ST,40.81561,-73.918311
103983,3 AV/E 149 ST,40.816092,-73.917441
103984,LINCOLN AV/E 137 ST,40.809876,-73.927908
103985,BOSTON RD/E 165 ST,40.825653,-73.907363
103989,THROGS NECK EXPWY/MEAGHER AV,40.821086,-73.81259
103990,E 163 ST/SOUTHERN BLVD,40.821027,-73.891402
103997,E 241 ST/CRANFORD AV,40.903339,-73.850048
103999,EAST FORDHAM RD/WEBSTER AV,40.861596,-73.891066
104001,3 AV/E 183 ST,40.853852,-73.891067
104002,BAINBRIDGE AV/E 210 ST,40.879413,-73.879003
104004,BRUCKNER BLVD/BRUSH AV,40.827971,-73.839534
104007,EAST GUN HILL RD/WEBSTER AV,40.878411,-73.870745
104009,SEDGWICK AV/CEDAR AV,40.852361,-73.920087
104011,SEDGWICK AV/CEDAR AV,40.852316,-73.920217
104012,SEDGWICK AV/HARLEM RIVER BRIDGE,40.852169,-73.920468
104013,WEST BURNSIDE AV/PHELAN PL,40.854157,-73.915444
104015,EAST FORDHAM RD/3 AV,40.861137,-73.890431
104017,FORDHAM PLAZA/BUS TERMINAL,40.860236,-73.890885
104018,FORDHAM PLAZA/BUS TERMINAL,40.860164,-73.890964
104035,WEST FARMS RD/E 167 ST,40.82707,-73.889631
104036,WEST FARMS RD/LONGFELLOW AV,40.829138,-73.887763
104037,WEST FARMS RD/JENNINGS ST,40.830502,-73.885659
104048,WEST FARMS RD/VYSE AV,40.827017,-73.889887
104049,GRAND CONCOURSE/E 172 ST,40.841146,-73.912351
104050,GRAND CONCOURSE/FIELD PL,40.858473,-73.899618
104052,EAST GUN HILL RD/BRONXWOOD AV,40.8755,-73.860325
104053,BROOK AV/PARK AV,40.827878,-73.91177
104054,MELROSE AV/PARK AV,40.827552,-73.912181
104055,LAFAYETTE AV/PUGSLEY AV,40.82238,-73.855288
104056,LAFAYETTE AV/OLMSTEAD AV,40.822806,-73.851624
104057,LAFAYETTE AV/OLMSTEAD AV,40.822908,-73.851937
104058,LAFAYETTE AV/PUGSLEY AV,40.822391,-73.856033
104059,HALLECK ST/FOOD CENTER DR,40.809619,-73.880502
104061,GRAND CONCOURSE/E 187 ST,40.860215,-73.898624
104062,THROGS NECK EXPWY/RANDALL AV,40.828202,-73.817185
104063,EAST TREMONT AV/BARKLEY AV,40.830961,-73.826384
104066,TURNBULL AV/ PUGSLEY AV,40.823059,-73.855739
104067,BAYCHESTER AV/IFO PC RICHARDS,40.868096,-73.831301
104070,KENNELLWORTH PL/AMPERE AV,40.846103,-73.82222
104072,BRONXWOOD AV/GUN HILL RD,40.875562,-73.860337
104073,W 169 ST/OGDEN AV,40.840112,-73.92516
104076,WEBSTER AV/E 194 ST,40.863204,-73.889418
104077,CASTLE HILL AV/HERMANY AV,40.82461,-73.849396
104078,CASTLE HILL AV/TURNBULL AV,40.823743,-73.849062
104080,EAST FORDHAM RD/CAMBRELENG AV,40.857651,-73.882903
104081,BAYCHESTER AV/NEW ENGLAND THRUWAY EXIT,40.866449,-73.830818
104084,MORRIS PARK AV/ADAMS ST,40.841829,-73.872012
104085,BEDFORD PARK BLVD/JEROME AV,40.87347,-73.889546
104087,BEDFORD PARK BLVD/JEROME AV,40.873741,-73.889941
104088,BEDFORD PARK BLVD/PAUL AV,40.874569,-73.891797
104089,EAST KINGSBRIDGE RD/E 192 ST,40.864013,-73.894256
104090,EAST FORDHAM RD/3 AV,40.861077,-73.890088
104093,E 163 ST/TRINITY AV,40.823129,-73.905286
104094,E 163 ST/TINTON AV,40.822922,-73.903638
104096,WEBSTER AV/EAST FORDHAM RD,40.861901,-73.890985
104097,WEBSTER AV/E 189 ST,40.860578,-73.89242
104099,SOUTHERN BLVD/AV SAINT JOHN,40.812932,-73.900976
104102,EAST FORDHAM RD/3 AV,40.860827,-73.889882
104104,EAST TREMONT AV/THIERIOT AV,40.840632,-73.865995
104106,EAST TREMONT A/ROOSEVELT AV,40.825648,-73.821205
104107,EAST TREMONT AV/PHILIP AV,40.828171,-73.823746
104110,RAWLINS AV/KEARNEY AV,40.839595,-73.824037
104112,GRAND CONCOURSE/EAST TREMONT AV,40.849059,-73.905997
104113,CO-OP CITY BLVD/BAY PLAZA BLVD,40.868138,-73.826902
104114,RANDALL AV/CROSS BRONX EXPWY SERVICE RD,40.8244,-73.825237
104116,E 161 ST/MORRIS AV,40.82569,-73.918605
104117,EAST TREMONT AV/DEVOE AV,40.840014,-73.877652
104221,SOUTHERN BLVD/E 163 ST,40.820842,-73.891773
104222,3 AV/E 188 ST,40.858468,-73.891007
104223,3 AV/E 189 ST,40.860483,-73.890837
104225,MORRIS PARK AV/WILLIAMSBRIDGE RD,40.850399,-73.851246
104226,WEST FORDHAM RD/UNIVERSITY AV,40.862773,-73.905143
104227,EAST GUN HILL RD/DEKALB AV,40.882393,-73.880852
104228,PENNYFIELD AV/HARDING AV,40.816653,-73.808978
104229,HARDING AV/PENNYFIELD AV,40.816709,-73.809253
104230,HARDING AV/THROGS NECK BLVD,40.816548,-73.811762
104233,E 149 ST/MELROSE AV,40.81628,-73.918103
104234,BRONX RIVER AV/BRUCKNER BLVD,40.822484,-73.882739
104235,EAST FORDHAM RD/VALENTINE AV,40.862237,-73.895647
104237,HARDING AV/THROGS NECK BLVD,40.816617,-73.812202
104238,DEVOE AV/LEBANON ST,40.84152,-73.876332
104240,EAST FORDHAM RD/ELM PL,40.861917,-73.893921
104242,SOUTHERN BLVD/AVENUE SAINT JOHN,40.812995,-73.901337
104243,HARDING AV/EAST TREMONT AV,40.816013,-73.816094
104248,WALNUT AV/E 135 ST,40.800813,-73.910573
104249,WALNUT AV/E 133 ST,40.799752,-73.911466
104250,WALNUT AV/E 135 ST,40.80129,-73.909904
104251,E 138 ST/WALNUT AV,40.803107,-73.908753
104256,MUNDY LA/NEREID AV,40.900501,-73.839901
104257,BAYCHESTER AV/STRANG AV,40.890232,-73.842718
104260,PITMAN AV/MURDOCK AV,40.897308,-73.842654
104261,PITMAN AV/HILL AV,40.8974,-73.841425
104265,BAYCHESTER AV/750 BAYCHESTER AV,40.87415,-73.833733
104266,3 AV/E 182 ST,40.852555,-73.892487
104268,BOSTON RD/PALMER AV,40.882023,-73.836933
104269,BOSTON RD/BOLLER AV,40.88196,-73.836739
104274,GEIGERICH PL/LOCUST POINT DR,40.816774,-73.800411
104276,E 174 ST/BRYANT AV,40.836618,-73.885269
104277,SAINT ANN'S AV/E 138 ST,40.806692,-73.917435
104278,SAINT ANN'S AV/E 140 ST,40.808259,-73.916397
104279,SAINT ANN'S AV/SAINT MARY'S ST,40.810507,-73.915101
104280,SAINT ANN'S AV/E 146 ST,40.81198,-73.914225
104281,SAINT ANN'S AV/E 149 ST,40.814112,-73.913075
104282,SAINT ANN'S AV/E 146 ST,40.812396,-73.914062
104283,SAINT ANN'S AV/E 143 ST,40.810518,-73.915151
104284,SAINT ANN'S AV/E 141 ST,40.80824,-73.91661
104285,E 138 ST/SAINT ANN'S AV,40.806642,-73.917271
104286,WEBSTER AV/CLAREMONT PKWY,40.840005,-73.905192
104288,E 167 ST/SOUTHERN BLVD,40.82672,-73.891695
104291,EAST GUN HILL RD/WHITE PLAINS RD,40.877521,-73.866829
104292,E 174 ST/ BRYANT AV,40.836456,-73.88525
104293,MELROSE AV/E 160 ST,40.823678,-73.914169
104294,BAYCHESTER AV/750 BAYCHESTER AV,40.874686,-73.834037
104296,3 AV/E 157 ST,40.820753,-73.912551
104297,HARDING AV/DAVIS AV,40.813812,-73.824485
104298,HARDING AV/BUTTRICK AV,40.81411,-73.823908
104299,HARDING AV/HOSMER AV,40.813235,-73.826535
104300,HARDING AV/EMERSON AV,40.812899,-73.827201
104306,E 167 ST/MORRIS AV,40.833483,-73.914491
104308,WEBSTER AV/E 179 ST,40.850311,-73.899501
104310,E 233 ST/WEBSTER AV,40.895269,-73.863423
104311,E 168 ST/FRANKLIN AV,40.830318,-73.903725
104312,WESTCHESTER AV/BRYANT AV,40.82626,-73.888662
104313,WESTCHESTER AV/COLGATE AV,40.8283,-73.881774
104315,WESTCHESTER AV/NOBLE AV,40.830706,-73.870182
104316,WESTCHESTER AV/NOBLE AV,40.8309,-73.869859
104318,WESTCHESTER AV/COLGATE AV,40.828428,-73.881734
104322,E 163 ST/KELLY ST,40.821043,-73.896395
104323,E 163 ST/INTERVALE AV,40.82094,-73.896667
104326,UNIVERSITY AV/W 176 ST,40.848728,-73.918115
104327,MORRIS PARK AV/DELANCEY PL,40.846484,-73.860226
104328,WEST FORDHAM RD/JEROME AV,40.862736,-73.901377
104329,PELHAM PKWY/WHITE PLAINS RD,40.856721,-73.867268
104330,PELHAM PKWY/WHITE PLAINS RD,40.857267,-73.86777
104331,EAST FORDHAM RD/ JEROME AV,40.862839,-73.901247
104332,WEST FORDHAM RD/CEDAR AV,40.861762,-73.911586
104341,E 149 ST/COURTLANDT AV,40.816704,-73.919881
104344,WEST FORDHAM RD/ SEDGWICK AV,40.862457,-73.909277
104347,3 AV/E 157 ST,40.820896,-73.91249
104349,E 180 ST/WEBSTER AV,40.852216,-73.898028
104351,BAYCHESTER AV/STRANG AV,40.890282,-73.842587
104368,WESTCHESTER AV/LANE AV,40.839766,-73.843223
104371,3 AV/CLAREMONT PKWY,40.838042,-73.90119
104372,ZEREGA AV/CASTLE HILL AV,40.812847,-73.846145
104375,WESTCHESTER AV/BLONDEL AV,40.840897,-73.841545
104376,CEDAR AV/WEST TREMONT AV,40.853385,-73.919401
104377,CEDAR AV/W 179 ST,40.855608,-73.917293
104478,RIVER AV/E 150 ST,40.820631,-73.929494
104479,RIVER AV/E 151 ST,40.822541,-73.928776
104483,RIVER AV/E 149 ST,40.819692,-73.930046
104488,PROSPECT AV/WESTCHESTER AV,40.819315,-73.901848
104489,LONGWOOD AV/KELLY ST,40.817552,-73.898429
104490,LONGWOOD AV/SOUTHERN BLVD,40.816185,-73.896123
104491,LONGWOOD AV/BARRY ST,40.814442,-73.893263
104492,LONGWOOD AV/TRUXTON ST,40.813378,-73.891361
104493,TIFFANY ST/RANDALL AV,40.811366,-73.890571
104494,TIFFANY ST/OAK POINT AV,40.809527,-73.89009
104495,VIELE AV/CASANOVA ST,40.806177,-73.887932
104497,VIELE AV/FAILE ST,40.806734,-73.884605
104498,VIELE AV/WHITTIER ST,40.807142,-73.881918
104499,RYAWA AV/HALLECK ST,40.805571,-73.879129
104500,FOOD CENTER DR/FARRAGUT ST,40.803403,-73.873471
104501,FOOD CENTER DR/HUNTS POINT MARKET,40.808635,-73.871865
104502,FOOD CENTER DR/BALDOR,40.810311,-73.874247
104503,FOOD CENTER DR/TERMINAL,40.809978,-73.876657
104504,HALLECK ST/VIELE AV,40.807666,-73.879994
104505,VIELE AV/WHITTIER ST,40.807251,-73.881867
104506,VIELE AV/FAILE ST,40.806841,-73.884705
104508,VIELE AV/CASANOVA ST,40.806334,-73.888384
104509,TIFFANY ST/OAK POINT AV,40.809551,-73.889931
104510,TIFFANY ST/RANDALL AV,40.811713,-73.89046
104511,LONGWOOD AV/TIFFANY ST,40.813434,-73.891252
104512,LONGWOOD AV/BARRY ST,40.814552,-73.893161
104513,LONGWOOD AV/SOUTHERN BLVD,40.816459,-73.896301
104514,LONGWOOD AV/DAWSON ST,40.818132,-73.899136
104515,3 AV/WESTCHESTER AV,40.816492,-73.916829
104517,WEBSTER AV/E 180 ST,40.851452,-73.898563
104522,E 167 ST/WEBSTER AV,40.830923,-73.910919
104524,MELROSE AV/E 161 ST,40.824308,-73.913705
104526,WHITE PLAINS RD/LACOMBE AV,40.81549,-73.856674
104528,E 156 ST/ PROSPECT AV,40.817256,-73.902288
104530,E 161 ST/MACOMBS DAM BRIDGE,40.829006,-73.928147
104531,ASCH LOOP/ADLER PL,40.871084,-73.828469
104532,ASCH LOOP/ADLER PL,40.870938,-73.82815
104533,MARCONI ST/WATERS PL,40.846761,-73.842598
104534,MARCONI ST/LA FITNESS,40.849408,-73.841541
104536,MARCONI ST/911 CALL CENTER,40.855109,-73.837728
104537,MARCONI ST/HUTCHINSON METRO CENTER,40.852648,-73.839821
104538,MARCONI ST/LA FITNESS,40.849464,-73.84178
104539,WATERS ST/MARCONI ST,40.846537,-73.84328
104540,MARCONI ST/HUTCHINSON METRO CENTER,40.852535,-73.839687
104545,PELHAM PKWY/ESPLANADE AV,40.857012,-73.857393
104554,WEBSTER AV/CLAREMONT PKWY,40.841814,-73.904078
104556,WEBSTER AV/E 180 ST,40.852176,-73.898105
104557,WEBSTER AV/EAST FORDHAM RD,40.862256,-73.890512
104561,WEBSTER AV/EAST FORDHAM RD,40.861522,-73.891617
104562,WEBSTER AV/E 180 ST,40.851158,-73.898933
104569,EDWARD L GRANT HWY/UNIVERSITY AV,40.84396,-73.922796
104570,BRUCKNER BLVD/SAINT JOSEPHS WAY,40.828675,-73.835386
104577,BROADWAY/KIMBERLY PL,40.877817,-73.905669
104578,W 230 ST/TIBETT AV,40.879416,-73.909536
104598,3 AV/CROSS BRONX EXPWY,40.84331,-73.898018
104599,3 AV/E 173 ST,40.841157,-73.898918
104600,3 AV/E 173 ST,40.840658,-73.899441
104605,FOOD CENTER DR/FULTON FISH MARKET,40.804746,-73.876055
104619,HUTCHINSON RIVER PKWY/BOLLER AV,40.863045,-73.825716
104644,BRUCKNER BLVD/BRONX RIVER AV,40.823239,-73.883043
104657,E 180 ST/MORRIS PARK AV,40.840796,-73.87274
104664,E 180 ST/MORRIS PARK AV,40.84098,-73.872995
104666,E 180 ST/BOSTON RD,40.842623,-73.878296
104676,WILLIAMSBRIDGE RD/HALPERIN AV,40.842891,-73.844666
104678,UNIVERSITY AV/1910 UNIVERSITY AV,40.852867,-73.9129
150006,BOSTON RD/ADEE AV,40.869652,-73.857255
150007,BOSTON RD/ARNOW AV,40.867846,-73.859347
150008,BOSTON RD/ARNOW AV,40.867643,-73.859753
150015,BOSTON RD/HOLLAND AV,40.863353,-73.865199
150016,BOSTON RD/HOLLAND AV,40.863379,-73.865339
150017,BOSTON RD/HONE AV,40.869733,-73.857309
150018,BOSTON RD/LACONIA AV,40.871793,-73.855432
150019,BOSTON RD/BURKE AV,40.870733,-73.856442
150020,BOSTON RD/MATTHEWS AV,40.865355,-73.862679
150022,BOSTON RD/THWAITES PL,40.858293,-73.86796
150118,SEDGWICK AV/WEBB AV,40.863402,-73.909119
150119,SEDGWICK AV/WEBB AV,40.863445,-73.90902
150138,BRUCKNER BLVD/WILKINSON  AV,40.852322,-73.826993
150139,BRUCKNER BLVD/WILKINSON AV,40.852493,-73.826939
150166,CO-OP CITY BLVD/DREISER LOOP,40.878497,-73.828115
400414,SAINT NICHOLAS AV/W 163 ST,40.837027,-73.940079
400459,BROADWAY/W 168 ST,40.841182,-73.939778
400892,W 157 ST/EDWARD M MORGAN PL,40.834496,-73.94579
402523,AMSTERDAM AV/W 149 ST,40.828108,-73.945426
402538,BROADWAY/W 181 ST,40.850064,-73.935752
402543,BROADWAY/FAIRVIEW AV,40.856963,-73.932382
402544,BROADWAY/W 193 ST,40.858522,-73.93156
402545,BROADWAY/W 196 ST,40.86087,-73.930498
402546,BROADWAY/SHERMAN AV,40.862909,-73.929874
402549,BROADWAY/DYCKMAN ST,40.865578,-73.926845
402551,BROADWAY/W 204 ST,40.867016,-73.922896
402555,BROADWAY/W 215 ST,40.869668,-73.915951
402556,BROADWAY/W 218 ST,40.871039,-73.914232
402607,BROADWAY/W 218 ST,40.870885,-73.914603
402608,BROADWAY/W 215 ST,40.869669,-73.91619
402611,BROADWAY/ISHAM ST,40.868072,-73.919801
402612,BROADWAY/W 204 ST,40.866919,-73.92352
402617,BROADWAY/SHERMAN AV,40.86174,-73.930223
402619,BROADWAY/BENNETT AV,40.859744,-73.93122
402620,BROADWAY/W 192 ST,40.857503,-73.932283
402623,BROADWAY/W 187 ST,40.853917,-73.933943
402624,BROADWAY/W 185 ST,40.852515,-73.934671
402626,BROADWAY/W 181 ST,40.849923,-73.936046
403295,BROADWAY/W 190 ST,40.85622,-73.933026
403485,BROADWAY/W 220 ST,40.872453,-73.91266
403652,W 181 ST/AMSTERDAM AV,40.848237,-73.931
403653,W 181 ST/SAINT NICHOLAS AV,40.849311,-73.933514
403656,W 181 ST/SAINT NICHOLAS AV,40.849246,-73.933664
403658,W 181 ST/AMSTERDAM AV,40.848163,-73.931184
403667,W 178 ST/FORT WASHINGTON AV,40.84843,-73.938117
403669,BROADWAY/179 ST,40.849327,-73.936507
403681,W 145 ST/BROADWAY,40.826198,-73.950148
403682,W 145 ST/AMSTERDAM AV,40.825272,-73.947941
403684,W 145 ST/SAINT NICHOLAS AV,40.82402,-73.944964
403686,W 145 ST/FREDERICK DOUGLASS BLVD,40.822558,-73.941493
403687,W 145 ST/ADAM C POWELL BLVD,40.821648,-73.939352
403688,W 145 ST/MALCOLM X BLVD,40.820444,-73.93639
403689,W 145 ST/MALCOLM X BLVD,40.820557,-73.936347
403690,W 145 ST/ADAM C POWELL BLVD,40.821618,-73.938795
403691,W 145 ST/FREDERICK DOUGLASS BLVD,40.822843,-73.941703
403693,W 145 ST/SAINT NICHOLAS AV,40.82403,-73.944516
403694,W 145 ST/CONVENT AV,40.824665,-73.946033
403695,W 145 ST/AMSTERDAM AV,40.825231,-73.947373
403696,W 145 ST/BROADWAY,40.826407,-73.950176
403697,W 155 ST/BROADWAY,40.832495,-73.945427
403698,W 155 ST/AMSTERDAM AV,40.831216,-73.942299
403702,W 155 ST/EDGECOMBE AV,40.830676,-73.940641
403703,W 155 ST/AMSTERDAM AV,40.831576,-73.942887
403704,W 155 ST/BROADWAY,40.832753,-73.945564
403712,W 135 ST/5 AV,40.812924,-73.937965
403713,W 135 ST/MALCOLM X BLVD,40.814347,-73.941325
403716,W 135 ST/SAINT NICHOLAS AV,40.817043,-73.947771
403717,W 135 ST/SAINT NICHOLAS AV,40.816986,-73.947789
403720,W 135 ST/MALCOLM X BLVD,40.813836,-73.940328
403721,W 135 ST/5 AV,40.812561,-73.937318
403722,E 135 ST/MADISON AV,40.812103,-73.93625
403728,RIVERSIDE DR WEST/157-10 RIVERSIDE DR,40.836311,-73.948435
403783,WADSWORTH AV/W 181 ST,40.849579,-73.935065
403790,RIVERSIDE DR/W 156 ST,40.834677,-73.947848
403813,BROADWAY/RIVERSIDE DR,40.865142,-73.928072
403950,W 145 ST/RIVERSIDE DR,40.827014,-73.951571
404022,W 145 ST/RIVERSIDE DR,40.826817,-73.95165
404026,BROADWAY/W 178 ST,40.848648,-73.937357
404028,BROADWAY/W 220 ST,40.872516,-73.912412
404113,W 135 ST/ADAM C POWELL BLVD,40.814999,-73.943104
404114,W 135 ST/ADAM C POWELL BLVD,40.815597,-73.944297
404140,SAINT NICHOLAS AV/W 167 ST,40.839813,-73.939745
404144,BROADWAY/W 207 ST,40.867837,-73.920569
404165,W 207 ST/10 AV,40.864244,-73.918515
404170,W 207 ST/10 AV,40.864421,-73.918721
404249,BROADWAY/W 207 ST,40.867654,-73.921445
404250,BROADWAY/W 207 ST,40.867571,-73.921698
404270,BROADWAY/W 220 ST,40.87245,-73.91256
404324,WADSWORTH AV/W 181 ST,40.849738,-73.935135
404330,W 181 ST/WADSWORTH AV,40.849838,-73.935187
404360,RIVERSIDE DR/W 160 ST,40.837201,-73.947183
404361,EDWARD M MORGAN PL/W 157 ST,40.834572,-73.945529
404835,BROADWAY/ISHAM ST,40.868199,-73.919491
404839,BROADWAY/DONGAN PL,40.863519,-73.93004
404849,W 179 ST/BROADWAY,40.848915,-73.936889
405005,BROADWAY/W 187 ST,40.854452,-73.933487
405074,AMSTERDAM AV/W 152 ST,40.829905,-73.944107
405427,DYCKMAN ST/BROADWAY,40.865323,-73.927186
405428,DYCKMAN ST/SHERMAN AV,40.863379,-73.925988
405429,DYCKMAN ST/FORT GEORGE HILL,40.861291,-73.92465
405430,10 AV/HARLEM RIVER DR,40.859553,-73.9224
405431,10 AV/W 202 ST,40.861465,-73.921028
405432,10 AV/W 207 ST,40.864243,-73.919017
405433,10 AV/SHERMAN AV,40.866604,-73.917237
405434,10 AV/W 215 ST,40.869287,-73.915263
405435,10 AV/W 214 ST,40.869019,-73.915699
405436,10 AV/W 211 ST,40.86707,-73.917052
405437,10 AV/W 207 ST,40.864759,-73.918751
405439,10 AV/W 202 ST,40.861233,-73.921398
405440,DYCKMAN ST/10 AV,40.859308,-73.923155
405442,DYCKMAN ST/SHERMAN AV,40.863489,-73.925907
405589,DYCKMAN ST/NAGLE AV,40.86154,-73.924652
802008,BAINBRIDGE AV/E 206 ST,40.874804,-73.879385
802009,E 241 ST/CRANFORD AV,40.903265,-73.849912
802021,BAINBRIDGE AV/E 206 ST,40.874442,-73.879381
802024,BAY PLAZA BLVD/BARTOW AV,40.867349,-73.824572
802025,BAY PLAZA BLVD/J C PENNY,40.865989,-73.827298
802031,179 ST/BROADWAY,40.848902,-73.936861
802060,LANE AV/BENSON AV,40.840285,-73.843243
802062,VALENTINE AV/FORDHAM RD,40.862502,-73.895797
802065,TREMONT AV/LANE AV,40.840268,-73.843224
802079,CROTONA AV/TREMONT AV,40.84551,-73.890987
802080,CROTONA AV/TREMONT AV,40.845322,-73.891254
802088,E 161 ST/SHERMAN AV,40.826089,-73.920193
802089,HALLECK ST/SPOFFORD AV,40.81514,-73.881866
802091,PROSPECT AV/WESTCHESTER AV,40.819383,-73.901827
802102,WALNUT AV/E 133 ST,40.79965,-73.9116
802104,E 233 ST/WEBSTER  AV,40.895393,-73.863417
802110,E 163 ST/INTERVALE AV,40.821064,-73.896763
802111,HALLECK ST/SPOFFORD AV,40.814388,-73.881454
802117,E 161 ST/RIVER AV,40.827665,-73.926283
802118,RESEARCH AV/AMPERE AV,40.846008,-73.819252
802125,BAY PLAZA BLVD/BARTOW AV,40.866821,-73.825051
802131,WHITE PLAINS RD/EAST GUN HILL RD,40.877403,-73.866076
802137,HUGH GRANT CIRCLE/CROSS BRONX EXPWY SERVICE RD,40.832718,-73.860488
802139,WHITE PLAINS RD/STORY AV,40.82439,-73.858732
802141,WHITE PLAINS RD/STORY AV,40.824106,-73.858845
802146,E 161 ST/SHERMAN AV,40.826349,-73.920714
802148,E 148 ST/BERGEN AV,40.815031,-73.917877
802149,RIVER AV/E 157 ST,40.825928,-73.927088
802150,RIVER AV/E 151 ST,40.822691,-73.928853
802151,MARCONI ST /911 CALL  CENTER,40.854989,-73.83761
802156,RIVER AV/E 157 ST,40.825982,-73.926969
802158,WESTCHESTER AV/BRUCKNER BLVD,40.852868,-73.82681
802159,CHARLES CRIMI RD/SUBWAY OVERPASS,40.852924,-73.825938
802161,WEBSTER AV/EAST TREMONT AV,40.847617,-73.901023
802164,pelhambruck sb rp,40.856264,-73.82654
802165,E 170 ST/GRAND CONCOURSE,40.838728,-73.91349
802166,ASCH LOOP/ADLER PL,40.870955,-73.828366
802167,Parking Ramp/Access Rd,40.865119,-73.828095
802168,PARKING RAMP/ACCESS RD,40.86545,-73.82781
802169,CHARLES CIMI PL/WILKINSON AV,40.851997,-73.826235
802173,3 AV/149 ST,40.815909,-73.917815
802179,W 170 ST/EDWARD L GRANT HWY,40.840258,-73.921174
802180,EDWARD L GRANT HWY/W 170 St,40.840073,-73.921448
802185,W 168 ST/OGDEN AV,40.838452,-73.926092
802186,UNIVERSITY AV/ W 175 ST,40.847651,-73.919561
802187,BERGEN AV/E 149 ST,40.815805,-73.916496
802188,BROADWAY/W 184 ST,40.852193,-73.934658
802189,W 170 ST/PLAZA DR,40.840375,-73.918194
803006,BROADWAY/W 179 ST,40.849011,-73.93689
803011,W 179 ST/BROADWAY,40.848866,-73.936758
803061,W 205 ST/PAUL AV,40.877071,-73.890065
803062,RIVERSIDE DR WEST/157-10 RIVERSIDE DR,40.836205,-73.948478
902004,WESTCHESTER AV/BENSON ST,40.839816,-73.843143
902015,WESTCHESTER AV/VIRGINIA AV,40.832913,-73.861664
902016,UNION AV/HOME ST,40.827438,-73.899831
902023,WESTCHESTER AV/EAST TREMONT AV,40.840747,-73.841989
902030,SOUTHERN BLVD/BOTANICAL GARDENS,40.861203,-73.880674
902058,MALL/BAY PLAZA,40.865666,-73.827623
902062,HUNTS POINT AV/BRUCKNER BLVD,40.820353,-73.890936
902079,macombs/bridge ap,40.827866,-73.93063
902097,UNDERCLIFF AV/W 176 ST,40.849816,-73.921532
902100,FOOD CENTER DR/TERMINAL,40.810093,-73.876076
902102,E 163 ST/ 3 AV,40.824077,-73.908882
902103,BROADWAY/ISHAM ST-W 211 ST,40.868104,-73.919548
902109,charles crimi pl/overpass4,40.856082,-73.832275
902118,WEBSTER AV/CLAREMONT PKWY,40.839862,-73.905401
902119,WEBSTER AV/E 170 ST,40.835369,-73.907954
902120,WEBSTER AV/E 170 ST,40.835554,-73.907699
902121,SOUNDVIEW AV/CORNELL AV,40.807549,-73.852334
902122,SOUNDVIEW AV/SOUNDVIEW FERRY,40.805708,-73.848804
902123,SOUNDVIEW AV/SOUNDVIEW FERRY,40.805744,-73.848798
902124,E 180 ST/BOSTON RD,40.842469,-73.877969
902128,WEST FARMS RD/HOE AV,40.825367,-73.891278
902137,KENNELLWORTH PL/SPENCER DR,40.84311,-73.822535
902139,BOSTON RD/GUN HILL RD,40.873391,-73.853586
902141,BOSTON RD/BRONXWOOD AV,40.866149,-73.861421
902151,WHITE PLAINS RD/PELHAM PKWY,40.857325,-73.867639
902159,WEST FARMS RD/JENNINGS ST,40.830358,-73.885702
902161,JENNINGS ST/BRYANT AV,40.831474,-73.887809
902162,BRYANT AV/HOME ST,40.828892,-73.889107
902169,E 170 ST/GRAND CONCOURSE,40.838512,-73.913583
902170,E 170 ST/GRAND CONCOURSE,40.838712,-73.913443
902172,W 168 ST/OGDEN AV,40.838543,-73.926331
902173,SEDGWICK AV/DEPOT PL,40.841157,-73.928004
902181,EAST KINGSBRIDGE RD/MORRIS AV,40.867242,-73.89673
902196,MACOMBS RD/W 174 ST,40.847141,-73.916292
902197,WHITE PLAINS RD/BIRCHALL AV,40.850278,-73.867876
902198,WHITE PLAINS RD/E 236 ST,40.895444,-73.856098
902199,WHITE PLAINS RD/E 236 ST,40.895748,-73.856155
902201,W 167 ST/W 168 ST,40.838829,-73.928122
902202,W 168 ST/W 167 ST,40.838721,-73.928037
902203,RIVERDALE AV/W 231 ST,40.881264,-73.909381
902209,pelham py/connector-w,40.857402,-73.821609
902210,EASTCHESTER RD/SACKETT AV,40.849583,-73.845028
902211,EAST GUN HILL RD/SEYMOUR AV,40.870364,-73.845979
902212,WESTCHESTER AV/BRUCKNER BLVD,40.853265,-73.826752
902214,E 163 ST/SIMPSON ST,40.820999,-73.892684
902215,E 163 ST/SOUTHERN BLVD,40.820955,-73.89174
902217,BAYCHESTER AV/DONIZETTI PL,40.876213,-73.833934
902222,EAST GUN HILL RD/TRYON AV,40.880231,-73.876708
902223,EAST GUN HILL RD/HULL AV,40.878853,-73.873378
902225,RANDALL AV/THROGS NECK EXPWY,40.827727,-73.818399
902226,INDEPENDENCE AV/W 237 ST,40.88736,-73.913311
902239,EAST FORDHAM RD/VALENTINE AV,40.862247,-73.895709
902244,W 145 ST/CONVENT AV,40.824558,-73.946098
903252,EAST TREMONT AV/WEBSTER AV,40.847572,-73.900564
903253,EAST TREMONT AV/SOUTHERN BLVD,40.842728,-73.8859
903254,EAST TREMONT AV/E 177 ST,40.839859,-73.878467
903255,EAST TREMONT AV/BOSTON RD,40.840225,-73.879921
903256,EAST TREMONT AV/CROTONA PKWY,40.842548,-73.885207
903257,EAST TREMONT AV/WEBSTER AV,40.847694,-73.900711
903272,W 178 ST/FORT WASHINGTON AV,40.84845,-73.938283
903274,BROADWAY/W 179 ST,40.848852,-73.937108
903278,AMSTERDAM AV/W 145 ST,40.825623,-73.947214
903326,SAINT NICHOLAS AV/W 124 ST,40.810305,-73.952957
904048,TREMONT AV/LANE AV,40.841077,-73.842848
904049,TREMONT AV/LANE AV,40.840854,-73.842493
300000,ORIENTAL BLVD/MACKENZIE ST,40.57835,-73.940029
300002,ORIENTAL BLVD/JAFFRAY ST,40.578066,-73.943029
300003,ORIENTAL BLVD/HASTINGS ST,40.577909,-73.944643
300004,ORIENTAL BLVD/FALMOUTH ST,40.577718,-73.9462
300006,ORIENTAL BLVD/DOVER ST,40.577353,-73.949552
300007,ORIENTAL BLVD/BEAUMONT ST,40.577148,-73.951388
300008,ORIENTAL BLVD/WEST END AV,40.577003,-73.952724
300009,BRIGHTON BEACH AV/CORBIN PL,40.577381,-73.954407
300010,BRIGHTON BEACH AV/BRIGHTON 14 ST,40.577957,-73.956381
300011,BRIGHTON BEACH AV/BRIGHTON 12 ST,40.578369,-73.958173
300012,BRIGHTON BEACH AV/CONEY ISLAND AV,40.577968,-73.960253
300013,BRIGHTON BEACH AV/BRIGHTON 5 ST,40.577402,-73.962835
300014,BRIGHTON BEACH AV/BRIGHTON 3 ST,40.577035,-73.964603
300016,BRIGHTON BEACH AV/OCEAN PKWY,40.576421,-73.967439
300017,OCEAN PKWY/OCEAN VIEW AV,40.57874,-73.967853
300018,OCEAN PKWY/NEPTUNE AV,40.580219,-73.967568
300019,OCEAN PKWY/WEST AV,40.581414,-73.967253
300020,OCEAN PKWY/SHORE PKWY,40.585483,-73.966323
300022,AVENUE X/E 2 ST,40.590771,-73.968783
300023,AVENUE X/WEST ST,40.590563,-73.97063
300025,AVENUE X/McDONALD AV,40.59019,-73.974001
300026,86 ST/VAN SICKLEN ST,40.591307,-73.976136
300028,86 ST/W 9 ST,40.593826,-73.980239
300030,86 ST/AVENUE U,40.595739,-73.983411
300031,86 ST/STILLWELL AV,40.596791,-73.985195
300032,86 ST/25 AV,40.597875,-73.987055
300033,86 ST/24 AV,40.599207,-73.989229
300034,86 ST/23 AV,40.600524,-73.991422
300035,86 ST/BAY PKWY,40.60188,-73.993637
300036,86 ST/21 AV,40.603239,-73.995905
300037,86 ST/20 AV,40.604568,-73.998095
300038,86 ST/19 AV,40.605899,-74.000299
300040,86 ST/18 AV,40.607724,-74.00326
300041,86 ST/17 AV,40.608866,-74.005121
300042,86 ST/16 AV,40.610351,-74.007581
300043,86 ST/15 AV,40.611706,-74.009829
300044,86 ST/14 AV,40.61322,-74.012413
300045,86 ST/13 AV,40.614061,-74.013726
300046,13 AV/84 ST,40.615392,-74.012419
300047,13 AV/82 ST,40.616543,-74.011238
300048,13 AV/79 ST,40.618206,-74.009502
300049,13 AV/77 ST,40.619307,-74.008353
300050,13 AV/BAY RIDGE PKWY,40.620531,-74.007085
300051,13 AV/73 ST,40.621657,-74.005904
300052,13 AV/71 ST,40.62276,-74.004769
300053,BAY RIDGE AV/13 AV,40.624096,-74.004425
300054,BAY RIDGE AV/12 AV,40.62526,-74.006365
300055,BAY RIDGE AV/11 AV,40.6266,-74.008588
300056,BAY RIDGE AV/10 AV,40.62789,-74.010721
300057,BAY RIDGE AV/FORT HAMILTON PKWY,40.628927,-74.012433
300060,OVINGTON AV/6 AV,40.631427,-74.018741
300061,BAY RIDGE AV/6 AV,40.632552,-74.018875
300062,BAY RIDGE AV/5 AV,40.633457,-74.020864
300063,BAY RIDGE AV/4 AV,40.634837,-74.023869
300064,BAY RIDGE AV/3 AV,40.635935,-74.026507
300065,BAY RIDGE AV/RIDGE BLVD,40.636711,-74.029008
300066,BAY RIDGE AV/COLONIAL RD,40.637514,-74.031606
300067,NARROWS AV/BAY RIDGE AV,40.637879,-74.034089
300068,NARROWS AV/MACKAY PL,40.63658,-74.034621
300071,BAY RIDGE AV/SHORE RD,40.63857,-74.035368
300073,BAY RIDGE AV/COLONIAL RD,40.637191,-74.030921
300074,BAY RIDGE AV/RIDGE BLVD,40.636379,-74.028312
300075,BAY RIDGE AV/3 AV,40.635436,-74.02551
300076,BAY RIDGE AV/4 AV,40.634412,-74.02321
300077,BAY RIDGE AV/5 AV,40.633496,-74.02121
300078,BAY RIDGE AV/6 AV,40.632161,-74.01833
300079,BAY RIDGE AV/7 AV,40.631622,-74.017124
300080,BAY RIDGE AV/7 AV,40.630779,-74.015733
300082,BAY RIDGE AV/FORT HAMILTON PKWY,40.628414,-74.011816
300084,BAY RIDGE AV/11 AV,40.626114,-74.008008
300085,BAY RIDGE AV/12 AV,40.624783,-74.005803
300086,BAY RIDGE AV/13 AV,40.623729,-74.004056
300087,13 AV/71 ST,40.622354,-74.005403
300088,13 AV/73 ST,40.621231,-74.006574
300089,13 AV/BAY RIDGE PKWY,40.620062,-74.007784
300090,13 AV/77 ST,40.618933,-74.008958
300091,13 AV/79 ST,40.6178,-74.010143
300092,13 AV/82 ST,40.616153,-74.011854
300093,13 AV/85 ST,40.614506,-74.013568
300094,86 ST/13 AV,40.613803,-74.013665
300095,86 ST/14 AV,40.612745,-74.011895
300096,86 ST/15 AV,40.611114,-74.00922
300097,86 ST/16 AV,40.61009,-74.007517
300098,86 ST/17 AV,40.608331,-74.004599
300099,86 ST/18 AV,40.606983,-74.002384
300100,86 ST/19 AV,40.605962,-74.000609
300101,86 ST/20 AV,40.604609,-73.998365
300102,86 ST/21 AV,40.603292,-73.996289
300103,86 ST/BAY PKWY,40.601956,-73.994024
300104,86 ST/23 AV,40.600576,-73.991795
300105,86 ST/24 AV,40.599284,-73.989619
300106,86 ST/25 AV,40.597916,-73.987365
300107,86 ST/AVENUE U,40.595564,-73.983487
300109,86 ST/AVENUE V,40.593719,-73.98043
300110,86 ST/W 8 ST,40.592785,-73.978889
300111,86 ST/AVENUE W,40.591702,-73.977019
300113,AVENUE X/W 1 ST,40.590412,-73.970811
300114,AVENUE X/E 1 ST,40.590625,-73.968888
300115,AVENUE X/E 3 ST,40.590783,-73.967099
300116,AVENUE X/OCEAN PKWY,40.590966,-73.965535
300117,OCEAN PKWY/SHORE PKWY,40.584715,-73.966889
300118,OCEAN PKWY/WEST AV,40.581609,-73.967352
300119,OCEAN PKWY/NEPTUNE AV,40.58051,-73.967694
300120,OCEAN PKWY/OCEAN VIEW AV,40.578153,-73.968242
300122,BRIGHTON BEACH AV/BRIGHTON 1 PL,40.576643,-73.966356
300123,BRIGHTON BEACH AV/BRIGHTON 3 ST,40.57701,-73.963782
300124,BRIGHTON BEACH AV/BRIGHTON 6 ST,40.577504,-73.961553
300126,BRIGHTON BEACH AV/BRIGHTON 12 ST,40.578158,-73.957712
300127,BRIGHTON BEACH AV/BRIGHTON 14 ST,40.577484,-73.955349
300128,CORBIN PL/BRIGHTON BEACH AV,40.577334,-73.953996
300129,ORIENTAL BLVD/WEST END AV,40.576804,-73.953057
300130,ORIENTAL BLVD/BEAUMONT ST,40.576998,-73.950519
300131,ORIENTAL BLVD/DOVER ST,40.577176,-73.948788
300132,ORIENTAL BLVD/OCEAN AV,40.577327,-73.947381
300135,ORIENTAL BLVD/KENSINGTON ST,40.578066,-73.941234
300136,ORIENTAL BLVD/MACKENZIE ST,40.578031,-73.939993
300137,E 16 ST/QUENTIN RD,40.607383,-73.957178
300138,E 16 ST/AVENUE R,40.605994,-73.956899
300139,AVENUE R/E 18 ST,40.606033,-73.954997
300140,AVENUE R/OCEAN AV,40.606262,-73.95289
300143,AVENUE R/BEDFORD AV,40.606787,-73.9481
300146,AVENUE R/NOSTRAND AV,40.607307,-73.943357
300147,AVENUE R/GERRITSEN AV,40.60749,-73.941693
300148,AVENUE R/STUART ST,40.608643,-73.941614
300150,AVENUE R/E 31 ST,40.610568,-73.938621
300151,AVENUE R/E 33 ST,40.611492,-73.937187
300152,AVENUE R/E 35 ST,40.612411,-73.935767
300153,AVENUE R/E 36 ST,40.612882,-73.935039
300154,E 36 ST/FILLMORE AV,40.611424,-73.93333
300155,E 36 ST/AVENUE S,40.609798,-73.931523
300157,AVENUE S/RYDER ST,40.61104,-73.929213
300158,AVENUE S/COLEMAN ST,40.611975,-73.927775
300159,AVENUE S/FLATBUSH AV,40.612861,-73.926402
300163,FLATBUSH AV/AVENUE T,40.611476,-73.92407
300164,AVENUE S/FLATBUSH AV,40.612834,-73.926683
300165,AVENUE S/KIMBALL ST,40.611723,-73.928427
300166,AVENUE S/E 38 ST,40.610791,-73.929858
300168,E 36 ST/FILLMORE AV,40.611333,-73.933006
300169,E 36 ST/AVENUE R,40.612956,-73.934819
300170,AVENUE R/E 34 ST,40.612172,-73.936405
300171,AVENUE R/E 32 ST,40.611251,-73.937836
300172,AVENUE R/MARINE PKWY,40.610316,-73.939273
300173,AVENUE R/BURNETT ST,40.609328,-73.940801
300174,AVENUE R/GERRITSEN AV,40.608404,-73.942236
300175,AVENUE R/NOSTRAND AV,40.607452,-73.943023
300178,AVENUE R/BEDFORD AV,40.606955,-73.947815
300181,AVENUE R/OCEAN AV,40.60643,-73.952548
300182,QUENTIN RD/E 19 ST,40.608692,-73.954826
300183,QUENTIN RD/E 16 ST,40.60843,-73.957131
300184,25 AV/HARWAY AV,40.593023,-73.992179
300185,25 AV/BATH AV,40.594519,-73.990627
300186,25 AV/BENSON AV,40.596462,-73.988603
300187,25 AV/84 ST,40.598978,-73.985989
300188,25 AV/86 ST,40.598202,-73.986799
300189,STILLWELL AV/85 ST,40.597458,-73.985513
300190,AVENUE U/W 12 ST,40.595808,-73.983231
300191,AVENUE U/W 11 ST,40.595967,-73.981805
300194,AVENUE U/W 5 ST,40.596597,-73.976079
300195,AVENUE U/McDONALD AV,40.59689,-73.973433
300196,AVENUE U/E 1 ST,40.597252,-73.970141
300197,AVENUE U/E 4 ST,40.597556,-73.967379
300198,AVENUE U/OCEAN PKWY,40.597723,-73.965874
300199,AVENUE U/E 8 ST,40.598081,-73.962629
300200,AVENUE U/CONEY ISLAND AV,40.5983,-73.960394
300201,AVENUE U/E 13 ST,40.598604,-73.957872
300202,AVENUE U/E 15 ST,40.598809,-73.956032
300203,AVENUE U/E 18 ST,40.599121,-73.953147
300205,AVENUE U/E 23 ST,40.599673,-73.948116
300206,AVENUE U/BEDFORD AV,40.599886,-73.946201
300207,AVENUE U/E 28 ST,40.600189,-73.943409
300208,AVENUE U/NOSTRAND AV,40.600372,-73.941954
300209,AVENUE U/BROWN ST,40.600618,-73.939545
300210,AVENUE U/FORD ST,40.600818,-73.937719
300211,AVENUE U/BRAGG ST,40.600974,-73.936315
300212,AVENUE U/GERRITSEN AV,40.601588,-73.935111
300213,AVENUE U/BURNETT ST,40.602835,-73.933173
300214,AVENUE U/E 33 ST,40.60495,-73.9299
300215,AVENUE U/E 35 ST,40.606099,-73.92812
300216,AVENUE U/E 37 ST,40.606834,-73.926992
300218,AVENUE U/COLEMAN ST,40.608708,-73.924165
300219,AVENUE U/HENDRICKSON ST,40.609418,-73.92304
300220,AVENUE U/FLATBUSH AV,40.610106,-73.921794
300222,AVENUE U/E 56 ST,40.612257,-73.918627
300223,AVENUE U/E 57 ST,40.613232,-73.917202
300224,AVENUE U/E 59 ST,40.614158,-73.915782
300225,AVENUE U/MILL AV,40.615353,-73.913968
300226,AVENUE U/E 64 ST,40.61652,-73.912034
300227,AVENUE U/E 66 ST,40.617184,-73.911013
300228,AVENUE U/E 69 ST,40.619048,-73.908507
300229,AVENUE U/E 71 ST,40.61988,-73.907262
300240,AVENUE U/E 71 ST,40.619674,-73.90784
300241,AVENUE U/E 69 ST,40.619027,-73.908839
300242,AVENUE U/E 66 ST,40.617192,-73.911319
300244,AVENUE U/MILL AV,40.615236,-73.914287
300245,AVENUE U/E 59 ST,40.613836,-73.916446
300246,AVENUE U/E 57 ST,40.612863,-73.917909
300247,AVENUE U/E 56 ST,40.611915,-73.919338
300249,AVENUE U/FLATBUSH AV,40.610026,-73.922318
300250,AVENUE U/HENDRICKSON ST,40.609332,-73.923321
300251,AVENUE U/KIMBALL ST,40.608205,-73.925176
300252,AVENUE U/E 37 ST,40.606823,-73.927309
300253,AVENUE U/E 35 ST,40.605863,-73.928798
300254,AVENUE U/E 33 ST,40.60492,-73.930246
300255,AVENUE U/STUART ST,40.602324,-73.93416
300256,AVENUE U/GERRITSEN AV,40.601558,-73.935453
300257,AVENUE U/COYLE ST,40.600966,-73.937589
300258,AVENUE U/BATCHELDER ST,40.600756,-73.939487
300259,AVENUE U/NOSTRAND AV,40.600492,-73.941683
300260,AVENUE U/E 27 ST,40.60013,-73.945188
300261,AVENUE U/BEDFORD AV,40.599919,-73.947094
300262,AVENUE U/E 23 ST,40.599714,-73.948955
300263,AVENUE U/OCEAN AV,40.599392,-73.951901
300264,AVENUE U/E 18 ST,40.599168,-73.953925
300265,AVENUE U/E 16 ST,40.598941,-73.955956
300266,AVENUE U/E 13 ST,40.598651,-73.958664
300267,AVENUE U/CONEY ISLAND AV,40.598317,-73.961653
300268,AVENUE U/E 8 ST,40.59812,-73.963443
300270,AVENUE U/E 5 ST,40.597712,-73.967156
300271,AVENUE U/E 2 ST,40.597389,-73.970098
300273,AVENUE U/McDONALD AV,40.597063,-73.97304
300274,AVENUE U/VAN SICKLEN ST,40.596855,-73.974924
300275,AVENUE U/W 5 ST,40.596633,-73.976904
300276,AVENUE U/W 8 ST,40.59637,-73.979331
300277,AVENUE U/W 10 ST,40.596109,-73.981686
300278,AVENUE U/W 12 ST,40.595904,-73.983555
300280,25 AV/86 ST,40.597678,-73.987555
300281,25 AV/BENSON AV,40.595998,-73.989302
300282,25 AV/BATH AV,40.594115,-73.991268
300283,25 AV/HARWAY AV,40.592836,-73.992519
300284,NARROWS AV/77 ST,40.631834,-74.036377
300285,77 ST/COLONIAL RD,40.63116,-74.033383
300286,77 ST/RIDGE BLVD,40.630524,-74.030709
300287,77 ST/3 AV,40.630003,-74.028522
300288,4 AV/77 ST,40.629658,-74.025431
300289,BAY RIDGE PKWY/4 AV,40.630627,-74.024689
300290,BAY RIDGE PKWY/5 AV,40.629496,-74.022812
300291,BAY RIDGE PKWY/6 AV,40.627826,-74.019971
300292,BAY RIDGE PKWY/7 AV,40.627089,-74.018766
300293,BAY RIDGE PKWY/FORT HAMILTON PKWY,40.625839,-74.016671
300294,BAY RIDGE PKWY/10 AV,40.624119,-74.01381
300295,BAY RIDGE PKWY/11 AV,40.622762,-74.011573
300296,BAY RIDGE PKWY/12 AV,40.621423,-74.009357
300297,BAY RIDGE PKWY/13 AV,40.620352,-74.007586
300298,BAY RIDGE PKWY/14 AV,40.618789,-74.004966
300299,BAY RIDGE PKWY/15 AV,40.617684,-74.003181
300300,BAY RIDGE PKWY/NEW UTRECHT AV,40.615549,-73.999603
300301,BAY RIDGE PKWY/17 AV,40.614605,-73.998051
300302,BAY RIDGE PKWY/18 AV,40.613434,-73.996128
300303,BAY RIDGE PKWY/19 AV,40.611947,-73.993655
300304,BAY RIDGE PKWY/20 AV,40.610635,-73.99149
300305,BAY RIDGE PKWY/21 AV,40.609334,-73.989308
300306,STILLWELL AV/BAY PKWY,40.607636,-73.987424
300307,STILLWELL AV/KINGS HWY,40.606167,-73.987168
300308,STILLWELL AV/23 AV,40.604646,-73.986877
300309,STILLWELL AV/80 ST,40.602772,-73.986532
300310,STILLWELL AV/82 ST,40.60071,-73.986132
300311,STILLWELL AV/25 AV,40.599338,-73.985866
300319,SHELL RD/AVENUE Y,40.58764,-73.974415
300320,AVENUE Z/SHELL RD,40.585738,-73.973945
300322,AVENUE Z/WEST ST,40.586228,-73.969541
300323,AVENUE Z/OCEAN PKWY,40.586549,-73.966596
300326,NEPTUNE AV/OCEAN PKWY,40.580395,-73.966949
300328,NEPTUNE AV/BRIGHTON 6 ST,40.581349,-73.962444
300329,NEPTUNE AV/CONEY ISLAND AV,40.581974,-73.959499
300332,SHEEPSHEAD BAY RD/EMMONS AV,40.584161,-73.950714
300334,VOORHIES AV/E 14 ST,40.585677,-73.95473
300335,E 14 ST/SHEEPSHEAD BAY RD,40.587519,-73.955125
300338,AVENUE Z/E 19 ST,40.58836,-73.950134
300339,OCEAN AV/VOORHIES AV,40.586611,-73.948857
300347,NOSTRAND AV/SHORE PKWY,40.585898,-73.939036
300350,KNAPP ST/HARKNESS AV,40.58644,-73.93159
300351,KNAPP ST/SHORE PKWY,40.585035,-73.931329
300356,EMMONS AV/E 28 ST,40.583934,-73.941083
300357,EMMONS AV/E 26 ST,40.583795,-73.942948
300358,EMMONS AV/DOOLEY ST,40.583818,-73.945198
300361,AVENUE Z/OCEAN AV,40.58853,-73.949817
300362,AVENUE Z/E 18 ST,40.5883,-73.95188
300363,E 16 ST/SHEEPSHEAD BAY RD,40.587307,-73.953339
300364,SHEEPSHEAD BAY RD/VOORHIES AV,40.585419,-73.951591
300366,SHEEPSHEAD BAY RD/EMMONS AV,40.583619,-73.950517
300368,EMMONS AV/E 14 ST,40.583077,-73.95458
300369,NEPTUNE AV/E 12 ST,40.582484,-73.957604
300370,NEPTUNE AV/CONEY ISLAND AV,40.581873,-73.960418
300372,NEPTUNE AV/BRIGHTON 6 ST,40.581281,-73.963246
300373,NEPTUNE AV/BRIGHTON 4 ST,40.580928,-73.964947
300374,NEPTUNE AV/OCEAN PKWY,40.580502,-73.96715
300377,AVENUE Z/OCEAN PKWY,40.586618,-73.966815
300378,AVENUE Z/WEST ST,40.586331,-73.969315
300379,AVENUE Z/W 2 ST,40.586131,-73.971148
300380,AVENUE Z/SHELL RD,40.585808,-73.974196
300381,SHELL RD/BOUCK CT,40.588948,-73.974098
300388,STILLWELL AV/AVENUE S,40.600653,-73.985898
300389,STILLWELL AV/HIGHLAWN AV,40.602964,-73.986333
300390,STILLWELL AV/QUENTIN RD,40.60499,-73.986718
300391,STILLWELL AV/KINGS HWY,40.605876,-73.98688
300393,BAY RIDGE PKWY/BAY PKWY,40.608429,-73.987625
300394,BAY RIDGE PKWY/21 AV,40.609747,-73.989859
300395,BAY RIDGE PKWY/20 AV,40.611059,-73.992054
300396,BAY RIDGE PKWY/19 AV,40.612406,-73.99427
300397,BAY RIDGE PKWY/18 AV,40.613332,-73.995824
300398,BAY RIDGE PKWY/17 AV,40.615061,-73.998672
300399,BAY RIDGE PKWY/NEW UTRECHT AV,40.61605,-74.000319
300400,BAY RIDGE PKWY/15 AV,40.617884,-74.003335
300401,BAY RIDGE PKWY/14 AV,40.619186,-74.005498
300402,BAY RIDGE PKWY/13 AV,40.620249,-74.007285
300403,BAY RIDGE PKWY/12 AV,40.621574,-74.009499
300404,BAY RIDGE PKWY/11 AV,40.623164,-74.012115
300405,BAY RIDGE PKWY/10 AV,40.624474,-74.014292
300406,BAY RIDGE PKWY/FORT HAMILTON PKWY,40.625722,-74.016365
300407,BAY RIDGE PKWY/7 AV,40.626579,-74.017763
300408,BAY RIDGE PKWY/6 AV,40.628223,-74.020518
300409,BAY RIDGE PKWY/5 AV,40.629463,-74.022455
300410,4 AV/BAY RIDGE PKWY,40.630536,-74.025309
300411,4 AV/77 ST,40.62957,-74.025708
300412,78 ST/4 AV,40.628785,-74.026335
300413,78 ST/3 AV,40.629297,-74.028504
300414,78 ST/RIDGE BLVD,40.630068,-74.031736
300415,78 ST/COLONIAL RD,40.630687,-74.034366
300418,CROPSEY AV/BAY 49 ST,40.586092,-73.987889
300419,CROPSEY AV/BAY 46 ST,40.588211,-73.989591
300420,CROPSEY AV/BAY 44 ST,40.58941,-73.990563
300421,CROPSEY AV/26 AV,40.590742,-73.99164
300422,CROPSEY AV/25 AV,40.592279,-73.992878
300424,CROPSEY AV/23 AV,40.59596,-73.99691
300427,BAY PKWY/BATH AV,40.598406,-73.997389
300428,BAY PKWY/BENSON AV,40.600434,-73.995232
300429,BAY PKWY/86 ST,40.602335,-73.993317
300431,BAY PKWY/80 ST,40.60552,-73.989941
300432,BAY PKWY/78 ST,40.606366,-73.989185
300433,KINGS HWY/STILLWELL AV,40.605901,-73.986599
300434,KINGS HWY/W 11 ST,40.605566,-73.984352
300437,KINGS HWY/W 5 ST,40.604796,-73.977704
300438,KINGS HWY/W 3 ST,40.604593,-73.976322
300440,KINGS HWY/MCDONALD AV,40.604153,-73.972421
300441,KINGS HWY/E 3 ST,40.604424,-73.969576
300442,KINGS HWY/OCEAN PKWY,40.605439,-73.967361
300443,KINGS HWY/E 7 ST,40.606182,-73.965268
300445,KINGS HWY/CONEY ISLAND AV,40.607467,-73.961376
300446,KINGS HWY/E 13 ST,40.607908,-73.960227
300447,KINGS HWY/E 16 ST,40.608965,-73.95758
300448,KINGS HWY/E 18 ST,40.61001,-73.955222
300449,KINGS HWY/OCEAN AV,40.61054,-73.953732
300450,KINGS HWY/E 22 ST,40.611336,-73.951181
300451,KINGS HWY/BEDFORD AV,40.612831,-73.949277
300452,KINGS HWY/E 27 ST,40.614047,-73.947586
300453,KINGS HWY/E 29 ST,40.615238,-73.94581
300455,KINGS HWY/AVENUE N,40.617286,-73.943444
300456,KINGS HWY/NEW YORK AV,40.61878,-73.942175
300458,KINGS HWY/E 37 ST,40.621437,-73.939312
300461,KINGS HWY/E 37 ST,40.621517,-73.939238
300464,KINGS HWY/AVENUE N,40.617502,-73.943347
300465,KINGS HWY/NOSTRAND AV,40.616201,-73.944651
300466,KINGS HWY/E 28 ST,40.614915,-73.946398
300469,KINGS HWY/E 22 ST,40.61136,-73.951457
300470,AVENUE P/OCEAN AV,40.610932,-73.954068
300471,E 18 ST/AVENUE P,40.61034,-73.955736
300472,KINGS HWY/E 16 ST,40.608974,-73.957913
300473,KINGS HWY/E 13 ST,40.608115,-73.95995
300474,KINGS HWY/CONEY ISLAND AV,40.607249,-73.962372
300475,KINGS HWY/E 8 ST,40.606374,-73.965124
300476,KINGS HWY/OCEAN PKWY,40.605847,-73.966597
300477,KINGS HWY/E 4 ST,40.604569,-73.969493
300478,KINGS HWY/McDONALD AV,40.604265,-73.971906
300480,KINGS HWY/W 2 ST,40.604628,-73.975529
300481,KINGS HWY/W 4 ST,40.604821,-73.97698
300482,KINGS HWY/W 6 ST,40.605104,-73.978896
300486,KINGS HWY/STILLWELL AV,40.606014,-73.986733
300488,BAY PKWY/79 ST,40.605937,-73.989707
300489,BAY PKWY/80 ST,40.605152,-73.990615
300490,BAY PKWY/83 ST,40.603469,-73.992365
300491,BAY PKWY/86 ST,40.602119,-73.993777
300492,BAY PKWY/BENSON AV,40.600058,-73.99592
300493,BAY PKWY/BATH AV,40.598676,-73.997292
300495,CROPSEY AV/BAY PKWY,40.596918,-73.998484
300496,CROPSEY AV/23 AV,40.595889,-73.997256
300497,CROPSEY AV/24 AV,40.593924,-73.994851
300499,CROPSEY AV/25 AV,40.59198,-73.993018
300500,CROPSEY AV/26 AV,40.590053,-73.991456
300501,CROPSEY AV/BAY 44 ST,40.588727,-73.99039
300502,CROPSEY AV/BAY 46 ST,40.587574,-73.989465
300503,CROPSEY AV/BAY 49 ST,40.58599,-73.988187
300505,CROPSEY AV/BAY 37 ST,40.593473,-73.993985
300515,BAY PKWY/STILLWELL AV,40.607852,-73.987517
300516,BAY PKWY/W 12 ST,40.609801,-73.985496
300517,BAY PKWY/W 10 ST,40.611412,-73.983821
300519,BAY PKWY/64 ST,40.614634,-73.980467
300520,BAY PKWY/62 ST,40.61574,-73.979307
300521,BAY PKWY/60 ST,40.616625,-73.978441
300522,BAY PKWY/McDONALD AV,40.621242,-73.97486
300523,BAY PKWY/E 3 ST,40.622677,-73.973513
300524,AVENUE J/E 5 ST,40.624,-73.971516
300525,AVENUE J/OCEAN PKWY,40.624186,-73.969805
300526,AVENUE J/E 8 ST,40.62443,-73.967629
300527,AVENUE J/CONEY ISLAND AV,40.624756,-73.964675
300529,AVENUE J/E 16 ST,40.625207,-73.960572
300530,AVENUE J/E 18 ST,40.62547,-73.958147
300532,AVENUE J/E 22 ST,40.625918,-73.954054
300534,BEDFORD AV/AVENUE J,40.626549,-73.951586
300535,BEDFORD AV/AVENUE I,40.628783,-73.951952
300536,BEDFORD AV/CAMPUS RD,40.632483,-73.952713
300538,GLENWOOD RD/BEDFORD AV,40.633378,-73.952817
300540,GLENWOOD RD/FLATBUSH AV,40.634365,-73.949541
300541,GLENWOOD RD/NOSTRAND AV,40.633953,-73.947823
300542,GLENWOOD RD/E 32 ST,40.634075,-73.945488
300543,GLENWOOD RD/E 34 ST,40.634192,-73.94359
300544,GLENWOOD RD/BROOKLYN AV,40.634312,-73.941658
300545,GLENWOOD RD/E 38 ST,40.634432,-73.939702
300547,AVENUE H/ALBANY AV,40.63227,-73.936587
300548,AVENUE H/E 43 ST,40.632384,-73.934728
300549,AVENUE H/E 45 ST,40.632504,-73.932801
300550,AVENUE H/E 48 ST,40.632656,-73.930408
300551,AVENUE H/UTICA AV,40.632745,-73.928556
300552,AVENUE H/E 52 ST,40.632928,-73.92598
300553,AVENUE H/E 54 ST,40.633044,-73.924124
300557,RALPH AV/FARRAGUT RD,40.636984,-73.919226
300559,RALPH AV/GLENWOOD RD,40.633991,-73.918924
300560,FLATLANDS AV/RALPH AV,40.632435,-73.917964
300563,FLATLANDS AV/E 80 ST,40.635669,-73.912833
300564,FLATLANDS AV/E 82 ST,40.636307,-73.911845
300565,FLATLANDS AV/E 84 ST,40.637481,-73.910039
300566,FLATLANDS AV/E 86 ST,40.638457,-73.90852
300567,FLATLANDS AV/E 88 ST,40.6394,-73.907063
300568,FLATLANDS AV/REMSEN AV,40.640161,-73.906024
300569,FLATLANDS AV/E 92 ST,40.641223,-73.90424
300570,FLATLANDS AV/E 94 ST,40.642232,-73.902689
300578,GLENWOOD RD/E 103 ST,40.648241,-73.897469
300579,GLENWOOD RD/E 105 ST,40.649199,-73.89599
300580,GLENWOOD RD/E 108 ST,40.650551,-73.893811
300582,COZINE AV/ALABAMA AV,40.653155,-73.889392
300584,WORTMAN AV/PENNSYLVANIA AV,40.655651,-73.887872
300585,WORTMAN AV/VERMONT ST,40.656348,-73.886291
300587,WORTMAN AV/SCHENCK AV,40.658398,-73.881415
300588,WORTMAN AV/JEROME ST,40.659099,-73.879784
300590,COZINE AV/ASHFORD ST,40.658229,-73.878016
300591,COZINE AV/JEROME ST,40.657591,-73.879502
300595,COZINE AV/PENNSYLVANIA AV,40.654012,-73.887765
300596,COZINE AV/ALABAMA AV,40.652974,-73.890175
300602,FLATLANDS AV/E 101 ST,40.645385,-73.898091
300608,FLATLANDS AV/E 94 ST,40.642084,-73.903226
300609,FLATLANDS AV/E 92 ST,40.641064,-73.904852
300610,FLATLANDS AV/REMSEN AV,40.640398,-73.905913
300611,FLATLANDS AV/E 88 ST,40.639151,-73.907846
300612,FLATLANDS AV/E 86 ST,40.638208,-73.909295
300613,FLATLANDS AV/E 84 ST,40.637259,-73.91077
300614,FLATLANDS AV/E 82 ST,40.63633,-73.912123
300615,FLATLANDS AV/E 80 ST,40.635345,-73.91372
300617,FLATLANDS AV/E 76 ST,40.63355,-73.916374
300618,FLATLANDS AV/RALPH AV,40.632236,-73.918456
300619,GLENWOOD RD/RALPH AV,40.634263,-73.919349
300620,GLENWOOD RD/E 58 ST,40.633443,-73.920618
300621,AVENUE H/E 56 ST,40.633241,-73.923033
300622,AVENUE H/E 54 ST,40.633133,-73.924816
300623,AVENUE H/E 52 ST,40.633008,-73.926845
300624,AVENUE H/UTICA AV,40.632921,-73.928199
300626,AVENUE H/SCHENECTADY AV,40.632701,-73.931741
300627,AVENUE H/E 45 ST,40.632586,-73.933582
300628,AVENUE H/E 43 ST,40.632467,-73.935481
300629,AVENUE H/ALBANY AV,40.632371,-73.936901
300630,GLENWOOD RD/ALBANY AV,40.634699,-73.937435
300631,GLENWOOD RD/E 39 ST,40.634577,-73.93955
300632,GLENWOOD RD/E 37 ST,40.634454,-73.94142
300633,GLENWOOD RD/E 35 ST,40.634335,-73.943308
300634,GLENWOOD RD/NEW YORK AV,40.634215,-73.945305
300635,GLENWOOD RD/NOSTRAND AV,40.634055,-73.947662
300636,GLENWOOD RD/FLATBUSH AV,40.634494,-73.949624
300637,GLENWOOD RD/AMERSFORT PL,40.633685,-73.951228
300638,BEDFORD AV/GLENWOOD RD,40.633085,-73.953001
300640,BEDFORD AV/AVENUE I,40.628336,-73.952097
300641,BEDFORD AV/AVENUE J,40.626359,-73.951727
300652,BAY PKWY/E 3 ST,40.623052,-73.973344
300653,BAY PKWY/McDONALD AV,40.620765,-73.97541
300654,BAY PKWY/60 ST,40.616814,-73.978399
300655,BAY PKWY/61 ST,40.615943,-73.979394
300656,BAY PKWY/63 ST,40.61481,-73.980564
300657,BAY PKWY/65 ST,40.613662,-73.981764
300658,BAY PKWY/67 ST,40.612491,-73.982982
300659,BAY PKWY/BAY RIDGE AV,40.611363,-73.984156
300660,BAY PKWY/71 ST,40.610265,-73.985298
300662,BAY PKWY/BAY RIDGE PKWY,40.608322,-73.987319
300663,BAY PKWY/77 ST,40.606807,-73.988897
300671,SHORE PKWY/BAY PKWY,40.595583,-74.000051
300682,KINGS HWY/TROY AV,40.625514,-73.93357
300683,KINGS HWY/AVENUE J,40.627748,-73.932408
300684,KINGS HWY/AVENUE I,40.630112,-73.932493
300685,KINGS HWY/SCHENECTADY AV,40.631186,-73.931311
300687,KINGS HWY/UTICA AV,40.633852,-73.928686
300688,KINGS HWY/GLENWOOD RD,40.635173,-73.927414
300690,KINGS HWY/FOSTER AV,40.639847,-73.925736
300691,KINGS HWY/AVENUE D,40.642247,-73.925316
300692,KINGS HWY/CLARENDON RD,40.64454,-73.924912
300693,KINGS HWY/BEVERLY RD,40.646508,-73.924541
300694,KINGS HWY/TILDEN AV,40.648349,-73.924223
300695,KINGS HWY/SNYDER AV,40.650358,-73.923566
300696,KINGS HWY/CHURCH AV,40.65226,-73.922863
300697,KINGS HWY/REMSEN AV,40.654987,-73.92166
300698,KINGS HWY/LINDEN BLVD,40.654162,-73.921981
300701,LENOX RD/E 95 ST,40.658558,-73.919642
300702,LENOX RD/ROCKAWAY PKWY,40.659694,-73.917875
300703,RIVERDALE AV/E 98 ST,40.659785,-73.916538
300705,SARATOGA AV/LIVONIA AV,40.661891,-73.915519
300706,SARATOGA AV/DUMONT AV,40.663424,-73.915916
300707,SARATOGA AV/BLAKE AV,40.664923,-73.9163
300708,SARATOGA AV/SUTTER AV,40.666456,-73.916681
300712,THOMAS S BOYLAND ST/EASTERN PKWY,40.671746,-73.91408
300713,THOMAS S BOYLAND ST/SAINT MARKS AV,40.67352,-73.913929
300714,THOMAS S BOYLAND ST/DEAN ST,40.675255,-73.913774
300715,THOMAS S BOYLAND ST/ATLANTIC AV,40.676804,-73.913608
300716,THOMAS S BOYLAND ST/FULTON ST,40.678306,-73.913515
300717,THOMAS S BOYLAND ST/MACDOUGAL ST,40.680249,-73.913901
300718,THOMAS S BOYLAND ST/MARION ST,40.681762,-73.914198
300719,THOMAS S BOYLAND ST/BAINBRIDGE ST,40.683126,-73.914485
300733,BROADWAY/HALSEY ST,40.685949,-73.915792
300735,SARATOGA AV/HALSEY ST,40.685581,-73.917794
300736,SARATOGA AV/MACDONOUGH ST,40.68384,-73.917422
300737,SARATOGA AV/BAINBRIDGE ST,40.682281,-73.917127
300738,SARATOGA AV/MARION ST,40.680823,-73.916806
300740,SARATOGA AV/FULTON ST,40.678683,-73.916364
300741,SARATOGA AV/ATLANTIC AV,40.676301,-73.91655
300742,SARATOGA AV/DEAN ST,40.674753,-73.916696
300743,SARATOGA AV/SAINT MARKS AV,40.673073,-73.916857
300744,SARATOGA AV/PARK PL,40.671313,-73.917033
300748,SARATOGA AV/SUTTER AV,40.665897,-73.916651
300749,SARATOGA AV/BLAKE AV,40.664381,-73.916275
300750,SARATOGA AV/DUMONT AV,40.662788,-73.915859
300751,SARATOGA AV/LIVONIA AV,40.661247,-73.915462
300753,RIVERDALE AV/LEGION ST,40.659874,-73.916427
300754,LENOX RD/E 98 ST,40.659872,-73.917761
300755,LENOX RD/ROCKAWAY PKWY,40.659264,-73.918693
300757,KINGS HWY/E 94 ST,40.658165,-73.92073
300758,KINGS HWY/E 92 ST,40.65604,-73.921512
300759,KINGS HWY/REMSEN AV,40.654936,-73.922074
300760,KINGS HWY/LINDEN BLVD,40.65399,-73.922466
300761,KINGS HWY/CHURCH AV,40.652613,-73.923007
300762,KINGS HWY/SNYDER AV,40.650701,-73.923737
300763,KINGS HWY/TILDEN AV,40.648142,-73.924361
300764,KINGS HWY/BEVERLY RD,40.646798,-73.92459
300765,KINGS HWY/CLARENDON RD,40.644852,-73.924957
300766,KINGS HWY/AVENUE D,40.642517,-73.92538
300767,KINGS HWY/FOSTER AV,40.64015,-73.925779
300769,KINGS HWY/GLENWOOD RD,40.635362,-73.927397
300770,KINGS HWY/UTICA AV,40.634364,-73.928319
300771,KINGS HWY/AVENUE H,40.632863,-73.929791
300772,KINGS HWY/SCHENECTADY AV,40.631618,-73.930996
300773,KINGS HWY/AVENUE I,40.630323,-73.932419
300774,KINGS HWY/AVENUE J,40.628024,-73.932551
300790,CROPSEY AV/15 AV,40.606253,-74.014512
300791,CROPSEY AV/16 AV,40.60502,-74.012147
300792,CROPSEY AV/17 AV,40.603645,-74.009511
300794,18 AV/BATH AV,40.603758,-74.006201
300795,18 AV/BENSON AV,40.605339,-74.004548
300796,18 AV/86 ST,40.607126,-74.002697
300797,18 AV/85 ST,40.60771,-74.001974
300798,18 AV/84 ST,40.608515,-74.000972
300799,18 AV/81 ST,40.610167,-73.999132
300800,18 AV/79 ST,40.611284,-73.998008
300801,18 AV/77 ST,40.612404,-73.99687
300802,18 AV/BAY RIDGE PKWY,40.613623,-73.99562
300803,18 AV/72 ST,40.615327,-73.993898
300804,18 AV/70 ST,40.616444,-73.992778
300805,18 AV/68 ST,40.617578,-73.991629
300806,18 AV/66 ST,40.618717,-73.990476
300807,18 AV/64 ST,40.619927,-73.989251
300808,18 AV/62 ST,40.62106,-73.988109
300809,18 AV/60 ST,40.621884,-73.987273
300811,18 AV/55 ST,40.625092,-73.984077
300812,18 AV/53 ST,40.62622,-73.982953
300814,18 AV/50 ST,40.62793,-73.981252
300816,18 AV/47 ST,40.629557,-73.979501
300817,18 AV/McDONALD AV,40.63058,-73.977328
300818,18 AV/E 3 ST,40.631799,-73.974755
300819,18 AV/OCEAN PKWY,40.632858,-73.972514
300820,18 AV/E 8 ST,40.634276,-73.969538
300821,CONEY ISLAND AV/18 AV,40.634887,-73.967667
300822,CONEY ISLAND AV/NEWKIRK AV,40.633378,-73.967229
300823,FOSTER AV/CONEY ISLAND AV,40.632406,-73.96639
300824,FOSTER AV/ARGYLE RD,40.633338,-73.964444
300825,FOSTER AV/E 16 ST,40.634403,-73.962252
300826,FOSTER AV/E 18 ST,40.635483,-73.959996
300827,FOSTER AV/OCEAN AV,40.636454,-73.957974
300828,FOSTER AV/E 22 ST,40.637313,-73.95619
300830,FOSTER AV/FLATBUSH AV,40.638358,-73.953178
300831,ROGERS AV/FOSTER AV,40.638798,-73.951109
300832,AVENUE D/ROGERS AV,40.640731,-73.950855
300833,AVENUE D/NOSTRAND AV,40.640867,-73.948675
300834,AVENUE D/E 31 ST,40.640968,-73.947133
300835,AVENUE D/NEW YORK AV,40.641085,-73.945216
300836,AVENUE D/E 35 ST,40.641197,-73.943324
300837,AVENUE D/E 37 ST,40.641325,-73.941396
300838,AVENUE D/E 39 ST,40.641439,-73.939497
300839,AVENUE D/E 45 ST,40.641793,-73.933761
300841,AVENUE D/SCHENECTADY AV,40.641909,-73.931861
300842,AVENUE D/UTICA AV,40.642092,-73.92891
300843,AVENUE D/E 53 ST,40.642238,-73.926618
300844,AVENUE D/KINGS HWY,40.642293,-73.925681
300847,BEVERLY RD/E 57 ST,40.646696,-73.922642
300848,BEVERLY RD/E 59 ST,40.646805,-73.92083
300853,REMSEN AV/AVENUE D,40.646308,-73.91291
300857,RALPH AV/CLARENDON RD,40.645384,-73.919936
300858,BEVERLY RD/RALPH AV,40.64695,-73.920674
300859,BEVERLY RD/E 58 ST,40.646841,-73.922458
300862,AVENUE D/E 52 ST,40.642327,-73.927299
300863,AVENUE D/UTICA AV,40.642169,-73.929879
300864,AVENUE D/E 48 ST,40.642055,-73.931652
300865,AVENUE D/E 46 ST,40.641938,-73.933634
300866,AVENUE D/E 43 ST,40.641756,-73.936517
300867,AVENUE D/E 40 ST,40.641579,-73.939324
300868,AVENUE D/E 38 ST,40.641462,-73.941223
300869,AVENUE D/BROOKLYN AV,40.641342,-73.943158
300873,FOSTER AV/E 29 ST,40.638584,-73.94969
300874,FOSTER AV/ROGERS AV,40.638499,-73.95103
300875,FOSTER AV/FLATBUSH AV,40.638495,-73.953477
300876,FOSTER AV/BEDFORD AV,40.638172,-73.954775
300877,FOSTER AV/E 22 ST,40.637102,-73.956936
300878,FOSTER AV/OCEAN AV,40.636205,-73.958803
300879,FOSTER AV/E 18 ST,40.635248,-73.960789
300880,FOSTER AV/MARLBOROUGH RD,40.634189,-73.962998
300881,FOSTER AV/RUGBY RD,40.63355,-73.964325
300882,FOSTER AV/CONEY ISLAND AV,40.63245,-73.966617
300883,CONEY ISLAND AV/NEWKIRK AV,40.633998,-73.967138
300884,18 AV/CONEY ISLAND AV,40.635091,-73.968139
300885,18 AV/E 8 ST,40.634089,-73.970247
300886,18 AV/OCEAN PKWY,40.633349,-73.971811
300887,18 AV/E 5 ST,40.632526,-73.973573
300888,18 AV/E 2 ST,40.631165,-73.976463
300889,18 AV/McDONALD AV,40.630641,-73.977573
300890,18 AV/45 ST,40.630131,-73.978636
300891,18 AV/47 ST,40.629261,-73.980171
300893,18 AV/50 ST,40.627543,-73.981886
300895,18 AV/55 ST,40.624691,-73.984722
300898,18 AV/62 ST,40.620663,-73.98875
300899,18 AV/64 ST,40.619513,-73.989907
300900,18 AV/66 ST,40.618297,-73.991139
300901,18 AV/68 ST,40.617117,-73.992331
300902,18 AV/70 ST,40.616043,-73.993419
300903,18 AV/72 ST,40.614921,-73.994554
300904,18 AV/BAY RIDGE PKWY,40.613159,-73.996315
300905,18 AV/77 ST,40.611984,-73.9975
300906,18 AV/79 ST,40.6109,-73.998599
300908,18 AV/NEW UTRECHT AV,40.608191,-74.001599
300909,18 AV/86 ST,40.607419,-74.002553
300910,18 AV/BENSON AV,40.605385,-74.004714
300911,18 AV/BATH AV,40.604005,-74.006147
300912,18 AV/CROPSEY AV,40.602753,-74.007454
300913,CROPSEY AV/17 AV,40.604095,-74.010087
300914,CROPSEY AV/16 AV,40.605445,-74.012677
300915,CROPSEY AV/15 AV,40.606596,-74.014948
300916,CROPSEY AV/BAY 7 ST,40.607215,-74.016122
300922,3 AV/BAY RIDGE AV,40.636042,-74.025826
300924,3 AV/65 ST,40.639222,-74.02359
300926,60 ST/4 AV,40.640578,-74.018124
300927,60 ST/5 AV,40.639261,-74.015951
300928,60 ST/6 AV,40.63793,-74.013735
300930,60 ST/8 AV,40.635243,-74.009281
300934,60 ST/12 AV,40.629927,-74.000479
300935,60 ST/13 AV,40.628862,-73.99871
300936,60 ST/14 AV,40.627212,-73.99599
300937,60 ST/15 AV,40.625925,-73.993854
300938,60 ST/16 AV,40.624591,-73.991653
300940,60 ST/18 AV,40.621777,-73.986992
300942,60 ST/20 AV,40.619116,-73.98258
300944,60 ST/BAY PKWY,40.616426,-73.978136
300945,60 ST/23 AV,40.615377,-73.976386
300950,OCEAN PKWY SOUTH/AVENUE M,40.616909,-73.968976
300952,AVENUE M/E 9 ST,40.61735,-73.965392
300956,AVENUE M/E 18 ST,40.618294,-73.956808
300957,OCEAN AV/AVENUE M,40.618887,-73.954963
300958,AVENUE L/OCEAN AV,40.620931,-73.95503
300959,AVENUE L/E 22 ST,40.621137,-73.953146
300962,AVENUE L/E 28 ST,40.621754,-73.947519
300963,AVENUE L/NOSTRAND AV,40.621976,-73.945523
300966,AVENUE L/E 36 ST,40.622593,-73.939914
300969,KINGS PLAZA/KINGS PLAZA,40.608511,-73.920689
300971,AVENUE L/FLATBUSH AV,40.622955,-73.937807
300974,AVENUE L/NEW YORK AV,40.62234,-73.943437
300975,AVENUE L/NOSTRAND AV,40.622076,-73.946188
300977,AVENUE L/BEDFORD AV,40.621504,-73.951024
300978,AVENUE L/E 23 ST,40.621293,-73.952955
300980,OCEAN AV/AVENUE L,40.620582,-73.955476
300981,AVENUE M/OCEAN AV,40.618568,-73.955511
300982,AVENUE M/E 18 ST,40.618347,-73.957575
300991,AVENUE N/E 3 ST,40.614281,-73.972298
300993,60 ST/23 AV,40.615597,-73.976476
300996,60 ST/20 AV,40.619663,-73.983221
300998,60 ST/18 AV,40.622282,-73.987543
300999,60 ST/17 AV,40.62335,-73.989319
301000,60 ST/16 AV,40.624838,-73.99179
301002,60 ST/NEW UTRECHT AV,40.627959,-73.996952
301003,60 ST/13 AV,40.629087,-73.998811
301006,60 ST/FORT HAMILTON PKWY,40.633344,-74.005865
301008,60 ST/8 AV,40.635751,-74.009847
301010,60 ST/6 AV,40.638388,-74.014214
301016,3 AV/65 ST,40.63926,-74.023651
301017,3 AV/SENATOR ST,40.636896,-74.025664
301028,ELDERT LN/LINDEN BLVD,40.669213,-73.862711
301029,LINDEN BLVD/ELDERT LN,40.669579,-73.8634
301030,LINDEN BLVD/SHERIDAN AV,40.669378,-73.864735
301031,LINDEN BLVD/AUTUMN AV,40.669103,-73.866727
301032,LINDEN BLVD/CRESCENT ST,40.668838,-73.868549
301033,LINDEN BLVD/EUCLID AV,40.668075,-73.870267
301034,FOUNTAIN AV/LINDEN BLVD,40.667017,-73.871962
301035,FOUNTAIN AV/HEGEMAN AV,40.667935,-73.872646
301036,DUMONT AV/FOUNTAIN AV,40.669338,-73.873941
301037,DUMONT AV/MILFORD ST,40.669072,-73.876064
301038,NEW LOTS AV/BERRIMAN ST,40.668333,-73.87829
301039,NEW LOTS AV/LINWOOD ST,40.667082,-73.881197
301041,NEW LOTS AV/BARBEY ST,40.665042,-73.885937
301042,NEW LOTS AV/HENDRIX ST,40.664289,-73.88768
301043,NEW LOTS AV/MILLER AV,40.663782,-73.888834
301044,NEW LOTS AV/WYONA ST,40.662832,-73.890977
301045,NEW LOTS AV/PENNSYLVANIA AV,40.661934,-73.89303
301046,NEW LOTS AV/SHEFFIELD AV,40.661259,-73.894529
301049,NEW LOTS AV/VAN SINDEREN AV,40.659027,-73.899546
301050,NEW LOTS AV/POWELL ST,40.658211,-73.901379
301051,NEW LOTS AV/CHRISTOPHER AV,40.657413,-73.903171
301052,HEGEMAN AV/WATKINS ST,40.656734,-73.904665
301053,HEGEMAN AV/THATFORD AV,40.65648,-73.906268
301054,HEGEMAN AV/CHESTER ST,40.656215,-73.908149
301056,E 98 ST/HEGEMAN AV,40.655953,-73.912738
301057,E 98 ST/LOTT AV,40.657257,-73.914196
301058,E 98 ST/LEGION ST,40.658955,-73.916079
301059,E 98 ST/RIVERDALE AV,40.66,-73.917326
301061,E 98 ST/DUMONT AV,40.662727,-73.920292
301062,E 98 ST/BLAKE AV,40.664147,-73.921865
301063,RALPH AV/SUTTER AV,40.665687,-73.922321
301064,RALPH AV/EAST NEW YORK AV,40.666994,-73.922658
301066,RALPH AV/SAINT JOHNS PL,40.670002,-73.922406
301067,BUFFALO AV/SAINT JOHNS PL,40.670684,-73.925307
301069,BUFFALO AV/SAINT MARKS AV,40.674151,-73.924975
301070,BERGEN ST/BUFFALO AV,40.67481,-73.925429
301071,BERGEN ST/ROCHESTER AV,40.674932,-73.927631
301072,BERGEN ST/UTICA AV,40.675082,-73.930386
301073,BERGEN ST/SCHENECTADY AV,40.675229,-73.933089
301074,BERGEN ST/TROY AV,40.675382,-73.935937
301075,TROY AV/DEAN ST,40.676447,-73.935889
301076,TROY AV/ATLANTIC AV,40.677953,-73.935747
301077,TROY AV/FULTON ST,40.679541,-73.934854
301078,LEWIS AV/BAINBRIDGE ST,40.68089,-73.934565
301079,LEWIS AV/MACDONOUGH ST,40.682331,-73.934852
301080,LEWIS AV/HALSEY ST,40.683399,-73.935071
301081,LEWIS AV/JEFFERSON AV,40.685359,-73.935455
301082,LEWIS AV/MADISON ST,40.686726,-73.935724
301083,LEWIS AV/GATES AV,40.688211,-73.936022
301084,LEWIS AV/GREENE AV,40.69042,-73.936464
301087,LEWIS AV/DEKALB AV,40.693402,-73.937059
301088,LEWIS AV/PULASKI ST,40.694047,-73.937189
301089,LEWIS AV/WILLOUGHBY AV,40.695499,-73.937468
301090,LEWIS AV/MYRTLE AV,40.69705,-73.937784
301091,LEWIS AV/BROADWAY,40.698455,-73.938104
301092,BROADWAY/PARK ST,40.699257,-73.939185
301095,MARCUS GARVEY BLVD/PARK AV,40.698204,-73.94118
301096,MARCUS GARVEY BLVD/MYRTLE AV,40.696426,-73.940814
301097,MARCUS GARVEY BLVD/WILLOUGHBY AV,40.694573,-73.940434
301098,MARCUS GARVEY BLVD/PULASKI ST,40.693096,-73.940136
301099,MARCUS GARVEY BLVD/DE KALB AV,40.692355,-73.939992
301100,MARCUS GARVEY BLVD/LAFAYETTE AV,40.690883,-73.939701
301101,MARCUS GARVEY BLVD/LEXINGTON AV,40.688685,-73.939245
301103,MARCUS GARVEY BLVD/MADISON ST,40.685756,-73.938671
301104,MARCUS GARVEY BLVD/JEFFERSON AV,40.68429,-73.938388
301105,MARCUS GARVEY BLVD/HALSEY ST,40.68326,-73.938179
301106,MARCUS GARVEY BLVD/MACDONOUGH ST,40.681761,-73.937854
301107,MARCUS GARVEY BLVD/FULTON ST,40.679749,-73.937438
301108,ALBANY AV/FULTON ST,40.679344,-73.938508
301109,ALBANY AV/ATLANTIC AV,40.677483,-73.938726
301110,DEAN ST/ALBANY AV,40.676193,-73.93833
301115,ROCHESTER AV/BERGEN ST,40.674586,-73.927855
301116,SAINT MARKS AV/ROCHESTER AV,40.673914,-73.927351
301117,BUFFALO AV/PROSPECT PL,40.67322,-73.925214
301118,BUFFALO AV/PARK PL,40.671711,-73.925357
301119,SAINT JOHNS PL/BUFFALO AV,40.670182,-73.925012
301120,SAINT JOHNS PL/RALPH AV,40.670049,-73.922612
301121,RALPH AV/EASTERN PKWY,40.667812,-73.922758
301122,RALPH AV/EAST NEW YORK AV,40.666875,-73.922761
301123,RALPH AV/SUTTER AV,40.665042,-73.922325
301124,E 98 ST/WINTHROP ST,40.662768,-73.920547
301125,E 98 ST/CLARKSON AV,40.661366,-73.918916
301126,E 98 ST/LENOX RD,40.659733,-73.91717
301127,E 98 ST/WILLMOHR ST,40.658095,-73.915349
301128,E 98 ST/CHURCH AV,40.656541,-73.913624
301132,HEGEMAN AV/ROCKAWAY AV,40.65628,-73.906863
301133,HEGEMAN AV/OSBORN ST,40.656548,-73.905046
301135,NEW LOTS AV/SACKMAN ST,40.658019,-73.901509
301136,NEW LOTS AV/VAN SINDEREN AV,40.658999,-73.899316
301137,NEW LOTS AV/HINSDALE ST,40.659931,-73.897228
301138,NEW LOTS AV/MALTA ST,40.660517,-73.895929
301139,NEW LOTS AV/GEORGIA AV,40.661128,-73.894559
301141,NEW LOTS AV/VERMONT ST,40.66267,-73.891063
301142,NEW LOTS AV/BRADFORD ST,40.663415,-73.889375
301143,NEW LOTS AV/MILLER AV,40.663727,-73.888661
301144,NEW LOTS AV/SCHENCK AV,40.664844,-73.886104
301145,NEW LOTS AV/JEROME ST,40.665575,-73.884397
301147,NEW LOTS AV/ELTON ST,40.66692,-73.881284
301148,NEW LOTS AV/ESSEX ST,40.667599,-73.879711
301149,NEW LOTS AV/BERRIMAN ST,40.668136,-73.878442
301151,DUMONT AV/MONTAUK AV,40.668896,-73.876313
301152,DUMONT AV/FOUNTAIN AV,40.66924,-73.873934
301153,FOUNTAIN AV/HEGEMAN AV,40.66774,-73.87275
301155,LINDEN BLVD/EUCLID AV,40.667861,-73.869791
301156,LINDEN BLVD/CRESCENT ST,40.66853,-73.868039
301162,52 ST/2 AV,40.647742,-74.017809
301168,50 ST/6 AV,40.64353,-74.007812
301170,50 ST/8 AV,40.640876,-74.003419
301171,50 ST/9 AV,40.639553,-74.001221
301172,50 ST/10 AV,40.638227,-73.99902
301173,50 ST/FORT HAMILTON PKWY,40.637656,-73.998083
301174,50 ST/11 AV,40.636887,-73.996815
301175,50 ST/NEW UTRECHT AV,40.635485,-73.994491
301177,50 ST/14 AV,40.632924,-73.990247
301178,50 ST/15 AV,40.631556,-73.987988
301179,50 ST/16 AV,40.630239,-73.985805
301180,50 ST/17 AV,40.62874,-73.983327
301182,50 ST/19 AV,40.626096,-73.978947
301183,50 ST/20 AV,40.625063,-73.977236
301184,AVENUE I/McDONALD AV,40.625972,-73.975756
301185,AVENUE I/E 3 ST,40.626196,-73.973731
301187,AVENUE I/E 7 ST,40.626703,-73.969156
301188,AVENUE I/E 9 ST,40.626922,-73.96717
301189,CONEY ISLAND AV/AVENUE I,40.626702,-73.965676
301278,CONEY ISLAND AV/AVENUE I,40.627007,-73.965515
301279,AVENUE I/E 9 ST,40.626961,-73.96797
301280,AVENUE I/E 7 ST,40.626744,-73.969973
301281,AVENUE I/OCEAN PKWY,40.626558,-73.971627
301282,AVENUE I/E 3 ST,40.626232,-73.974581
301283,AVENUE I/McDONALD AV,40.62606,-73.976073
301286,49 ST/18 AV,40.628542,-73.981288
301287,49 ST/17 AV,40.62978,-73.983334
301288,49 ST/16 AV,40.631241,-73.985751
301289,49 ST/15 AV,40.632558,-73.988008
301290,49 ST/14 AV,40.633931,-73.990207
301292,49 ST/NEW UTRECHT AV,40.636566,-73.994628
301293,49 ST/11 AV,40.637898,-73.996775
301295,49 ST/10 AV,40.638943,-73.998559
301296,49 ST/9 AV,40.640598,-74.00125
301297,49 ST/8 AV,40.641916,-74.003423
301298,49 ST/7 AV,40.643231,-74.00561
301309,PARKSIDE AV/OCEAN AV,40.655129,-73.961122
301310,PARKSIDE AV/FLATBUSH AV,40.655518,-73.960028
301311,PARKSIDE AV/BEDFORD AV,40.655815,-73.956542
301312,CLARKSON AV/BEDFORD AV,40.655014,-73.955872
301313,CLARKSON AV/ROGERS AV,40.655183,-73.953068
301314,CLARKSON AV/NOSTRAND AV,40.655391,-73.949267
301315,CLARKSON AV/NEW YORK AV,40.655537,-73.94675
301316,CLARKSON AV/KINGS COUNTY HOSPITAL,40.655687,-73.944335
301317,CLARKSON AV/E 38 ST,40.655828,-73.942022
301318,ALBANY AV/CLARKSON AV,40.656401,-73.939505
301319,ALBANY AV/WINTHROP ST,40.657693,-73.939559
301320,ALBANY AV/HAWTHORNE ST,40.658811,-73.939518
301322,ALBANY AV/MAPLE ST,40.661748,-73.939829
301323,EAST NEW YORK AV/ALBANY AV,40.662266,-73.938343
301326,LEFFERTS AV/SCHENECTADY AV,40.663282,-73.934705
301328,EAST NEW YORK AV/E 92 ST,40.664058,-73.929518
301329,EAST NEW YORK AV/E 94 ST,40.664727,-73.927841
301330,EAST NEW YORK AV/E 96 ST,40.665612,-73.925955
301332,EAST NEW YORK AV/RALPH AV,40.666947,-73.922893
301333,EAST NEW YORK AV/UNION ST,40.667597,-73.92141
301334,PITKIN AV/HOWARD AV,40.668304,-73.919571
301342,EAST NEW YORK AV/SACKMAN ST,40.674503,-73.905634
301343,EAST NEW YORK AV/JUNIUS ST,40.67504,-73.904496
301384,JAMAICA AV/FANCHON PL,40.677717,-73.898425
301395,EAST NEW YORK AV/E 96 ST,40.6655,-73.926604
301397,EAST NEW YORK AV/E 95 ST,40.665092,-73.927538
301398,EAST NEW YORK AV/MONTGOMERY ST,40.664111,-73.929791
301400,SCHENECTADY AV/LEFFERTS AV,40.662996,-73.934597
301402,EAST NEW YORK AV/TROY AV,40.662433,-73.937773
301403,ALBANY AV/EAST NEW YORK AV,40.661789,-73.940005
301404,ALBANY AV/MIDWOOD ST,40.660488,-73.939869
301405,ALBANY AV/FENIMORE ST,40.659453,-73.939751
301406,ALBANY AV/WINTHROP ST,40.657062,-73.939817
301407,CLARKSON AV/ALBANY AV,40.65611,-73.940053
301408,CLARKSON AV/E 39 ST,40.655993,-73.941877
301409,CLARKSON AV/NEW YORK AV,40.655672,-73.947017
301410,CLARKSON AV/NOSTRAND AV,40.655431,-73.950929
301412,CLARKSON AV/BEDFORD AV,40.655064,-73.956856
301413,CLARKSON AV/FLATBUSH AV,40.654903,-73.95957
301414,WOODRUFF AV/OCEAN AV,40.654176,-73.961621
301418,FOUNTAIN AV/VANDALIA AV,40.659222,-73.866128
301419,CRESCENT ST/FLATLANDS AV,40.660961,-73.865857
301420,CRESCENT ST/COZINE AV,40.66257,-73.866734
301421,CRESCENT ST/WORTMAN AV,40.664223,-73.867149
301427,SUTTER AV/CRESCENT ST,40.673037,-73.86964
301429,CRESCENT ST/PITKIN AV,40.675584,-73.869956
301430,CRESCENT ST/GLENMORE AV,40.676785,-73.870238
301431,CRESCENT ST/LIBERTY AV,40.678074,-73.870557
301435,CRESCENT ST/FULTON ST,40.683955,-73.872228
301436,CRESCENT ST/RIDGEWOOD AV,40.685721,-73.872767
301437,CRESCENT ST/ETNA ST,40.687212,-73.873251
301492,CYPRESS HILLS ST/JAMAICA AV,40.688745,-73.875937
301493,JAMAICA AV/CRESCENT ST,40.689224,-73.874067
301494,JAMAICA AV/HEMLOCK ST,40.689797,-73.872708
301495,CRESCENT ST/ETNA ST,40.686779,-73.873232
301496,CRESCENT ST/RIDGEWOOD AV,40.685109,-73.872714
301497,CRESCENT ST/FULTON ST,40.683379,-73.872165
301500,CRESCENT ST/LIBERTY AV,40.678255,-73.87078
301501,EUCLID AV/LIBERTY AV,40.67758,-73.87253
301503,EUCLID AV/PITKIN AV,40.675032,-73.871889
301504,EUCLID AV/BELMONT AV,40.673887,-73.871607
301505,EUCLID AV/SUTTER AV,40.672523,-73.871299
301506,EUCLID AV/BLAKE AV,40.670977,-73.870909
301507,EUCLID AV/DUMONT AV,40.669486,-73.870512
301511,CRESCENT ST/STANLEY AV,40.665146,-73.867532
301512,CRESCENT ST/WORTMAN AV,40.66357,-73.867143
301516,EASTERN PKWY/ROCHESTER AV,40.668367,-73.927927
301517,EASTERN PKWY/BUFFALO AV,40.668256,-73.925857
301521,PITKIN AV/SARATOGA AV,40.668716,-73.916831
301522,PITKIN AV/HERZL ST,40.668984,-73.915036
301530,DUMONT AV/MOTHER GASTON BLVD,40.664647,-73.905103
301531,POWELL ST/DUMONT AV,40.6654,-73.902785
301532,POWELL ST/BLAKE AV,40.666938,-73.903175
301534,SUTTER AV/POWELL ST,40.668134,-73.903109
301535,SUTTER AV/VAN SINDEREN AV,40.668405,-73.901302
301536,SUTTER AV/WILLIAMS AV,40.668825,-73.898468
301537,SUTTER AV/GEORGIA AV,40.669087,-73.896694
301538,SUTTER AV/PENNSYLVANIA AV,40.66937,-73.894783
301539,SUTTER AV/WYONA ST,40.669782,-73.892011
301540,SUTTER AV/MILLER AV,40.670061,-73.890154
301541,SUTTER AV/HENDRIX ST,40.670328,-73.888401
301542,SUTTER AV/BARBEY ST,40.670598,-73.886588
301543,SUTTER AV/WARWICK ST,40.670851,-73.884868
301544,SUTTER AV/CLEVELAND ST,40.671097,-73.883213
301545,SUTTER AV/LINWOOD ST,40.671266,-73.882062
301546,SUTTER AV/SHEPHERD AV,40.671601,-73.879791
301547,SUTTER AV/ATKINS AV,40.671854,-73.877952
301548,SUTTER AV/MILFORD ST,40.672127,-73.876123
301549,SUTTER AV/FOUNTAIN AV,40.672353,-73.874256
301550,SUTTER AV/EUCLID AV,40.67281,-73.871152
301551,CRESCENT ST/SUTTER AV,40.673311,-73.869405
301552,SUTTER AV/LINCOLN AV,40.673527,-73.866348
301553,SUTTER AV/GRANT AV,40.673794,-73.864501
301554,DREW ST/SUTTER AV,40.673898,-73.862079
301555,DREW ST/DUMONT AV,40.670853,-73.861339
301556,DREW ST/LINDEN BLVD,40.669972,-73.861121
301560,LINCOLN AV/BLAKE AV,40.672,-73.866189
301561,SUTTER AV/AUTUMN AV,40.673408,-73.868057
301562,SUTTER AV/CRESCENT ST,40.673127,-73.869917
301563,SUTTER AV/EUCLID AV,40.672948,-73.87118
301564,SUTTER AV/FOUNTAIN AV,40.672468,-73.874537
301565,SUTTER AV/LOGAN ST,40.672258,-73.875957
301566,SUTTER AV/MONTAUK AV,40.672,-73.877796
301567,SUTTER AV/BERRIMAN ST,40.671724,-73.879661
301568,SUTTER AV/ESSEX ST,40.671463,-73.881464
301569,SUTTER AV/ELTON ST,40.671215,-73.883137
301570,SUTTER AV/ASHFORD ST,40.670975,-73.884767
301572,SUTTER AV/SCHENCK AV,40.67044,-73.888351
301573,SUTTER AV/VAN SICLEN AV,40.670189,-73.890081
301574,SUTTER AV/BRADFORD ST,40.669925,-73.891899
301575,SUTTER AV/VERMONT ST,40.669658,-73.893712
301576,SUTTER AV/PENNSYLVANIA AV,40.669366,-73.895667
301577,SUTTER AV/ALABAMA AV,40.668957,-73.898436
301578,SUTTER AV/HINSDALE ST,40.668675,-73.900329
301579,SUTTER AV/VAN SINDEREN AV,40.668403,-73.902085
301580,JUNIUS ST/SUTTER AV,40.667997,-73.902622
301581,JUNIUS ST/BLAKE AV,40.666388,-73.902214
301582,DUMONT AV/JUNIUS ST,40.665178,-73.902327
301583,DUMONT AV/POWELL ST,40.665088,-73.903218
301585,MOTHER GASTON BLVD/BLAKE AV,40.666515,-73.905915
301586,MOTHER GASTON BLVD/SUTTER AV,40.668068,-73.906331
301588,MOTHER GASTON BLVD/BELMONT AV,40.669326,-73.906658
301589,PITKIN AV/MOTHER GASTON BLVD,40.67023,-73.907496
301590,PITKIN AV/OSBORN ST,40.669965,-73.909288
301591,PITKIN AV/ROCKAWAY AV,40.669678,-73.911206
301593,PITKIN AV/AMBOY ST,40.669124,-73.91492
301594,PITKIN AV/STRAUSS ST,40.66885,-73.916762
301595,PITKIN AV/LEGION ST,40.668646,-73.918151
301597,EASTERN PKWY/RALPH AV,40.668611,-73.923031
301598,EASTERN PKWY/BUFFALO AV,40.668725,-73.925201
301599,EASTERN PKWY/ROCHESTER AV,40.668888,-73.928204
301601,EASTERN PKWY/SCHENECTADY AV,40.669191,-73.933719
301602,SHORE RD/4 AV,40.611761,-74.03512
301603,SHORE RD/3 AV,40.612824,-74.036255
301604,SHORE RD/99 ST,40.614081,-74.037102
301605,SHORE RD/97 ST,40.615508,-74.037701
301606,SHORE RD/RIDGE BLVD,40.617525,-74.038876
301607,SHORE RD/OLIVER ST,40.619415,-74.040023
301608,SHORE RD/91 ST,40.622004,-74.040075
301609,NARROWS AV/89 ST,40.623165,-74.039924
301610,NARROWS AV/86 ST,40.62521,-74.039086
301611,86 ST/COLONIAL RD,40.624571,-74.036135
301612,86 ST/RIDGE BLVD,40.623914,-74.033361
301613,86 ST/3 AV,40.62342,-74.031246
301614,86 ST/4 AV,40.622299,-74.027696
301615,86 ST/5 AV,40.621293,-74.026112
301616,FORT HAMILTON PKWY/86 ST,40.620617,-74.024044
301620,FORT HAMILTON PKWY/77 ST,40.624941,-74.017623
301621,FORT HAMILTON PKWY/BAY RIDGE PKWY,40.625847,-74.016222
301622,FORT HAMILTON PKWY/74 ST,40.626451,-74.015332
301623,FORT HAMILTON PKWY/72 ST,40.62739,-74.013927
301624,FORT HAMILTON PKWY/BAY RIDGE AV,40.628551,-74.012191
301625,FORT HAMILTON PKWY/68 ST,40.629309,-74.01106
301626,FORT HAMILTON PKWY/66 ST,40.630267,-74.009619
301628,FORT HAMILTON PKWY/62 ST,40.632246,-74.006665
301646,36 ST/CLARA ST,40.642802,-73.985374
301647,36 ST/12 AV,40.643499,-73.986516
301648,12 AV/CHESTER AV,40.644517,-73.984026
301649,12 AV/DAHILL RD,40.645623,-73.981193
301651,CATON AV/McDONALD AV,40.647264,-73.979852
301652,CATON AV/E 4 ST,40.647601,-73.976886
301654,CATON AV/E 8 ST,40.647732,-73.972587
301655,CATON AV/CONEY ISLAND AV,40.648127,-73.971567
301657,CATON AV/WESTMINSTER,40.649312,-73.968453
301658,CATON AV/RUGBY RD,40.650014,-73.966687
301659,CATON AV/E 16 ST,40.650724,-73.964896
301663,OCEAN AV/CATON AV,40.652293,-73.961525
301664,CATON AV/SAINT PAULS PL,40.651443,-73.96341
301665,CATON AV/PARADE PL,40.650779,-73.965097
301667,CATON AV/ARGYLE RD,40.649526,-73.968251
301669,CATON AV/CONEY ISLAND AV,40.648349,-73.971236
301671,CATON AV/OCEAN PKWY,40.647839,-73.974537
301672,CATON AV/E 5 ST,40.647752,-73.976731
301673,CATON AV/E 3 ST,40.647563,-73.978551
301674,CATON AV/McDONALD AV,40.64739,-73.980133
301675,DAHILL RD/12 AV,40.64585,-73.981164
301676,12 AV/CHESTER AV,40.644382,-73.98475
301677,37 ST/12 AV,40.642846,-73.987053
301678,37 ST/13 AV,40.641791,-73.985295
301679,13 AV/39 ST,40.6404,-73.986628
301680,13 AV/41 ST,40.639308,-73.987767
301681,13 AV/43 ST,40.638193,-73.988924
301682,13 AV/45 ST,40.637074,-73.990095
301683,13 AV/47 ST,40.635948,-73.991266
301684,13 AV/49 ST,40.634862,-73.992394
301685,13 AV/52 ST,40.633149,-73.994185
301686,13 AV/54 ST,40.632347,-73.99501
301689,57 ST/12 AV,40.63209,-73.999243
301690,57 ST/11 AV,40.633462,-74.001513
301691,57 ST/FORT HAMILTON PKWY,40.634494,-74.003217
301692,FORT HAMILTON PKWY/58 ST,40.633904,-74.004482
301693,FORT HAMILTON PKWY/60 ST,40.632928,-74.005959
301694,FORT HAMILTON PKWY/62 ST,40.632238,-74.006971
301698,FORT HAMILTON PKWY/BAY RIDGE AV,40.628656,-74.012236
301701,FORT HAMILTON PKWY/BAY RIDGE PKWY,40.625907,-74.016434
301707,86 ST/5 AV,40.621637,-74.026347
301708,86 ST/4 AV,40.623009,-74.028775
301709,86 ST/3 AV,40.623508,-74.030868
301710,86 ST/RIDGE BLVD,40.624278,-74.034136
301711,86 ST/COLONIAL RD,40.62492,-74.036838
301714,SHORE RD/88 ST,40.624295,-74.040876
301715,SHORE RD/NARROWS AV,40.622687,-74.040489
301716,SHORE RD/91 ST,40.621235,-74.040435
301717,SHORE RD/OLIVER ST,40.618872,-74.039907
301718,SHORE RD/RIDGE BLVD,40.616924,-74.038721
301719,SHORE RD/97 ST,40.614978,-74.037686
301720,SHORE RD/99 ST,40.61357,-74.037041
301721,3 AV/SHORE RD,40.612681,-74.035895
301722,3 AV/MARINE AV,40.614823,-74.034585
301723,MARINE AV/4 AV,40.614019,-74.032866
301724,4 AV/99 ST,40.613509,-74.03312
301725,4 AV/100 ST,40.612591,-74.033902
301726,SEAVIEW AV/E 108 ST,40.639067,-73.881716
301727,SEAVIEW AV/E 105 ST,40.637852,-73.8837
301728,SEAVIEW AV/E 102 ST,40.636411,-73.88594
301730,SEAVIEW AV/ROCKAWAY PKWY,40.634027,-73.889626
301731,SEAVIEW AV/E 95 ST,40.632648,-73.8917
301732,SEAVIEW AV/E 93 ST,40.631711,-73.893157
301733,SEAVIEW AV/REMSEN AV,40.630548,-73.894945
301734,REMSEN AV/AVENUE N,40.632384,-73.897068
301735,REMSEN AV/AVENUE M,40.633964,-73.898828
301736,REMSEN AV/AVENUE L,40.635607,-73.900663
301737,REMSEN AV/AVENUE K,40.637162,-73.902393
301738,REMSEN AV/AVENUE J,40.638879,-73.904304
301739,REMSEN AV/FLATLANDS AV,40.640566,-73.906183
301740,REMSEN AV/GLENWOOD RD,40.642066,-73.90786
301742,REMSEN AV/FOSTER AV,40.645197,-73.911336
301743,REMSEN AV/AVENUE D,40.646258,-73.912513
301744,REMSEN AV/DITMAS AV,40.648043,-73.914547
301745,REMSEN AV/AVENUE B,40.649261,-73.916153
301746,REMSEN AV/AVENUE A,40.651406,-73.918291
301747,REMSEN AV/CHURCH AV,40.653114,-73.920191
301748,REMSEN AV/LINDEN BLVD,40.654137,-73.92144
301749,REMSEN AV/KINGS HWY,40.655068,-73.922414
301750,REMSEN AV/LENOX RD,40.656313,-73.923802
301751,REMSEN AV/CLARKSON AV,40.657941,-73.925541
301752,REMSEN AV/WINTHROP ST,40.65963,-73.927428
301753,REMSEN AV/RUTLAND RD,40.66125,-73.929239
301755,EAST NEW YORK AV/SCHENECTADY AV,40.66261,-73.934919
301756,TROY AV/EAST NEW YORK AV,40.662806,-73.937304
301757,TROY AV/EMPIRE BLVD,40.664096,-73.937058
301758,TROY AV/MONTGOMERY ST,40.664936,-73.936985
301759,TROY AV/CARROLL ST,40.666673,-73.936811
301760,TROY AV/EASTERN PKWY,40.668753,-73.936618
301762,GLENWOOD RD/E 96 ST,40.64483,-73.902673
301766,E 80 ST/PAERDEGAT 15 ST,40.627883,-73.900544
301767,E 80 ST/AVENUE N,40.628798,-73.902575
301768,AVENUE L/E 83 ST,40.632158,-73.905236
301769,AVENUE L/E 85 ST,40.633101,-73.903786
301770,AVENUE L/E 87 ST,40.634041,-73.902329
301776,REMSEN AV/E 51 ST,40.66194,-73.930306
301777,REMSEN AV/RUTLAND RD,40.660567,-73.928782
301778,REMSEN AV/E 54 ST,40.658899,-73.926928
301779,REMSEN AV/E 56 ST,40.657845,-73.925751
301781,REMSEN AV/KINGS HWY,40.654716,-73.922258
301783,REMSEN AV/CHURCH AV,40.652524,-73.919799
301786,REMSEN AV/DITMAS AV,40.648121,-73.914889
301788,REMSEN AV/FOSTER AV,40.644569,-73.91097
301789,REMSEN AV/FARRAGUT RD,40.642896,-73.909094
301790,REMSEN AV/GLENWOOD RD,40.641418,-73.907461
301791,REMSEN AV/FLATLANDS AV,40.639885,-73.905751
301792,REMSEN AV/AVENUE J,40.638294,-73.903984
301793,REMSEN AV/AVENUE K,40.636494,-73.901976
301794,REMSEN AV/AVENUE L,40.635011,-73.900328
301795,REMSEN AV/AVENUE M,40.633357,-73.898483
301796,REMSEN AV/AVENUE N,40.631703,-73.896644
301797,REMSEN AV/SEAVIEW AV,40.630431,-73.895227
301798,SEAVIEW AV/E 91 ST,40.630757,-73.894216
301799,SEAVIEW AV/E 93 ST,40.631927,-73.892375
301800,SEAVIEW AV/E 95 ST,40.632823,-73.890982
301801,SEAVIEW AV/ROCKAWAY PKWY,40.634007,-73.889096
301802,SEAVIEW AV/E 99 ST,40.634939,-73.887653
301803,SEAVIEW AV/E 102 ST,40.635964,-73.886066
301811,AVENUE L/E 86 ST,40.633323,-73.90371
301812,AVENUE L/E 84 ST,40.632361,-73.905196
301813,AVENUE L/E 82 ST,40.631653,-73.906292
301814,E 80 ST/PAERDEGAT 7 ST,40.630573,-73.907047
301815,E 80 ST/PAERDEGAT 10 ST,40.629486,-73.904635
301816,E 80 ST/PAERDEGAT 13 ST,40.628331,-73.902068
301839,WYCKOFF AV/MENAHAN ST,40.70141,-73.91436
301840,WYCKOFF AV/GREENE AV,40.702309,-73.915924
301841,WYCKOFF AV/HIMROD ST,40.703119,-73.917182
301846,FLUSHING AV/THAMES ST,40.705907,-73.925899
301856,GRAND ST/OLIVE ST,40.712412,-73.938816
301857,GRAND ST/BUSHWICK AV,40.711905,-73.941236
301860,METROPOLITAN AV/GRAHAM AV,40.714513,-73.944865
301875,FLUSHING AV/MELROSE ST,40.705555,-73.92643
301879,WYCKOFF AV/DE KALB AV,40.704324,-73.91937
301880,WYCKOFF AV/STANHOPE ST,40.703163,-73.917502
301881,WYCKOFF AV/HARMAN ST,40.702268,-73.916072
301882,WYCKOFF AV/BLEECKER ST,40.701396,-73.914572
301883,WYCKOFF AV/GROVE ST,40.700553,-73.913041
301918,FLUSHING AV/VANDERBILT AV,40.697746,-73.970577
301919,FLUSHING AV/WASHINGTON AV,40.697647,-73.967907
301920,FLUSHING AV/RYERSON ST,40.697567,-73.965902
301925,FLUSHING AV/WASHINGTON AV,40.697784,-73.968426
301931,DE KALB AV/CARLTON AV,40.689633,-73.972
301933,DE KALB AV/SOUTH PORTLAND AV,40.689752,-73.974946
301934,DE KALB AV/FORT GREENE PL,40.689826,-73.976966
301943,LINDEN BLVD/LOGAN ST,40.666298,-73.873142
301944,LINDEN BLVD/ATKINS AV,40.665257,-73.875603
301945,LINDEN BLVD/SHEPHERD AV,40.664763,-73.876793
301947,ASHFORD ST/LINDEN BLVD,40.662356,-73.880606
301956,PENNSYLVANIA AV/WORTMAN AV,40.655845,-73.888435
301957,PENNSYLVANIA AV/STANLEY AV,40.657304,-73.889508
301958,PENNSYLVANIA AV/LINDEN BLVD,40.658316,-73.890316
301959,PENNSYLVANIA AV/HEGEMAN AV,40.660226,-73.891812
301960,PENNSYLVANIA AV/NEW LOTS AV,40.662151,-73.893256
301961,PENNSYLVANIA AV/RIVERDALE AV,40.66308,-73.893563
301962,PENNSYLVANIA AV/LIVONIA AV,40.665216,-73.894109
301963,PENNSYLVANIA AV/DUMONT AV,40.666585,-73.894466
301964,PENNSYLVANIA AV/BLAKE AV,40.668098,-73.894859
301965,PENNSYLVANIA AV/SUTTER AV,40.669649,-73.895252
301966,PENNSYLVANIA AV/BELMONT AV,40.670884,-73.895551
301967,PENNSYLVANIA AV/PITKIN AV,40.672234,-73.895908
301973,JAMAICA AV/BROADWAY,40.677004,-73.900089
301976,BROADWAY/EASTERN PKWY,40.680135,-73.90557
301977,BROADWAY/ABERDEEN ST,40.681143,-73.907315
301978,BROADWAY/GRANITE ST,40.682028,-73.908833
301979,BROADWAY/CHAUNCEY ST,40.68289,-73.910345
301980,BROADWAY/COOPER ST,40.683723,-73.911815
301982,DECATUR ST/BUSHWICK AV,40.685421,-73.910751
301983,DECATUR ST/EVERGREEN AV,40.687139,-73.909077
301984,DECATUR ST/CENTRAL AV,40.688526,-73.907705
301985,DECATUR ST/WILSON AV,40.690007,-73.906254
301986,DECATUR ST/KNICKERBOCKER AV,40.691472,-73.904816
302013,IRVING AV/COVERT ST,40.693459,-73.904755
302014,SCHAEFER ST/KNICKERBOCKER AV,40.691484,-73.906125
302015,SCHAEFER ST/WILSON AV,40.690003,-73.907581
302016,SCHAEFER ST/CENTRAL AV,40.6885,-73.909058
302017,SCHAEFER ST/EVERGREEN AV,40.687055,-73.910477
302018,SCHAEFER ST/BROADWAY,40.68449,-73.91299
302019,BROADWAY/ROCKAWAY AV,40.683212,-73.91117
302020,BROADWAY/CHAUNCEY ST,40.682435,-73.909794
302022,BROADWAY/HULL ST,40.680211,-73.905914
302030,PENNSYLVANIA AV/PITKIN AV,40.671576,-73.895908
302031,PENNSYLVANIA AV/BELMONT AV,40.670326,-73.895557
302032,PENNSYLVANIA AV/SUTTER AV,40.66909,-73.895237
302033,PENNSYLVANIA AV/BLAKE AV,40.667548,-73.894844
302034,PENNSYLVANIA AV/DUMONT AV,40.666041,-73.894436
302035,PENNSYLVANIA AV/LIVONIA AV,40.664297,-73.893995
302036,PENNSYLVANIA AV/RIVERDALE AV,40.662925,-73.893653
302037,PENNSYLVANIA AV/NEW LOTS AV,40.661583,-73.892974
302038,PENNSYLVANIA AV/HEGEMAN AV,40.659661,-73.891535
302039,PENNSYLVANIA AV/LINDEN BLVD,40.65811,-73.890433
302040,PENNSYLVANIA AV/STANLEY AV,40.656674,-73.889368
302049,LINDEN BLVD/ESSEX ST,40.664152,-73.877119
302050,LINDEN BLVD/ATKINS AV,40.665214,-73.874651
302051,LINDEN BLVD/LOGAN ST,40.666263,-73.872265
302058,PATCHEN AV/LAFAYETTE AV,40.692479,-73.927904
302059,BROADWAY/GREENE AV,40.691176,-73.925105
302064,BROADWAY/MACDONOUGH ST,40.68432,-73.91312
302074,ATLANTIC AV/VERMONT ST,40.675826,-73.894488
302075,ATLANTIC AV/BRADFORD ST,40.676068,-73.892649
302076,ATLANTIC AV/VAN SICLEN AV,40.676341,-73.890983
302077,ATLANTIC AV/SCHENCK AV,40.676724,-73.889043
302078,ATLANTIC AV/WARWICK ST,40.677199,-73.886941
302080,ATLANTIC AV/ELTON ST,40.677921,-73.884203
302081,ATLANTIC AV/ESSEX ST,40.678466,-73.882396
302082,ATLANTIC AV/BERRIMAN ST,40.678972,-73.880607
302086,ATLANTIC AV/CRESCENT ST,40.681649,-73.871202
302087,ATLANTIC AV/AUTUMN AV,40.682165,-73.869391
302088,ATLANTIC AV/SHERIDAN AV,40.682663,-73.867653
302166,ATLANTIC AV/GRANT AV,40.682962,-73.867576
302167,BROADWAY/MADISON ST,40.688459,-73.920063
302170,ATLANTIC AV/CRESCENT ST,40.681721,-73.871923
302172,ATLANTIC AV/LOGAN ST,40.680004,-73.877966
302173,ATLANTIC AV/HALE AV,40.679396,-73.880072
302174,ATLANTIC AV/SHEPHERD AV,40.678877,-73.881905
302175,ATLANTIC AV/LINWOOD ST,40.678365,-73.88369
302176,ATLANTIC AV/CLEVELAND ST,40.677991,-73.885018
302177,ATLANTIC AV/WARWICK ST,40.677397,-73.887257
302178,ATLANTIC AV/BARBEY ST,40.677001,-73.889007
302179,ATLANTIC AV/HENDRIX ST,40.676651,-73.890777
302180,ATLANTIC AV/MILLER AV,40.676321,-73.89258
302182,ATLANTIC AV/PENNSYLVANIA AV,40.675852,-73.896631
302193,BROADWAY/SCHAEFFER ST,40.684603,-73.913292
302194,BROADWAY/ELDERT ST,40.685499,-73.91487
302196,BROADWAY/JEFFERSON AV,40.687195,-73.917883
302197,BROADWAY/GATES AV,40.689726,-73.922336
302198,BROADWAY/GROVE ST,40.690619,-73.923871
302199,VAN BUREN ST/BROADWAY,40.691968,-73.927079
302252,WEST ST/KENT ST,40.730348,-73.959276
302254,GREENPOINT AV/MANHATTAN AV,40.730102,-73.954444
302255,GREENPOINT AV/LEONARD ST,40.730249,-73.953066
302256,GREENPOINT AV/McGUINNESS BLVD,40.730383,-73.951691
302257,GREENPOINT AV/JEWEL ST,40.730684,-73.948354
302258,GREENPOINT AV/HUMBOLDT ST,40.731492,-73.945982
302278,MEEKER AV/KINGSLAND AV,40.722413,-73.940944
302279,KINGSLAND AV/HERBERT ST,40.72019,-73.940826
302281,KINGSLAND AV/WITHERS ST,40.717884,-73.940442
302282,KINGSLAND AV/MASPETH AV,40.715886,-73.940115
302286,METROPOLITAN AV/LEONARD ST,40.7142,-73.948118
302287,METROPOLITAN AV/LORIMER ST,40.714084,-73.949721
302288,METROPOLITAN AV/MACRI SQ,40.714091,-73.952005
302289,MARCY AV/METROPOLITAN AV,40.713659,-73.954689
302291,MARCY AV/S 2 ST,40.710772,-73.95649
302292,MARCY AV/S 4 ST,40.709501,-73.95729
302293,BROADWAY/MARCY AV,40.708202,-73.957591
302294,BROADWAY/ROEBLING ST,40.709362,-73.960501
302297,BEDFORD AV/BROADWAY,40.71073,-73.963616
302298,BEDFORD AV/S 4 ST,40.712146,-73.962724
302299,BEDFORD AV/S 2 ST,40.713523,-73.961861
302300,GRAND ST/BEDFORD AV,40.714667,-73.961579
302304,BROADWAY/KENT AV,40.710842,-73.968417
302306,BROADWAY/WYTHE AV,40.710487,-73.966188
302308,RALPH AV/MADISON ST,40.687501,-73.923698
302310,BROADWAY/MARCY AV,40.708638,-73.958417
302311,RODNEY ST/S 5 ST,40.708916,-73.956082
302312,RODNEY ST/S 3 ST,40.710246,-73.955254
302314,RODNEY ST/AINSLIE ST,40.713361,-73.953313
302315,METROPOLITAN AV/UNION AV,40.714022,-73.951176
302317,METROPOLITAN AV/LEONARD ST,40.714212,-73.947213
302319,METROPOLITAN AV/GRAHAM AV,40.714457,-73.944476
302321,KINGSLAND AV/SKILLMAN AV,40.716268,-73.940066
302322,KINGSLAND AV/WITHERS ST,40.71802,-73.940307
302323,KINGSLAND AV/RICHARDSON ST,40.719724,-73.940626
302346,GREENPOINT AV/KINGSLAND AV,40.732576,-73.943261
302347,GREENPOINT AV/N HENRY ST,40.731956,-73.945043
302348,GREENPOINT AV/HUMBOLDT ST,40.731524,-73.946259
302349,GREENPOINT AV/PROVOST ST,40.730667,-73.949699
302350,GREENPOINT AV/McGUINNESS BLVD,40.730433,-73.952028
302351,GREENPOINT AV/LEONARD ST,40.730307,-73.953343
302352,GREENPOINT AV/MANHATTAN AV,40.730201,-73.954683
302355,OLD FULTON ST/ELIZABETH PL,40.702666,-73.993952
302356,OLD FULTON ST/HENRY ST,40.701021,-73.991449
302357,CADMAN PLAZA WEST/MIDDAGH ST,40.699591,-73.99129
302358,CADMAN PLAZA WEST/CLARK ST,40.696696,-73.991464
302359,CADMAN PLAZA WEST/CADMAN TOWER,40.698348,-73.991565
302367,FULTON ST/ROCKWELL PL,40.687969,-73.978767
302368,FULTON ST/LAFAYETTE AV,40.687146,-73.97669
302369,FULTON ST/SOUTH PORTLAND AV,40.686059,-73.974034
302370,FULTON ST/CARLTON AV,40.68478,-73.970798
302371,FULTON ST/CLERMONT AV,40.683904,-73.968617
302372,FULTON ST/CLINTON AV,40.683332,-73.966593
302374,FULTON ST/WASHINGTON AV,40.682882,-73.964338
302375,FULTON ST/SAINT JAMES PL,40.682662,-73.9633
302376,FULTON ST/GRAND  AV,40.682232,-73.961323
302377,FULTON ST/CLASSON AV,40.681579,-73.958134
302378,FULTON ST/FRANKLIN AV,40.680982,-73.955289
302379,FULTON ST/BEDFORD AV,40.6805,-73.952805
302380,FULTON ST/NOSTRAND AV,40.680301,-73.949161
302381,FULTON ST/MARCY AV,40.680116,-73.945667
302382,FULTON ST/BROOKLYN AV,40.680033,-73.944167
302383,FULTON ST/KINGSTON AV,40.67988,-73.941381
302413,FULTON ST/TOMPKINS AV,40.680063,-73.943102
302414,FULTON ST/NEW YORK AV,40.680253,-73.946932
302415,FULTON ST/NOSTRAND AV,40.680447,-73.949976
302416,FULTON ST/BEDFORD AV,40.680795,-73.953757
302417,FULTON ST/FRANKLIN AV,40.681189,-73.955841
302418,FULTON ST/CLASSON AV,40.681878,-73.958919
302419,FULTON ST/GRAND AV,40.682497,-73.961904
302421,FULTON ST/WASHINGTON AV,40.6832,-73.965264
302423,FULTON ST/VANDERBILT AV,40.683948,-73.968386
302424,FULTON ST/ADELPHI ST,40.684791,-73.97047
302426,FULTON ST/GREENE AV,40.68573,-73.972824
302427,FULTON ST/SOUTH ELLIOT PL,40.686724,-73.975391
302428,FULTON ST/FORT GREENE PL,40.68738,-73.977028
302430,FULTON ST/HUDSON AV,40.688635,-73.980164
302431,FULTON ST/BOND ST,40.689671,-73.982815
302433,FULTON ST/JAY ST,40.691398,-73.987134
302434,COURT ST/MONTAGUE ST,40.693437,-73.990476
302437,CADMAN PLAZA WEST/TILLARY ST,40.696635,-73.991161
302440,OLD FULTON ST/PROSPECT ST,40.70106,-73.991106
302445,JAY ST/WILLOUGHBY ST,40.692314,-73.987319
302459,PUTNAM AV/CLASSON AV,40.683011,-73.958417
302460,PUTNAM AV/FRANKLIN AV,40.683214,-73.956265
302461,PUTNAM AV/BEDFORD AV,40.683501,-73.953654
302462,PUTNAM AV/NOSTRAND AV,40.683851,-73.950477
302463,NOSTRAND AV/HANCOCK ST,40.682207,-73.950024
302464,HALSEY ST/NOSTRAND AV,40.681803,-73.949387
302465,HALSEY ST/MARCY AV,40.682172,-73.946206
302466,HALSEY ST/TOMPKINS AV,40.682503,-73.943314
302467,HALSEY ST/THROOP AV,40.682831,-73.940495
302468,HALSEY ST/MARCUS GARVEY BLVD,40.683158,-73.937613
302469,HALSEY ST/LEWIS AV,40.683489,-73.934758
302470,HALSEY ST/STUYVESANT AV,40.683828,-73.931822
302471,HALSEY ST/MALCOLM X BLVD,40.684161,-73.928858
302472,HALSEY ST/PATCHEN AV,40.684496,-73.925999
302473,HALSEY ST/RALPH AV,40.68487,-73.922695
302474,HALSEY ST/HOWARD AV,40.685176,-73.920038
302475,HALSEY ST/SARATOGA AV,40.685492,-73.917286
302476,HALSEY ST/BROADWAY,40.685678,-73.915671
302477,HALSEY ST/BUSHWICK AV,40.687288,-73.91361
302478,HALSEY ST/EVERGREEN AV,40.688769,-73.912155
302479,HALSEY ST/CENTRAL AV,40.69025,-73.910699
302480,HALSEY ST/WILSON AV,40.691786,-73.909194
302481,HALSEY ST/KNICKERBOCKER AV,40.693192,-73.907814
302482,HALSEY ST/IRVING AV,40.694769,-73.906243
302483,HALSEY ST/WYCKOFF AV,40.696006,-73.905023
302484,WYCKOFF AV/WEIRFIELD ST,40.69682,-73.906168
302489,WYCKOFF AV/MADISON ST,40.698442,-73.909242
302490,WYCKOFF AV/JEFFERSON AV,40.697177,-73.906979
302491,WYCKOFF AV/WEIRFIELD ST,40.696369,-73.905571
302492,HALSEY ST/IRVING AV,40.694345,-73.906828
302493,HALSEY ST/KNICKERBOCKER AV,40.692732,-73.90839
302494,HALSEY ST/WILSON AV,40.691254,-73.909862
302495,HALSEY ST/CENTRAL AV,40.6898,-73.911291
302496,HALSEY ST/EVERGREEN AV,40.688341,-73.912728
302498,HALSEY ST/BROADWAY,40.685757,-73.915267
302499,HALSEY ST/SARATOGA AV,40.685498,-73.918137
302500,HALSEY ST/HOWARD AV,40.685193,-73.920816
302501,HALSEY ST/RALPH AV,40.684885,-73.923525
302502,HALSEY ST/PATCHEN AV,40.684508,-73.926806
302503,HALSEY ST/MALCOLM X BLVD,40.684169,-73.929745
302504,HALSEY ST/STUYVESANT AV,40.683822,-73.932639
302505,HALSEY ST/LEWIS AV,40.6835,-73.935554
302507,HALSEY ST/THROOP AV,40.682837,-73.941327
302508,HALSEY ST/TOMPKINS AV,40.682506,-73.944201
302509,HALSEY ST/MARCY AV,40.682243,-73.946469
302511,HALSEY ST/BEDFORD AV,40.68145,-73.953374
302512,PUTNAM AV/BEDFORD AV,40.683605,-73.954185
302513,PUTNAM AV/FRANKLIN AV,40.68341,-73.955972
302514,PUTNAM AV/CLASSON AV,40.68304,-73.959022
302585,GERRITSEN AV/AV V,40.600173,-73.933453
302586,GERRITSEN AV/WHITNEY AV,40.598506,-73.931596
302588,GERRITSEN AV/BIJOU AV,40.596034,-73.92884
302589,GERRITSEN AV/CHANNEL AV,40.594765,-73.92743
302591,GERRITSEN AV/EVERETT AV,40.593164,-73.925642
302592,GERRITSEN AV/GOTHAM AV,40.591897,-73.924218
302593,GERRITSEN AV/BARTLETT PL,40.59123,-73.923462
302594,GERRITSEN AV/CYRUS AV,40.590321,-73.922481
302595,GERRITSEN AV/SEBA AV,40.589109,-73.921128
302596,GERRITSEN AV/LOIS AV,40.587989,-73.919884
302597,GERRITSEN AV/GERRITSEN BEACH,40.587137,-73.918938
302598,GERRITSEN AV/GERRITSEN BEACH,40.587101,-73.918503
302599,GERRITSEN AV/LOIS AV,40.587947,-73.919531
302600,GERRITSEN AV/SEBA AV,40.589062,-73.920779
302601,GERRITSEN AV/CYRUS AV,40.590282,-73.922135
302602,GERRITSEN AV/BARTLETT PL,40.591232,-73.923203
302603,GERRITSEN AV/GOTHAM AV,40.591837,-73.923872
302604,GERRITSEN AV/EVERETT AV,40.593122,-73.9253
302606,GERRITSEN AV/CHANNEL AV,40.595042,-73.927437
302609,GERRITSEN AV/WHITNEY AV,40.598454,-73.931232
302610,GERRITSEN AV/AVENUE V,40.600074,-73.933046
302623,FLATBUSH AV/LINCOLN RD,40.660947,-73.961001
302678,39 ST/2 AV,40.654972,-74.010181
302679,39 ST/3 AV,40.65396,-74.008495
302680,39 ST/4 AV,40.652335,-74.005795
302681,39 ST/5 AV,40.651303,-74.004083
302682,39 ST/6 AV,40.649686,-74.001423
302683,39 ST/7 AV,40.648374,-73.999232
302684,39 ST/8 AV,40.647018,-73.996987
302686,39 ST/10 AV,40.644356,-73.992613
302687,39 ST/FORT HAMILTON PKWY,40.642895,-73.990195
302688,39 ST/12 AV,40.641698,-73.98821
302692,CHURCH AV/McDONALD AV,40.64265,-73.979587
302693,CHURCH AV/E 3 ST,40.643711,-73.977064
302695,CHURCH AV/OCEAN PKWY,40.644999,-73.973952
302696,CHURCH AV/CONEY ISLAND AV,40.646222,-73.971013
302697,CHURCH AV/WESTMINSTER RD,40.647415,-73.968043
302698,CHURCH AV/RUGBY RD,40.6481,-73.966292
302699,CHURCH AV/E 18 ST,40.649313,-73.963199
302700,CHURCH AV/OCEAN AV,40.650067,-73.960539
302701,CHURCH AV/FLATBUSH AV,40.650362,-73.958218
302702,CHURCH AV/BEDFORD AV,40.650455,-73.955969
302707,CHURCH AV/BROOKLYN AV,40.651007,-73.943459
302708,CHURCH AV/E 38 ST,40.651129,-73.941481
302710,CHURCH AV/E 42 ST,40.651325,-73.937686
302711,CHURCH AV/TROY AV,40.65142,-73.935751
302714,CHURCH AV/E 48 ST,40.651571,-73.932439
302715,CHURCH AV/UTICA AV,40.651655,-73.930572
302716,CHURCH AV/E 52 ST,40.652173,-73.928071
302718,CHURCH AV/E 56 ST,40.652456,-73.924192
302719,CHURCH AV/KINGS HWY,40.652394,-73.922293
302722,CHURCH AV/E 94 ST,40.654816,-73.916683
302723,CHURCH AV/E 96 ST,40.655855,-73.915074
302724,CHURCH AV/ROCKAWAY PKWY,40.656401,-73.914223
302736,CHURCH AV/E 98 ST,40.65664,-73.914132
302737,CHURCH AV/E 96 ST,40.655549,-73.915813
302740,CHURCH AV/REMSEN AV,40.652947,-73.919846
302741,CHURCH AV/RALPH AV,40.652583,-73.92128
302742,CHURCH AV/KINGS HWY,40.652581,-73.923403
302743,CHURCH AV/E 55 ST,40.65252,-73.925501
302745,CHURCH AV/E 52 ST,40.652154,-73.928856
302747,CHURCH AV/E 48 ST,40.651652,-73.932431
302748,CHURCH AV/E 46 ST,40.651606,-73.934681
302749,CHURCH AV/TROY AV,40.651511,-73.936602
302750,CHURCH AV/E 42 ST,40.651424,-73.93845
302753,CHURCH AV/BROOKLYN AV,40.651161,-73.944238
302758,CHURCH AV/BEDFORD AV,40.650576,-73.956268
302759,CHURCH AV/FLATBUSH AV,40.650341,-73.959407
302760,CHURCH AV/OCEAN AV,40.650056,-73.961454
302761,CHURCH AV/E 18 ST,40.649346,-73.963494
302763,CHURCH AV/RUGBY RD,40.647941,-73.967066
302764,CHURCH AV/WESTMINSTER RD,40.647267,-73.968782
302765,CHURCH AV/CONEY ISLAND AV,40.64651,-73.97071
302766,CHURCH AV/E 7 ST,40.645396,-73.973514
302767,CHURCH AV/E 5 ST,40.644332,-73.975965
302768,CHURCH AV/E 3 ST,40.643558,-73.977836
302771,CHURCH AV/CHESTER AV,40.641445,-73.982859
302772,13 AV/37 ST,40.641846,-73.985129
302773,39 ST/13 AV,40.640916,-73.986646
302774,39 ST/12 AV,40.642204,-73.988772
302775,39 ST/FORT HAMILTON PKWY,40.643422,-73.990793
302776,39 ST/10 AV,40.644894,-73.993225
302777,39 ST/9 AV,40.645918,-73.994923
302778,39 ST/8 AV,40.647523,-73.997614
302779,39 ST/7 AV,40.64886,-73.999823
302780,39 ST/6 AV,40.650183,-74.002014
302781,39 ST/5 AV,40.651232,-74.003752
302782,39 ST/4 AV,40.652898,-74.006512
302783,39 ST/3 AV,40.653699,-74.007835
302784,39 ST/2 AV,40.655557,-74.010805
302786,W 37 ST/MERMAID AV,40.574968,-74.002804
302787,W 37 ST/NEPTUNE AV,40.57719,-74.003225
302789,W 33 ST/BAY VIEW AV,40.580685,-74.000763
302791,W 33 ST/NEPTUNE AV,40.577395,-74.000262
302792,W 33 ST/MERMAID AV,40.575094,-73.999701
302793,W 33 ST/SURF AV,40.572991,-73.999298
302794,SURF AV/W 29 ST,40.57275,-73.995094
302797,SURF AV/W 23 ST,40.573924,-73.989797
302798,SURF AV/W 21 ST,40.574647,-73.987239
302799,MERMAID AV/W 17 ST,40.576569,-73.984454
302802,SURF AV/W 10 ST,40.575351,-73.977435
302803,SURF AV/W 6 ST,40.574976,-73.974593
302804,W 5 ST/SEA BREEZE AV,40.57592,-73.972962
302806,W 5 ST/NEPTUNE AV,40.579542,-73.971856
302807,NEPTUNE AV/OCEAN PKWY,40.580154,-73.968083
302810,AVENUE Z/OCEAN PKWY,40.586675,-73.965476
302811,AVENUE Z/E 7 ST,40.587039,-73.96216
302812,AVENUE Z/CONEY ISLAND AV,40.587214,-73.960547
302813,AVENUE Z/E 12 ST,40.58746,-73.958319
302814,AVENUE Z/E 13 ST,40.587731,-73.955805
302818,AVENUE Z/OCEAN AV,40.588494,-73.948888
302819,AVENUE Z/E 22 ST,40.588696,-73.947059
302820,AVENUE Z/BEDFORD AV,40.589016,-73.944161
302823,NOSTRAND AV/AVENUE Z,40.589929,-73.939713
302825,NOSTRAND AV/AVENUE X,40.594243,-73.940584
302826,NOSTRAND AV/AVENUE W,40.595788,-73.940882
302827,NOSTRAND AV/AVENUE V,40.598171,-73.941333
302829,NOSTRAND AV/GRAVESEND NECK RD,40.599972,-73.941874
302830,NOSTRAND AV/AVENUE V,40.597988,-73.941594
302831,NOSTRAND AV/AVENUE W,40.596019,-73.941155
302832,NOSTRAND AV/AVENUE X,40.593865,-73.940669
302833,NOSTRAND AV/AVENUE Y,40.591347,-73.940284
302834,NOSTRAND AV/AVENUE Z,40.589656,-73.939965
302835,AVENUE Z/E 28 ST,40.589369,-73.942176
302837,AVENUE Z/BEDFORD AV,40.589049,-73.945082
302838,AVENUE Z/E 22 ST,40.588759,-73.947743
302841,AVENUE Z/E 13 ST,40.587789,-73.956597
302842,AVENUE Z/E 12 ST,40.587562,-73.958628
302843,AVENUE Z/CONEY ISLAND AV,40.587395,-73.960144
302844,AVENUE Z/HUBBARD ST,40.587055,-73.96328
302845,AVENUE Z/OCEAN PKWY,40.58679,-73.96566
302849,W 5 ST/NEPTUNE AV,40.579431,-73.972005
302851,SURF AV/W 5 ST,40.575007,-73.974243
302853,SURF AV/W 10 ST,40.575543,-73.978433
302854,SURF AV/STILLWELL AV,40.575581,-73.981204
302856,MERMAID AV/W 17 ST,40.576647,-73.985165
302857,MERMAID AV/W 19 ST,40.576531,-73.986216
302860,SURF AV/W 23 ST,40.573996,-73.990097
302863,SURF AV/W 27 ST,40.573222,-73.993211
302864,SURF AV/W 29 ST,40.57292,-73.99508
302866,SURF AV/W 32 ST,40.572879,-73.998499
302867,SURF AV/W 33 ST,40.572959,-73.99964
302868,SURF AV/W 35 ST,40.573099,-74.000752
302869,SURF AV/W 37 ST,40.573284,-74.00223
302873,3 AV/97 ST,40.61608,-74.034025
302874,3 AV/94 ST,40.61779,-74.033272
302875,3 AV/92 ST,40.619821,-74.032448
302876,3 AV/90 ST,40.620906,-74.032002
302877,3 AV/88 ST,40.622314,-74.031433
302878,3 AV/86 ST,40.623772,-74.030832
302881,3 AV/80 ST,40.628104,-74.029112
302882,3 AV/78 ST,40.62957,-74.028528
302883,3 AV/BAY RIDGE PKWY,40.631727,-74.027597
302889,3 AV/60 ST,40.641835,-74.02029
302890,3 AV/58 ST,40.643303,-74.018763
302891,3 AV/56 ST,40.644445,-74.01764
302892,3 AV/53 ST,40.646085,-74.015964
302894,3 AV/50 ST,40.647693,-74.014261
302897,3 AV/44 ST,40.651163,-74.010613
302898,3 AV/42 ST,40.652266,-74.009453
302899,3 AV/39 ST,40.653657,-74.008061
302900,3 AV/37 ST,40.65504,-74.006608
302903,3 AV/30 ST,40.659027,-74.002493
302905,3 AV/26 ST,40.660929,-74.000461
302908,3 AV/20 ST,40.664599,-73.996633
302914,3 AV/6 ST,40.673516,-73.989181
302915,3 AV/3 ST,40.675344,-73.987656
302916,3 AV/CARROLL ST,40.677323,-73.986015
302917,3 AV/UNION ST,40.678593,-73.985157
302918,3 AV/DOUGLASS ST,40.68013,-73.984111
302945,FULTON ST/SMITH ST,40.69148,-73.987534
302947,FULTON ST/BOND ST,40.689709,-73.983099
302955,3 AV/BUTLER ST,40.680635,-73.983974
302956,3 AV/DEGRAW ST,40.679356,-73.984843
302957,3 AV/UNION ST,40.67811,-73.985687
302960,3 AV/6 ST,40.67339,-73.989538
302962,3 AV/12 ST,40.66944,-73.992837
302963,3 AV/14 ST,40.668252,-73.993832
302971,3 AV/29 ST,40.659285,-74.002776
302973,3 AV/33 ST,40.657099,-74.005049
302975,3 AV/37 ST,40.655125,-74.007095
302976,3 AV/39 ST,40.653692,-74.008621
302978,3 AV/43 ST,40.651498,-74.010925
302981,3 AV/49 ST,40.648157,-74.014436
302985,3 AV/55 ST,40.644916,-74.017782
302992,3 AV/BAY RIDGE AV,40.635506,-74.026182
302995,3 AV/BAY RIDGE PKWY,40.631595,-74.027794
302996,3 AV/77 ST,40.629867,-74.028497
302999,3 AV/83 ST,40.62593,-74.030123
303000,3 AV/86 ST,40.623355,-74.031131
303003,3 AV/92 ST,40.619129,-74.03298
303011,TILLARY ST/CADMAN PLAZA EAST,40.696104,-73.990366
303017,FULTON ST/ROCKWELL PL,40.688106,-73.979087
303019,LAFAYETTE AV/SOUTH PORTLAND AV,40.687206,-73.974215
303020,LAFAYETTE AV/CARLTON AV,40.687523,-73.971354
303021,LAFAYETTE AV/VANDERBILT AV,40.687856,-73.968348
303022,LAFAYETTE AV/WASHINGTON AV,40.688199,-73.965384
303023,LAFAYETTE AV/GRAND AV,40.688541,-73.962427
303024,LAFAYETTE AV/CLASSON AV,40.688864,-73.959597
303025,LAFAYETTE AV/FRANKLIN AV,40.689115,-73.957429
303026,LAFAYETTE AV/BEDFORD AV,40.689433,-73.954685
303027,LAFAYETTE AV/NOSTRAND AV,40.689857,-73.950967
303028,LAFAYETTE AV/MARCY AV,40.690231,-73.947776
303029,LAFAYETTE AV/TOMPKINS AV,40.690557,-73.944948
303030,LAFAYETTE AV/THROOP AV,40.690885,-73.942099
303032,LAFAYETTE AV/LEWIS AV,40.691541,-73.936343
303033,LAFAYETTE AV/STUYVESANT AV,40.691884,-73.933411
303034,LAFAYETTE AV/MALCOLM X BLVD,40.69222,-73.93049
303036,KOSSUTH PL/BUSHWICK AV,40.694013,-73.926532
303038,DE KALB AV/EVERGREEN AV,40.696344,-73.926966
303039,DE KALB AV/MYRTLE AV,40.698404,-73.924944
303040,DE KALB AV/WILSON AV,40.699506,-73.923869
303041,DE KALB AV/KNICKERBOCKER AV,40.701317,-73.922088
303042,DE KALB AV/IRVING AV,40.702905,-73.920529
303043,DE KALB AV/WYCKOFF AV,40.704487,-73.918961
303044,DE KALB AV/SAINT NICHOLAS AV,40.705669,-73.917755
303072,DE KALB AV/SAINT NICHOLAS AV,40.70519,-73.918371
303073,DE KALB AV/WYCKOFF AV,40.704149,-73.919426
303074,DE KALB AV/IRVING AV,40.702449,-73.921097
303075,DE KALB AV/KNICKERBOCKER AV,40.700893,-73.92265
303076,DE KALB AV/WILSON AV,40.699717,-73.923783
303077,DE KALB AV/MYRTLE AV,40.697765,-73.925723
303078,DE KALB AV/EVERGREEN AV,40.695949,-73.927522
303081,DE KALB AV/MALCOLM X BLVD,40.693691,-73.931604
303082,DE KALB AV/STUYVESANT AV,40.693353,-73.934547
303083,DE KALB AV/LEWIS AV,40.693023,-73.937474
303086,DE KALB AV/TOMPKINS AV,40.692045,-73.946054
303087,DE KALB AV/MARCY AV,40.691717,-73.948892
303088,DE KALB AV/NOSTRAND AV,40.691337,-73.952196
303090,DE KALB AV/BEDFORD AV,40.690902,-73.955843
303091,DE KALB AV/FRANKLIN AV,40.690759,-73.957179
303092,DE KALB AV/CLASSON AV,40.69036,-73.960713
303094,DE KALB AV/WASHINGTON AV,40.689678,-73.966584
303096,DE KALB AV/VANDERBILT AV,40.689542,-73.96952
303102,DE KALB AV/FLATBUSH AV EXT,40.689992,-73.981257
303117,WILLIAMSBURG BRIDGE PLAZA/LANE 1,40.709597,-73.959359
303135,RALPH AV/STERLING PL,40.671305,-73.922289
303136,RALPH AV/PROSPECT PL,40.673098,-73.922121
303137,RALPH AV/BERGEN ST,40.674442,-73.921994
303138,RALPH AV/DEAN ST,40.675658,-73.92188
303140,RALPH AV/ATLANTIC AV,40.677243,-73.921716
303141,RALPH AV/FULTON ST,40.678743,-73.921588
303142,RALPH AV/SUMPTER ST,40.680058,-73.922084
303143,RALPH AV/BAINBRIDGE ST,40.68223,-73.922515
303144,RALPH AV/MACDONOUGH ST,40.683729,-73.922808
303145,RALPH AV/HALSEY ST,40.684766,-73.923016
303146,RALPH AV/HANCOCK ST,40.685927,-73.923249
303147,RALPH AV/PUTNAM AV,40.687404,-73.923543
303148,RALPH AV/GATES AV,40.689164,-73.923888
303149,RALPH AV/BROADWAY,40.690793,-73.924309
303151,BROADWAY/KOSSUTH PL,40.692974,-73.928075
303152,BROADWAY/DE KALB AV,40.694074,-73.929979
303153,BROADWAY/LAWTON ST,40.694911,-73.931411
303154,BROADWAY/WILLOUGHBY AV,40.696002,-73.933414
303156,BROADWAY/ARION PL,40.69807,-73.937041
303158,BROADWAY/FLUSHING AV,40.700664,-73.941708
303159,BROADWAY/COOK ST,40.70234,-73.944549
303160,BROADWAY/LEONARD ST,40.702982,-73.945695
303161,BROADWAY/LORIMER ST,40.704482,-73.948374
303162,BROADWAY/BOERUM ST,40.705142,-73.949556
303163,BROADWAY/MONTROSE AV,40.706254,-73.951586
303164,BROADWAY/HOOPER ST,40.707109,-73.95389
303170,BROADWAY/HOOPER ST,40.707047,-73.954114
303172,BROADWAY/HEYWARD ST,40.705477,-73.950443
303173,BROADWAY/LORIMER ST,40.704136,-73.948057
303175,BROADWAY/GERRY ST,40.702496,-73.945111
303178,BROADWAY/PARK AV,40.698656,-73.93836
303180,BROADWAY/WILLOUGHBY AV,40.695515,-73.932806
303182,BROADWAY/DE KALB AV,40.693587,-73.92936
303188,RALPH AV/JEFFERSON AV,40.686035,-73.923412
303189,RALPH AV/HALSEY ST,40.684967,-73.923193
303190,RALPH AV/MACON ST,40.68383,-73.922963
303191,RALPH AV/DECATUR ST,40.682395,-73.92268
303192,RALPH AV/CHAUNCEY ST,40.680891,-73.922428
303193,RALPH AV/FULTON ST,40.678513,-73.921744
303195,RALPH AV/PACIFIC ST,40.675804,-73.921999
303196,RALPH AV/BERGEN ST,40.67425,-73.922145
303198,RALPH AV/STERLING PL,40.671111,-73.922445
303215,FLATBUSH AV/KINGS PLAZA,40.609251,-73.92154
303218,FLATBUSH AV/UTICA AV,40.613605,-73.926743
303219,FLATBUSH AV/E 48 ST,40.61528,-73.928647
303222,FLATBUSH AV/TROY AV,40.61932,-73.933156
303223,FLATBUSH AV/FLATLANDS AV,40.621551,-73.935578
303224,FLATBUSH AV/KINGS HWY,40.622273,-73.936348
303227,FLATBUSH AV/AVENUE K,40.62544,-73.939696
303228,FLATBUSH AV/BROOKLYN AV,40.62675,-73.941089
303229,FLATBUSH AV/E 35 ST,40.627818,-73.942215
303230,FLATBUSH AV/AVENUE I,40.629409,-73.943955
303232,FLATBUSH AV/NOSTRAND AV,40.632805,-73.947493
303233,FLATBUSH AV/E 29 ST,40.634321,-73.949098
303234,FLATBUSH AV/ROGERS AV,40.636367,-73.951259
303235,FLATBUSH AV/FOSTER AV,40.638731,-73.953772
303237,FLATBUSH AV/CLARENDON RD,40.643075,-73.957614
303238,FLATBUSH AV/CORTELYOU RD,40.64423,-73.957829
303239,FLATBUSH AV/TILDEN AV,40.64689,-73.958018
303241,FLATBUSH AV/CATON AV,40.653327,-73.959297
303242,FLATBUSH AV/CLARKSON AV,40.655257,-73.959675
303243,FLATBUSH AV/HAWTHORNE ST,40.657584,-73.960221
303244,FLATBUSH AV/MIDWOOD ST,40.659854,-73.960476
303247,FLATBUSH AV/PROSPECT PARK ZOO,40.665988,-73.964264
303249,FLATBUSH AV/STERLING PL,40.676181,-73.971681
303250,FLATBUSH AV/PARK PL,40.677748,-73.972744
303253,FLATBUSH AV/BERGEN ST,40.681136,-73.975205
303254,FLATBUSH AV/ATLANTIC AV,40.684771,-73.977818
303256,LIVINGSTON ST/NEVINS ST,40.687963,-73.981257
303258,LIVINGSTON ST/HOYT ST,40.689844,-73.986081
303259,LIVINGSTON ST/SMITH ST,40.69047,-73.9877
303269,VETERANS AV/AVENUE T,40.62002,-73.910961
303270,VETERANS AV/E 66 ST,40.61987,-73.913265
303271,VETERANS AV/E 65 ST,40.619753,-73.915142
303272,VETERANS AV/RALPH AV,40.619634,-73.917083
303274,AVENUE N/E 57 ST,40.619409,-73.920541
303275,AVENUE N/E 55 ST,40.619286,-73.922483
303276,AVENUE N/E 53 ST,40.619167,-73.924472
303277,AVENUE N/UTICA AV,40.619026,-73.926701
303290,LIVINGSTON ST/SMITH ST,40.69022,-73.987469
303294,LIVINGSTON ST/NEVINS ST,40.687645,-73.980819
303295,FLATBUSH AV/ATLANTIC AV,40.684187,-73.977626
303296,FLATBUSH AV/5 AV,40.682509,-73.976463
303297,FLATBUSH AV/BERGEN ST,40.680464,-73.974971
303300,FLATBUSH AV/PARK PL,40.677359,-73.972665
303301,FLATBUSH AV/8 AV,40.675771,-73.971508
303303,FLATBUSH AV/PROSPECT PARK ZOO,40.665554,-73.964232
303306,FLATBUSH AV/CHESTER CT,40.658183,-73.960552
303307,FLATBUSH AV/PARKSIDE AV,40.655257,-73.959894
303308,FLATBUSH AV/CATON AV,40.652597,-73.959366
303310,FLATBUSH AV/ALBEMARLE RD,40.647176,-73.958227
303311,FLATBUSH AV/BEVERLY RD,40.644462,-73.958154
303312,FLATBUSH AV/DORCHESTER RD,40.642062,-73.957312
303313,FLATBUSH AV/DITMAS AV,40.640291,-73.955569
303314,FLATBUSH AV/FOSTER AV,40.638223,-73.953524
303315,FLATBUSH AV/FARRAGUT RD,40.635683,-73.950848
303316,FLATBUSH AV/GLENWOOD RD,40.634189,-73.949268
303317,FLATBUSH AV/NOSTRAND AV,40.632295,-73.947221
303318,FLATBUSH AV/AURELIA CT,40.629867,-73.944699
303319,FLATBUSH AV/E 35 ST,40.627646,-73.942302
303323,FLATBUSH AV/FLATLANDS AV,40.620949,-73.935247
303324,FLATBUSH AV/AVENUE P,40.619195,-73.933306
303326,AVENUE N/SCHENECTADY AV,40.618725,-73.929357
303328,AVENUE N/E 52 ST,40.619022,-73.924594
303329,AVENUE N/E 54 ST,40.619147,-73.922663
303330,AVENUE N/E 56 ST,40.619269,-73.920671
303331,AVENUE N/E 58 ST,40.619385,-73.918758
303332,AVENUE N/RALPH AV,40.619467,-73.917462
303333,VETERANS AV/E 64 ST,40.619594,-73.915246
303334,VETERANS AV/E 66 ST,40.619714,-73.913218
303335,VETERANS AV/AVENUE T,40.619803,-73.911788
303338,FLATBUSH AV/QUENTIN RD,40.617607,-73.931523
303339,FLATBUSH AV/AVENUE R,40.615975,-73.929712
303340,FLATBUSH AV/FILLMORE AV,40.614695,-73.92828
303341,FLATBUSH AV/AVENUE S,40.613075,-73.926474
303345,ROCKAWAY PKWY/SUBWAY STATION,40.645775,-73.901624
303348,ROCKAWAY PKWY/AVENUE J,40.64166,-73.898593
303349,ROCKAWAY PKWY/AVENUE K,40.640465,-73.897268
303350,ROCKAWAY PKWY/AVENUE L,40.638778,-73.895387
303351,ROCKAWAY PKWY/AVENUE M,40.637137,-73.893562
303352,ROCKAWAY PKWY/AVENUE N,40.635176,-73.891378
303353,ROCKAWAY PKWY/SEAVIEW AV,40.633934,-73.890001
303355,ROCKAWAY PKWY/SHORE PKWY SERVICE RD NORTH,40.631304,-73.88668
303356,ROCKAWAY PKWY/SEAVIEW AV,40.633686,-73.889334
303357,ROCKAWAY PKWY/AVENUE N,40.63545,-73.891382
303358,ROCKAWAY PKWY/AVENUE M,40.637079,-73.893199
303359,ROCKAWAY PKWY/AVENUE L,40.638695,-73.894998
303360,ROCKAWAY PKWY/AVENUE K,40.640681,-73.89721
303361,ROCKAWAY PKWY/AVENUE J,40.642308,-73.89902
303366,NOSTRAND AV/AVENUE T,40.603052,-73.942294
303367,NOSTRAND AV/AVENUE S,40.605421,-73.942735
303368,NOSTRAND AV/AVENUE R,40.607661,-73.943165
303369,NOSTRAND AV/GERRITSEN AV,40.608984,-73.943416
303370,NOSTRAND AV/QUENTIN RD,40.610123,-73.943561
303371,NOSTRAND AV/AVENUE P,40.613115,-73.944115
303372,NOSTRAND AV/MARINE PKWY,40.614446,-73.944373
303374,NOSTRAND AV/AVENUE N,40.617532,-73.94503
303375,NOSTRAND AV/AVENUE M,40.619912,-73.945478
303376,NOSTRAND AV/AVENUE L,40.62188,-73.945851
303377,NOSTRAND AV/AVENUE K,40.624532,-73.946321
303378,NOSTRAND AV/AVENUE J,40.627115,-73.946852
303379,NOSTRAND AV/AVENUE I,40.629484,-73.947279
303380,NOSTRAND AV/FLATBUSH AV,40.632352,-73.947522
303381,NOSTRAND AV/GLENWOOD RD,40.634315,-73.947718
303382,FARRAGUT RD/NOSTRAND AV,40.63623,-73.947573
303383,NEW YORK AV/FARRAGUT RD,40.636839,-73.945097
303384,NEW YORK AV/FOSTER AV,40.63915,-73.945318
303385,NEW YORK AV/AVENUE D,40.641022,-73.94553
303386,NEW YORK AV/CLARENDON RD,40.64377,-73.945819
303387,NEW YORK AV/BEVERLY RD,40.645642,-73.946019
303388,NEW YORK AV/TILDEN AV,40.647319,-73.946205
303389,NEW YORK AV/SNYDER AV,40.64941,-73.946427
303390,NEW YORK AV/CHURCH AV,40.651269,-73.94662
303391,NEW YORK AV/LINDEN BLVD,40.653127,-73.946824
303392,NEW YORK AV/LENOX RD,40.654648,-73.946956
303393,NEW YORK AV/CLARKSON AV,40.655908,-73.947114
303394,NEW YORK AV/WINTHROP ST,40.657582,-73.947307
303395,NEW YORK AV/FENIMORE ST,40.65918,-73.947475
303396,NEW YORK AV/MIDWOOD ST,40.66022,-73.947586
303398,NEW YORK AV/EMPIRE BL,40.663936,-73.947987
303399,NEW YORK AV/MONTGOMERY ST,40.665545,-73.948062
303400,NEW YORK AV/CARROLL ST,40.667329,-73.947887
303401,NEW YORK AV/UNION ST,40.669055,-73.947727
303402,NEW YORK AV/EASTERN PKWY,40.670227,-73.947618
303403,NEW YORK AV/SAINT JOHNS PL,40.671322,-73.947513
303404,NEW YORK AV/STERLING PL,40.672676,-73.947385
303405,NEW YORK AV/PROSPECT PL,40.674446,-73.947218
303406,NEW YORK AV/BERGEN ST,40.675821,-73.947087
303407,NEW YORK AV/PACIFIC ST,40.677803,-73.946906
303408,NEW YORK AV/ATLANTIC AV,40.678703,-73.946818
303411,BEDFORD AV/FULTON ST,40.681039,-73.953342
303412,BEDFORD AV/HANCOCK ST,40.682452,-73.953626
303413,BEDFORD AV/PUTNAM AV,40.683473,-73.953835
303416,BEDFORD AV/GREENE AV,40.688305,-73.95479
303417,BEDFORD AV/LAFAYETTE AV,40.689351,-73.955002
303418,BEDFORD AV/DE KALB AV,40.691288,-73.95539
303419,BEDFORD AV/WILLOUGHBY AV,40.693372,-73.955811
303420,BEDFORD AV/MYRTLE AV,40.694473,-73.95603
303421,BEDFORD AV/PARK AV,40.69668,-73.956472
303422,BEDFORD AV/FLUSHING AV,40.698884,-73.956915
303425,BEDFORD AV/HEWES ST,40.702845,-73.959584
303427,BEDFORD AV/TAYLOR ST,40.705825,-73.962904
303434,NOSTRAND AV/VOORHIES AV,40.587608,-73.939283
303440,NOSTRAND AV/AVENUE U,40.600949,-73.941896
303441,LEE AV/FLUSHING AV,40.699506,-73.953484
303444,NOSTRAND AV/MYRTLE AV,40.694587,-73.952485
303445,NOSTRAND AV/WILLOUGHBY AV,40.693268,-73.952203
303446,NOSTRAND AV/KOSCIUSKO ST,40.690754,-73.951722
303447,NOSTRAND AV/LAFAYETTE AV,40.689536,-73.951479
303448,NOSTRAND AV/GREENE AV,40.688059,-73.951192
303451,NOSTRAND AV/PUTNAM AV,40.683672,-73.950315
303456,NOSTRAND AV/PACIFIC ST,40.677335,-73.94988
303457,NOSTRAND AV/BERGEN ST,40.675671,-73.950037
303458,NOSTRAND AV/PROSPECT PL,40.674201,-73.950169
303459,NOSTRAND AV/SAINT JOHNS PL,40.670871,-73.950508
303460,NOSTRAND AV/EASTERN PKWY,40.669288,-73.950627
303461,NOSTRAND AV/CARROLL ST,40.666866,-73.950851
303463,NOSTRAND AV/EMPIRE BLVD,40.663474,-73.951015
303464,NOSTRAND AV/LEFFERTS AV,40.661981,-73.950861
303465,NOSTRAND AV/MAPLE ST,40.66052,-73.9507
303466,NOSTRAND AV/RUTLAND RD,40.659055,-73.950546
303467,NOSTRAND AV/HAWTHORNE ST,40.657496,-73.950378
303469,NOSTRAND AV/CLARKSON AV,40.655011,-73.950113
303471,NOSTRAND AV/LINDEN BLVD,40.652275,-73.949816
303473,NOSTRAND AV/SNYDER AV,40.648613,-73.949426
303474,NOSTRAND AV/TILDEN AV,40.64656,-73.949204
303475,NOSTRAND AV/BEVERLY RD,40.644798,-73.949011
303476,NOSTRAND AV/CLARENDON RD,40.64283,-73.948804
303477,NOSTRAND AV/NEWKIRK AV,40.640085,-73.948517
303479,NOSTRAND AV/FARRAGUT RD,40.635929,-73.948063
303480,NOSTRAND AV/GLENWOOD RD,40.63409,-73.947873
303482,NOSTRAND AV/AVENUE I,40.628817,-73.947348
303483,NOSTRAND AV/AVENUE J,40.626426,-73.94691
303484,NOSTRAND AV/AVENUE K,40.62425,-73.946447
303486,NOSTRAND AV/AVENUE M,40.619231,-73.945547
303487,NOSTRAND AV/AVENUE N,40.616887,-73.945103
303488,NOSTRAND AV/KINGS HWY,40.616209,-73.944977
303490,NOSTRAND AV/AVENUE P,40.611636,-73.944109
303491,NOSTRAND AV/QUENTIN RD,40.609472,-73.9437
303492,NOSTRAND AV/AVENUE R,40.606969,-73.943227
303493,NOSTRAND AV/AVENUE S,40.604746,-73.942804
303494,NOSTRAND AV/AVENUE T,40.60233,-73.942352
303495,NOSTRAND AV/AVENUE U,40.600537,-73.942008
303502,NOSTRAND AV/VOORHIES AV,40.586988,-73.93946
303513,LEE AV/HEWES ST,40.70338,-73.95742
303517,LIVINGSTON ST/COURT ST,40.691341,-73.99088
303524,FLATBUSH AV/STATE ST,40.685406,-73.978525
303526,ATLANTIC AV/FLATBUSH AV,40.683769,-73.976996
303530,ATLANTIC AV/VANDERBILT AV,40.681559,-73.967208
303531,WASHINGTON AV/ATLANTIC AV,40.680669,-73.964429
303532,WASHINGTON AV/DEAN ST,40.679483,-73.964164
303533,WASHINGTON AV/BERGEN ST,40.678221,-73.963937
303534,WASHINGTON AV/PROSPECT PL,40.676148,-73.963559
303535,WASHINGTON AV/STERLING PL,40.6742,-73.963167
303536,SAINT JOHNS PL/WASHINGTON AV,40.673423,-73.962414
303537,SAINT JOHNS PL/CLASSON AV,40.672983,-73.960327
303539,SAINT JOHNS PL/BEDFORD AV,40.671822,-73.954838
303540,SAINT JOHNS PL/ROGERS AV,40.671712,-73.952671
303541,SAINT JOHNS PL/NOSTRAND AV,40.671593,-73.950469
303542,SAINT JOHNS PL/NEW YORK AV,40.671394,-73.947232
303544,SAINT JOHNS PL/KINGSTON AV,40.671086,-73.941623
303545,SAINT JOHNS PL/ALBANY AV,40.670937,-73.938851
303546,SAINT JOHNS PL/TROY AV,40.670787,-73.936097
303547,SAINT JOHNS PL/SCHENECTADY AV,40.670665,-73.933844
303548,SAINT JOHNS PL/UTICA AV,40.670512,-73.931075
303549,SAINT JOHNS PL/ROCHESTER AV,40.670332,-73.927727
303552,SAINT MARKS AV/BUFFALO AV,40.67377,-73.924316
303556,RALPH AV/SAINT JOHNS PL,40.670198,-73.922535
303557,SAINT JOHNS PL/RALPH AV,40.670227,-73.923231
303558,SAINT JOHNS PL/BUFFALO AV,40.670383,-73.925993
303560,SAINT JOHNS PL/UTICA AV,40.670647,-73.930816
303561,SAINT JOHNS PL/SCHENECTADY AV,40.67083,-73.934117
303562,SAINT JOHNS PL/TROY AV,40.670988,-73.936889
303563,SAINT JOHNS PL/ALBANY AV,40.671124,-73.939661
303564,SAINT JOHNS PL/KINGSTON AV,40.671248,-73.941878
303565,SAINT JOHNS PL/BROOKLYN AV,40.671401,-73.94464
303566,SAINT JOHNS PL/NEW YORK AV,40.671524,-73.947425
303567,SAINT JOHNS PL/NOSTRAND AV,40.67168,-73.950198
303568,SAINT JOHNS PL/ROGERS AV,40.671833,-73.952967
303569,STERLING PL/BEDFORD AV,40.672865,-73.954732
303570,STERLING PL/FRANKLIN AV,40.673424,-73.957396
303572,STERLING PL/WASHINGTON AV,40.674592,-73.96298
303573,WASHINGTON AV/PROSPECT PL,40.676901,-73.963497
303574,WASHINGTON AV/BERGEN ST,40.678838,-73.963871
303575,WASHINGTON AV/PACIFIC ST,40.680513,-73.964191
303576,ATLANTIC AV/WAVERLY AV,40.681425,-73.965429
303577,ATLANTIC AV/VANDERBILT AV,40.682013,-73.968074
303578,ATLANTIC AV/CARLTON AV,40.682669,-73.971196
303590,UTICA AV/FILLMORE AV,40.614365,-73.926274
303591,UTICA AV/AVENUE O,40.616498,-73.926509
303592,UTICA AV/AVENUE N,40.619894,-73.926824
303593,UTICA AV/AVENUE M,40.621675,-73.927052
303594,UTICA AV/AVENUE L,40.623923,-73.92729
303595,UTICA AV/AVENUE K,40.625699,-73.927479
303596,UTICA AV/AVENUE J,40.628507,-73.927779
303597,UTICA AV/AVENUE I,40.630868,-73.928032
303599,UTICA AV/KINGS HWY,40.634043,-73.928456
303601,UTICA AV/FARRAGUT RD,40.637785,-73.928767
303602,UTICA AV/FOSTER AV,40.639704,-73.928978
303603,UTICA AV/AVENUE D,40.641743,-73.929131
303604,UTICA AV/CLARENDON RD,40.644815,-73.929523
303605,UTICA AV/BEVERLY RD,40.646701,-73.929723
303606,UTICA AV/TILDEN AV,40.648531,-73.92992
303607,UTICA AV/SNYDER AV,40.650447,-73.930119
303608,UTICA AV/CHURCH AV,40.651918,-73.930353
303609,UTICA AV/LINDEN BLVD,40.65417,-73.930519
303610,UTICA AV/LENOX RD,40.655688,-73.930683
303612,UTICA AV/WINTHROP ST,40.65814,-73.930984
303613,UTICA AV/RUTLAND RD,40.660919,-73.93124
303614,UTICA AV/MAPLE ST,40.662404,-73.931397
303624,MALCOLM X BLVD/BAINBRIDGE ST,40.681561,-73.928702
303625,MALCOLM X BLVD/HALSEY ST,40.684479,-73.92929
303626,MALCOLM X BLVD/PUTNAM AV,40.686684,-73.929724
303627,MALCOLM X BLVD/GATES AV,40.688899,-73.930162
303628,MALCOLM X BLVD/GREENE AV,40.691046,-73.930589
303629,MALCOLM X BLVD/LAFAYETTE AV,40.692133,-73.930811
303630,MALCOLM X BLVD/DE KALB AV,40.693612,-73.931092
303657,BROADWAY/THORNTON ST,40.701436,-73.943215
303658,BROADWAY/FLUSHING AV,40.700473,-73.941564
303660,BROADWAY/MYRTLE AV,40.696737,-73.934982
303662,BROADWAY/MALCOLM X BLVD,40.694796,-73.931519
303663,MALCOLM X BLVD/DE KALB AV,40.693112,-73.931178
303664,MALCOLM X BLVD/LAFAYETTE AV,40.691897,-73.930931
303665,MALCOLM X BLVD/GREENE AV,40.690434,-73.930636
303666,MALCOLM X BLVD/QUINCY ST,40.688948,-73.930342
303667,MALCOLM X BLVD/MADISON ST,40.686785,-73.929908
303670,MALCOLM X BLVD/DECATUR ST,40.681627,-73.928886
303672,MALCOLM X BLVD/CHAUNCEY ST,40.679421,-73.929
303673,UTICA AV/ATLANTIC AV,40.677591,-73.930372
303676,UTICA AV/PROSPECT PL,40.672944,-73.93081
303682,UTICA AV/MIDWOOD ST,40.661062,-73.9315
303683,UTICA AV/WINTHROP ST,40.658046,-73.931185
303685,UTICA AV/LENOX RD,40.655001,-73.930853
303686,UTICA AV/LINDEN BLVD,40.653456,-73.930689
303687,UTICA AV/CHURCH AV,40.651373,-73.930468
303688,UTICA AV/SNYDER AV,40.649786,-73.930293
303690,UTICA AV/BEVERLY RD,40.646023,-73.929893
303691,UTICA AV/CLARENDON RD,40.644096,-73.929686
303692,UTICA AV/AVENUE D,40.641719,-73.929433
303693,UTICA AV/FOSTER AV,40.63989,-73.92924
303695,UTICA AV/GLENWOOD RD,40.634834,-73.928705
303696,UTICA AV/AVENUE H,40.632523,-73.928456
303697,UTICA AV/AVENUE I,40.630083,-73.928188
303698,UTICA AV/AVENUE J,40.627782,-73.927946
303699,UTICA AV/FLATLANDS AV,40.626322,-73.927785
303700,UTICA AV/AVENUE L,40.623182,-73.927453
303701,UTICA AV/AVENUE M,40.621044,-73.927222
303702,UTICA AV/AVENUE N,40.618576,-73.926961
303703,UTICA AV/AVENUE O,40.616723,-73.926762
303704,UTICA AV/FILLMORE AV,40.614579,-73.926533
303710,EMPIRE BLVD/WASHINGTON AV,40.663205,-73.961095
303711,EMPIRE BLVD/BEDFORD AV,40.663504,-73.95684
303712,EMPIRE BLVD/ROGERS AV,40.663662,-73.953993
303713,EMPIRE BLVD/NOSTRAND AV,40.663842,-73.950528
303714,EMPIRE BLVD/NEW YORK AV,40.664019,-73.947655
303717,KINGSTON AV/MONTGOMERY ST,40.665271,-73.942514
303718,KINGSTON AV/CARROLL ST,40.667013,-73.942347
303720,KINGSTON AV/SAINT JOHNS PL,40.671515,-73.941932
303722,KINGSTON AV/PROSPECT PL,40.67418,-73.941678
303723,KINGSTON AV/BERGEN ST,40.675966,-73.94151
303724,KINGSTON AV/PACIFIC ST,40.677498,-73.941368
303725,KINGSTON AV/ATLANTIC AV,40.678363,-73.941284
303726,KINGSTON AV/FULTON ST,40.679823,-73.941153
303727,THROOP AV/FULTON ST,40.680207,-73.940327
303728,THROOP AV/MACDONOUGH ST,40.68167,-73.940615
303729,THROOP AV/HALSEY ST,40.682743,-73.940834
303730,THROOP AV/JEFFERSON AV,40.68459,-73.941192
303731,THROOP AV/MADISON ST,40.686084,-73.94149
303732,THROOP AV/GATES AV,40.68756,-73.941781
303733,THROOP AV/GREENE AV,40.689737,-73.942208
303734,THROOP AV/LAFAYETTE AV,40.690791,-73.94242
303735,THROOP AV/DE KALB AV,40.69265,-73.942786
303736,THROOP AV/HART ST,40.694096,-73.943077
303737,THROOP AV/MYRTLE AV,40.696366,-73.943555
303738,THROOP AV/PARK AV,40.698563,-73.943925
303762,TOMPKINS AV/FLUSHING AV,40.699764,-73.947252
303764,TOMPKINS AV/MARTIN LUTHER KING JR PL,40.696868,-73.946674
303765,TOMPKINS AV/MYRTLE AV,40.69538,-73.946379
303766,TOMPKINS AV/WILLOUGHBY AV,40.693906,-73.946081
303769,TOMPKINS AV/LAFAYETTE AV,40.690258,-73.945352
303770,TOMPKINS AV/GREENE AV,40.688726,-73.945054
303771,TOMPKINS AV/GATES AV,40.686637,-73.944641
303774,TOMPKINS AV/HALSEY ST,40.682206,-73.943754
303776,TOMPKINS AV/FULTON ST,40.680153,-73.943352
303777,BROOKLYN AV/FULTON ST,40.679761,-73.944077
303778,BROOKLYN AV/ATLANTIC AV,40.67776,-73.944267
303779,BROOKLYN AV/BERGEN ST,40.675479,-73.944478
303780,BROOKLYN AV/PARK PL,40.672803,-73.944729
303781,BROOKLYN AV/SAINT JOHNS PL,40.670992,-73.944899
303782,BROOKLYN AV/EASTERN PKWY,40.669856,-73.945009
303783,BROOKLYN AV/UNION ST,40.668305,-73.945143
303784,BROOKLYN AV/CARROLL ST,40.666576,-73.945318
303785,BROOKLYN AV/MONTGOMERY ST,40.664816,-73.945481
303786,EMPIRE BLVD/BROOKLYN AV,40.664259,-73.945794
303787,EMPIRE BLVD/NEW YORK AV,40.664137,-73.948647
303788,EMPIRE BLVD/NOSTRAND AV,40.663963,-73.951411
303789,EMPIRE BLVD/ROGERS AV,40.663748,-73.953766
303791,WASHINGTON AV/EMPIRE BLVD,40.663103,-73.960971
303796,CLASSON AV/PRESIDENT ST,40.669925,-73.961793
303798,CLASSON AV/SAINT JOHNS PL,40.672983,-73.960691
303799,CLASSON AV/STERLING PL,40.674273,-73.960222
303800,CLASSON AV/PROSPECT PL,40.676035,-73.959586
303801,CLASSON AV/BERGEN ST,40.677813,-73.958943
303802,CLASSON AV/ATLANTIC AV,40.679589,-73.958304
303803,CLASSON AV/FULTON ST,40.681658,-73.958538
303804,CLASSON AV/PUTNAM AV,40.682904,-73.958749
303808,CLASSON AV/LAFAYETTE AV,40.688776,-73.959918
303809,CLASSON AV/DE KALB AV,40.690651,-73.960277
303810,CLASSON AV/WILLOUGHBY AV,40.692806,-73.960763
303811,CLASSON AV/MYRTLE AV,40.693904,-73.961003
303813,CLASSON AV/FLUSHING AV,40.698573,-73.961729
303814,WALLABOUT ST/FRANKLIN AV,40.699335,-73.959139
303815,LORIMER ST/LEE AV,40.700398,-73.953462
303817,LORIMER ST/HARRISON AV,40.702891,-73.94963
303818,LORIMER ST/BROADWAY,40.703994,-73.947916
303819,LORIMER ST/BOERUM ST,40.705789,-73.947936
303820,LORIMER ST/MESEROLE ST,40.707902,-73.948281
303821,LORIMER ST/STAGG ST,40.70931,-73.948514
303823,LORIMER ST/GRAND ST,40.711314,-73.948841
303824,LORIMER ST/POWERS ST,40.712204,-73.948996
303825,LORIMER ST/DEVOE ST,40.713626,-73.949225
303826,LORIMER ST/CONSELYEA ST,40.715012,-73.949452
303827,LORIMER ST/JACKSON ST,40.71609,-73.949631
303828,LORIMER ST/FROST ST,40.717894,-73.949925
303829,LORIMER ST/BAYARD ST,40.719412,-73.950219
303830,LORIMER ST/DRIGGS AV,40.721633,-73.95054
303831,LORIMER ST/NASSAU AV,40.723403,-73.95152
303833,NASSAU AV/MCGUINNESS BLVD,40.724462,-73.948409
303835,NASSAU AV/HUMBOLDT ST,40.725374,-73.94572
303837,NASSAU AV/MONITOR ST,40.725758,-73.94234
303844,NASSAU AV/HAUSMAN ST,40.726183,-73.939109
303845,NASSAU AV/KINGSLAND AV,40.725927,-73.942029
303847,NASSAU AV/HUMBOLDT ST,40.725594,-73.945331
303848,NASSAU AV/NEWEL ST,40.724843,-73.947659
303849,NASSAU AV/ECKFORD ST,40.724306,-73.949237
303850,NASSAU AV/MANHATTAN AV,40.723854,-73.950659
303852,LORIMER ST/BAYARD ST,40.71913,-73.950264
303853,LORIMER ST/MEEKER AV,40.716994,-73.949923
303854,LORIMER ST/SKILLMAN AV,40.715156,-73.9496
303855,LORIMER ST/METROPOLITAN AV,40.713724,-73.949364
303856,LORIMER ST/AINSLIE ST,40.712316,-73.949148
303857,LORIMER ST/GRAND ST,40.711011,-73.94892
303858,LORIMER ST/TEN EYCK ST,40.709397,-73.948674
303859,LORIMER ST/MESEROLE ST,40.707287,-73.948328
303860,LORIMER ST/MONTROSE AV,40.705948,-73.948129
303861,LORIMER ST/BROADWAY,40.704525,-73.947881
303862,LORIMER ST/HARRISON AV,40.702815,-73.949923
303863,LORIMER ST/MARCY AV,40.701574,-73.951854
303864,LORIMER ST/LEE AV,40.700321,-73.953791
303865,WALLABOUT ST/BEDFORD AV,40.699759,-73.957042
303866,WALLABOUT ST/WYTHE AV,40.699466,-73.958892
303868,FRANKLIN AV/PARK AV,40.696236,-73.95842
303869,FRANKLIN AV/MYRTLE AV,40.694016,-73.957966
303870,FRANKLIN AV/WILLOUGHBY AV,40.692455,-73.957668
303871,FRANKLIN AV/DE KALB AV,40.690331,-73.95725
303872,FRANKLIN AV/LAFAYETTE AV,40.689313,-73.957216
303874,FRANKLIN AV/GATES AV,40.685645,-73.956636
303875,FRANKLIN AV/MADISON ST,40.68374,-73.956246
303876,FRANKLIN AV/PUTNAM AV,40.682957,-73.956091
303878,FRANKLIN AV/ATLANTIC AV,40.678802,-73.955283
303880,FRANKLIN AV/BERGEN ST,40.676929,-73.955757
303881,FRANKLIN AV/PROSPECT PL,40.674972,-73.95646
303882,FRANKLIN AV/STERLING PL,40.673404,-73.957014
303883,FRANKLIN AV/SAINT JOHNS PL,40.672099,-73.957494
303884,FRANKLIN AV/EASTERN PKWY,40.670962,-73.957938
303885,FRANKLIN AV/UNION ST,40.669498,-73.958445
303886,FRANKLIN AV/CARROLL ST,40.667707,-73.95908
303887,FRANKLIN AV/MONTGOMERY ST,40.665959,-73.959715
303888,SULLIVAN PL/WASHINGTON AV,40.664123,-73.960924
303901,WEST END AV/HAMPTON AV,40.579575,-73.953305
303902,WEST END AV/SHORE BLVD,40.58162,-73.953693
303903,SHORE BLVD/EMMONS AV,40.582935,-73.953936
303911,OCEAN AV/AVENUE Z,40.588853,-73.949277
303912,OCEAN AV/AVENUE Y,40.590973,-73.949679
303913,OCEAN AV/AVENUE X,40.593073,-73.95008
303914,OCEAN AV/AVENUE W,40.595181,-73.950478
303915,OCEAN AV/AVENUE V,40.597599,-73.950938
303916,OCEAN AV/AVENUE U,40.599713,-73.951339
303917,OCEAN AV/AVENUE T,40.602564,-73.951904
303918,OCEAN AV/AVENUE S,40.604355,-73.952218
303919,OCEAN AV/AVENUE R,40.606666,-73.952652
303920,OCEAN AV/QUENTIN RD,40.609131,-73.953122
303921,OCEAN AV/KINGS HWY,40.610608,-73.953479
303922,OCEAN AV/AVENUE O,40.613866,-73.95402
303923,OCEAN AV/AVENUE N,40.616496,-73.954511
303926,OCEAN AV/AVENUE K,40.623682,-73.955872
303927,OCEAN AV/AVENUE J,40.626078,-73.95632
303928,OCEAN AV/AVENUE I,40.628016,-73.956697
303929,OCEAN AV/AVENUE H,40.630833,-73.957225
303930,OCEAN AV/GLENWOOD RD,40.633193,-73.957678
303931,OCEAN AV/FARRAGUT RD,40.635178,-73.958047
303937,ROGERS AV/AVENUE D,40.641107,-73.95136
303938,ROGERS AV/CLARENDON RD,40.643413,-73.951607
303939,ROGERS AV/BEVERLEY RD,40.645298,-73.951811
303940,ROGERS AV/TILDEN AV,40.647083,-73.952
303942,ROGERS AV/CHURCH AV,40.651173,-73.95244
303943,ROGERS AV/LINDEN BLVD,40.652819,-73.952612
303944,ROGERS AV/LENOX RD,40.654269,-73.952774
303945,ROGERS AV/CLARKSON AV,40.65552,-73.952902
303946,ROGERS AV/WINTHROP ST,40.657225,-73.953085
303947,ROGERS AV/FENIMORE ST,40.658828,-73.95326
303948,ROGERS AV/MIDWOOD ST,40.659835,-73.953364
303949,ROGERS AV/LINCOLN RD,40.661641,-73.953554
303950,ROGERS AV/EMPIRE BLVD,40.663626,-73.953748
303951,ROGERS AV/MONTGOMERY ST,40.665855,-73.953594
303953,ROGERS AV/CARROLL ST,40.667642,-73.953427
303954,ROGERS AV/PRESIDENT ST,40.668544,-73.95334
303955,ROGERS AV/EASTERN PKWY,40.669673,-73.953231
303957,ROGERS AV/PARK PL,40.673886,-73.952828
303958,ROGERS AV/ST MARKS AV,40.675598,-73.952668
303959,BEDFORD AV/DEAN ST,40.67736,-73.952627
303960,BEDFORD AV/ATLANTIC AV,40.679153,-73.952972
303966,DEAN ST/FRANKLIN AV,40.677433,-73.955064
303967,DEAN ST/BEDFORD AV,40.676985,-73.952934
303968,BEDFORD AV/BERGEN ST,40.675964,-73.953259
303969,BEDFORD AV/PROSPECT PL,40.674235,-73.953884
303970,BEDFORD AV/STERLING PL,40.672862,-73.954383
303971,BEDFORD AV/SAINT JOHNS PL,40.671542,-73.954859
303972,BEDFORD AV/EASTERN PKWY,40.670423,-73.955267
303974,BEDFORD AV/CARROLL ST,40.667204,-73.95643
303975,BEDFORD AV/MONTGOMERY ST,40.665411,-73.957073
303976,BEDFORD AV/EMPIRE BLVD,40.662983,-73.957279
303977,BEDFORD AV/LEFFERTS AV,40.661624,-73.957094
303978,BEDFORD AV/MAPLE ST,40.660172,-73.956906
303979,BEDFORD AV/RUTLAND RD,40.658717,-73.956778
303981,BEDFORD AV/PARKSIDE AV,40.655541,-73.956442
303982,BEDFORD AV/CLARKSON AV,40.654712,-73.956352
303983,BEDFORD AV/LENOX RD,40.653447,-73.956219
303984,BEDFORD AV/LINDEN BLVD,40.651975,-73.956065
303985,BEDFORD AV/CHURCH AV,40.649829,-73.95595
303986,BEDFORD AV/SNYDER AV,40.648377,-73.955844
303987,BEDFORD AV/TILDEN AV,40.646335,-73.955586
303988,BEDFORD AV/BEVERLEY RD,40.644482,-73.954788
303989,BEDFORD AV/CLARENDON RD,40.642552,-73.954576
303990,BEDFORD AV/AVENUE D,40.640238,-73.954329
303996,OCEAN AV/GLENWOOD RD,40.632592,-73.957836
303997,OCEAN AV/AVENUE H,40.630144,-73.957362
303998,OCEAN AV/AVENUE I,40.628217,-73.957003
303999,OCEAN AV/AVENUE J,40.625376,-73.956461
304000,OCEAN AV/AVENUE K,40.622999,-73.956013
304002,OCEAN AV/AVENUE M,40.618239,-73.955115
304004,OCEAN AV/AVENUE O,40.613147,-73.954153
304005,OCEAN AV/AVENUE P,40.610992,-73.95368
304006,OCEAN AV/QUENTIN RD,40.608469,-73.953263
304007,OCEAN AV/AVENUE R,40.606013,-73.9528
304008,OCEAN AV/AVENUE S,40.603721,-73.952366
304009,OCEAN AV/AVENUE T,40.601308,-73.951907
304011,OCEAN AV/AVENUE V,40.596946,-73.951078
304012,OCEAN AV/AVENUE W,40.59458,-73.950637
304013,OCEAN AV/AVENUE X,40.592865,-73.950267
304014,OCEAN AV/AVENUE Y,40.590306,-73.94983
304015,OCEAN AV/AVENUE Z,40.588604,-73.949508
304019,SHEEPSHEAD BAY RD/SHORE PKWY,40.5844,-73.950979
304022,SHORE BLVD/NEPTUNE AV,40.582669,-73.954239
304023,WEST END AV/OCEAN VIEW AV,40.578946,-73.953378
304024,WEST END AV/ORIENTAL BLVD,40.577017,-73.953015
304052,FLATLANDS AV/E 53 ST,40.628107,-73.924526
304053,FLATLANDS AV/E 57 ST,40.630435,-73.920928
304071,FLATLANDS AV/ E 103 ST,40.646732,-73.895698
304072,FLATLANDS AV/E 105 ST,40.647692,-73.894212
304073,FLATLANDS AV/E 108 ST,40.64875,-73.892574
304077,PENNSYLVANIA AV/FLATLANDS AV,40.652279,-73.886147
304078,PENNSYLVANIA AV/VANDALIA AV,40.650381,-73.884737
304083,SEAVIEW AV/PENNSYLVANIA AV,40.643021,-73.878132
304084,PENNSYLVANIA AV/GENEVA LOOP,40.646437,-73.879941
304085,PENNSYLVANIA AV/SCHROEDERS AV,40.64792,-73.881636
304086,PENNSYLVANIA AV/DELMAR LOOP NORTH,40.650182,-73.884121
304087,PENNSYLVANIA AV/VANDALIA AV,40.651709,-73.885341
304090,FLATLANDS AV/WILLIAMS AV,40.649825,-73.891665
304091,FLATLANDS AV/E 108 ST,40.648698,-73.893083
304092,FLATLANDS AV/E 105 ST,40.647412,-73.895075
304099,ROCKAWAY PKWY STA/GLENWOOD RD,40.645789,-73.901654
304113,FLATLANDS AV/E 57 ST,40.630235,-73.921638
304114,FLATLANDS AV/AVENUE J,40.628189,-73.924793
304115,FLATLANDS AV/UTICA AV,40.62602,-73.928138
304196,GATES AV/IRVING AV,40.698169,-73.9136
304197,GATES AV/KNICKERBOCKER AV,40.696571,-73.915192
304198,GATES AV/WILSON AV,40.695173,-73.916567
304199,GATES AV/CENTRAL AV,40.693667,-73.918051
304200,GATES AV/EVERGREEN AV,40.69192,-73.919766
304201,GATES AV/BUSHWICK AV,40.690696,-73.920979
304203,GATES AV/RALPH AV,40.689263,-73.924414
304204,GATES AV/PATCHEN AV,40.688886,-73.92766
304205,GATES AV/MALCOLM X BLVD,40.68853,-73.930617
304206,GATES AV/STUYVESANT AV,40.688206,-73.933536
304207,GATES AV/LEWIS AV,40.687934,-73.935916
304209,GATES AV/THROOP AV,40.687251,-73.941654
304210,GATES AV/TOMPKINS AV,40.686884,-73.945016
304211,GATES AV/MARCY AV,40.686541,-73.94787
304212,GATES AV/NOSTRAND AV,40.686164,-73.951161
304213,GATES AV/BEDFORD AV,40.685761,-73.954837
304214,GATES AV/FRANKLIN AV,40.685515,-73.956944
304239,BORINQUEN PL/S 1 ST,40.710775,-73.952412
304244,GRAND ST/GRAHAM AV,40.711655,-73.943117
304246,GRAND ST/WATERBURY ST,40.712415,-73.938437
304247,GRAND ST/MORGAN AV,40.713293,-73.934906
304249,METROPOLITAN AV/GARDNER AV,40.713899,-73.925825
304364,METROPOLITAN AV/GARDNER AV,40.714199,-73.92684
304368,GRAND ST/MORGAN AV,40.71343,-73.934716
304373,GRAND ST/GRAHAM AV,40.711605,-73.944534
304376,GRAND ST/LORIMER ST,40.711154,-73.949291
304390,MYRTLE AV/CLINTON AV,40.693104,-73.96836
304391,MYRTLE AV/WASHINGTON AV,40.693329,-73.966463
304393,MYRTLE AV/STEUBEN ST,40.693756,-73.962745
304394,MYRTLE AV/CLASSON AV,40.693991,-73.960664
304399,MYRTLE AV/NOSTRAND AV,40.694908,-73.952639
304400,MYRTLE AV/MARCY AV,40.695293,-73.949344
304402,MYRTLE AV/THROOP AV,40.696012,-73.943079
304404,MYRTLE AV/LEWIS AV,40.696674,-73.937388
304405,MYRTLE AV/BROADWAY,40.696948,-73.935287
304406,MYRTLE AV/BUSHWICK AV,40.697313,-73.931794
304407,MYRTLE AV/EVERGREEN AV,40.697577,-73.929388
304408,MYRTLE AV/HART ST,40.697796,-73.927415
304409,MYRTLE AV/DE KALB AV,40.69799,-73.925645
304410,MYRTLE AV/STOCKHOLM ST,40.6982,-73.923646
304411,MYRTLE AV/WILSON AV,40.698464,-73.921086
304412,MYRTLE AV/KNICKERBOCKER AV,40.698745,-73.918435
304413,MYRTLE AV/MENAHAN ST,40.699018,-73.915784
304417,WYCKOFF ST/PALMETTO ST,40.69915,-73.910476
304418,MYRTLE AV/PALMETTO AV,40.699516,-73.911851
304419,MYRTLE AV/IRVING AV,40.699179,-73.915286
304420,MYRTLE AV/KNICKERBOCKER AV,40.698871,-73.918265
304422,MYRTLE AV/WILSON AV,40.698448,-73.922294
304423,MYRTLE AV/DE KALB AV,40.698157,-73.925089
304424,MYRTLE AV/HART ST,40.697824,-73.928158
304426,MYRTLE AV/CHARLES PL,40.697436,-73.931679
304427,MYRTLE AV/BUSHWICK AV,40.69733,-73.932735
304429,MYRTLE AV/LEWIS AV,40.696699,-73.938232
304431,MYRTLE AV/THROOP AV,40.696108,-73.943397
304432,MYRTLE AV/TOMPKINS AV,40.695718,-73.94679
304433,MYRTLE AV/MARCY AV,40.695389,-73.949329
304434,MYRTLE AV/NOSTRAND AV,40.695024,-73.952404
304435,MYRTLE AV/WALWORTH ST,40.694778,-73.954721
304436,MYRTLE AV/BEDFORD AV,40.694595,-73.956369
304437,MYRTLE AV/FRANKLIN AV,40.694385,-73.958216
304440,MYRTLE AV/GRAND AV,40.69368,-73.964502
304441,MYRTLE AV/WASHINGTON AV,40.693354,-73.967307
304442,MYRTLE AV/CLINTON AV,40.693176,-73.969247
304524,JAMAICA AV/GEORGIA AV,40.677162,-73.899167
304525,JAMAICA AV/PENNSYLVANIA AV,40.678296,-73.896997
304526,JAMAICA AV/WYONA ST,40.679252,-73.894923
304527,JAMAICA AV/BRADFORD ST,40.679635,-73.894118
304528,JAMAICA AV/VAN SICLEN AV,40.680654,-73.891997
304529,JAMAICA AV/SCHENCK AV,40.681467,-73.890263
304530,JAMAICA AV/JEROME ST,40.682035,-73.889135
304531,JAMAICA AV/WARWICK ST,40.682438,-73.888287
304532,JAMAICA AV/ELTON ST,40.683862,-73.885271
304533,JAMAICA AV/SHEPHERD AV,40.685094,-73.882626
304534,JAMAICA AV/HALE AV,40.685919,-73.880875
304535,JAMAICA AV/LOGAN ST,40.686973,-73.87875
304536,JAMAICA AV/EUCLID AV,40.688406,-73.875906
304539,JAMAICA AV/AUTUMN AV,40.690325,-73.871359
304540,JAMAICA AV/NICHOLS AV,40.690748,-73.869678
304624,JAMAICA AV/LINCOLN AV,40.690457,-73.871337
304625,JAMAICA AV/HEMLOCK ST,40.69,-73.872582
304628,JAMAICA AV/RICHMOND ST,40.687332,-73.878334
304629,JAMAICA AV/NORWOOD AV,40.686149,-73.880684
304631,JAMAICA AV/SHEPHERD AV,40.684862,-73.883434
304632,JAMAICA AV/LINWOOD ST,40.684024,-73.885216
304633,JAMAICA AV/CLEVELAND ST,40.683199,-73.886966
304634,JAMAICA AV/WARWICK ST,40.682649,-73.888115
304635,JAMAICA AV/BARBEY ST,40.681685,-73.890153
304636,JAMAICA AV/HENDRIX ST,40.680846,-73.891895
304645,SANDS ST/GOLD ST,40.699731,-73.983158
304646,NASSAU ST/GOLD ST,40.698278,-73.98252
304647,FLUSHING AV/NAVY ST,40.698155,-73.980247
304649,FLUSHING AV/CUMBERLAND ST,40.697912,-73.974355
304654,FLUSHING AV/STEUBEN ST,40.697849,-73.963529
304655,FLUSHING AV/CLASSON AV,40.698092,-73.962025
304657,FLUSHING AV/FRANKLIN AV,40.698681,-73.958458
304658,FLUSHING AV/BEDFORD AV,40.698963,-73.956622
304660,FLUSHING AV/NOSTRAND AV,40.699365,-73.952752
304662,FLUSHING AV/TOMPKINS AV,40.700024,-73.947375
304663,FLUSHING AV/THROOP AV,40.70038,-73.944147
304664,FLUSHING AV/BROADWAY,40.700651,-73.942056
304665,FLUSHING AV/BEAVER ST,40.70119,-73.93958
304666,FLUSHING AV/BUSHWICK AV,40.701946,-73.936536
304668,FLUSHING AV/EVERGREEN AV,40.702768,-73.933559
304669,FLUSHING AV/WILSON AV,40.703877,-73.930723
304670,FLUSHING AV/KNICKERBOCKER AV,40.704793,-73.928385
304672,FLUSHING AV/WYCKOFF AV,40.707568,-73.923859
304696,FLUSHING AV/HARRISON PL,40.707313,-73.924375
304698,FLUSHING AV/KNICKERBOCKER AV,40.7048,-73.928649
304699,FLUSHING AV/MORGAN AV,40.703691,-73.931513
304701,FLUSHING AV/EVERGREEN AV,40.702678,-73.934108
304703,FLUSHING AV/BUSHWICK AV,40.701826,-73.937479
304705,FLUSHING AV/HUMBOLDT ST,40.70102,-73.940871
304709,FLUSHING AV/GERRY ST,40.699873,-73.949583
304710,FLUSHING AV/LEE AV,40.699394,-73.9538
304711,FLUSHING AV/BEDFORD AV,40.698955,-73.957463
304712,FLUSHING AV/FRANKLIN AV,40.698648,-73.959281
304713,FLUSHING AV/KENT  AV,40.698454,-73.960557
304716,FLUSHING AV/VANDERBILT AV,40.697898,-73.971277
304717,FLUSHING AV/CUMBERLAND ST,40.698024,-73.974687
304721,SANDS ST/GOLD ST,40.699807,-73.983434
304722,SANDS ST/JAY ST,40.700212,-73.987083
304850,GRAND ST/BEDFORD AV,40.71436,-73.961133
304863,GRAND ST/METRO BRIDGE,40.714024,-73.932089
304920,GRAND ST/GARDNER AV,40.715457,-73.926882
304938,GRAND ST/ROEBLING ST,40.713456,-73.958674
304940,DRIGGS AV/S 2 ST,40.712461,-73.960787
304942,RALPH AV/GATES AV,40.688817,-73.923954
304943,BROADWAY/BEDFORD AV,40.710389,-73.964353
304947,WILLIAMS AV/FLATLANDS AV,40.650084,-73.891434
304954,ROCKAWAY PKWY/GLENWOOD RD,40.645539,-73.902683
304955,ROCKAWAY PY/FARRAGUT RD,40.646906,-73.904238
304956,ROCKAWAY AV/FOSTER AV,40.648439,-73.905271
304957,ROCKAWAY AV/AVENUE D,40.651507,-73.90602
304958,ROCKAWAY AV/DITMAS AV,40.653249,-73.90646
304959,ROCKAWAY AV/LINDEN BLVD,40.655243,-73.906976
304960,ROCKAWAY AV/HEGEMAN AV,40.656179,-73.907213
304962,ROCKAWAY AV/NEWPORT ST,40.659816,-73.908141
304973,ROCKAWAY AV/PACIFIC ST,40.675884,-73.910885
304974,ROCKAWAY AV/ATLANTIC AV,40.676713,-73.910804
304975,ROCKAWAY AV/FULTON ST,40.678689,-73.910856
304976,ROCKAWAY AV/MACDOUGAL ST,40.680545,-73.911224
304977,ROCKAWAY AV/MARION ST,40.68203,-73.911514
304978,ROCKAWAY AV/BROADWAY,40.683374,-73.911548
304983,WILSON AV/DECATUR ST,40.690011,-73.906816
304984,WILSON AV/SCHAEFFER ST,40.690426,-73.907548
304986,WILSON AV/HALSEY ST,40.691487,-73.909418
304987,WILSON AV/HANCOCK ST,40.692547,-73.911273
304988,WILSON AV/CORNELIA ST,40.693449,-73.912855
304990,WILSON AV/GATES AV,40.69558,-73.916609
304991,WILSON AV/GROVE ST,40.696398,-73.918044
304992,WILSON AV/BLEECKER ST,40.697316,-73.919655
304993,WILSON AV/HIMROD ST,40.698319,-73.921428
304994,WILSON AV/STANHOPE ST,40.698995,-73.922603
304995,WILSON AV/DE KALB AV,40.699871,-73.924157
304996,WILSON AV/WILLOUGHBY AV,40.701116,-73.926344
304997,WILSON AV/TROUTMAN ST,40.702007,-73.927901
304998,WILSON AV/MELROSE ST,40.702825,-73.929343
304999,WILSON AV/FLUSHING AV,40.703738,-73.930954
305000,MORGAN AV/THAMES ST,40.704817,-73.9314
305001,HARRISON PL/MORGAN AV,40.706367,-73.931503
305002,JOHNSON AV/MORGAN AV,40.707706,-73.932772
305006,JOHNSON AV/HUMBOLDT ST,40.706768,-73.941757
305009,MESEROLE ST/MANHATTAN AV,40.707923,-73.945388
305010,MESEROLE ST/LEONARD ST,40.707764,-73.94704
305011,MESEROLE ST/LORIMER ST,40.707611,-73.948667
305012,MESEROLE ST/UNION AV,40.707448,-73.950373
305013,S 4 ST/HEWES ST,40.70797,-73.952029
305014,S 4 ST/HOOPER ST,40.708525,-73.953557
305015,S 4 ST/RODNEY ST,40.709333,-73.955764
305021,S 5 ST/RODNEY ST,40.708536,-73.955981
305022,S 5 ST/KEAP ST,40.708103,-73.954799
305023,S 5 ST/HOOPER ST,40.707594,-73.953327
305024,S 5 ST/MONTROSE AV,40.706737,-73.950846
305025,MONTROSE AV/LORIMER ST,40.706821,-73.947781
305026,MONTROSE AV/LEONARD ST,40.706985,-73.946082
305028,MONTROSE AV/GRAHAM AV,40.707312,-73.942763
305029,MONTROSE AV/BUSHWICK AV,40.707574,-73.940004
305030,JOHNSON AV/BUSHWICK AV,40.706923,-73.939036
305031,JOHNSON AV/WHITE ST,40.707262,-73.93547
305033,JOHNSON AV/MORGAN AV,40.707672,-73.932382
305034,MORGAN AV/HARRISON PL,40.706038,-73.931875
305035,MORGAN AV/THAMES ST,40.704663,-73.931494
305036,MORGAN AV/FLUSHING AV,40.703833,-73.93119
305037,WILSON AV/GEORGE ST,40.702839,-73.929606
305038,WILSON AV/JEFFERSON ST,40.701954,-73.928042
305039,WILSON AV/STARR ST,40.701111,-73.926557
305040,WILSON AV/SUYDAM ST,40.700229,-73.925
305041,WILSON AV/DE KALB AV,40.699415,-73.92358
305042,WILSON AV/MYRTLE AV,40.698522,-73.922002
305043,WILSON AV/GREENE AV,40.697289,-73.919863
305044,WILSON AV/MENAHAN ST,40.69654,-73.918498
305047,WILSON AV/WOODBINE ST,40.694283,-73.914541
305048,WILSON AV/PUTNAM AV,40.693555,-73.913241
305049,WILSON AV/JEFFERSON AV,40.692577,-73.91154
305050,WILSON AV/HALSEY ST,40.691511,-73.909688
305052,WILSON AV/SCHAEFFER ST,40.69001,-73.907026
305053,WILSON AV/COOPER ST,40.689397,-73.905958
305054,COOPER ST/CENTRAL AV,40.68764,-73.907555
305055,COOPER ST/EVERGREEN AV,40.686194,-73.908981
305057,COOPER ST/BROADWAY,40.683574,-73.911505
305058,ROCKAWAY AV/CHAUNCEY ST,40.682188,-73.911668
305059,ROCKAWAY AV/SUMPTER ST,40.680706,-73.911368
305060,ROCKAWAY AV/FULTON ST,40.678404,-73.910902
305061,ROCKAWAY AV/ATLANTIC AV,40.675946,-73.911023
305062,ROCKAWAY AV/DEAN ST,40.674392,-73.911164
305064,ROCKAWAY AV/PROSPECT PL,40.67226,-73.911359
305065,ROCKAWAY AV/PITKIN AV,40.669115,-73.910666
305066,ROCKAWAY AV/SUTTER AV,40.666862,-73.910071
305067,ROCKAWAY AV/BLAKE AV,40.665335,-73.909681
305068,ROCKAWAY AV/DUMONT AV,40.6638,-73.909301
305069,ROCKAWAY AV/LIVONIA AV,40.662221,-73.908895
305070,ROCKAWAY AV/RIVERDALE AV,40.660683,-73.908491
305071,ROCKAWAY AV/NEWPORT ST,40.659091,-73.908093
305072,ROCKAWAY AV/LOTT AV,40.657836,-73.907782
305075,ROCKAWAY AV/DITMAS AV,40.65311,-73.906587
305076,ROCKAWAY AV/AVENUE D,40.651111,-73.906074
305077,ROCKAWAY AV/FOSTER AV,40.648665,-73.90545
305078,ROCKAWAY PKWY/FARRAGUT RD,40.646699,-73.904178
305087,E 108 ST/GLENWOOD RD,40.65067,-73.894445
305088,E 108 ST/FARRAGUT RD,40.652142,-73.896077
305089,E 108 ST/STANLEY AV,40.653321,-73.897401
305090,STANLEY AV/WILLIAMS AV,40.654349,-73.895429
305092,WILLIAMS AV/GLENWOOD RD,40.65108,-73.892489
305095,VAN DYKE ST/VAN BRUNT ST,40.675698,-74.014662
305096,VAN BRUNT ST/DIKEMAN ST,40.676988,-74.013231
305097,VAN BRUNT ST/SULLIVAN ST,40.677757,-74.012326
305098,VAN BRUNT ST/PIONEER ST,40.679115,-74.010729
305099,VAN BRUNT ST/VERONA ST,40.680191,-74.009468
305100,VAN BRUNT ST/SEABRING ST,40.68149,-74.007946
305103,COLUMBIA ST/UNION ST,40.684644,-74.002812
305108,COLUMBIA ST/ATLANTIC AV,40.691443,-73.999437
305110,ATLANTIC AV/HENRY ST,40.690701,-73.996401
305111,ATLANTIC AV/CLINTON ST,40.690095,-73.994155
305112,ATLANTIC AV/COURT ST,40.689565,-73.992204
305125,VANDERBILT AV/MYRTLE AV,40.693453,-73.969817
305126,VANDERBILT AV/PARK AV,40.695753,-73.970308
305139,WYTHE AV/ROSS ST,40.703388,-73.964695
305140,WYTHE AV/CLYMER ST,40.705168,-73.966508
305141,DIVISION AV/BERRY ST,40.70716,-73.96598
305155,MANHATTAN AV/NORMAN AV,40.725769,-73.951846
305156,MANHATTAN AV/MESEROLE AV,40.727417,-73.95279
305157,MANHATTAN AV/CALYER ST,40.728435,-73.95337
305159,MANHATTAN AV/GREENPOINT AV,40.730535,-73.95422
305162,McGUINNESS BLVD/FREEMAN ST,40.734565,-73.952273
305167,MANHATTAN AV/FREEMAN ST,40.734065,-73.954997
305170,MANHATTAN AV/GREENPOINT AV,40.729832,-73.954159
305171,MANHATTAN AV/CALYER ST,40.727818,-73.953172
305172,MANHATTAN AV/MESEROLE AV,40.726763,-73.952574
305173,MANHATTAN AV/NORMAN AV,40.725111,-73.95163
305174,MANHATTAN AV/NASSAU AV,40.723452,-73.950693
305175,MANHATTAN AV/DRIGGS AV,40.722292,-73.950016
305177,DRIGGS AV/UNION AV,40.720497,-73.95261
305179,DRIGGS AV/N 11 ST,40.719035,-73.954376
305181,DRIGGS AV/N 7 ST,40.716878,-73.956671
305182,DRIGGS AV/N 4 ST,40.715175,-73.958516
305183,DRIGGS AV/GRAND ST,40.71363,-73.96005
305185,DRIGGS AV/S 4 ST,40.7111,-73.961653
305186,DRIGGS AV/BROADWAY,40.710029,-73.962321
305191,WYTHE AV/CLYMER ST,40.704836,-73.966339
305192,WYTHE AV/ROSS ST,40.702869,-73.964078
305211,JAY ST/FULTON ST,40.691633,-73.987375
305215,COURT ST/ATLANTIC AV,40.689856,-73.992366
305216,ATLANTIC AV/CLINTON ST,40.690391,-73.994744
305217,ATLANTIC AV/HENRY ST,40.690747,-73.996107
305224,COLUMBIA ST/SACKETT ST,40.684797,-74.002888
305226,COLUMBIA ST/CARROLL ST,40.682794,-74.003854
305228,VAN BRUNT ST/SUMMIT ST,40.682959,-74.006333
305229,VAN BRUNT ST/COMMERCE ST,40.681155,-74.008541
305230,VAN BRUNT ST/VERONA ST,40.679824,-74.010102
305232,VAN BRUNT ST/WOLCOTT ST,40.677144,-74.013242
305233,VAN BRUNT ST/COFFEY ST,40.676082,-74.014489
305234,BEARD ST/VAN BRUNT ST,40.674935,-74.015268
305263,GRAHAM AV/GRAND ST,40.711973,-73.943884
305264,GRAHAM AV/AINSLIE ST,40.713382,-73.944114
305265,GRAHAM AV/METROPOLITAN AV,40.714869,-73.944365
305271,GRAHAM AV/ENGERT AV,40.721765,-73.947018
305272,GRAHAM AV/DRIGGS AV,40.72263,-73.947342
305284,MANHATTAN AV/EAGLE ST,40.735462,-73.955025
305286,BOX ST/MANHATTAN AV,40.737197,-73.955757
305287,BOX ST/MANHATTAN AV,40.737195,-73.95567
305299,GRAHAM AV/ENGERT AV,40.721162,-73.946867
305300,GRAHAM AV/MEEKER AV,40.719586,-73.945703
305301,GRAHAM AV/RICHARDSON ST,40.718471,-73.945083
305304,GRAHAM AV/METROPOLITAN AV,40.7142,-73.944416
305305,GRAHAM AV/AINSLIE ST,40.7128,-73.944183
305306,GRAHAM AV/GRAND ST,40.711306,-73.943936
305308,GRAHAM AV/SCHOLES ST,40.708465,-73.943469
305310,GRAHAM AV/JOHNSON AV,40.706289,-73.943117
305311,GRAHAM AV/SEIGEL ST,40.704148,-73.942762
305312,GRAHAM AV/COOK ST,40.702034,-73.942414
305334,4 AV/100 ST,40.612914,-74.033455
305335,4 AV/MARINE AV,40.614236,-74.032305
305338,5 AV/92 ST,40.618115,-74.029021
305341,5 AV/86 ST,40.621753,-74.0259
305344,5 AV/80 ST,40.626054,-74.023956
305346,5 AV/BAY RIDGE PKWY,40.629815,-74.022412
305348,5 AV/BAY RIDGE AV,40.633754,-74.020803
305349,5 AV/SENATOR ST,40.635003,-74.020295
305350,5 AV/66 ST,40.636271,-74.019391
305353,5 AV/60 ST,40.639689,-74.015843
305357,5 AV/52 ST,40.644183,-74.011174
305358,5 AV/50 ST,40.645297,-74.010014
305361,5 AV/44 ST,40.648651,-74.006515
305362,5 AV/41 ST,40.650345,-74.004764
305363,5 AV/39 ST,40.651479,-74.003571
305364,5 AV/36 ST,40.65281,-74.00217
305365,5 AV/34 ST,40.654298,-74.000645
305367,5 AV/30 ST,40.656546,-73.998313
305369,5 AV/26 ST,40.65878,-73.995981
305370,5 AV/24 ST,40.659836,-73.994871
305373,5 AV/18 ST,40.663243,-73.991377
305377,5 AV/11 ST,40.668191,-73.987012
305380,5 AV/5 ST,40.671805,-73.983994
305388,5 AV/BERGEN ST,40.681909,-73.976651
305392,ATLANTIC AV/NEVINS ST,40.686331,-73.983042
305393,ATLANTIC AV/BOND ST,40.687143,-73.985137
305394,ATLANTIC AV/HOYT ST,40.688014,-73.987376
305395,ATLANTIC AV/SMITH ST,40.688815,-73.989478
305396,ATLANTIC AV/BOERUM PL,40.689271,-73.991016
305397,ATLANTIC AV/COURT ST,40.689806,-73.992532
305407,ATLANTIC AV/SMITH ST,40.688371,-73.988811
305408,ATLANTIC AV/HOYT ST,40.687563,-73.986727
305409,ATLANTIC AV/BOND ST,40.686734,-73.984586
305410,ATLANTIC AV/NEVINS ST,40.68592,-73.982507
305411,ATLANTIC AV/3 AV,40.685314,-73.980912
305412,ATLANTIC AV/4 AV,40.684422,-73.978557
305413,5 AV/DEAN ST,40.681882,-73.976787
305423,5 AV/9 ST,40.66891,-73.986637
305426,5 AV/15 ST,40.665348,-73.989615
305427,5 AV/PROSPECT AV,40.664173,-73.990499
305428,5 AV/18 ST,40.662385,-73.992373
305431,5 AV/24 ST,40.659502,-73.995444
305432,5 AV/26 ST,40.658332,-73.996663
305434,5 AV/30 ST,40.656093,-73.998994
305438,5 AV/39 ST,40.651061,-74.004227
305439,5 AV/42 ST,40.649382,-74.005971
305442,5 AV/48 ST,40.646033,-74.009466
305443,5 AV/50 ST,40.644913,-74.010623
305445,5 AV/53 ST,40.643233,-74.012374
305446,5 AV/56 ST,40.641555,-74.014114
305447,5 AV/58 ST,40.64049,-74.015167
305451,5 AV/66 ST,40.635854,-74.020047
305452,5 AV/SENATOR ST,40.634687,-74.020598
305453,5 AV/BAY RIDGE AV,40.633191,-74.021217
305455,5 AV/BAY RIDGE PKWY,40.6292,-74.022848
305458,5 AV/81 ST,40.624786,-74.024647
305460,5 AV/86 ST,40.621449,-74.026438
305477,HARWAY AV/28 AV,40.589018,-73.986243
305479,HARWAY AV/27 AV,40.590341,-73.988424
305480,HARWAY AV/BAY 43 ST,40.591214,-73.989875
305481,HARWAY AV/BAY 41 ST,40.59212,-73.991369
305483,BATH AV/25 AV,40.594552,-73.99116
305484,BATH AV/24 AV,40.595905,-73.993374
305487,BATH AV/BAY PKWY,40.598853,-73.997645
305490,BATH AV/20 AV,40.601699,-74.00184
305493,BATH AV/18 AV,40.604194,-74.006569
305496,BATH AV/16 AV,40.606955,-74.01111
305500,14 AV/BENSON AV,40.610891,-74.013531
305503,86 ST/12 AV,40.615664,-74.016381
305504,86 ST/11 AV,40.616992,-74.018579
305505,86 ST/7 AV,40.618778,-74.02154
305511,86 ST/FORT HAMILTON PKWY,40.620153,-74.024181
305512,86 ST/DAHLGREN PL,40.6193,-74.022767
305513,86 ST/7 AV,40.618174,-74.020913
305514,86 ST/11 AV,40.616501,-74.018139
305515,86 ST/12 AV,40.615395,-74.016309
305519,BATH AV/14 AV,40.609123,-74.014975
305522,BATH AV/16 AV,40.606442,-74.010541
305525,BATH AV/18 AV,40.603642,-74.005877
305528,BATH AV/20 AV,40.601167,-74.001296
305531,BATH AV/BAY PKWY,40.598227,-73.997018
305532,BATH AV/23 AV,40.596819,-73.994973
305537,HARWAY AV/BAY 41 ST,40.591653,-73.990872
305538,HARWAY AV/BAY 43 ST,40.59075,-73.989382
305539,HARWAY AV/27 AV,40.589858,-73.987906
305544,MERMAID AV/STILLWELL AV,40.576973,-73.981396
305554,SMITH ST/WARREN ST,40.685739,-73.991065
305561,DEAN ST/5 AV,40.682133,-73.976759
305582,SAINT MARKS AV/RALPH AV,40.673638,-73.922269
305597,BERGEN ST/NEW YORK AV,40.676019,-73.947596
305598,BERGEN ST/NOSTRAND AV,40.676171,-73.950325
305600,BERGEN ST/FRANKLIN AV,40.676939,-73.956139
305606,BERGEN ST/CARLTON AV,40.680208,-73.971748
305607,BERGEN ST/FLATBUSH AV,40.680894,-73.974964
305608,BERGEN ST/5 AV,40.681477,-73.976882
305610,BERGEN ST/3 AV,40.683404,-73.981824
305611,BERGEN ST/NEVINS ST,40.684193,-73.983843
305612,BERGEN ST/BOND ST,40.685208,-73.986457
305613,BERGEN ST/HOYT ST,40.686049,-73.988606
305616,COURT ST/WARREN ST,40.686475,-73.993982
305617,COURT ST/KANE ST,40.685184,-73.99462
305618,COURT ST/SACKETT ST,40.683172,-73.995562
305624,20 ST/8 AV,40.658161,-73.986513
305626,7 AV/PROSPECT AV,40.661697,-73.985795
305627,7 AV/15 ST,40.663481,-73.984313
305628,7 AV/13 ST,40.664691,-73.983307
305629,7 AV/11 ST,40.665909,-73.982287
305630,7 AV/9 ST,40.667271,-73.981178
305632,7 AV/3 ST,40.67075,-73.978241
305633,7 AV/GARFIELD PL,40.672529,-73.976766
305634,7 AV/UNION ST,40.674858,-73.975088
305635,7 AV/LINCOLN PL,40.675611,-73.974587
305636,7 AV/STERLING PL,40.677315,-73.97344
305670,7 AV/FLATBUSH AV,40.677797,-73.973229
305671,7 AV/STERLING PL,40.676845,-73.973898
305672,7 AV/BERKELEY PL,40.675207,-73.975038
305673,7 AV/UNION ST,40.674188,-73.975723
305674,7 AV/GARFIELD PL,40.672109,-73.97735
305675,7 AV/3 ST,40.670287,-73.978868
305676,7 AV/6 ST,40.668484,-73.980365
305677,7 AV/9 ST,40.666648,-73.981897
305678,7 AV/11 ST,40.665459,-73.982889
305679,7 AV/13 ST,40.664274,-73.983884
305680,7 AV/15 ST,40.663017,-73.984879
305681,7 AV/PROSPECT AV,40.661603,-73.986105
305682,7 AV/18 ST,40.660157,-73.987605
305687,WEST BRIGHTON AV/W 2 ST,40.576331,-73.970244
305688,WEST BRIGHTON AV/OCEAN PKWY,40.576254,-73.968966
305694,CONEY ISLAND AV/OCEAN VIEW AV,40.580181,-73.959734
305695,CONEY ISLAND AV/NEPTUNE AV,40.581856,-73.959802
305698,CONEY ISLAND AV/AVENUE Y,40.589769,-73.960405
305699,CONEY ISLAND AV/AVENUE X,40.591965,-73.960573
305700,CONEY ISLAND AV/GRAVESEND NECK RD,40.594702,-73.960781
305701,CONEY ISLAND AV/AVENUE V,40.596442,-73.960916
305702,CONEY ISLAND AV/AVENUE U,40.598193,-73.961045
305703,CONEY ISLAND AV/AVENUE T,40.6009,-73.961259
305704,CONEY ISLAND AV/AVENUE S,40.60334,-73.961445
305705,CONEY ISLAND AV/AVENUE R,40.605665,-73.96162
305706,CONEY ISLAND AV/KINGS HWY,40.607183,-73.961738
305707,CONEY ISLAND AV/AVENUE P,40.610419,-73.962327
305708,CONEY ISLAND AV/AVENUE O,40.612906,-73.962794
305709,CONEY ISLAND AV/AVENUE N,40.615541,-73.963293
305710,CONEY ISLAND AV/CHESTNUT AV,40.617183,-73.963661
305711,CONEY ISLAND AV/AVENUE L,40.620353,-73.964206
305712,CONEY ISLAND AV/AVENUE K,40.62273,-73.964655
305713,CONEY ISLAND AV/AVENUE J,40.625066,-73.9651
305715,CONEY ISLAND AV/AVENUE H,40.629935,-73.966016
305716,CONEY ISLAND AV/FOSTER AV,40.63223,-73.966631
305718,CONEY ISLAND AV/DITMAS AV,40.635593,-73.967599
305719,CONEY ISLAND AV/DORCHESTER RD,40.637588,-73.968181
305720,CONEY ISLAND AV/CORTELYOU RD,40.639658,-73.968775
305721,CONEY ISLAND AV/SLOCUM PL,40.642011,-73.969451
305724,CONEY ISLAND AV/CHURCH AV,40.646768,-73.970833
305725,CONEY ISLAND AV/CATON AV,40.648599,-73.971358
305727,PROSPECT PARK SOUTHWEST/GREENWOOD AV,40.652993,-73.972686
305728,PROSPECT PARK SOUTHWEST/VANDERBILT ST,40.655038,-73.973276
305729,PROSPECT PARK SOUTHWEST/TERRACE PL,40.656765,-73.973777
305730,PROSPECT PARK SOUTHWEST/11 AV,40.658945,-73.975444
305731,PROSPECT PARK SOUTHWEST/10 AV,40.66007,-73.977772
305733,PROSPECT PARK SOUTHWEST/BARTEL PRITCHARD SQ,40.660699,-73.979409
305734,PROSPECT PARK SOUTHWEST/10 AV,40.659626,-73.977217
305735,PROSPECT PARK SOUTHWEST/11 AV,40.658472,-73.974832
305736,PROSPECT PARK SOUTHWEST/TERRACE PL,40.656027,-73.973766
305738,PROSPECT PARK SOUTHWEST/REEVE PL,40.653608,-73.973039
305739,PROSPECT PARK SOUTHWEST/GREENWOOD AV,40.65231,-73.972694
305740,CONEY ISLAND AV/CATON PL,40.649732,-73.971963
305741,CONEY ISLAND AV/CATON AV,40.64794,-73.971448
305742,CONEY ISLAND AV/CHURCH AV,40.645972,-73.970876
305743,CONEY ISLAND AV/BEVERLEY RD,40.643402,-73.970132
305744,CONEY ISLAND AV/AVENUE C,40.640888,-73.969394
305745,CONEY ISLAND AV/CORTELYOU RD,40.638695,-73.968764
305746,CONEY ISLAND AV/DITMAS AV,40.636296,-73.968074
305749,CONEY ISLAND AV/FOSTER AV,40.631909,-73.966801
305750,CONEY ISLAND AV/AVENUE H,40.629172,-73.966139
305752,CONEY ISLAND AV/AVENUE J,40.624418,-73.965241
305753,CONEY ISLAND AV/AVENUE K,40.622033,-73.964795
305754,CONEY ISLAND AV/AVENUE L,40.619664,-73.964339
305755,CONEY ISLAND AV/AVENUE M,40.617265,-73.963883
305756,CONEY ISLAND AV/AVENUE N,40.614868,-73.963434
305757,CONEY ISLAND AV/AVENUE O,40.612231,-73.962938
305758,CONEY ISLAND AV/AVENUE P,40.609617,-73.962457
305760,CONEY ISLAND AV/AVENUE R,40.60505,-73.961844
305761,CONEY ISLAND AV/AVENUE S,40.602676,-73.961665
305762,CONEY ISLAND AV/AVENUE T,40.600238,-73.961472
305763,CONEY ISLAND AV/AVENUE U,40.598405,-73.961337
305764,CONEY ISLAND AV/AVENUE V,40.595808,-73.961136
305765,CONEY ISLAND AV/AVENUE W,40.593431,-73.960961
305766,CONEY ISLAND AV/AVENUE X,40.591271,-73.960793
305767,CONEY ISLAND AV/AVENUE Y,40.589116,-73.960625
305768,CONEY ISLAND AV/AVENUE Z,40.586986,-73.960457
305770,CONEY ISLAND AV/NEPTUNE AV,40.582048,-73.960086
305771,CONEY ISLAND AV/OCEAN VIEW AV,40.579786,-73.959915
305775,BRIGHTON BEACH AV/BRIGHTON 1 PL,40.576651,-73.965449
305792,15 ST/8 AV,40.662113,-73.982057
305793,8 AV/13 ST,40.663562,-73.98095
305794,8 AV/11 ST,40.664753,-73.979955
305803,VANDERBILT AV/STERLING PL,40.67626,-73.969255
305804,VANDERBILT AV/PROSPECT PL,40.67794,-73.968642
305805,VANDERBILT AV/BERGEN ST,40.679702,-73.968013
305806,VANDERBILT AV/PACIFIC ST,40.681238,-73.967457
305807,VANDERBILT AV/FULTON ST,40.684124,-73.96795
305808,VANDERBILT AV/GREENE AV,40.686284,-73.968439
305809,VANDERBILT AV/LAFAYETTE AV,40.687777,-73.968687
305810,VANDERBILT AV/DE KALB AV,40.68935,-73.969
305811,VANDERBILT AV/WILLOUGHBY AV,40.691867,-73.969504
305831,VANDERBILT AV/PARK AV,40.695567,-73.9704
305833,VANDERBILT AV/WILLOUGHBY AV,40.691255,-73.969544
305834,VANDERBILT AV/DE KALB AV,40.689567,-73.969209
305835,VANDERBILT AV/LAFAYETTE AV,40.687502,-73.968799
305836,VANDERBILT AV/GREENE AV,40.686479,-73.968587
305837,VANDERBILT AV/FULTON ST,40.683907,-73.96808
305838,VANDERBILT AV/ATLANTIC AV,40.681922,-73.967541
305839,VANDERBILT AV/DEAN ST,40.679894,-73.968176
305841,VANDERBILT AV/SAINT MARKS AV,40.67825,-73.968764
305842,VANDERBILT AV/PARK PL,40.676499,-73.969399
305852,PROSPECT PARK WEST/9 ST,40.664314,-73.977194
305853,PROSPECT PARK WEST/12 ST,40.662596,-73.978633
305855,PROSPECT PARK WEST/16 ST,40.660162,-73.980667
305858,PROSPECT PARK WEST/19 ST,40.65694,-73.983781
305872,7 AV/POLY PL,40.610734,-74.024337
305873,7 AV/POLY PREP ENT,40.612347,-74.023602
305883,8 AV/73 ST,40.628211,-74.017078
305884,8 AV/71 ST,40.629429,-74.015754
305885,8 AV/BAY RIDGE AV,40.630541,-74.014598
305886,8 AV/67 ST,40.631716,-74.013373
305887,8 AV/65 ST,40.632874,-74.012174
305888,8 AV/62 ST,40.634543,-74.01043
305889,8 AV/60 ST,40.635699,-74.009234
305891,8 AV/57 ST,40.637406,-74.007458
305892,8 AV/55 ST,40.638509,-74.006309
305895,8 AV/50 ST,40.641315,-74.003391
305897,8 AV/47 ST,40.642984,-74.001654
305900,8 AV/41 ST,40.646351,-73.998151
305906,36 ST/4 AV,40.654583,-74.004775
305907,36 ST/3 AV,40.655395,-74.00613
305909,3 AV/39 ST,40.653985,-74.008306
305922,8 AV/40 ST,40.64646,-73.998197
305925,8 AV/46 ST,40.643115,-74.001672
305927,8 AV/49 ST,40.641426,-74.003426
305929,8 AV/52 ST,40.639762,-74.005166
305932,8 AV/58 ST,40.636442,-74.008676
305933,8 AV/60 ST,40.635279,-74.009897
305934,8 AV/62 ST,40.634447,-74.010758
305935,8 AV/65 ST,40.632405,-74.012876
305936,8 AV/67 ST,40.631282,-74.014054
305937,8 AV/BAY RIDGE AV,40.630164,-74.015207
305939,7 AV SERVICE RD SOUTH/OVINGTON AV,40.630488,-74.017516
305940,7 AV SERVICE RD SOUTH/72 ST,40.629052,-74.017999
305951,7 AV/92 ST,40.61419,-74.023068
305952,7 AV/POLY PREP ENT,40.611979,-74.023953
305988,MERMAID AV/W 21 ST,40.576296,-73.988358
305989,MERMAID AV/W 23 ST,40.576115,-73.989967
305990,MERMAID AV/W 25 ST,40.575821,-73.992685
305991,MERMAID AV/W 28 ST,40.575596,-73.994719
305992,MERMAID AV/W 30 ST,40.575357,-73.996843
305993,MERMAID AV/W 32 ST,40.575119,-73.998956
305994,MERMAID AV/W 36 ST,40.574828,-74.001634
306003,MERMAID AV/W 29 ST,40.575456,-73.994904
306004,MERMAID AV/W 27 ST,40.575676,-73.992775
306005,MERMAID AV/W 24 ST,40.575906,-73.990709
306006,MERMAID AV/W 22 ST,40.576134,-73.98861
306018,9 ST/8 AV,40.665997,-73.979533
306021,9 ST/5 AV,40.669432,-73.986637
306022,9 ST/4 AV,40.670274,-73.988461
306023,9 ST/3 AV,40.671428,-73.990912
306034,SMITH ST/BERGEN ST,40.686974,-73.990228
306053,COURT ST/SCHERMERHORN ST,40.691085,-73.991778
306055,COURT ST/AMITY ST,40.688094,-73.993217
306060,COURT ST/PRESIDENT ST,40.681442,-73.996386
306061,COURT ST/1 PL,40.680045,-73.997055
306062,COURT ST/3 PL,40.678421,-73.997876
306063,COURT ST/NELSON ST,40.676204,-73.998925
306064,COURT ST/W 9 ST,40.674938,-73.999538
306069,9 ST/5 AV,40.668915,-73.985988
306070,9 ST/6 AV,40.667771,-73.983627
306072,9 ST/8 AV,40.665492,-73.978902
306075,PROSPECT PARK SOUTHWEST/BARTEL PRITCHARD SQ,40.661372,-73.979653
306086,OTSEGO ST/LORRAINE ST,40.675026,-74.009604
306087,LORRAINE ST/COLUMBIA ST,40.674455,-74.007354
306088,LORRAINE ST/HICKS ST,40.673983,-74.005656
306089,LORRAINE ST/HENRY ST,40.673538,-74.00407
306108,COURT ST/LORRAINE ST,40.672692,-74.000598
306109,LORRAINE ST/CLINTON ST,40.673275,-74.002765
306110,LORRAINE ST/HENRY ST,40.673821,-74.004756
306111,LORRAINE ST/HICKS ST,40.674226,-74.00628
306112,LORRAINE ST/COLUMBIA ST,40.674751,-74.008022
306113,LORRAINE ST/OTSEGO ST,40.675131,-74.009397
306114,DWIGHT ST/DIKEMAN ST,40.674574,-74.010824
306115,DWIGHT ST/VAN DYKE ST,40.673779,-74.011781
306116,VAN DYKE ST/RICHARDS ST,40.674669,-74.013151
306144,AVENUE U/E 54 ST,40.611007,-73.920407
306153,RALPH AV/AVENUE N,40.619865,-73.917245
306154,RALPH AV/E 65 ST,40.622262,-73.917471
306155,RALPH AV/AVENUE L,40.624604,-73.91774
306156,RALPH AV/AVENUE K,40.62701,-73.917975
306157,RALPH AV/AVENUE J,40.629197,-73.918284
306158,RALPH AV/FLATLANDS AV,40.632769,-73.918594
306159,RALPH AV/GLENWOOD RD,40.634391,-73.918768
306160,RALPH AV/E 76 ST,40.636277,-73.919014
306161,RALPH AV/FARRAGUT RD,40.637906,-73.919149
306162,RALPH AV/FOSTER AV,40.640704,-73.919472
306165,RALPH AV/AVENUE B,40.64748,-73.920168
306167,RALPH AV/E 88 ST,40.651264,-73.920557
306168,RALPH AV/CHURCH AV,40.653133,-73.920772
306172,CLARKSON AV/REMSEN AV,40.657878,-73.925025
306173,CLARKSON AV/E 92 ST,40.658803,-73.923614
306174,CLARKSON AV/E 94 ST,40.659758,-73.922135
306175,CLARKSON AV/E 96 ST,40.660779,-73.920522
306176,ROCKAWAY PKWY/CLARKSON AV,40.661489,-73.920433
306177,WINTHROP ST/ROCKAWAY PKWY,40.662962,-73.921461
306180,RUTLAND RD/E 98 ST,40.664652,-73.923456
306181,ROCKAWAY PKWY/WINTHROP ST,40.662431,-73.921716
306182,CLARKSON AV/E 96 ST,40.660455,-73.92126
306183,CLARKSON AV/E 94 ST,40.659415,-73.922873
306184,CLARKSON AV/E 91 ST,40.65802,-73.925026
306189,RALPH AV/CHURCH AV,40.652592,-73.920823
306190,RALPH AV/SNYDER AV,40.650327,-73.920625
306191,RALPH AV/TILDEN AV,40.648436,-73.920421
306192,RALPH AV/BEVERLY RD,40.647143,-73.920253
306193,RALPH AV/CLARENDON RD,40.645217,-73.920045
306195,RALPH AV/FOSTER AV,40.639764,-73.919499
306198,RALPH AV/FLATLANDS AV,40.631281,-73.918616
306199,RALPH AV/AVENUE J,40.628416,-73.918337
306200,RALPH AV/AVENUE K,40.626078,-73.918059
306201,RALPH AV/AVENUE L,40.623779,-73.917796
306202,RALPH AV/AVENUE M,40.621613,-73.91761
306203,RALPH AV/AVENUE N,40.61922,-73.917339
306204,MILL AV/RALPH AV,40.617813,-73.916647
306205,MILL AV/AVENUE T,40.616783,-73.915464
306206,MILL AV/AVENUE U,40.615413,-73.913979
306209,AVENUE U/E 54 ST,40.611147,-73.920646
306215,VANDALIA AV/BETHEL LOOP,40.652039,-73.882331
306216,VANDALIA AV/VAN SICLEN AV,40.653196,-73.881507
306217,VAN SICLEN AV/FLATLANDS AV,40.654907,-73.882225
306218,VAN SICLEN AV/COZINE AV,40.656615,-73.882654
306219,VAN SICLEN AV/WORTMAN AV,40.657762,-73.883609
306220,VAN SICLEN AV/STANLEY AV,40.659375,-73.884704
306221,VAN SICLEN AV/LINDEN BLVD,40.661021,-73.885952
306222,VAN SICLEN AV/HEGEMAN AV,40.662323,-73.886912
306255,VAN SICLEN AV/HEGEMAN AV,40.661699,-73.886714
306257,VAN SICLEN AV/STANLEY AV,40.658719,-73.884442
306258,VAN SICLEN AV/WORTMAN AV,40.65736,-73.883471
306259,VAN SICLEN AV/COZINE AV,40.656349,-73.882683
306260,VAN SICLEN AV/FLATLANDS AV,40.654792,-73.882409
306261,VANDALIA AV/VAN SICLEN AV,40.653463,-73.881917
306262,VANDALIA AV/ARDSLEY LOOP,40.651521,-73.883265
306264,JAY ST/CHAPEL ST,40.69735,-73.98706
306268,STILLWELL AV/AVENUE T,40.598292,-73.985441
306271,W 37 ST/CANAL AV,40.579236,-74.0036
306273,FLATBUSH AV/E 46 ST,40.616934,-73.930461
306276,FORT HAMILTON PKWY/70 ST,40.628057,-74.013221
306280,NEPTUNE AV/OCEAN PKWY,40.580344,-73.968131
306286,13 AV/50 ST,40.634293,-73.992992
306288,SHELL RD/AVENUE X,40.589732,-73.974303
306291,EUCLID AV/LINDEN BLVD,40.66824,-73.87016
306292,COZINE AV/CRESCENT ST,40.662247,-73.86717
306304,UTICA AV/EMPIRE BLVD,40.663714,-73.93172
306318,AVENUE N/E 45 ST,40.618579,-73.931828
306322,EMPIRE BLVD/LAMONT CT,40.66402,-73.943676
306324,FLATBUSH AV/AVENUE D,40.640799,-73.955799
306325,FLATBUSH AV/EMPIRE BLVD,40.663012,-73.962211
306328,SMITH ST/FULTON ST,40.691215,-73.987395
306332,RALPH AV/CHASE CT,40.641877,-73.919716
306333,RALPH AV/E 86 ST,40.648302,-73.920249
306337,SANDS ST/PEARL ST,40.699922,-73.987598
306340,BEDFORD AV/CAMPUS RD,40.631963,-73.952858
306341,SHORE PKWY/BAYSIDE OIL,40.59263,-73.995848
306343,BUFFALO AV/PROSPECT PL,40.673264,-73.925056
306344,BEVERLY RD/KINGS HWY,40.646733,-73.924307
306345,AVENUE D/E 42 ST,40.641613,-73.936661
306347,GLENWOOD RD/ALBANY AV,40.634568,-73.937435
306348,EAST NEW YORK AV/RALPH AV,40.666989,-73.923112
306349,CLARKSON AV/KINGS COUNTY HOSPITAL,40.655835,-73.944443
306359,CRESCENT ST/JAMAICA AV,40.689202,-73.873875
306362,JAMAICA AV/CRESCENT ST,40.689159,-73.874502
306366,MILL AV/AVENUE T,40.617328,-73.91588
306370,AVENUE X/OCEAN PKWY,40.591099,-73.965802
306371,W 37 ST/BAY VIEW AV,40.580721,-74.003877
306373,BAYVIEW AV/W 36 ST,40.580932,-74.002498
306374,SCHAEFER ST/BUSHWICK AV,40.685538,-73.911964
306381,GLENWOOD RD/E 58 ST,40.633673,-73.919944
306382,GLENWOOD RD/E 100 ST,40.646791,-73.899644
306393,GARDNER AV/GRAND ST,40.715315,-73.926805
306395,LAFAYETTE AV/PATCHEN AV,40.692493,-73.928106
306405,ROCKAWAY PKWY/SCHENCK ST,40.631428,-73.887285
306419,STILLWELL AV/NEPTUNE AV,40.579067,-73.982011
306420,AVENUE H/E 56 ST,40.633156,-73.92219
306421,7 AV/19 ST,40.660006,-73.987518
306437,OLD FULTON ST/HICKS ST,40.702029,-73.992747
306438,EMPIRE BLVD/UTICA AV,40.663602,-73.93216
306446,AVENUE I/CONEY ISLAND AV,40.627163,-73.966118
306452,PENNSYLVANIA AV/HORNELL LOOP,40.645187,-73.878555
306454,CHURCH AV/E 93 ST,40.653939,-73.918309
306457,86 ST/STILLWELL AV,40.596732,-73.985361
306461,BROADWAY/BEDFORD AV,40.710192,-73.963556
306465,LAFAYETTE AV/MARCUS GARVEY BLVD,40.691212,-73.939268
306466,DE KALB AV/MARCUS GARVEY BLVD,40.692704,-73.939907
306468,NOSTRAND AV/FLATBUSH AV,40.632419,-73.947699
306470,CROPSEY AV/BAY 17 ST,40.602849,-74.007998
306474,GRAHAM AV/SCHOLES ST,40.70911,-73.943414
306476,GRAHAM AV/JACKSON ST,40.716959,-73.944738
306479,UTICA AV/EAST NEW YORK AV,40.662841,-73.931689
306480,MEEKER AV/STEWART AV,40.72671,-73.934225
306487,GREENPOINT AV/NORTH HENRY ST,40.732128,-73.944225
306495,BERGEN ST/BEDFORD AV,40.676384,-73.953475
306496,BEDFORD AV/WINTHROP ST,40.656782,-73.956574
306500,BEDFORD AV/PRESIDENT ST,40.668071,-73.956113
306502,RALPH AV/CHASE CT,40.642447,-73.919662
306515,MERMAID AV/W 20 ST,40.576367,-73.986497
306519,14 AV/53 ST,40.631642,-73.991944
306520,14 AV/50 ST,40.63333,-73.990189
306521,14 AV/47 ST,40.635007,-73.988445
306522,14 AV/44 ST,40.636695,-73.98669
306523,14 AV/41 ST,40.638371,-73.984946
306524,14 AV/39 ST,40.639486,-73.983782
306526,36 ST/CHURCH AV,40.641281,-73.982751
306530,GATES AV/MARCUS GARVEY BLVD,40.687516,-73.939383
306532,39 ST/13 AV,40.640389,-73.986038
306533,CADMAN PLAZA WEST/MONTAGUE ST,40.693578,-73.990408
306537,FORT HAMILTON PKWY/60 ST,40.632957,-74.005602
306538,FORT HAMILTON PKWY/59 ST,40.633734,-74.004442
306540,56 ST/11 AV,40.633542,-74.000324
306541,56 ST/12 AV,40.632199,-73.998112
306542,56 ST/13 AV,40.63114,-73.996354
306543,56 ST/NEW UTRECHT AV,40.630533,-73.995353
306544,14 AV/56 ST,40.629954,-73.993706
306549,MCDONALD AV/AVENUE C,40.641058,-73.979006
306550,MCDONALD AV/CHURCH AV,40.643391,-73.979491
306551,MCDONALD AV/ALBEMARLE RD,40.645476,-73.979895
306553,MCDONALD AV/GREENWOOD AV,40.649876,-73.980715
306554,MCDONALD AV/VANDERBILT ST,40.651955,-73.981126
306555,MCDONALD AV/TERRACE PL,40.653719,-73.981478
306556,20 ST/10 AV,40.655362,-73.981947
306558,MCDONALD AV/TERRACE PL,40.653053,-73.981501
306559,MCDONALD AV/VANDERBILT ST,40.651248,-73.981106
306560,MCDONALD AV/GREENWOOD AV,40.649148,-73.98071
306562,MCDONALD AV/CATON AV,40.646942,-73.980298
306563,MCDONALD AV/ALBEMARLE RD,40.644796,-73.979879
306564,MCDONALD AV/CHURCH AV,40.641942,-73.97933
306565,MCDONALD AV/AVENUE C,40.639954,-73.97926
306566,MCDONALD AV/CORTELYOU RD,40.63816,-73.978939
306567,AVENUE Z/E 28 ST,40.589322,-73.941402
306568,ATLANTIC AV/CHESTNUT ST,40.680906,-73.87478
306570,GRAHAM AV/JACKSON ST,40.716366,-73.944743
306571,20 ST/PROSPECT PARK WEST,40.656833,-73.984311
306573,19 ST/PROSPECT PARK WEST,40.656665,-73.982737
306579,52 ST/4 AV,40.645434,-74.013992
306580,50 ST/4 AV,40.646192,-74.012223
306581,50 ST/5 AV,40.644861,-74.010021
306582,49 ST/6 AV,40.64452,-74.007747
306583,49 ST/5 AV,40.645904,-74.010039
306584,49 ST/4 AV,40.646977,-74.011809
306585,4 AV/53 ST,40.644586,-74.014745
306586,55 ST/4 AV,40.643968,-74.015884
306587,55 ST/3 AV,40.645177,-74.017972
306589,FLATLANDS AV/ROCKAWAY PKWY,40.643623,-73.900785
306590,ROCKAWAY PKWY/FLATLANDS AV,40.643078,-73.900179
306591,56 ST/FORT HAMILTON PKWY,40.634755,-74.002338
306594,W 5 ST/WEST BRIGHTON AV,40.577103,-73.972618
306600,GRAHAM AV/COOK ST,40.70264,-73.942345
306603,MOTHER GASTON BLVD/SUTTER AV,40.667388,-73.906422
306604,MOTHER GASTON BLVD/BLAKE AV,40.666298,-73.906146
306619,SHORE RD/3 AV,40.612256,-74.035884
306620,E 80 ST/AVENUE M,40.62992,-73.905074
306622,GRAHAM AV/BAYARD ST,40.720459,-73.946183
306623,DRIGGS AV/LEONARD ST,40.722414,-73.949486
306624,NEW YORK AV/EAST NEW YORK AV,40.662064,-73.947783
306633,9 ST/4 AV,40.670368,-73.988987
306634,9 ST/7 AV,40.666884,-73.981778
306636,39 ST/9 AV,40.645704,-73.994843
306639,70 ST/7 AV,40.630285,-74.016212
306655,SURF AV/W 28 ST,40.572983,-73.993326
306656,SURF AV/W 25 ST,40.573439,-73.991267
306658,SURF AV/W 16 ST,40.5754,-73.982978
306659,DE KALB AV/RYERSON AV,40.69001,-73.963725
306665,ATLANTIC AV/CARLTON AV,40.6822,-73.970287
306676,GRAHAM AV/SEIGEL ST,40.70479,-73.942708
306677,GRAHAM AV/JOHNSON AV,40.706923,-73.943059
306680,3 AV/SHORE RD,40.612763,-74.036053
306696,THORNTON ST/THROOP AV,40.700619,-73.944255
306701,EMMONS AV/FORD ST,40.584153,-73.934837
306702,EMMONS AV/BROWN ST,40.584088,-73.936702
306707,PITKIN AV/ROCKAWAY AV,40.669683,-73.910341
306708,PITKIN AV/OSBORN ST,40.669956,-73.908477
306709,MOTHER GASTON BLVD/PITKIN AV,40.669911,-73.907025
306710,MOTHER GASTON BLVD/BELMONT AV,40.668642,-73.906705
306711,14 AV/CHURCH AV,40.64189,-73.981284
306713,JOHNSON AV/BUSHWICK AV,40.706927,-73.940084
306716,FLATBUSH AV/GRAND ARMY PLAZA,40.672222,-73.969008
306722,ROCKAWAY AV/RIVERDALE AV,40.661332,-73.908529
306723,ROCKAWAY AV/LIVONIA AV,40.662364,-73.908801
306724,ROCKAWAY AV/DUMONT AV,40.664426,-73.909307
306725,ROCKAWAY AV/BLAKE AV,40.665955,-73.909697
306726,ROCKAWAY AV/SUTTER AV,40.667492,-73.910099
306727,ROCKAWAY AV/BELMONT AV,40.668676,-73.910408
306728,ROCKAWAY AV/PITKIN AV,40.670002,-73.910745
306730,OCEAN AV/FOSTER AV,40.636002,-73.95844
306731,LYNCH ST/BEDFORD AV,40.69985,-73.957347
306733,GERRITSEN AV/AVENUE X,40.59677,-73.929365
306734,DUMONT AV/MOTHER GASTON BLVD,40.664763,-73.905402
306755,PARK AV/CARLTON AV,40.695867,-73.972961
306757,PARK AV/VANDERBILT AV,40.695759,-73.969919
306759,PARK AV/WASHINGTON AV,40.695652,-73.966898
306760,PARK AV/RYERSON ST,40.695557,-73.964969
306762,CLASSON AV/PARK AV,40.696521,-73.9616
306763,KENT AV/WILLIAMSBURG ST EAST,40.700176,-73.962071
306765,WYTHE AV/KEAP ST,40.702632,-73.9628
306777,PARK AV/WASHINGTON AV,40.696052,-73.967854
306778,PARK AV/VANDERBILT AV,40.696165,-73.970883
306779,PARK AV/CARLTON AV,40.696279,-73.973902
306782,AVENUE L/NEW YORK AV,40.622276,-73.94276
306783,5 AV/92 ST,40.617651,-74.029605
306784,HARWAY AV/BAY 47 ST,40.589012,-73.986506
306787,GERRITSEN AV/AVENUE U,40.602198,-73.93543
306796,GOLD ST/YORK ST,40.701066,-73.982897
306798,SMITH ST/LIVINGSTON ST,40.690609,-73.987879
306801,NAVY ST/SANDS ST,40.69936,-73.98059
306805,MESEROLE ST/GRAHAM AV,40.708068,-73.943826
306806,BEDFORD AV/GRAND ST,40.714721,-73.961019
306808,BEDFORD AV/N 5 ST,40.716917,-73.958627
306809,BEDFORD AV/N 8 ST,40.718261,-73.957171
306810,BEDFORD AV/N 9 ST,40.719151,-73.956234
306813,PARK AV/NORTH PORTLAND AV,40.695977,-73.975939
306814,PARK AV/NORTH PORTLAND AV,40.696406,-73.97688
306819,AVENUE N/E 3 ST,40.614245,-73.97147
306822,14 AV/BENSON AV,40.611171,-74.013452
306827,AVENUE L/E 36 ST,40.622646,-73.940649
306828,AVENUE L/E 28 ST,40.621799,-73.948315
306829,AVENUE M/E 9 ST,40.617403,-73.966105
306830,AVENUE L/BEDFORD AV,40.621443,-73.950365
306834,YORK AV/NAVY ST,40.701369,-73.981239
306838,CHURCH AV/REMSEN AV,40.652955,-73.919557
306843,LINDEN BLVD/ROCKAWAY PKWY,40.654227,-73.91209
306845,AVENUE B/REMSEN AV,40.649379,-73.916682
306846,AVENUE B/E 87 ST,40.647959,-73.918871
306847,ASHFORD ST/WORTMAN AV,40.659801,-73.878726
306848,WORTMAN AV/BARBEY ST,40.658496,-73.88144
306850,COZINE AV/PENNSYLVANIA AV,40.654256,-73.88686
306851,COZINE AV/VERMONT ST,40.654946,-73.885256
306852,COZINE AV/VAN SICLEN AV,40.656079,-73.882626
306853,COZINE AV/JEROME ST,40.657739,-73.878763
306854,ASHFORD ST/COZINE AV,40.658951,-73.877926
306855,ASHFORD ST/LINDEN BLVD,40.662583,-73.880618
306857,LIVONIA AV/ASHFORD ST,40.66642,-73.883387
306858,COZINE AV/VAN SICLEN AV,40.656354,-73.882381
306859,COZINE AV/VERMONT AV,40.654744,-73.886124
306860,GERRITSEN AV/AVENUE T,40.603334,-73.936672
306861,GERRITSEN AV/FILLMORE AV,40.606597,-73.940307
306862,GERRITSEN AV/BATCHELDER ST,40.605817,-73.939742
306863,GERRITSEN AV/COYLE ST,40.603653,-73.937324
306869,AVENUE B/RALPH AV,40.64718,-73.919813
306870,REMSEN AV/AVENUE B,40.649807,-73.916502
306874,CHURCH AV/STORY ST,40.641969,-73.981612
306880,SHORE RD/MACKAY PL,40.637203,-74.036023
306881,ASHFORD ST/WORTMAN AV,40.659995,-73.878701
306885,GERRITSEN AV/AVENUE S,40.604977,-73.9385
306887,PROSPECT PARK WEST/PROSPECT AV,40.658677,-73.981741
306890,PROSPECT PARK WEST/PROSPECT AV,40.65857,-73.982065
306892,LIVINGSTON ST/BOND ST,40.688864,-73.98368
306894,SAINT JOHNS PL/ROCHESTER AV,40.670525,-73.928595
306898,SHORE PKWY/NOSTRAND AV,40.585419,-73.938723
306899,SHORE PKWY/BROWN ST,40.585697,-73.936898
306901,LIVINGSTON ST/HOYT ST,40.689463,-73.985515
306906,NOSTRAND AV/FLATBUSH AV,40.632685,-73.947721
306907,AVENUE R/MADISON PL,40.609578,-73.940156
306908,REMSEN AV/FARRAGUT RD,40.643491,-73.909458
306915,KINGS HWY/W 12 ST,40.605846,-73.985364
306916,GLENWOOD RD/E 108 ST,40.650247,-73.894615
306921,LIVONIA AV/ASHFORD ST,40.666382,-73.883617
306922,SURF AV/W 32 ST,40.572635,-73.997603
306925,DE KALB AV/BOND ST,40.690011,-73.982702
306927,MYRTLE AV/VANDERBILT AV,40.693015,-73.969122
306929,MYRTLE AV/CARLTON AV,40.693205,-73.972448
306930,MYRTLE AV/NORTH PORTLAND AV,40.693295,-73.975414
306931,MYRTLE AV/SAINT EDWARDS ST,40.693356,-73.977372
306932,MYRTLE AV/ASHLAND PL,40.693431,-73.979334
306934,MYRTLE AV/CARLTON AV,40.6933,-73.972749
306935,MYRTLE AV/NORTH PORTLAND AV,40.693411,-73.976311
306936,MYRTLE AV/SAINT EDWARDS ST,40.693516,-73.978273
306937,MYRTLE AV/NAVY ST,40.693573,-73.979589
306940,3 AV/99 ST,40.614688,-74.034783
306941,PROSPECT PARK/SOUTHWEST,40.660724,-73.9796
306942,AVENUE M/E 15 ST,40.618027,-73.960435
306943,49 ST/13 AV,40.63529,-73.992473
306944,FLATLANDS AV/E 98 ST,40.643994,-73.900251
306945,4 AV/97 ST,40.614527,-74.03233
306948,WYTHE AV/WILLIAMSBURG ST WEST,40.701688,-73.961608
306949,FLATLANDS AV/ALABAMA AV,40.651737,-73.888339
306950,FLATLANDS AV/LOUISIANA AV,40.651136,-73.890168
306952,YORK ST/GOLD ST,40.701307,-73.982436
306953,PARK AV/NAVY ST,40.696137,-73.979899
306954,PARK AV/RYERSON ST,40.695983,-73.965359
306958,EMPIRE BLVD/FLATBUSH AV,40.663138,-73.961778
306959,92 ST/FORT HAMILTON PKWY,40.616714,-74.027208
306960,JAY ST/FULTON ST,40.691711,-73.98725
306961,JAY ST/TILLARY ST,40.696456,-73.987037
306962,JAY ST/CONCORD ST,40.69757,-73.986978
306965,50 ST/18 AV,40.627499,-73.981263
306967,ROCKAWAY AV/LOTT AV,40.65826,-73.907744
306969,JAY ST/WILLOUGHBY ST,40.692661,-73.98718
306974,EMPIRE BLVD/BROOKLYN AV,40.664092,-73.945064
306977,BROADWAY/JEFFERSON AV,40.686818,-73.917504
306979,STILLWELL AV/AVENUE Z,40.584708,-73.98287
306980,STILLWELL AV/W 15 PL,40.586421,-73.983197
306982,HARWAY AV/BAY 50 ST,40.587645,-73.984241
306983,STILLWELL AV/AVENUE Z,40.58442,-73.983043
306986,OCEAN AV/VOORHIES AV,40.585947,-73.94898
307000,RALPH AV/SAINT MARKS AV,40.67338,-73.922229
307004,EASTERN PKWY/UTICA AV,40.668537,-73.931235
307005,FLATLANDS AV/LOUISIANA AV,40.650979,-73.890005
307010,SMITH ST/ATLANTIC AV,40.68878,-73.98898
307011,EASTERN PKWY/SCHENECTADY AV,40.6687,-73.934069
307018,GLENWOOD RD/E 94 ST,40.643499,-73.904734
307020,EMMONS AV/NOSTRAND AV,40.584026,-73.93844
307021,GERRITSEN AV/AVENUE U,40.601368,-73.934777
307026,UTICA AV/EASTERN PKWY,40.667945,-73.931297
307027,UTICA AV/CARROLL ST,40.665808,-73.931523
307033,OCEAN AV/SHORE PKWY,40.584217,-73.94842
307039,GOLD ST/SANDS ST,40.700329,-73.982855
307040,SHORE PKWY/OCEAN AV,40.584308,-73.948082
307041,SHORE PKWY/BEDFORD AV,40.584712,-73.943311
307042,SHORE PKWY/E 28 ST,40.584996,-73.941046
307045,SHORE PKWY/BRIGHAM ST,40.585581,-73.931926
307047,PROSPECT PARK WEST/18 ST,40.657636,-73.982887
307049,STILLWELL AV/W 15 PL,40.586259,-73.983403
307070,60 ST/MCDONALD AV,40.614366,-73.974441
307071,60 ST/FORT HAMILTON PKWY,40.632839,-74.005321
307073,60 ST/5 AV,40.639735,-74.016459
307075,60 ST/BAY PKWY,40.616964,-73.978741
307078,3 AV/SENATOR ST,40.637425,-74.025268
307081,AVENUE M/E 7 ST,40.617184,-73.968115
307083,UTICA AV/EMPIRE BLVD,40.663942,-73.931453
307086,UTICA AV/CARROLL ST,40.666445,-73.931263
307089,UTICA AV/FLATBUSH AV,40.61344,-73.926412
307090,UTICA AV/BERGEN ST,40.675351,-73.930421
307092,UTICA AV/FULTON ST,40.679184,-73.929053
307093,UTICA AV/PROSPECT PL,40.67355,-73.930593
307094,UTICA AV/SAINT JOHNS PL,40.670935,-73.930844
307096,NASSAU AV/MANHATTAN AV,40.72384,-73.950192
307098,ASHFORD ST/NEW LOTS AV,40.665791,-73.883146
307099,18 AV/60 ST,40.622145,-73.987248
307102,MCDONALD AV/CATON AV,40.647124,-73.980191
307103,WORTMAN AV/VERMONT ST,40.656089,-73.887024
307107,PENNSYLVANIA AV/SEAVIEW AV,40.64438,-73.878008
307111,AVENUE M/CONEY ISLAND AV,40.617504,-73.963987
307112,AVENUE M/CONEY ISLAND AV,40.617674,-73.963641
307113,AVENUE M/E 13 ST,40.617826,-73.961775
307114,GRAHAM AV/MEEKER AV,40.719327,-73.945397
307115,HEGEMAN AV/THOMAS S BOYLAND ST,40.655881,-73.90948
307116,HEGEMAN AV/THOMAS S BOYLAND ST,40.655915,-73.910338
307119,WORTMAN AV/VAN SICLEN AV,40.657472,-73.883656
307121,MANHATTAN AV/NASSAU AV,40.72369,-73.950686
307122,PITKIN AV/THOMAS S BOYLAND ST,40.669262,-73.913114
307124,MYRTLE AV/MARCUS GARVEY BLVD,40.696363,-73.94116
307125,MYRTLE AV/MARCUS GARVEY BLVD,40.696272,-73.940847
307127,NOSTRAND AV/KINGS HWY,40.615799,-73.944766
307128,CROPSEY AV/14 AV,40.607348,-74.017391
307129,ROCKAWAY AV/HEGEMAN AV,40.65549,-73.907175
307132,AVENUE X/SHELL RD,40.590099,-73.973522
307133,BAY RIDGE AV/8 AV,40.630101,-74.014612
307151,MYRTLE AV/SUYDAM ST,40.697633,-73.929893
307152,MYRTLE AV/VANDERBILT AV,40.693235,-73.970746
307154,BROADWAY/QUINCY ST,40.689893,-73.922909
307155,BROADWAY/MADISON ST,40.687986,-73.919576
307157,BROADWAY/GREENE AV,40.691709,-73.925835
307158,KINGS HWY/RYDER ST,40.622058,-73.937036
307164,ATLANTIC AV/MILFORD ST,40.67959,-73.878442
307166,60 ST/7 AV,40.636607,-74.01154
307167,60 ST/7 AV,40.637079,-74.012045
307169,FRANKLIN AV/FLUSHING AV,40.698328,-73.958858
307172,GLENWOOD RD/WILLIAMS AV,40.651199,-73.893143
307173,WILLIAMS AV/WORTMAN AV,40.652672,-73.893955
307175,CADMAN PLAZA WEST/TILLARY ST,40.695988,-73.991009
307177,39 ST/1 AV,40.656031,-74.011701
307178,7 AV/POLY PL,40.61,-74.024703
307181,FOUNTAIN AV/BROOKLYN DEVELOPMENTAL CENTER,40.655802,-73.863652
307182,E 80 ST/PAERDEGAT 15 ST,40.627792,-73.900455
307189,60 ST/21 AV,40.61829,-73.980945
307190,60 ST/19 AV,40.620937,-73.985328
307192,60 ST/11 AV,40.631733,-74.003199
307194,60 ST/19 AV,40.620473,-73.984831
307195,60 ST/21 AV,40.617821,-73.980448
307199,AVENUE L/FLATBUSH AV,40.622875,-73.937349
307200,BAY RIDGE AV/NARROWS AV,40.638,-74.03353
307201,60 ST/11 AV,40.63125,-74.002673
307203,92 ST/GATLING PL,40.616926,-74.027344
307205,SURF AV/W 25 ST,40.57345,-73.992113
307206,PENNSYLVANIA AV/GENEVA LOOP,40.646144,-73.88011
307207,BROADWAY/GRANITE ST,40.681648,-73.908411
307208,CONEY ISLAND AV/KINGS HWY,40.607416,-73.96203
307210,FLATBUSH AV/SAINT MARKS AV,40.680035,-73.974402
307214,KINGSLAND AV/LOMBARDY ST,40.721524,-73.940907
307221,E 95 ST/KINGS HWY,40.658632,-73.920192
307225,WORTMAN AV/VAN SICLEN AV,40.657675,-73.883371
307227,PROSPECT PARK WEST/18 ST,40.657486,-73.983208
307228,BROADWAY/LAFAYETTE AV,40.692336,-73.927167
307238,FULTON ST/VAN SINDEREN AV,40.677953,-73.903754
307239,FULTON ST/SACKMAN ST,40.678098,-73.906343
307240,FULTON ST/EASTERN PKWY,40.678156,-73.907474
307241,FULTON ST/ROCKAWAY AV,40.67836,-73.911216
307243,FULTON ST/SARATOGA AV,40.678666,-73.916732
307244,FULTON ST/HOWARD AV,40.678832,-73.919522
307246,FULTON ST/BUFFALO AV,40.679063,-73.924105
307247,FULTON ST/MALCOLM X BLVD,40.679324,-73.929591
307248,FULTON ST/STUYVESANT AV,40.679483,-73.931747
307249,FULTON ST/LEWIS AV,40.679682,-73.935381
307251,FULTON ST/TROY AV,40.679501,-73.934459
307252,FULTON ST/SCHENECTADY AV,40.679398,-73.932497
307253,FULTON ST/UTICA AV,40.67919,-73.928636
307254,FULTON ST/BUFFALO AV,40.67894,-73.924108
307255,FULTON ST/RALPH AV,40.678762,-73.92125
307256,FULTON ST/HOWARD AV,40.678615,-73.918564
307257,FULTON ST/SARATOGA AV,40.678489,-73.915892
307258,FULTON ST/KINGSTON AV,40.679965,-73.941071
307259,FULTON ST/THOMAS S BOYLAND ST,40.678336,-73.913138
307260,FULTON ST/ROCKAWAY AV,40.678189,-73.910359
307263,FULTON ST/VAN SINDEREN AV,40.677816,-73.903542
307269,POSTAL FACILITY RD/BROOKLYN MAIL FACILITY,40.664717,-73.862732
307305,FULTON ST/ALABAMA AV,40.676821,-73.899631
307306,RALPH AV/EASTERN PKWY NORTH,40.668654,-73.922674
307308,EAST NEW YORK AV/ROCKAWAY PYWY,40.666065,-73.924923
307309,EAST NEW YORK AV/PORTAL ST,40.666331,-73.92471
307310,CLASSON AV/EASTERN PKWY,40.671051,-73.961385
307311,AVENUE U/E 38 ST,40.607522,-73.925925
307313,POLY PL/VETERANS HOSPITAL,40.607339,-74.020721
307318,NOSTRAND AV/AVENUE V,40.599455,-73.94165
307320,MYRTLE AV/BROADWAY,40.69693,-73.935966
307322,GLENWOOD RD/REMSEN AV,40.641947,-73.907157
307331,LINDEN BLVD/EMERALD ST,40.67014,-73.859523
307332,LINDEN BLVD/ELDERT LN,40.669169,-73.863041
307333,LINDEN BLVD/HIP CENTER PARKING LOT,40.669742,-73.859355
307355,CADMAN PLAZA WEST/CRANBERRY ST,40.699009,-73.991217
307360,FLATBUSH AV/SAINT MARKS AV,40.679494,-73.974272
307361,MILL AV/AVENUE U,40.615959,-73.914388
307370,PITKIN AV/BRISTOL ST,40.669408,-73.912998
307373,UTICA AV/SAINT JOHNS PL,40.670219,-73.931072
307383,AVENUE R/E 23 ST,40.606577,-73.949946
307384,AVENUE R/E 27 ST,40.606998,-73.94618
307385,AVENUE R/E 28 ST,40.607275,-73.945017
307386,AVENUE R/E 22 ST,40.606643,-73.95065
307389,SHORE PKWY/STORAGE,40.594129,-73.997678
307390,NEW LOTS AV/MOTHER GASTON BLVD,40.65701,-73.903759
307393,MARCUS GARVEY BLVD/BROADWAY,40.699716,-73.941451
307394,AVENUE I/OCEAN PKWY,40.626462,-73.971324
307397,RALPH AV/MILL AV,40.618633,-73.917077
307398,ASHFORD ST/STANLEY AV,40.660855,-73.87951
307403,CADMAN PLAZA WEST/JOHNSON ST,40.695535,-73.990829
307408,BOERUM PL/JORALEMON ST,40.692022,-73.989228
307426,JAY ST/TILLARY ST,40.695699,-73.987196
307432,E 96 ST/FLATLANDS AV,40.643356,-73.901563
307441,FLATBUSH AV/AVENUE U,40.609528,-73.921821
307460,ADAMS ST/BROOKLYN SUPREME COURT,40.69256,-73.989131
307475,AVENUE B/E 87 ST,40.648214,-73.918204
307477,AVENUE J/E 23 ST,40.626067,-73.953899
307478,AVENUE J/OCEAN AV,40.625771,-73.956562
307479,AVENUE J/E 18 ST,40.625517,-73.958932
307482,AVENUE J/CONEY ISLAND AV,40.624846,-73.964992
307484,58 ST/1 AV,40.645419,-74.023199
307485,2 AV/56 ST,40.645954,-74.020082
307486,7 AV SERVICE RD SOUTH/BAY RIDGE PKWY,40.626752,-74.018855
307487,7 AV SERVICE RD SOUTH/77 ST,40.625286,-74.019489
307488,7 AV SERVICE RD SOUTH/79 ST,40.624024,-74.020393
307489,7 AV SERVICE RD SOUTH/81 ST,40.622816,-74.021408
307490,FORT HAMILTON PKWY/83 ST,40.621767,-74.02264
307491,FULTON ST/HOYT ST,40.69069,-73.985547
307492,FULTON ST/DUFFIELD ST,40.690536,-73.984949
307493,TILLARY ST/JAY ST,40.695976,-73.986768
307495,ATLANTIC AV/EUCLID AV,40.681085,-73.873176
307496,AVENUE J/E 8 ST,40.624466,-73.968425
307497,AVENUE J/OCEAN PKWY,40.624167,-73.971156
307499,60 ST/15 AV,40.62643,-73.994423
307501,86 ST/FORT HAMILTON PKWY,40.620732,-74.024776
307506,FULTON ST/MACDOUGAL ST,40.678922,-73.921386
307508,FLATLANDS AV/UTICA AV,40.625963,-73.927911
307510,AVENUE N/OCEAN PKWY,40.614607,-73.969352
307511,HALSEY ST/MARCUS GARVEY BLVD,40.683164,-73.938482
307513,FORT HAMILTON PKWY/7 AV,40.624523,-74.018509
307514,FORT HAMILTON PKWY/86 ST,40.620375,-74.024532
307515,86 ST/NARROWS AV,40.625802,-74.040556
307516,FLATBUSH AV/AVENUE K,40.624869,-73.939404
307518,13 AV/56 ST,40.630907,-73.996513
307520,OCEAN AV/AVENUE L,40.621275,-73.955419
307521,19 ST/8 AV,40.658211,-73.985302
307526,MERMAID AV/W 31 ST,40.575193,-73.99712
307531,FLATLANDS AV/SCHENECTADY AV,40.624261,-73.930685
307532,FLATLANDS AV/AVENUE L,40.622937,-73.932716
307533,FLATLANDS AV/FLATBUSH AV,40.621319,-73.935232
307534,FLATLANDS AV/FLATBUSH AV,40.621408,-73.934998
307535,FLATLANDS AV/TROY AV,40.622865,-73.932785
307538,55 ST/2 AV,40.646232,-74.019643
307539,PENNSYLVANIA AV/SCHROEDERS AV,40.647608,-73.881733
307540,ATLANTIC AV/4 AV,40.684576,-73.978665
307541,FULTON ST/MARCUS GARVEY BLVD,40.679832,-73.937977
307547,GREENE AV/FULTON ST,40.685878,-73.97255
307549,GREENE AV/VANDERBILT AV,40.686401,-73.968035
307550,GREENE AV/WASHINGTON AV,40.686738,-73.965107
307551,GREENE AV/GRAND AV,40.687089,-73.962078
307552,GREENE AV/CLASSON AV,40.687412,-73.95928
307553,FRANKLIN AV/GREENE AV,40.687399,-73.956963
307572,GREENE AV/CLASSON AV,40.687391,-73.960122
307573,GREENE AV/GRAND AV,40.687092,-73.962958
307575,GREENE AV/VANDERBILT AV,40.686366,-73.968929
307576,GREENE AV/ADELPHI ST,40.686129,-73.970882
307577,GREENE AV/CUMBERLAND ST,40.685925,-73.972816
307581,CHURCH AV/E 5 ST,40.644458,-73.975219
307582,4 AV/95 ST,40.616105,-74.031146
307585,53 ST/2 AV,40.647571,-74.018922
307588,FLUSHING AV/NORTH PORTLAND AV,40.697995,-73.9764
307591,FLATLANDS AV/SCHENECTADY AV,40.624296,-73.930583
307593,4 AV/92 ST,40.618234,-74.030316
307595,DEAN ST/3 AV,40.683863,-73.981211
307596,GREENE AV/WASHINGTON AV,40.686704,-73.965978
307599,ELDERT LN/LORING AV,40.668189,-73.862477
307600,ASHFORD ST/STANLEY AV,40.661418,-73.879809
307615,ROCKAWAY AV/LINDEN BLVD,40.65432,-73.906867
307616,BEDFORD AV/N 3 ST,40.715782,-73.959844
307618,50 ST/7 AV,40.642193,-74.005596
307619,50 ST/13 AV,40.634173,-73.992311
307623,CONEY ISLAND AV/PARK CIRCLE,40.65043,-73.971891
307625,AVENUE N/E 5 ST,40.614385,-73.970145
307626,OCEAN AV/AVENUE N,40.616252,-73.954738
307627,LINDEN BLVD/AUTUMN AV,40.668758,-73.866234
307628,ELDERT LN/LINDEN BLVD,40.669125,-73.862818
307629,ELDERT LN/LORING AV,40.667652,-73.86246
307631,FULTON ST/EASTERN PKWY,40.678066,-73.908188
307632,NASSAU AV/VARICK ST,40.726541,-73.93623
307636,FLATBUSH AV/AVENUE T,40.61127,-73.924385
307637,BROADWAY/JEFFERSON ST,40.697354,-73.935803
307638,CATON AV/SAINT PAULS PL,40.651613,-73.962646
307639,OCEAN AV/CATON AV,40.652502,-73.961377
307641,OCEAN AV/231 OCEAN AV,40.657322,-73.9622
307642,OCEAN AV/LINCOLN RD,40.660874,-73.962778
307643,OCEAN AV/LINCOLN RD,40.660149,-73.962861
307644,OCEAN AV/OPP 231 OCEAN AV,40.657494,-73.96234
307645,OCEAN AV/PARKSIDE AV,40.654503,-73.961946
307646,FLATBUSH AV/OCEAN AV,40.662643,-73.962143
307647,FORT HAMILTON PKWY/83 ST,40.6218,-74.022276
307649,FOUNTAIN AV/FLATLANDS AV,40.659987,-73.866959
307656,60 ST/12 AV,40.63038,-74.000958
307665,FRANKLIN AV/LEFFERTS PL,40.680474,-73.955643
307666,18 AV/57 ST,40.624055,-73.985112
307668,UTICA AV/EASTERN PKWY,40.668476,-73.931074
307669,SHORE PKWY/COYLE ST,40.585988,-73.933881
307674,GATES AV/FRANKLIN AV,40.685527,-73.956108
307675,GATES AV/BEDFORD AV,40.685774,-73.953956
307676,GATES AV/NOSTRAND AV,40.686129,-73.950865
307677,GATES AV/MARCY AV,40.686569,-73.947043
307678,GATES AV/TOMPKINS AV,40.686906,-73.944118
307679,GATES AV/THROOP AV,40.687217,-73.941334
307680,GATES AV/MARCUS GARVEY BLVD,40.68754,-73.938532
307681,GATES AV/LEWIS AV,40.687873,-73.935615
307682,GATES AV/STUYVESANT AV,40.688214,-73.932665
307683,GATES AV/MALCOLM X BLVD,40.688553,-73.92974
307684,GATES AV/PATCHEN AV,40.688902,-73.926862
307686,GATES AV/BROADWAY,40.689438,-73.922215
307687,GATES AV/BUSHWICK AV,40.69113,-73.92038
307688,GATES AV/EVERGREEN AV,40.692361,-73.919202
307689,GATES AV/CENTRAL AV,40.694104,-73.917491
307690,GATES AV/WILSON AV,40.695572,-73.916057
307691,GATES AV/KNICKERBOCKER AV,40.69704,-73.914567
307695,9 ST/2 AV,40.672384,-73.992997
307696,SMITH ST/W 9 ST,40.674894,-73.997673
307699,TILLARY ST/ADAMS ST,40.696035,-73.988147
307702,60 ST/17 AV,40.623125,-73.989229
307704,JAMAICA AV/MARGINAL ST EAST,40.678523,-73.896907
307706,AVENUE J/OCEAN AV,40.625645,-73.956173
307709,37 ST/4 AV,40.653814,-74.00524
307712,BATH AV/14 AV,40.609343,-74.015069
307713,STILLWELL AV/2670 STILLWELL AV,40.581461,-73.982482
307728,MALCOLM X BLVD/HALSEY ST,40.683867,-73.929334
307737,NOSTRAND AV/CHURCH AV,40.650362,-73.949609
307738,CROPSEY AV/HARWAY AV,40.593319,-73.993749
307739,KINGS HWY/W 10 ST,40.605596,-73.983466
307742,KINGS HWY/E 16 ST,40.609038,-73.957521
307775,E 68 ST/AVENUE N,40.621066,-73.912788
307777,JAMAICA AV/ELDERT LN,40.691106,-73.868151
307778,NEPTUNE AV/W 24 ST,40.578308,-73.991997
307780,SHORE RD/83 ST,40.627897,-74.039898
307784,4 AV/94 ST,40.616435,-74.03107
307786,9 ST/SMITH ST,40.67462,-73.997412
307789,AVENUE L/E 88 ST,40.634236,-73.9023
307790,CHURCH AV/NEW YORK AV,40.650992,-73.947114
307791,CHURCH AV/NEW YORK AV,40.650909,-73.946217
307792,CHURCH AV/NOSTRAND AV,40.650764,-73.949277
307793,CHURCH AV/NOSTRAND AV,40.650853,-73.950008
307795,CHURCH AV/ROGERS AV,40.650717,-73.952873
307798,DRIGGS AV/N 9 ST,40.717935,-73.955549
307804,ROCKAWAY AV/EASTERN PKWY,40.673581,-73.911093
307806,SHORE PKWY/BRAGG ST,40.586567,-73.933336
307809,RODNEY ST/GRAND ST,40.711723,-73.954316
307811,DEAN ST/TROY AV,40.676076,-73.936146
307812,DEAN ST/SCHENECTADY AV,40.675896,-73.932818
307813,DEAN ST/UTICA AV,40.67574,-73.930039
307814,DEAN ST/ROCHESTER AV,40.675621,-73.92789
307815,DEAN ST/FLATBUSH AV,40.681669,-73.975281
307816,DEAN ST/CARLTON AV,40.680718,-73.970739
307817,DEAN ST/VANDERBILT AV,40.680042,-73.967519
307819,DEAN ST/CLASSON AV,40.678142,-73.958453
307820,DEAN ST/NOSTRAND AV,40.676827,-73.949985
307821,DEAN ST/NEW YORK AV,40.67665,-73.946697
307822,DEAN ST/BROOKLYN AV,40.676495,-73.943914
307823,DEAN ST/KINGSTON AV,40.676348,-73.941156
307824,BERGEN ST/ALBANY AV,40.675534,-73.939214
307825,BERGEN ST/KINGSTON AV,40.675714,-73.94204
307826,BERGEN ST/BROOKLYN AV,40.675869,-73.944859
307827,BERGEN ST/CLASSON AV,40.677654,-73.959513
307828,BERGEN ST/WASHINGTON AV,40.678671,-73.964365
307829,BERGEN ST/VANDERBILT AV,40.679573,-73.968673
307831,VANDERBILT AV/MYRTLE AV,40.692836,-73.969853
307832,AVENUE M/E 13 ST,40.617723,-73.961988
307833,5 AV/5 ST,40.671355,-73.984596
307835,WEST BRIGHTON AV/W 5 ST,40.57651,-73.972278
307836,AVENUE U/OCEAN AV,40.599393,-73.95062
307838,AVENUE M/E 15 ST,40.618013,-73.959211
307839,FLATBUSH AV/E 31 ST,40.631992,-73.946701
307848,CLASSON AV/GREENE AV,40.687769,-73.959716
307851,MYRTLE AV/HARMAN ST,40.698634,-73.920534
307853,FLATBUSH AV/PLAZA ST EAST,40.675168,-73.970874
307854,EMMONS AV/BRIGHAM ST,40.584324,-73.932383
307856,GRAND ST/METROPOLITAN AV BRIDGE,40.714171,-73.931836
307859,JAMAICA AV/MILLER AV,40.680055,-73.893555
307860,GRAND ST/LORIMER ST,40.711148,-73.948499
307861,GRAND ST/GRAND ST BRIDGE,40.716201,-73.923685
307893,COLUMBIA ST/CARROLL ST,40.683269,-74.003479
307894,OCEAN AV/AVENUE U,40.598764,-73.951363
307895,VETERANS AV/E 69 ST,40.619939,-73.90958
307896,STANLEY AV/ELDERT LN,40.666252,-73.862215
307897,VAN SINDEREN AV/FULTON ST,40.678111,-73.903408
307901,GATES AV/RALPH AV,40.689211,-73.924117
307902,MARCUS GARVEY BLVD/GATES AV,40.687208,-73.938965
307904,CLASSON AV/GATES AV,40.685529,-73.95927
307905,NOSTRAND AV/GATES AV,40.685866,-73.950754
307908,SMITH ST/5 ST,40.67771,-73.996272
307909,SMITH ST/2 ST,40.679522,-73.99523
307910,SMITH ST/UNION ST,40.68178,-73.99375
307911,SMITH ST/DOUGLASS ST,40.683793,-73.992381
307912,MEEKER AV/MORGAN AV,40.722971,-73.939248
307913,CHERRY ST/VANDERVOORT AV,40.723884,-73.937198
307914,AVENUE D/NEW YORK AV,40.641165,-73.946019
307915,WILLIAMSBURG BRIDGE PLAZA/LANE 4,40.709278,-73.959521
307916,WILLIAMSBURG BRIDGE PLAZA/BUS TERMINAL,40.709434,-73.95931
307918,BORINQUEN PL/S 1 ST,40.710714,-73.95392
307919,WILLIAMSBURG BRIDGE PLAZA/LANE 4,40.709327,-73.959348
307920,KINGS PLAZA/AVENUE U,40.609564,-73.921817
307921,WILLIAMSBURG BRIDGE PLAZA/LANE 2,40.709539,-73.95942
307922,FOUNTAIN AV/FLATLANDS AV,40.660245,-73.866942
307923,SURF AV/W 21 ST,40.574494,-73.98813
307925,PENNSYLVANIA AV/ATLANTIC AV,40.675114,-73.896804
307926,FULTON ST/ALBANY AV,40.679664,-73.937573
307927,FULTON ST/THOMAS S BOYLAND ST,40.678507,-73.913974
307928,HALSEY ST/NOSTRAND AV,40.68188,-73.949674
307935,METROTECH UNDERPASS/LAWRENCE ST,40.692969,-73.986036
307936,7 AV/6 ST,40.668923,-73.979777
307938,PROSPECT PARK SOUTHWEST/BARTEL PRITCHARD SQ,40.660853,-73.97939
307939,W 33 ST/BAY VIEW AV,40.579173,-74.000482
307941,SHORE RD/71 ST,40.636852,-74.036257
307942,BRIGHTON BEACH AV/OCEAN PKWY,40.576218,-73.967609
307943,NAVY ST/NASSAU ST,40.69791,-73.980641
307945,AVENUE N/MCDONALD AV,40.614018,-73.973548
307947,CHURCH AV/MCDONALD AV,40.642696,-73.979883
307948,GATES AV/CLASSON AV,40.685282,-73.959148
307951,CROPSEY AV/BAY 8 ST,40.607039,-74.015998
307952,SURF AV/STILLWELL AV,40.575529,-73.980963
307953,W 5 ST/WEST BRIGHTON AV,40.576301,-73.972971
307954,E 98 ST/CHURCH AV,40.65608,-73.913135
307956,CROPSEY AV/18 AV,40.602907,-74.007811
307957,CROPSEY AV/BAY 25 ST,40.599962,-74.002355
307958,SHORE RD/88 ST,40.624496,-74.040638
307959,SHORE RD/79 ST,40.631504,-74.038495
307960,SHORE RD/BAY RIDGE PKWY,40.633942,-74.036695
307961,SHORE RD/72 ST,40.636202,-74.036908
307963,WASHINGTON AV/SULLIVAN PL,40.664,-73.961029
307964,WASHINGTON AV/MONTGOMERY ST,40.667019,-73.9616
307969,STANLEY AV/CRESCENT ST,40.665458,-73.867081
307971,STANLEY AV/SHERIDAN AV,40.666053,-73.863201
307975,STILLWELL AV/NEPTUNE AV,40.582191,-73.98241
307977,FLUSHING AV/THORNTON ST,40.700485,-73.944199
307983,KINGS HWY/BEDFORD AV,40.612821,-73.949455
307984,EASTERN PKWY/UTICA AV,40.668552,-73.931509
307986,KINGS HWY/TROY AV,40.625908,-73.933252
307987,LEWIS AV/LAFAYETTE AV,40.691818,-73.936744
307989,NEW LOTS AV/PENNSYLVANIA AV,40.66201,-73.892557
307990,RALPH AV/EASTERN PKWY,40.668816,-73.922511
307994,REMSEN AV/AVENUE A,40.650865,-73.917945
307995,GOLD ST/SANDS ST,40.699462,-73.983031
307996,GOLD ST/TILLARY ST,40.696228,-73.983279
307998,GOLD ST/TILLARY ST,40.696427,-73.983131
308002,KINGS HWY/E 26 ST,40.613806,-73.948116
308003,GLENWOOD RD/E 98 ST,40.645616,-73.90147
308004,GLENWOOD RD/ROCKAWAY PKWY,40.645456,-73.901761
308006,STANLEY AV/AUTUMN AV,40.6658,-73.865559
308008,GLENWOOD RD/WILLIAMS AV,40.651182,-73.892844
308014,BATH AV/25 AV,40.594354,-73.991106
308016,HALSEY ST/BUSHWICK AV,40.686786,-73.914259
308017,STILLWELL AV/NEPTUNE AV,40.578275,-73.981718
308021,STERLING PL/CLASSON AV,40.674017,-73.960247
308023,TOMPKINS AV/PUTNAM AV,40.68437,-73.944185
308025,WATER ST/MAIN ST,40.703318,-73.991102
308028,1 AV/56 ST,40.647142,-74.02267
308036,UTICA AV/FARRAGUT RD,40.637187,-73.928955
308038,FORT HAMILTON PKWY/MARINE AV,40.613323,-74.030616
308039,FORT HAMILTON PKWY/95 ST,40.615101,-74.029071
308040,92 ST/FORT HAMILTON PKWY,40.617177,-74.02776
308044,ROCKAWAY PKWY/GLENWOOD RD,40.645075,-73.902291
308045,BRIGHTON BEACH AV/CONEY ISLAND AV,40.577935,-73.959729
308046,GATES AV/BROADWAY,40.689479,-73.922704
308047,FLATLANDS AV/E 77 ST,40.633944,-73.915509
308048,KENT AV/HOOPER ST,40.701222,-73.9634
308049,COLUMBIA ST/CONGRESS ST,40.68943,-74.000632
308050,26 AV/SHORE PKWY SERVICE RD NORTH,40.589955,-73.992357
308052,52 ST/3 AV,40.646227,-74.015297
308053,AVENUE J/CONEY ISLAND AV,40.62483,-73.964229
308054,BERGEN ST/GRAND AV,40.67819,-73.962083
308055,MERMAID AV/W 15 ST,40.576856,-73.98303
308056,DEAN ST/GRAND AV,40.678808,-73.961614
308057,NOSTRAND AV/AVENUE L,40.621671,-73.946006
308059,VANDERBILT AV/PLAZA ST EAST,40.675179,-73.969641
308061,GRAND ARMY PLAZA/FLATBUSH AV,40.674107,-73.970688
308062,GRAND ARMY PLAZA/FLATBUSH AV,40.673095,-73.969547
308063,FORT HAMILTON PKWY/66 ST,40.630051,-74.010164
308066,UTICA AV/ATLANTIC AV,40.677732,-73.930213
308067,TOMPKINS AV/ELLERY ST,40.698737,-73.947048
308068,QUENTIN RD/CONEY ISLAND AV,40.607888,-73.961743
308069,PARKVILLE AV/MCDONALD AV,40.628214,-73.977153
308070,FLATBUSH AV/GRAND ARMY PLAZA,40.672576,-73.968972
308071,VANDERBILT AV/PLAZA ST EAST,40.675102,-73.969897
308072,SURF AV/W 17 ST,40.575333,-73.984347
308073,FRANKLIN AV/FULTON ST,40.680595,-73.955606
308074,LINCOLN RD/FLATBUSH AV,40.660843,-73.961463
308076,LINCOLN RD/FLATBUSH AV,40.660662,-73.962371
308079,BAY PKWY/CROPSEY AV,40.597429,-73.998547
308080,9 ST/2 AV,40.672778,-73.993558
308081,9 ST/SMITH ST,40.674271,-73.996969
308083,CHURCH AV/E 39 ST,40.651272,-73.941344
308084,4 AV/39 ST,40.652917,-74.005712
308085,TOMPKINS AV/DEKALB AV,40.692113,-73.945729
308086,LINDEN BLVD/78 ST,40.670098,-73.856542
308087,WAKEMAN PL/3 AV,40.638125,-74.024872
308088,SHORE RD/BAY RIDGE AV,40.63843,-74.036175
308089,SHORE RD/72 ST,40.635944,-74.03739
308090,SHORE RD/BAY RIDGE PKWY,40.633545,-74.037091
308091,SHORE RD/79 ST,40.631403,-74.038844
308092,SHORE RD/83 ST,40.627754,-74.04019
308096,CROPSEY AV/BAY 25 ST,40.599525,-74.001945
308097,CROPSEY AV/18 AV,40.602457,-74.007249
308099,8 AV/52 ST,40.6402,-74.004554
308100,8 AV/44 ST,40.644672,-73.999906
308101,8 AV/43 ST,40.644794,-73.999911
308102,8 AV/55 ST,40.638096,-74.00689
308103,GREENPOINT AV/FRANKLIN ST,40.729839,-73.957201
308104,FORT HAMILTON PKWY/64 ST,40.631299,-74.008081
308106,ROCKAWAY PKWY/TRUCKLEMANS LN,40.643303,-73.900129
308107,WAKEMAN PL/RIDGE BLVD,40.639351,-74.026868
308108,KINGS HWY/NEW YORK AV,40.618724,-73.942303
308109,VAN BRUNT ST/HAMILTON AV,40.682847,-74.006385
308112,VOORHIES AV/KNAPP ST,40.588097,-73.931941
308114,FLATLANDS AV/E 103 ST,40.646733,-73.896124
308116,RALPH AV/HERKIMER ST,40.677374,-73.921853
308118,9 ST/7 AV,40.667142,-73.981908
308119,9 ST/6 AV,40.668298,-73.984301
308120,AVENUE Z/W 3 ST,40.585979,-73.971795
308121,9 ST/3 AV,40.671175,-73.990656
308122,NOSTRAND AV/AVENUE Y,40.592022,-73.940115
308123,CONEY ISLAND AV/AVENUE Z,40.587656,-73.960241
308128,NEPTUNE AV/SHORE BLVD,40.583018,-73.954431
308129,NEPTUNE AV/BRIGHTON 10 ST,40.582407,-73.957472
308130,5 AV/95 ST,40.615941,-74.030883
308131,BERGEN ST/FLATBUSH AV,40.681015,-73.975692
308136,KINGSTON AV/UNION ST,40.668732,-73.942191
308152,AVENUE N/UTICA AV,40.618908,-73.926421
308153,AVENUE N/E 48 ST,40.618868,-73.928964
308154,AVENUE N/E 46 ST,40.618746,-73.931183
308155,McDONALD AV/20 ST,40.654895,-73.981857
308158,FLUSHING AV/ONDERDONK AV,40.711262,-73.920133
308159,ORIENTAL BLVD/MACKENZIE ST,40.578036,-73.939948
308160,FLATLANDS AV/GEORGIA AV,40.651993,-73.888364
308161,JAMAICA AV/CYPRESS HILLS ST,40.688392,-73.876209
308176,92 ST/7 AV,40.614897,-74.023174
308177,FORT HAMILTON PKWY/90 ST,40.618478,-74.026057
308178,FORT HAMILTON PKWY/90 ST,40.618061,-74.026637
308179,3 AV/46 ST,40.650093,-74.012343
308181,GRAND ST/GRAND ST BRIDGE,40.716046,-73.92461
308182,SURF AV/W 19 ST,40.575159,-73.985119
308183,86 ST/W 7 ST,40.592441,-73.977976
308186,MANHATTAN AV/INDIA ST,40.732637,-73.954599
308187,MANHATTAN AV/CLAY ST,40.736393,-73.955196
308188,MANHATTAN AV/INDIA ST,40.732402,-73.954724
308189,MANHATTAN AV/CLAY ST,40.736239,-73.95535
308194,39 ST/1 AV,40.656155,-74.012027
308195,KINGS HWY/W 7 ST,40.605134,-73.980387
308198,GERRITSEN AV/FORD ST,40.605155,-73.938915
308199,FORT HAMILTON PKWY/81 ST,40.622349,-74.020151
308201,BAY RIDGE AV /10 AV,40.627445,-74.010206
308203,LINDEN BLVD/DREW ST,40.66987,-73.861434
308204,5 AV/9 ST,40.669431,-73.98597
308205,THOMAS S BOYLAND ST/MACDONOUGH ST,40.684519,-73.914737
308206,5 AV/7 ST,40.67057,-73.985025
308207,5 AV/3 ST,40.673007,-73.982988
308208,5 AV/GARFIELD PL,40.674824,-73.981473
308209,5 AV/UNION ST,40.676682,-73.98019
308210,5 AV/SAINT JOHNS PL,40.678656,-73.978851
308211,5 AV/PROSPECT PL,40.680557,-73.977567
308212,5 AV/WARREN ST,40.679965,-73.978144
308213,5 AV/DOUGLASS ST,40.678052,-73.979439
308214,5 AV/UNION ST,40.67615,-73.980723
308215,5 AV/GARFIELD PL,40.674382,-73.982072
308216,5 AV/3 ST,40.672566,-73.983583
308217,5 AV/7 ST,40.67017,-73.985584
308218,METROPOLITAN AV/STEWART AV,40.71405,-73.927647
308219,BATH AV/15 AV,40.607828,-74.012828
308220,BATH AV/17 AV,40.604968,-74.008103
308222,BATH AV/21 AV,40.59974,-73.999211
308223,BATH AV/24 AV,40.595422,-73.99287
308224,BATH AV/23 AV,40.597357,-73.995466
308225,BATH AV/21 AV,40.599976,-73.999276
308226,BATH AV/19 AV,40.602874,-74.00408
308227,BATH AV/17 AV,40.605435,-74.008589
308228,BATH AV/15 AV,40.608278,-74.0133
308229,DE KALB AV/BROADWAY,40.693965,-73.929692
308230,E 98 ST/HEGEMAN AV,40.655642,-73.912518
308239,4 AV/BAY RIDGE AV,40.63467,-74.023455
308240,4 AV/SENATOR ST,40.636196,-74.02276
308242,4 AV/63 ST,40.639473,-74.019603
308245,4 AV/60 ST,40.640852,-74.018683
308247,4 AV/65 ST,40.637908,-74.021666
308248,4 AV/SENATOR ST,40.636048,-74.022991
308254,3 AV/82 ST,40.62627,-74.029832
308255,3 AV/72 ST,40.634093,-74.02664
308257,3 AV/23 ST,40.66316,-73.998136
308258,3 AV/15 ST,40.667736,-73.994034
308259,3 AV/BALTIC ST,40.681731,-73.983002
308260,3 AV/DEAN ST,40.683945,-73.981543
308263,3 AV/3 ST,40.67522,-73.988009
308266,3 AV/72 ST,40.633684,-74.026925
308267,3 AV/80 ST,40.62804,-74.029261
308268,3 AV/89 ST,40.621144,-74.032088
308269,3 AV/95 ST,40.616997,-74.033765
308270,CROPSEY AV/OPP V A HOSPITAL,40.608845,-74.023156
308271,GRAND ST/UNION AV,40.711017,-73.950982
308272,GRAND ST/UNION AV,40.71094,-73.950691
308277,SMITH ST/LIVINGSTON ST,40.690703,-73.9877
308278,W 17 ST/MERMAID AV,40.57652,-73.984838
308280,3 AV/52 ST,40.646731,-74.015853
308281,SHORE PKWY/SHEEPSHEAD BAY RD,40.58502,-73.95173
308282,AVENUE Z/E 15 ST,40.587988,-73.953686
308300,NEPTUNE AV/STILLWELL AV,40.579171,-73.981486
308301,NEPTUNE AV/W 12 ST,40.579404,-73.979394
308302,NEPTUNE AV/W 8 ST,40.579741,-73.976456
308303,NEPTUNE AV/W 6 ST,40.57982,-73.974228
308304,WEST BRIGHTON AV/W 2 ST,40.576633,-73.970457
308305,NEPTUNE AV/W 5 ST,40.579893,-73.972057
308306,NEPTUNE AV/W 6 ST,40.580064,-73.974502
308307,NEPTUNE AV/SHELL RD,40.579819,-73.976528
308308,NEPTUNE AV/W 12 ST,40.579518,-73.979394
308311,E 98 ST/SUTTER AV,40.665096,-73.922981
308312,MARCUS GARVEY BLVD/BROADWAY,40.699574,-73.941444
308313,ROCKAWAY AV/HEGEMAN AV,40.655904,-73.907318
308314,LINDEN BLVD/THOMAS BOYLAND ST,40.654434,-73.909594
308315,LORING AV/DREW ST,40.668064,-73.86097
308316,ELDERT LN/LORING AV,40.667493,-73.862277
308322,NASSAU AV/VAN DAM ST,40.726195,-73.937399
308323,ATLANTIC AV/3 AV,40.68554,-73.981005
308324,5 AV/72 ST,40.632002,-74.021519
308325,5 AV/63 ST,40.637957,-74.017644
308326,5 AV/57 ST,40.641361,-74.01411
308327,5 AV/54 ST,40.643074,-74.01232
308328,5 AV/47 ST,40.646969,-74.008263
308331,5 AV/21 ST,40.661533,-73.993101
308332,5 AV/PROSPECT AV,40.664135,-73.990452
308333,5 AV/14 ST,40.666231,-73.988559
308334,5 AV/12 ST,40.667143,-73.988108
308335,5 AV/21 ST,40.661137,-73.993761
308336,5 AV/33 ST,40.654416,-74.000735
308337,5 AV/45 ST,40.647691,-74.007733
308338,5 AV/60 ST,40.639269,-74.016488
308339,5 AV/63 ST,40.637578,-74.018242
308340,5 AV/72 ST,40.631418,-74.021937
308342,53 ST/1 AV,40.648691,-74.020762
308343,FLUSHING AV/MARCY AV,40.699767,-73.949625
308344,AVENUE L/REMSEN AV,40.635107,-73.900944
308346,BEDFORD AV/CAMPUS RD NORTH,40.632514,-73.952852
308348,FLATBUSH AV/CHURCH AV,40.650948,-73.958772
308349,OCEAN AV/PARKSIDE AV,40.655139,-73.961837
308351,ORIENTAL BLVD/HASTINGS ST,40.577746,-73.943997
308354,NOSTRAND AV/PARK AV,40.696879,-73.952945
308355,CROPSEY AV/BROOKLYN CAMPUS,40.609103,-74.023816
308356,V A HOSPITAL/BAY 3,40.607531,-74.023155
308357,POLY PL/7 AV,40.609308,-74.024143
308358,V A HOSPITAL/BAY 1,40.608122,-74.022985
308359,V A HOSPITAL/BAY 2,40.608332,-74.023352
308360,NOSTRAND AV/FOSTER AV,40.638229,-73.948313
308361,NOSTRAND AV/AVENUE V,40.597747,-73.941419
308363,FLATLANDS AV/E 78 ST,40.634191,-73.915429
308364,GREENPOINT AV/FRANKLIN ST,40.729908,-73.958027
308365,BAY PKWY/83 ST,40.603843,-73.991688
308366,FORT HAMILTON PKWY/64 ST,40.631109,-74.008621
308367,60 ST/9 AV,40.633937,-74.007119
308368,60 ST/9 AV,40.634387,-74.007591
308369,FLATBUSH AV/CHURCH AV,40.649697,-73.958641
308370,EUCLID AV/LINDEN BLVD,40.66859,-73.870157
308371,EUCLID AV/BLAKE AV,40.671671,-73.870922
308377,CRESCENT ST/ATLANTIC AV,40.682083,-73.871634
308380,SEAVIEW AV/ERSKINE ST,40.653023,-73.866561
308382,FORT HAMILTON PKWY/73 ST,40.626602,-74.015397
308396,KENT AV/S 6 ST,40.71216,-73.967883
308397,KENT AV/S 3 ST,40.714192,-73.966936
308398,KENT AV/S 1 ST,40.715795,-73.966214
308399,GRAND ST/WYTHE AV,40.715736,-73.964691
308410,CROPSEY AV/HART PL,40.58137,-73.985657
308411,CROPSEY AV/CANAL AV,40.583358,-73.986269
308412,CROPSEY AV/BAY 52 ST,40.58335,-73.986611
308413,CROPSEY AV/HART PL,40.580668,-73.985699
308414,FLATLANDS AV/E 96 ST,40.643249,-73.901426
308417,NEPTUNE AV/W 37 ST,40.57686,-74.00268
308418,5 AV/89 ST,40.619974,-74.02743
308419,5 AV/83 ST,40.623896,-74.024834
308420,5 AV/77 ST,40.628283,-74.023049
308421,5 AV/78 ST,40.626979,-74.023755
308422,5 AV/84 ST,40.622587,-74.025544
308423,5 AV/89 ST,40.619282,-74.028204
308424,WILSON AV/GATES AV,40.695075,-73.915925
308425,SAINT JOHNS PL/BROOKLYN AV,40.671239,-73.944369
308426,MYRTLE AV/GATES AV,40.699475,-73.912134
308435,NOSTRAND AV/FULTON ST,40.67997,-73.949642
308438,BATH AV/BAY 20TH ST,40.603065,-74.004839
308439,JAMAICA AV/HERKIMER ST,40.677432,-73.900799
308442,MYRTLE AV/SPENCER ST,40.694573,-73.95541
308443,NOSTRAND AV/MONTGOMERY ST,40.665458,-73.950974
308444,ROEBLING ST/GRAND ST,40.713355,-73.958225
308448,METROPOLITAN AV/N 5 ST,40.714125,-73.954958
308449,CRESCENT ST/MCKINLEY AV,40.67976,-73.871
308450,CRESCENT ST/ATLANTIC AV,40.681434,-73.871555
308451,AVENUE K/NOSTRAND AV,40.624282,-73.946696
308452,STUART ST/FILLMORE AV,40.607102,-73.93959
308455,WYTHE AV/S 3 ST,40.713629,-73.965508
308456,WYTHE AV/S 5 ST,40.712032,-73.9662
308457,WILSON AV/WOODBINE ST,40.694629,-73.914918
308458,METROPOLITAN AV/ONDERDONK AV,40.714014,-73.924056
308459,E 36 ST/AVENUE S,40.609924,-73.931471
308472,JAY ST/MYRTLE PLAZA,40.694503,-73.987123
308477,STILLWELL TERMINAL/BUS LOOP,40.577007,-73.981358
308478,STILLWELL TERMINAL/BUS LOOP,40.577042,-73.981163
308479,STILLWELL TERMINAL/BUS LOOP,40.577015,-73.981308
308483,CHURCH AV/UTICA AV,40.651797,-73.930558
308503,GRAND ST/BUSHWICK AV,40.712062,-73.940017
308521,KINGS HWY/E 92 ST,40.6564,-73.921148
308522,KINGS HWY/E 94 ST,40.657709,-73.920712
308523,FLUSHING AV/JOHNSON AV,40.709077,-73.922278
308528,ERSKINE ST/GATEWAY PLAZA,40.653458,-73.867026
308535,MYRTLE AV/PRINCE ST,40.693703,-73.982702
308537,18 AV/82 ST,40.609289,-74.00023
308542,CONEY ISLAND AV/BRIGHTON BEACH AV,40.578098,-73.959581
308543,ROCKAWAY PKWY/SKIDMORE AV,40.632944,-73.888478
308544,DEAN ST/WASHINGTON AV,40.679225,-73.963611
308546,REMSEN AV/LENOX RD,40.655905,-73.923545
308547,SAINT JOHNS PL/FRANKLIN AV,40.672296,-73.957155
308557,FLATBUSH AV/KINGS HWY,40.622177,-73.936521
308561,BEARD ST/OTSEGO ST,40.672273,-74.011218
308562,COLUMBIA ST/KANE ST,40.687858,-74.001251
308563,COLUMBIA ST/WARREN ST,40.688913,-74.000744
308564,COLUMBIA ST/BALTIC ST,40.688292,-74.001193
308565,ROGERS AV/ALBERMARLE RD,40.648137,-73.9521
308568,UTICA AV/DEAN ST,40.676011,-73.930581
308569,NEW LOTS AV/WILLIAMS AV,40.660288,-73.896653
308570,4 AV/DEAN ST,40.683264,-73.979275
308571,BERGEN ST/4 AV,40.682762,-73.980132
308572,4 AV/63 ST,40.639096,-74.020474
308574,SEAVIEW AV/E 100 ST,40.635321,-73.887639
308576,AVENUE J/E 15 ST,40.625251,-73.961285
308577,BROADWAY/WYTHE AV,40.710673,-73.96693
308579,ATLANTIC AV/WYONA ST,40.676165,-73.893704
308582,WOODPOINT RD/CONSELYEA ST,40.715113,-73.942251
308591,7 AV/79 ST,40.623723,-74.018878
308592,WEST 20 ST/MERMAID AV,40.57657,-73.986851
308594,WILLIAMSBURG ST W/KENT AV,40.700323,-73.962197
308595,CROPSEY AV/BAY 31 ST,40.597032,-73.998301
308596,GATES AV/WYCKOFF AV,40.699861,-73.911815
308599,DIVISION AV/LEE AV,40.707504,-73.961751
308600,HAVEMEYER ST/DIVISION AV,40.707619,-73.959851
308601,ROEBLING ST/S 8 ST,40.708983,-73.960945
308602,DIVISION AV/DRIGGS AV,40.707708,-73.962213
308603,DIVISION AV/BERRY ST,40.707243,-73.966206
308605,WYTHE AV/GRAND ST,40.715615,-73.964675
308618,SURF AV/W 30 ST,40.57281,-73.996022
308620,VAN BRUNT ST/KING ST,40.678284,-74.011822
308621,BAY PKWY/W 8 ST,40.612887,-73.98233
308622,WILSON AV/BLEECKER ST,40.697066,-73.919485
308623,BEDFORD AV/N 12 ST,40.720905,-73.954329
308624,MYRTLE AV/CLASSON AV,40.69399,-73.96156
308626,FRONT ST/YORK ST,40.702576,-73.99195
308638,MYRTLE AV/FLEET PL,40.693501,-73.981498
308640,SHORE RD/4 AV,40.611842,-74.035202
308641,FLATBUSH AV/PACIFIC ST,40.683169,-73.976717
308644,87 ST/4 AV,40.621924,-74.028495
308650,4 AV/65 ST,40.638045,-74.021215
308651,HARWAY AV/BAY 50 ST,40.587843,-73.984326
308652,GRAVESEND NECK RD/E 29 ST,40.599885,-73.942643
308653,FLATLANDS AV/FOUNTAIN AV,40.660507,-73.867723
308658,FLATLANDS AV/JEROME ST,40.65628,-73.87771
308659,FLATLANDS AV/ELTON ST,40.657618,-73.874569
308660,FLATLANDS AV/ESSEX ST,40.658305,-73.873012
308664,VANDALIA AV/ERSKINE ST,40.657858,-73.868064
308666,KENT AV/METROPOLITAN AV,40.717695,-73.964402
308667,KENT AV/N 6 ST,40.719605,-73.962335
308668,KENT AV/N 9 ST,40.721534,-73.960224
308670,FRANKLIN ST/CALYER ST,40.72656,-73.957228
308672,FRANKLIN ST/GREENPOINT AV,40.730114,-73.957546
308673,FRANKLIN ST/INDIA ST,40.732257,-73.957897
308674,GREEN ST/MANHATTAN AV,40.7337,-73.954622
308675,FREEMAN ST/MANHATTAN AV,40.734414,-73.955654
308677,FRANKLIN ST/GREENPOINT AV,40.729638,-73.957616
308680,WYTHE AV/N 12 ST,40.722116,-73.957694
308681,WYTHE AV/N 9 ST,40.720443,-73.959495
308682,WYTHE AV/N 6 ST,40.71879,-73.961289
308683,WYTHE AV/METROPOLITAN AV,40.716587,-73.963635
308694,DREW ST/LINDEN BLVD,40.669266,-73.860939
308695,ROGERS AV/STERLING ST,40.663262,-73.953775
308697,ROGERS AV/LINCOLN PL,40.671093,-73.953088
308699,KNAPP ST/SHORE PKWY,40.585012,-73.931329
308700,EMMONS AV/HARING ST,40.583994,-73.938351
308725,FULTON ST/ASHLAND PL,40.68772,-73.978091
308726,CLINTON ST/LORRAINE ST,40.673347,-74.002441
308727,MILL ST/CLINTON ST,40.675002,-74.001462
308730,FRANKLIN ST/GREEN ST,40.733508,-73.958248
308732,FRANKLIN ST/INDIA ST,40.731823,-73.957988
308746,3 AV/10 ST,40.67095,-73.991492
308747,3 AV/21 ST,40.66413,-73.997764
308749,3 AV/61 ST,40.641376,-74.021488
308759,GATEWAY PLAZA 2/BAY 2,40.652908,-73.876624
308761,SEAVIEW AV/E 108 ST,40.638947,-73.881526
308763,BROADWAY/EASTERN PKWY,40.680109,-73.905572
308769,PENNSYLVANIA AV/SCHROEDERS AV,40.647641,-73.881773
308771,BROADWAY/HALSEY ST,40.685815,-73.915766
308777,UTICA AV/TILDEN AV,40.648249,-73.930095
308781,SEAVIEW AV/E 105 ST,40.637397,-73.883905
308782,CLARKSON AV/ROGERS AV,40.655312,-73.952805
308783,PENNSYLVANIA AV/LIBERTY AV,40.674699,-73.896556
308787,ATLANTIC AV/NEW JERSEY AV,40.675682,-73.895909
308792,FLATBUSH AV/AVENUE T,40.611077,-73.924197
308793,FLATBUSH AV/AVENUE T,40.611492,-73.92407
308794,MALCOLM X BLVD/DE KALB AV,40.693143,-73.931178
308800,UTICA AV/CHURCH AV,40.650968,-73.930412
308802,UTICA AV/AVENUE N,40.61991,-73.926824
308803,UTICA AV/AVENUE K,40.625673,-73.927481
308804,UTICA AV/CHURCH AV,40.652508,-73.930416
308805,UTICA AV/EMPIRE BLVD,40.663921,-73.931457
308806,UTICA AV/UNION ST,40.668335,-73.931073
308807,UTICA AV/FULTON ST,40.679159,-73.929075
308808,MALCOLM X BLVD/HALSEY ST,40.684522,-73.92931
308809,UTICA AV/AVENUE H,40.632759,-73.928288
308813,MALCOLM X BLVD/GATES AV,40.688876,-73.930158
308815,ALABAMA AV/FULTON ST,40.67672,-73.899944
308820,NEW LOTS AV/CLEVELAND ST,40.666494,-73.882291
308821,KINGS HWY/FRASER SQ,40.619846,-73.940893
308822,KINGS HWY/FRASER SQ,40.620224,-73.94142
308828,NAVY ST/SANDS ST,40.699805,-73.980403
308829,SANDS ST/NAVY ST,40.69973,-73.980927
308831,NEW LOTS AV/WARWICK ST,40.665826,-73.884059
308832,MYRTLE AV/GRAND AV,40.693614,-73.963943
308833,LINDEN BLVD SERVICE RD/FOUNTAIN AV,40.666622,-73.871567
308835,SAINT JOHNS PL/RALPH AV,40.670249,-73.92385
308845,LIVINGSTON ST/SMITH ST,40.69022,-73.987435
308847,YORK ST/JAY ST,40.701401,-73.9846
308850,KINGS HWY/NOSTRAND AV,40.616049,-73.944742
308852,16 AV/ 42 ST,40.634874,-73.981639
308853,NASSAU AV/MANHATTAN AV,40.723668,-73.950877
308855,KINGS HWY/RYDER ST,40.622122,-73.937456
308857,NOSTRAND AV/AVENUE R,40.607249,-73.943139
308864,PENNSYLVANIA AV/VANDALIA AV,40.650558,-73.884532
308865,PENNSYLVANIA AV/VANDALIA AV,40.650686,-73.88462
308866,GLENWOOD RD/E 102 ST,40.647473,-73.8988
308868,KINGS HWY/W 8 ST,40.605326,-73.980974
308871,KINGS HWY/FLATBUSH AV,40.622325,-73.936666
308876,PROSPECT ST/JAY ST,40.700594,-73.986386
308878,5 AV/37 ST,40.652269,-74.002921
308885,UTICA AV/AVENUE D,40.641743,-73.929433
308886,VAN SICLEN AV/LINDEN BL,40.660297,-73.88561
308887,CATON AV/OCEAN PKWY,40.647686,-73.974515
308889,LINDEN BLVD/EUCLID AV,40.668041,-73.869579
308890,AVENUE U/E 7 ST,40.597908,-73.965061
308893,POSTAL FACILITY RD/AT FACILITY,40.664836,-73.863323
308895,UTICA AV/WINTHROP ST,40.658114,-73.930983
308903,ROCKAWAY PKWY/SUBWAY STATION,40.645679,-73.902111
308910,FRANKLIN ST/CALYER ST,40.727084,-73.957278
308911,N 14 ST/KENT AV,40.724076,-73.957514
308918,GLENWOOD RD/E 104 ST,40.648502,-73.89718
308924,EAST NEW YORK AV SOUTH/UTICA AV,40.662749,-73.9318
308927,KINGS HWY/AVENUE H,40.632903,-73.929616
308936,ALBANY AV/RUTLAND RD,40.659991,-73.939673
308939,FLUSHING AV/NORTH ELLIOT PL,40.698147,-73.977749
308950,EMPIRE BLVD/UTICA AV,40.6635,-73.931338
308958,PARK AV/NAVY ST,40.696523,-73.980231
308959,PACIFIC ST/SACKMAN ST,40.675299,-73.906029
308963,FREEMAN ST/MCGUINNESS BLVD,40.734707,-73.952771
308965,CRESCENT ST/MCKINLEY AV,40.679442,-73.871025
308970,AVENUE U/W 8 ST,40.596283,-73.979251
308973,58 ST/ 2 AV,40.644691,-74.021817
309445,METROPOLITAN AV/HAVEMEYER ST,40.714025,-73.955914
309446,METROPOLITAN AV/RODNEY ST,40.714006,-73.9528
350218,LEE AV/TAYLOR ST,40.706825,-73.961295
400071,CHURCH ST/LIBERTY ST,40.710016,-74.011358
400134,5 AV/W 44 ST,40.7545,-73.980223
402132,E 23 ST/PARK AV SOUTH,40.739922,-73.985994
402227,E 57 ST/MADISON AV,40.762524,-73.972826
403679,DELANCEY ST/ESSEX ST,40.718689,-73.988295
404167,ALLEN ST/DELANCEY ST,40.719339,-73.990121
404179,5 AV/W 52 ST,40.759519,-73.976567
404181,5 AV/W 41 ST,40.752469,-73.981704
404183,5 AV/W 30 ST,40.745638,-73.986682
404184,BROADWAY/WAVERLY PL,40.729526,-73.993348
404185,BROADWAY/THOMAS ST,40.715464,-74.005263
404186,BROADWAY/MURRAY ST,40.71283,-74.007535
404188,BROADWAY/CEDAR ST,40.708888,-74.01086
404197,BROADWAY/E 13 ST,40.733849,-73.991058
404231,BROADWAY/EXCHANGE ALLEY,40.707027,-74.012382
404295,MADISON AV/E 25 ST,40.742006,-73.987081
404299,MADISON AV/E 48 ST,40.756882,-73.976199
404877,MADISON AV/E 29 ST,40.744849,-73.984987
404878,MADISON AV/E 34 ST,40.747357,-73.983153
404879,MADISON AV/E 42 ST,40.752666,-73.979335
404890,CHURCH ST/PARK PL,40.713424,-74.009009
404897,6 AV/ W 14 ST,40.737609,-73.9966
404900,MADISON AV/E 25 ST,40.742255,-73.986895
404903,MADISON AV/E 37 ST,40.749803,-73.981377
404907,E 57 ST/MADISON AV,40.762461,-73.972734
404914,BROADWAY/E 13 ST,40.733779,-73.991037
404942,E 23 ST/BROADWAY,40.741032,-73.988625
405049,5 AV/W 35 ST,40.748922,-73.984296
405218,BROADWAY/WALKER ST,40.718583,-74.002673
405277,BROADWAY/BROOME ST,40.721704,-74.000018
405507,E 23 ST/1 AV,40.736864,-73.978692
405557,6 AV/ W 13 ST,40.737241,-73.99687
450075,CHURCH ST/DUANE ST,40.716228,-74.006778
450106,MADISON AV/E 54 ST,40.760293,-73.973773
450372,hugh carey tunnel-non-public,40.704962,-74.015386
501422,170 ST/JAMAICA AV,40.707549,-73.789882
502145,JAMAICA AV/150 ST,40.702228,-73.804326
502992,GRAND AV/QUEENS BLVD,40.736494,-73.877838
503174,ARCHER AV/153 ST,40.70205,-73.801711
503184,JAMAICA AV/146 ST,40.701836,-73.808716
503237,METROPOLITAN AV/FOREST AV,40.712937,-73.906296
503238,METROPOLITAN AV/ANDREWS AV,40.713126,-73.909323
503258,GRAND AV/73 ST,40.729453,-73.889932
503268,MYRTLE AV/85 AV,40.700854,-73.838999
503378,JAMAICA AV/77 ST,40.69173,-73.864259
503379,JAMAICA AV/80 ST,40.692158,-73.861586
503381,JAMAICA AV/87 ST,40.692591,-73.856779
503384,JAMAICA AV/WOODHAVEN BLVD,40.69346,-73.852482
503385,JAMAICA AV/94 ST,40.694003,-73.850981
503387,JAMAICA AV/98 ST,40.694791,-73.847319
503389,JAMAICA AV/104 ST,40.695131,-73.842962
503390,JAMAICA AV/107 ST,40.695398,-73.839932
503392,JAMAICA AV/111 ST,40.69694,-73.83692
503394,JAMAICA AV/115 ST,40.698745,-73.833733
503396,JAMAICA AV/LEFFERTS BLVD,40.700092,-73.830212
503397,JAMAICA AV/124 ST,40.7008,-73.826073
503399,JAMAICA AV/130 ST,40.701782,-73.82206
503402,JAMAICA AV/VAN WYCK EXPWY,40.702366,-73.81695
503406,JAMAICA AV/170 ST,40.707282,-73.789588
503415,JAMAICA AV/132 ST,40.702126,-73.820801
503416,JAMAICA AV/130 ST,40.701695,-73.823027
503418,JAMAICA AV/124 ST,40.700831,-73.826733
503420,JAMAICA AV/LEFFERTS BLVD,40.700093,-73.830843
503422,JAMAICA AV/115 ST,40.698614,-73.834373
503424,JAMAICA AV/112 ST,40.697242,-73.836728
503427,JAMAICA AV/108 ST,40.695531,-73.839895
503429,JAMAICA AV/104 ST,40.695242,-73.843423
503431,JAMAICA AV/98 ST,40.694847,-73.847657
503434,JAMAICA AV/WOODHAVEN BLVD,40.693813,-73.851904
503435,JAMAICA AV/WOODHAVEN BLVD WEST,40.693484,-73.852828
503437,JAMAICA AV/88 ST,40.692701,-73.856901
503439,JAMAICA AV/FOREST PKWY,40.692317,-73.861337
503441,JAMAICA AV/78 ST,40.691818,-73.864486
503453,FAIRVIEW AV/FOREST AV,40.704364,-73.901923
503454,67 AV/60 ST,40.704678,-73.900551
503455,67 AV/FRESH POND RD,40.705683,-73.896695
503462,FRESH POND RD/60 RD,40.71649,-73.901595
503466,FLUSHING AV/64 ST,40.722773,-73.901124
503468,GRAND AV/66 ST,40.724268,-73.898362
503470,GRAND AV/69 PL,40.726466,-73.894339
503471,GRAND AV/71 ST,40.72776,-73.892151
503472,GRAND AV/74 ST,40.730283,-73.887154
503473,GRAND AV/79 ST,40.731137,-73.885277
503475,GRAND AV/84 ST,40.733451,-73.883824
503477,GRAND AV/VAN HORN ST,40.735806,-73.880197
503522,GRAND AV/QUEENS BLVD,40.736357,-73.878318
503523,GRAND AV/GOLDSMITH ST,40.735702,-73.880889
503525,GRAND AV/CALAMUS AV,40.733361,-73.884007
503527,GRAND AV/79 ST,40.730814,-73.885954
503528,GRAND AV/74 ST,40.7301,-73.888385
503529,GRAND AV/73 ST,40.729251,-73.890277
503530,GRAND AV/72 ST,40.728025,-73.891827
503531,GRAND AV/69 PL,40.72635,-73.894688
503539,FRESH POND RD/59 DR,40.718083,-73.902217
503541,FRESH POND RD/ELIOT AV,40.714725,-73.901281
503591,132 ST/JAMAICA AV,40.702222,-73.820361
503592,47 AV/48 ST,40.741025,-73.917671
503593,48 ST/47 AV,40.740618,-73.917395
503594,48 ST/47 ST,40.732747,-73.918836
503614,JAMAICA AV/165 ST,40.705603,-73.79448
503615,48 ST/48 AV,40.738779,-73.917761
503626,48 ST/48 AV,40.738971,-73.91758
503627,48 ST/50 AV,40.736935,-73.918135
503628,48 ST/50 AV,40.737562,-73.917873
503636,56 AV/QUEENS BLVD,40.735004,-73.874304
503639,61 ST/75 AV,40.698349,-73.893955
503640,61 ST/GRAND AV,40.721716,-73.904337
503641,61 ST/ST FELIX AV,40.697218,-73.89377
503642,62 ST/75 AV,40.698636,-73.892974
503643,62 ST/MYRTLE AV,40.700794,-73.89328
503645,ATLANTIC AV/100 ST,40.68932,-73.844234
503646,ATLANTIC AV/100 ST,40.689482,-73.844626
503649,ATLANTIC AV/104 ST,40.690188,-73.841156
503650,ATLANTIC AV/104 ST,40.690324,-73.841675
503652,ATLANTIC AV/108 ST,40.691363,-73.837053
503653,ATLANTIC AV/108 ST,40.691372,-73.837994
503654,ATLANTIC AV/111 ST,40.692152,-73.834253
503655,ATLANTIC AV/111 ST,40.692118,-73.83536
503656,ATLANTIC AV/114 ST,40.692876,-73.83172
503657,ATLANTIC AV/114 ST,40.692915,-73.83256
503662,ATLANTIC AV/124 ST,40.695058,-73.824199
503665,ATLANTIC AV/130 ST,40.695982,-73.818117
503666,ATLANTIC AV/130 ST,40.695885,-73.81935
503668,ATLANTIC AV/134 ST,40.69676,-73.815411
503678,ATLANTIC AV/76 ST,40.683902,-73.864261
503682,ATLANTIC AV/80 ST,40.685006,-73.860375
503707,METROPOLITAN AV/STARR ST,40.71335,-73.914305
503727,JAMAICA AV/147 PL,40.701715,-73.807033
503734,GRAND AV/54 ST,40.718453,-73.915286
503740,GRAND AV/59 ST,40.720604,-73.907719
503741,GRAND AV/59 ST,40.720409,-73.908613
503742,GRAND AV/61 ST,40.721939,-73.904314
503747,GRAND AV/MASPETH AV,40.722661,-73.902289
503748,GRAND AV/PAGE PL,40.717678,-73.918144
503749,GRAND AV/PAGE PL,40.717672,-73.918518
503750,GRAND AV/RUST ST,40.719663,-73.910887
503751,GRAND AV/RUST ST,40.719698,-73.911226
503789,153 ST/JAMAICA AV,40.703012,-73.802397
503792,LINDEN BLVD/79 ST,40.670592,-73.856147
503825,JAMAICA AV/138 ST,40.702449,-73.81507
503832,QUEENS MIDTOWN EXPWY/48 ST,40.731515,-73.919372
503834,METROPOLITAN AV/FLUSHING AV,40.713571,-73.916123
503883,WOODWARD AV/STANHOPE ST,40.709012,-73.91259
503884,STARR ST/WOODWARD AV,40.711616,-73.916457
503885,STARR ST/METROPOLITAN AV,40.713339,-73.914687
503907,GRANDVIEW AV/METROPOLITAN AV,40.713079,-73.912783
503908,STANHOPE ST/GRANDVIEW AV,40.710851,-73.910275
503917,59 AV/92 ST,40.734213,-73.868675
503932,JAMAICA AV/PARSONS BLVD,40.703254,-73.800661
503938,JAMAICA AV/GUY R BREWER BLVD,40.704502,-73.797125
503962,11 ST/JACKSON AV,40.743291,-73.951316
503963,JACKSON AV/11 ST,40.743667,-73.950278
503991,48 ST/BROOKLYN-QUEENS EXPWY,40.735766,-73.918233
503993,GREENPOINT AV/44 ST,40.741502,-73.9208
504079,JACKSON AV/THOMPSON AV,40.746681,-73.943358
504080,JAMAICA AV/METROPOLITAN AV,40.702459,-73.81799
504095,CYPRESS HILL ST/MACHPELAH CEMETERY,40.693704,-73.884168
504096,CYPRESS HILL ST/MOUNT NEBOH CEMETERY,40.695278,-73.885384
504099,COOPER AV/65 ST,40.698624,-73.889176
504100,COOPER AV/64 PL,40.698206,-73.891016
504101,COOPER AV/62 ST,40.697799,-73.892795
504102,FRESH POND RD/MYRTLE AV,40.701221,-73.894632
504104,FRESH POND RD/70 AV,40.702876,-73.895221
504105,FRESH POND RD/CATALPA AV,40.704257,-73.895745
504106,FRESH POND RD/68 AV,40.705542,-73.896375
504107,PUTNAM AV/FRESH POND RD,40.706427,-73.897352
504109,PUTNAM AV/FOREST AV,40.705216,-73.901966
504110,FOREST AV/WOODBINE ST,40.706731,-73.902919
504111,GATES AV/GRANDVIEW AV,40.707497,-73.904122
504112,GATES AV/FAIRVIEW AV,40.706146,-73.905557
504113,GATES AV/WOODWARD AV,40.705063,-73.906654
504114,GATES AV/ONDERDONK AV,40.703933,-73.907814
504115,GATES AV/SENECA AV,40.703019,-73.908746
504116,GATES AV/CYPRESS AV,40.702221,-73.909555
504118,GATES AV/SAINT NICHOLAS AV,40.701149,-73.910645
504119,GATES AV/WYCKOFF AV,40.70005,-73.911769
504120,GATES AV/SENECA AV,40.703466,-73.908132
504121,GATES AV/ONDERDONK AV,40.704369,-73.907207
504122,GATES AV/WOODWARD AV,40.705488,-73.906062
504123,GATES AV/FAIRVIEW AV,40.70656,-73.904968
504124,GRANDVIEW AV/GATES AV,40.707327,-73.903755
504125,FOREST AV/WOODBINE ST,40.706091,-73.902678
504126,FOREST AV/PUTNAM AV,40.704918,-73.902087
504127,FRESH POND RD/CATALPA AV,40.70364,-73.895646
504129,FRESH POND RD/70 AV,40.702648,-73.895308
504130,FRESH POND RD/MYRTLE AV,40.700889,-73.894687
504131,COOPER AV/64 ST,40.697856,-73.892109
504132,COOPER AV/64 LN,40.698271,-73.890309
504133,COOPER AV/CYPRESS HILL ST,40.698714,-73.88835
504136,CYPRESS HILLS ST/BETH-EL CEMETERY,40.695435,-73.8857
504137,CYPRESS HILLS ST/MACHPELAH CEMETERY,40.693626,-73.88431
504138,CYPRESS HILLS ST/CYPRESS AV,40.692468,-73.882906
504170,DECATUR ST/WYCKOFF AV,40.694466,-73.901534
504171,DECATUR ST/CYPRESS AV,40.696427,-73.899555
504172,DECATUR ST/SENECA AV,40.697324,-73.89863
504173,DECATUR ST/FOREST AV,40.698637,-73.897291
504174,DECATUR ST/MYRTLE AV,40.700552,-73.896018
504175,PUTNAM AV/FAIRVIEW AV,40.704702,-73.90224
504177,SUMMERFIELD ST/MYRTLE AV,40.700306,-73.897093
504178,SUMMERFIELD ST/FOREST AV,40.699001,-73.898368
504179,SUMMERFIELD ST/SENECA AV,40.69766,-73.899672
504180,SUMMERFIELD ST/CYPRESS AV,40.696845,-73.900467
504181,SUMMERFIELD ST/WYCKOFF AV,40.694799,-73.902489
504182,COVERT ST/WYCKOFF AV,40.695042,-73.903805
504183,ATLANTIC AV/ELDERT LN,40.683188,-73.865795
504184,ATLANTIC AV/84 ST,40.685566,-73.857425
504186,ATLANTIC AV/88 ST,40.686686,-73.853503
504188,ATLANTIC AV/92 ST,40.687653,-73.850104
504189,ATLANTIC AV/WOODHAVEN BLVD,40.688241,-73.848006
504191,ATLANTIC AV/LEFFERTS BLVD,40.694028,-73.827505
504196,JAMAICA AV/144 PL,40.702136,-73.810958
504198,JAMAICA AV/144 ST,40.702306,-73.811385
504199,JAMAICA AV/QUEENS BLVD,40.702584,-73.81414
504204,ATLANTIC AV/VAN WYCK EXPWY WEST,40.697212,-73.81445
504205,ATLANTIC AV/LEFFERTS BLVD,40.694021,-73.828636
504206,ATLANTIC AV/96 ST,40.688668,-73.847502
504207,ATLANTIC AV/WOODHAVEN BLVD,40.687999,-73.84986
504209,ATLANTIC AV/90 ST,40.687185,-73.852716
504211,ATLANTIC AV/85 ST,40.685968,-73.856984
504213,GREENPOINT AV/REVIEW AV,40.734433,-73.937519
504214,GREENPOINT AV/BRADLEY AV,40.735447,-73.934869
504215,GREENPOINT AV/GALE AV,40.736248,-73.932714
504216,GREENPOINT AV/HUNTERS POINT AV,40.737632,-73.929512
504218,GREENPOINT AV/39 PL,40.739142,-73.925812
504219,GREENPOINT AV/48 AV,40.739761,-73.924389
504220,GREENPOINT AV/43 ST,40.740994,-73.921613
504221,GREENPOINT AV/46 ST,40.742069,-73.919031
504222,GREENPOINT AV/47 ST,40.742562,-73.917504
504223,GREENPOINT AV/42 ST,40.740345,-73.923396
504224,GREENPOINT AV/HUNTERS POINT AV,40.737418,-73.93044
504225,GREENPOINT AV/GALE AV,40.736456,-73.932609
504226,GREENPOINT AV/BRADLEY AV,40.735642,-73.934714
504227,GREENPOINT AV/STARR AV,40.735052,-73.936194
504228,VAN DAM ST/REVIEW AV,40.734543,-73.938017
504230,DE KALB AV/SENECA AV,40.707491,-73.915895
504231,SENECA AV/STOCKHOLM ST,40.706949,-73.914821
504233,SENECA AV/BLEECKER ST,40.704778,-73.911156
504236,SENECA AV/PALMETTO ST,40.702821,-73.907833
504238,SENECA AV/CORNELIA ST,40.701057,-73.90486
504239,ONDERDONK AV/CATALPA AV,40.701487,-73.903094
504240,STANHOPE ST/ONDERDONK AV,40.707886,-73.913159
504244,SENECA AV/GATES AV,40.703241,-73.908298
504246,SENECA AV/BLEECKER ST,40.705231,-73.911671
504249,SENECA AV/DE KALB AV,40.707575,-73.915688
504251,METROPOLITAN AV/WOODWARD AV,40.713716,-73.920198
504254,METROPOLITAN AV/AMORY CT,40.713027,-73.909316
504256,METROPOLITAN AV/FOREST AV,40.712821,-73.905623
504259,METROPOLITAN AV/FRESH POND RD,40.712618,-73.899752
504260,METROPOLITAN AV/65 ST,40.712428,-73.895498
504261,METROPOLITAN AV/CHRIST THE KING HS,40.712209,-73.888667
504263,METROPOLITAN AV/71 ST,40.7122,-73.883985
504265,METROPOLITAN AV/73 PL,40.712706,-73.878927
504267,METROPOLITAN AV/78 ST,40.713051,-73.875607
504273,METROPOLITAN AV/WOODHAVEN BLVD,40.711664,-73.858974
504274,METROPOLITAN AV/SELFRIDGE ST,40.711334,-73.856918
504279,METROPOLITAN AV/72 DR,40.709606,-73.84591
504281,METROPOLITAN AV/PARK LN SOUTH,40.707775,-73.836774
504283,METROPOLITAN AV/LEFFERTS BLVD,40.705969,-73.831302
504285,METROPOLITAN AV/124 ST,40.704944,-73.827758
504286,METROPOLITAN AV/HILLSIDE AV,40.703712,-73.82302
504296,METROPOLITAN AV/129 ST,40.703938,-73.823869
504298,METROPOLITAN AV/125 ST,40.704872,-73.827177
504300,METROPOLITAN AV/LEFFERTS BLVD,40.706296,-73.832216
504302,METROPOLITAN AV/PARK LN SOUTH,40.708029,-73.837264
504305,METROPOLITAN AV/ASCAN AV,40.70981,-73.846411
504307,METROPOLITAN AV/71 AV,40.710624,-73.851574
504309,METROPOLITAN AV/69 AV,40.711236,-73.85551
504313,METROPOLITAN AV/80 ST,40.713327,-73.872028
504314,METROPOLITAN AV/79 ST,40.713228,-73.874727
504315,METROPOLITAN AV/74 ST,40.712825,-73.878736
504318,METROPOLITAN AV/71 ST,40.712253,-73.884717
504319,METROPOLITAN AV/69 ST,40.712258,-73.88683
504320,METROPOLITAN AV/METRO MALL,40.712327,-73.889302
504322,METROPOLITAN AV/MOUNT OLIVET CRES,40.712511,-73.894975
504324,METROPOLITAN AV/FRESH POND RD,40.712776,-73.901445
504330,MYRTLE AV/MADISON ST,40.699865,-73.907949
504332,MYRTLE AV/62 ST,40.70087,-73.892934
504333,MYRTLE AV/CYPRESS HILLS ST,40.70102,-73.891062
504335,MYRTLE AV/73 PL,40.702362,-73.874956
504337,MYRTLE AV/79 PL,40.702774,-73.869881
504338,MYRTLE AV/81 ST,40.702987,-73.867327
504339,MYRTLE AV/81 AV,40.703217,-73.861495
504341,MYRTLE AV/85 ST,40.703272,-73.863875
504342,MYRTLE AV/88 ST,40.702931,-73.858928
504345,MYRTLE AV/WOODHAVEN BLVD,40.702473,-73.854705
504346,MYRTLE AV/FREEDOM DR,40.701998,-73.850375
504347,MYRTLE AV/PARK LANE SOUTH,40.701117,-73.842381
504348,MYRTLE AV/111 ST,40.700778,-73.839273
504349,MYRTLE AV/114 ST,40.700419,-73.836043
504351,117 ST/JAMAICA AV,40.699626,-73.832564
504353,MYRTLE AV/HILLSIDE AV,40.700156,-73.832534
504355,MYRTLE AV/PARK LN SOUTH,40.701097,-73.841261
504356,MYRTLE AV/FREEDOM DR,40.702127,-73.850573
504357,MYRTLE AV/WOODHAVEN BLVD,40.702613,-73.855012
504358,MYRTLE AV/82 AV,40.702944,-73.85827
504359,MYRTLE AV/81 AV,40.703282,-73.861084
504360,MYRTLE AV/85 ST,40.703352,-73.86421
504362,MYRTLE AV/81 ST,40.703067,-73.867666
504363,MYRTLE AV/79 ST,40.702786,-73.871097
504365,MYRTLE AV/74 ST,40.702468,-73.874914
504368,MYRTLE AV/69 ST,40.70184,-73.882712
504370,MYRTLE AV/67 ST,40.701527,-73.88638
504372,MYRTLE AV/CYPRESS HILLS ST,40.701134,-73.890809
504374,MYRTLE AV/FRESH POND RD,40.700847,-73.894342
504375,MYRTLE AV/60 LN,40.700647,-73.896718
504377,MYRTLE AV/FOREST AV,40.700529,-73.900639
504379,MYRTLE AV/SENECA AV,40.700403,-73.904216
504380,MYRTLE AV/CYPRESS AV,40.700108,-73.906773
504386,FLUSHING AV/ONDERDONK AV,40.711674,-73.919559
504390,FLUSHING AV/60 ST,40.719459,-73.906504
504392,FLUSHING AV/61 ST,40.720895,-73.904176
504394,FLUSHING AV/61 ST,40.721081,-73.904044
504396,FLUSHING AV/METROPOLITAN AV,40.713603,-73.915679
504398,QUEENS BLVD/55 AV,40.735251,-73.875959
504400,QUEENS BLVD/WOODHAVEN BLVD,40.733302,-73.870855
504404,QUEENS BLVD/59 AV,40.733941,-73.870836
504410,JACKSON AV/DAVIS ST,40.745864,-73.945299
504416,JACKSON AV/47 AV,40.744393,-73.949152
504434,MYRTLE AV/114 ST,40.700562,-73.83632
504435,GREENPOINT AV/BORDEN AV,40.736716,-73.93162
504449,METROPOLITAN AV/WOODWARD AV,40.713822,-73.920373
504455,GRAND AV/HAMILTON PL,40.724156,-73.898774
504491,GRAND AV/61 ST,40.72173,-73.904598
504492,GRAND AV/56 ST,40.719098,-73.91334
504498,MYRTLE AV/66 PL,40.701362,-73.887109
504500,MYRTLE AV/69 ST,40.701712,-73.882925
504502,MYRTLE AV/72 ST,40.702077,-73.878358
504540,JAMAICA AV/165 ST,40.705563,-73.794803
504547,DECATUR ST/IRVING AV,40.693076,-73.903242
504549,28 ST/QUEENS PLAZA SOUTH,40.749699,-73.939044
504559,ARCHER AV/SUTPHIN BLVD,40.700637,-73.807238
504560,47 ST/GREENPOINT AV,40.742392,-73.917847
504979,ATLANTIC AV/124 ST,40.695081,-73.823279
504984,JAMAICA AV/150 ST,40.702037,-73.804615
505054,FLUSHING AV/METROPOLITAN AV,40.713863,-73.914957
505055,GREENPOINT AV/39 ST,40.738736,-73.927046
505056,GREENPOINT AV/38 ST,40.738131,-73.928573
505074,FLUSHING AV/58 DR,40.719503,-73.906633
505076,GREENPOINT AV/40 ST,40.73966,-73.924952
505078,MYRTLE AV/SENECA AV,40.700407,-73.90308
505080,MYRTLE AV/FOREST AV,40.700451,-73.89961
505081,MYRTLE AV/SUMMERFIELD ST,40.700585,-73.896364
505085,STANHOPE ST/WOODWARD AV,40.708548,-73.912584
505086,STANHOPE ST/ONDERDONK AV,40.707425,-73.913732
505101,GATES AV/CYPRESS AV,40.702312,-73.909309
505122,CORONA AV/91 PL,40.742408,-73.872918
505168,BROOKLYN-QUEENS EXPWY/47 ST,40.73541,-73.919102
505177,METROPOLITAN AV/ONDERDONK AV,40.713953,-73.923842
505203,COOPER AV/ATLAS PARK MALL,40.709909,-73.868064
505204,COOPER AV/84 ST,40.71064,-73.865418
505206,COOPER AV/88 ST,40.710799,-73.86513
505218,PALMETTO ST/SAINT NICHOLAS AV,40.700419,-73.910235
505246,MYRTLE AV/71 PL,40.702102,-73.879366
505248,11 ST/48 AV,40.743762,-73.951035
505249,11 ST/47 AV,40.745277,-73.950541
505250,11 ST/45 AV,40.747628,-73.949777
505252,21 ST/44 DR,40.747857,-73.947515
505253,METROPOLITAN AV/71 RD,40.710273,-73.850207
505257,JAMAICA AV/PARSONS BLVD,40.703507,-73.799602
505269,WYCKOFF AV/CORNELIA ST,40.697876,-73.90807
505274,GATES AV/WYCKOFF AV,40.700079,-73.91161
505279,HORACE HARDING EXPWY/QUEENS BLVD,40.732778,-73.867274
505280,QUEENS BLVD/62 DR,40.731186,-73.864626
505290,JACKSON AV/23 ST,40.745927,-73.945494
505325,54 AV/43 ST,40.732264,-73.924667
505329,JAMAICA AV/161 ST,40.70409,-73.798549
505338,21 ST/45 RD,40.746445,-73.948019
505339,21 ST/JACKSON AV,40.744227,-73.94874
550467,WOODHAVEN BLVD/WETHEROLE ST,40.730966,-73.871399
550471,WOODHAVEN BLVD/61 RD,40.72841,-73.87131
550523,30 AV/21 ST,40.770126,-73.928178
550573,65 PL/53 DR,40.728878,-73.900294
550584,65 PL/CLARAN CT,40.728355,-73.900182
550641,31 AV/102 ST,40.76128,-73.867135
550658,21 ST/QUEENS PLZ SOUTH,40.751962,-73.944204
550670,21 ST/41 AV,40.754086,-73.942186
550671,21 ST/41 AV,40.754176,-73.942286
550680,21 ST/35 AV,40.761199,-73.935385
550681,21 ST/35 ST,40.761117,-73.935761
550685,21 ST/BROADWAY,40.765371,-73.931688
550689,21 ST/30 AV,40.769676,-73.928113
550926,43 AV/102 ST,40.747247,-73.862771
550927,103 ST/ROOSEVELT AV,40.750189,-73.862787
550928,103 ST/37 AV,40.753562,-73.864527
550930,103 ST/NORTHERN BLVD,40.757482,-73.865587
550931,32 AV/103 ST,40.759476,-73.866413
550943,102 ST/NORTHERN BLVD,40.757143,-73.866563
550945,102 ST/35 ST,40.75423,-73.866034
550947,37 AV/104 ST,40.753415,-73.863664
551063,81 ST/MYRTLE AV,40.703363,-73.867254
551064,78 AV/81 ST,40.705468,-73.86797
551065,80 ST/COOPER AV,40.709833,-73.87022
551066,80 ST/COOPER AV,40.709316,-73.870202
551067,80 ST/68 AV,40.711204,-73.870824
551069,80 ST/METROPOLITAN AV,40.713705,-73.871602
551070,80 ST/METROPOLITAN AV,40.71318,-73.871642
551071,80 ST/JUNIPER VALLEY RD,40.715941,-73.872005
551072,80 ST/JUNIPER VALLEY RD,40.716069,-73.872189
551073,DRY HARBOR RD/64 RD,40.718589,-73.872614
551074,DRY HARBOR RD/PENELOPE AV,40.720154,-73.873356
551075,DRY HARBOR RD/PENELOPE AV,40.719859,-73.873366
551076,DRY HARBOR RD/63 AV,40.72209,-73.874064
551078,DRY HARBOR RD/84 ST,40.725147,-73.872839
551079,DRY HARBOR RD/WOODHAVEN BLVD,40.727566,-73.8712
551081,90 ST/53 AV,40.73822,-73.87355
551083,90 ST/48 AV,40.741208,-73.8747
551086,HAMPTON ST / WHITNEY AVE,40.744474,-73.877072
551087,HAMPTON ST / WHITNEY AVE,40.744054,-73.876437
551090,HAMPTON ST/BRITTON AV,40.745935,-73.88037
551091,HAMPTON ST/BRITTON AV,40.745688,-73.880098
551092,83 ST/ROOSEVELT AV,40.747637,-73.88292
551093,82 ST/ROOSEVELT AV,40.747317,-73.883934
551095,HAMPTON ST/BAXTER AV,40.746835,-73.882658
551099,92 ST/53 AV,40.738558,-73.870946
551105,DRY HARBOR RD/CALDWELL AV,40.724922,-73.873125
551106,DRY HARBOR RD/63 AV,40.722274,-73.874244
551108,DRY HARBOR RD/FURMANVILLE AV,40.718032,-73.872539
551110,80 ST/68 RD,40.710649,-73.870768
551111,80 ST/77 RD,40.705971,-73.868836
551113,80 ST & MYRTLE AV,40.703063,-73.868319
551278,69 ST/METROPOLITAN AV,40.712512,-73.886396
551282,ELIOT AV/FRESH POND RD,40.714736,-73.900765
551283,ELIOT AV/64 ST,40.715947,-73.898256
551284,ELIOT AV/67 ST,40.718297,-73.893375
551285,ELIOT AV/67 ST,40.718306,-73.893721
551286,ELIOT AV/69 ST,40.719563,-73.890747
551287,ELIOT AV/69 ST,40.719339,-73.891588
551292,ELIOT AV/74 ST,40.721897,-73.885714
551293,ELIOT AV/74 ST,40.722133,-73.88558
551296,ELIOT AV/77 PL,40.723767,-73.881681
551299,ELIOT AV/80 ST,40.724874,-73.879294
551300,ELIOT AV/80 ST,40.725134,-73.879113
551303,ELIOT AV/83 PL,40.726569,-73.875643
551304,ELIOT AV/85 ST,40.728062,-73.872899
551305,ELIOT AV/85 ST,40.728021,-73.873227
551310,57 AV/JUNCTION BLVD,40.736672,-73.865402
551311,57 AV/JUNCTION BLVD,40.736574,-73.866304
551314,99/CHRISTIE AV,40.741254,-73.861777
551315,99 ST/55 AV,40.739251,-73.860633
551323,57 AV/98 ST,40.737632,-73.862722
551328,ELIOT AV/83 PL,40.726818,-73.875477
551329,ELIOT AV/77 ST,40.723611,-73.882388
551330,ELIOT AV/MT OLIVE CRES,40.715895,-73.898692
551334,METROPOLITAN AV/METRO MALL,40.712298,-73.892979
551335,69 ST/66 RD,40.714325,-73.886982
551364,THOMSON AV/31 PL,40.744713,-73.934153
551365,VAN DAM ST/47 AV,40.743009,-73.934032
551366,VAN DAM ST/47 AV,40.743217,-73.933743
551367,48 AV/VAN DAM ST,40.740909,-73.933882
551368,48 AV/VAN DAM ST,40.741071,-73.934098
551371,48 AV/37 ST,40.740263,-73.928325
551373,48 ST/GREENPOINT AV,40.739844,-73.924688
551374,48 AV/GREENPOINT AV,40.739967,-73.924605
551375,48 AV/43 ST,40.739512,-73.921849
551377,48 AV/47 ST,40.73909,-73.918172
551380,LAUREL HILL BLVD/48 ST,40.735109,-73.918277
551382,LAUREL HILL BLVD/58 ST,40.736323,-73.909455
551383,LAUREL HILL BLVD/58 ST,40.736364,-73.909535
551385,58 ST/53 RD,40.734454,-73.910269
551386,58 ST/53 AV,40.734541,-73.910034
551387,58 ST/BORDEN AV,40.729634,-73.911905
551388,58 ST/BORDEN AV,40.729664,-73.911799
551389,58 ST/55 DR,40.726253,-73.912261
551390,58 ST/55 DR,40.726663,-73.912036
551398,61 ST/FLUSHING AV,40.720717,-73.903988
551401,61 ST/59 AV,40.71958,-73.903301
551403,FOREST AV/HARMAN ST,40.712385,-73.905919
551404,FOREST AV/BLEECKER ST,40.710482,-73.905053
551405,FOREST AV/BLEECKER ST,40.711007,-73.905135
551408,FOREST AV/GATES AV,40.70794,-73.903769
551409,FOREST AV/GATES AV,40.708068,-73.903714
551410,FOREST AV/68 RD,40.70286,-73.90124
551413,FOREST AV/69 AV,40.702063,-73.900751
551414,FOREST AV/MYRTLE AV,40.700594,-73.900288
551415,FOREST AV/MYRTLE AV,40.700396,-73.899921
551417,FOREST AV/SUMMERFIELD ST,40.699,-73.897798
551418,FOREST AV/SUMMERFIELD ST,40.699454,-73.898335
551420,60 LN/SAINT FELIX AV,40.697134,-73.894605
551422,FOREST AV/PUTNAM AV,40.70465,-73.901862
551425,ELIOT AV/60 LN,40.714147,-73.901963
551430,48 AV/48 ST,40.739208,-73.918017
551432,48 AV/44 ST,40.739639,-73.921733
551434,48 AV/38 ST,40.740354,-73.928157
551436,48 AV/34 ST,40.74075,-73.931631
551437,THOMSON AV/SKILLMAN AV,40.745236,-73.937086
551526,94 AV/143 ST,40.698059,-73.810221
551923,21 ST/44 DR,40.747794,-73.947564
551927,21 ST/JACKSON AV,40.744561,-73.948451
551928,49 AV/21 ST,40.742278,-73.948337
551930,49 AV/25 ST,40.741581,-73.944751
551934,27 ST/BORDEN AV,40.739248,-73.943013
551935,27 ST/BORDEN AV,40.739379,-73.942837
551938,BORDEN AV/VAN DAM ST,40.737414,-73.934931
551939,BORDEN AV/VAN DAM ST,40.737899,-73.935329
551940,BORDEN AV/GREENPOINT AV,40.736694,-73.931205
551944,55 AV/48 ST,40.728674,-73.919237
551949,MAURICE AV/QUEENS MIDTOWN EXPWY,40.727883,-73.906472
551950,53 DR/63 ST,40.729342,-73.902749
551951,QUEENS MIDTOWN EXPWY/HAMILTON PL,40.725293,-73.898873
551953,69 ST/58 AV,40.724285,-73.894545
551957,69 ST/59 DR,40.721703,-73.893099
551958,69 ST/59 DR,40.722321,-73.893307
551961,69 ST/ELIOT AV,40.719326,-73.891135
551962,69 ST/ELIOT AV,40.719759,-73.891305
551964,69 ST/62 RD,40.716935,-73.888963
551965,69 ST/JUNIPER VALLEY RD,40.71461,-73.887168
551969,69TH ST / 62ND DR,40.716728,-73.888605
551974,53 DR/62 ST,40.729711,-73.903275
551976,MAURICE AV/QUEENS-MIDTOWN EXPWY,40.727858,-73.906713
551978,48 ST/54 AV,40.730754,-73.919109
551980,QUEENS MIDTOWN EXPY / 43RD ST,40.735739,-73.923466
551982,BORDEN AV/39 PL,40.736526,-73.926898
552208,88 AV/PARSONS BLVD,40.706655,-73.802358
552964,99 ST/LEWIS AV,40.740034,-73.860848
552987,8 ST/ASTORIA BLVD,40.772756,-73.932703
552988,8 ST/ASTORIA BLVD,40.772953,-73.932424
552994,57 AV/92 ST,40.735415,-73.870214
552995,59 AV/94 ST,40.734727,-73.86695
553002,69 ST/QUEENS MIDTOWN EXPWY,40.724725,-73.894526
553040,21 ST/BROADWAY,40.765429,-73.931349
553049,27 AV/2 ST,40.77535,-73.935122
553050,27 AV/2 ST,40.775136,-73.934985
553051,RUST ST/57 DR,40.721311,-73.912891
553052,RUST ST/58 RD,40.72016,-73.911742
553054,THOMSON AV/VAN DAM ST,40.744922,-73.934358
553122,JUNCTION BLVD/HORACE HARDING EXPWY,40.733529,-73.864321
553139,SUTPHIN BLVD/94 AV,40.699142,-73.807031
553140,GRAND AV/64 ST,40.722684,-73.901895
553195,HOFFMAN DR /58 AV,40.733126,-73.870784
553196,HOFFMAN DR/WOODHAVEN BLVD,40.733148,-73.871107
553208,104 ST/ROOSEVELT AV,40.749623,-73.861666
553212,BORDEN AV/HULL AV,40.726145,-73.899252
553235,METROPOLITAN AV/ALDERTON ST,40.711664,-73.85845
553253,MAURICE AV/MASPETH AV,40.7234,-73.912147
553333,QUEENS BLVD/59 AV,40.734087,-73.871334
553416,95 AV/CRESSKILL PL,40.697061,-73.810415
553417,95 AV/LIVERPOOL ST,40.697831,-73.80785
700002,21 ST/44 DR,40.748237,-73.94721
700039,21 ST/QUEENS PLAZA S,40.751771,-73.944731
700051,METROPOLITAN AV/FLUSHING AV,40.713475,-73.915948
700109,CORONA AV/98 PL,40.744958,-73.863951
700110,CORONA AV/99 ST,40.744772,-73.863296
700111,NATIONAL ST/43 AV,40.746802,-73.863665
700113,99 ST/CHRISTIE AV,40.741513,-73.861685
700530,57 AV/98 ST,40.73776,-73.861833
700694,BORDEN AV/GREENPOINT AV,40.737262,-73.931124
700880,ATLANTIC AV/76 ST,40.683919,-73.863331
700881,ATLANTIC AV/81 ST,40.684842,-73.860052
700900,44 DR/JACKSON AV,40.747052,-73.942303
700901,44 DR/JACKSON AV,40.747046,-73.942389
700928,METROPOLITAN AV/70 RD,40.71076,-73.852945
700933,103 ST/34 AV,40.755693,-73.865239
700935,21 ST/38 AV,40.757697,-73.938786
700938,21 ST/38 AV,40.757029,-73.93975
701025,ELIOT AV/FRESH POND RD,40.714601,-73.901349
701026,101 ST/31 AV,40.761327,-73.868124
701034,THOMSON AV/SKILLMAN AV,40.74515,-73.937512
701038,FAIRVIEW AV/PUTNAM AV,40.704645,-73.902466
701052,90 ST/56 AV,40.735559,-73.872552
701063,JAMAICA AV/ELDERT LN,40.691226,-73.867985
801006,W 33 ST/NEPTUNE AV,40.577621,-74.000273
801007,BROOKLYN BRIDGE PARK RD/JORALEMON ST,40.693001,-74.000512
801012,WILLIAMSBURG BRIDGE PLAZA/LANE 1,40.709649,-73.959518
801018,12 AV/ 81 ST,40.618497,-74.012995
801019,FORT HAMILTON PKWY/73 ST,40.626665,-74.015037
801020,CROPSEY AV/V A HOSPITAL,40.609134,-74.023885
801026,LIVINGSTON ST/COURT ST,40.691439,-73.991194
801030,LINCOLN RD/FLATBUSH AV,40.660869,-73.961137
801031,MEEKER AV/STEWART AV,40.726636,-73.934326
801039,FLATBUSH AV/KINGS PLAZA,40.608306,-73.920622
801042,SHORE RD/3 AV,40.612311,-74.035981
801044,MCDONALD AV/CORTELYOU RD,40.638191,-73.978944
801047,SANDS ST/PEARL ST,40.699912,-73.987652
801049,SHORE RD/MACKAY PL,40.637071,-74.036088
801063,VAN SINDEREN AV/FULTON ST,40.678609,-73.903663
801064,VAN SINDEREN AV/FULTON ST,40.678139,-73.903574
801067,GREENPOINT AV/MANHATTAN AV,40.730088,-73.954574
801068,SENECA AV/CORNELIA ST,40.700947,-73.904496
801071,FRONT ST/YORK ST,40.702573,-73.99201
801074,STILLWELL/TERMINAL,40.576864,-73.981026
801076,GLENWOOD RD/E 94 ST,40.643466,-73.904788
801077,GLENWOOD RD/E 96 ST,40.644854,-73.90264
801078,FLATLANDS AV/ROCKAWAY PKWY,40.643589,-73.900979
801079,FLATLANDS AV/E 94 ST,40.642054,-73.903276
801080,FLATLANDS AV/E 92 ST,40.641009,-73.904946
801081,W 17 ST/NEPTUNE AV,40.578785,-73.985273
801090,NASSAU AV/MORGAN ST,40.726007,-73.939561
801092,AVENUE Z/E 15 ST,40.587994,-73.954675
801094,UTICA AV/AVENUE H,40.63278,-73.928289
801107,n conduit av/cohancy st,40.665938,-73.822211
801108,n conduit av/95 st,40.669295,-73.841071
801134,JAY ST/MYRTLE PLAZA,40.694489,-73.987124
801136,PROSPECT PARK WEST/18 ST,40.657574,-73.982948
801143,MACKENZIE LOOP (Last stop),40.578107,-73.940647
801144,FLATBUSH AV/AVENUE U,40.609212,-73.921513
801152,E 80 St/P 15 (not used),40.62671,-73.901822
801154,DREW ST/LINDEN BLVD,40.669209,-73.860902
801155,CLINTON ST/LORRAINE ST,40.674045,-74.002126
801156,MILL ST/CLINTON ST,40.674952,-74.001168
801157,FLUSHING AV/CLERMONT AV,40.69781,-73.970924
801161,FULTON ST/ALABAMA AV,40.676817,-73.899659
801163,BEDFORD AV/GATES AV,40.685507,-73.954251
801168,GATEWAY CENTER TERMINAL/GATEWAY DR,40.652693,-73.87689
801170,ERSKINE ST/GATEWAY DR,40.652635,-73.866548
801171,GATEWAY DR/ERSKINE ST,40.65287,-73.867
801172,4 AV/DEAN ST,40.68353,-73.979074
801173,3 AV/8 ST,40.671946,-73.9905
801175,ATLANTIC AV/SOUTH PORTLAND AV,40.683056,-73.973505
801177,ALABAMA AV/FULTON ST,40.676746,-73.899944
801192,CROPSEY AV/BAY 37 ST,40.593774,-73.994363
801194,KINGS HWY/AVENUE K,40.625634,-73.933701
801195,kings hwy/e 35 st,40.620224,-73.94143
801197,kings hwy/e 35 st,40.620514,-73.940695
801199,gowanus exp/20 st.nonpublic,40.665087,-73.996717
801200,belt py/63 st-non-public,40.640455,-74.022802
801204,Belt py/51 st,40.646938,-74.015279
801205,gowanus expwy/woodhull st,40.681745,-74.005376
801209,FLUSHING AV/NORTH ELLIOT PL,40.698146,-73.977734
803042,BBT/west st,40.707261,-74.015869
803168,FLATLANDS AV/ATKINS AV,40.659458,-73.871033
803169,FLATLANDS AV/ESSEX ST,40.658386,-73.873539
803170,FLATLANDS AV/ELTON ST,40.657656,-73.875257
803171,JEROME ST/FLATLANDS AV,40.656495,-73.878192
803175,FLATLANDS AV/ATKINS AV,40.659353,-73.870585
803176,SEAVIEW AV/ERSKINE ST,40.653293,-73.86626
803220,fdr dr n/e 20 st,40.728232,-73.971603
803221,hugh carey tunnel/west st.non-public,40.707264,-74.015841
803234,BATTERY PL/GREENWICH ST,40.704921,-74.015441
804174,DELANCEY ST/ESSEX ST,40.71849,-73.988459
804206,JAMAICA AV/146 ST,40.701847,-73.808733
804234,JACKSON AV/45 AV,40.746675,-73.943632
805039,Gowanus Exp./22 St (N.B.),40.663351,-73.998119
901001,FLATBUSH AV/AV U,40.609407,-73.921791
901003,NARROWS AV/77 ST,40.631716,-74.036406
901007,CADMAN PLAZA WEST/JOHNSON ST,40.695406,-73.990781
901009,EMMONS AV/NOSTRAND AV,40.584028,-73.938408
901010,WILLIAMSBURG BRIDGE PLAZA/LANE 4,40.70932,-73.959616
901011,KNAPP ST/SHORE PKWY,40.585064,-73.93134
901012,ROCKAWAY PKWY/SUBWAY STATION,40.645695,-73.902067
901013,SARATOGA AV/HALSEY ST,40.685841,-73.917823
901014,QUENTIN RD/CONEY ISLAND AV,40.607951,-73.961295
901017,MARCUS GARVEY BLVD/BROADWAY,40.699747,-73.941465
901019,EASTERN PKWY/UTICA AV,40.668556,-73.931625
901020,GLENWOOD RD/REMSEN AV,40.642081,-73.906966
901024,SHORE RD/4 AV,40.611763,-74.035126
901029,ROCKAWAY AV/HEGEMAN AV,40.656047,-73.907383
901055,SMITH ST/LIVINGSTON ST,40.690715,-73.987693
901058,SURF AV/W 37 ST,40.573237,-74.002018
901059,NOSTRAND AV/GRAVESEND NECK RD,40.60002,-73.941872
901067,POSTAL FACILITY RD/BROOKLYN MAIL FACILITY,40.66491,-73.86333
901070,TILLARY ST/CADMAN PLAZA EAST,40.696162,-73.990737
901076,WILLIAMS AV/FLATLANDS AV,40.650351,-73.891679
901080,SEAVIEW AV/PENNSYLVANIA AV,40.642968,-73.878269
901081,PATCHEN AV/LAFAYETTE AV,40.692386,-73.927876
901082,4 AV/95 ST,40.616262,-74.031131
901086,WILLIAMSBURG BRIDGE PLAZA/LANE 4,40.709489,-73.959742
901087,FRANKLIN AV/LEFFERTS PL,40.680644,-73.955715
901088,SURF AV/W 37 ST,40.573337,-74.002189
901089,PARKSIDE AV/OCEAN AV,40.654848,-73.961754
901090,KINGS HWY/FRASER SQ,40.620145,-73.941484
901093,KINGS PLAZA,40.60914,-73.921443
901096,KINGS HWY/FRASER SQ,40.619832,-73.940893
901111,fdr/catherine slip,40.708985,-73.996247
901145,BEARD ST/OTSEGO ST,40.672325,-74.011323
901172,pearl st/prospect st,40.700316,-73.987811
901177,Gowanus Exp./Lorraine St (S.B.),40.671621,-73.998713
901190,Gowanus Ep En Rp/86 St,40.620062,-74.023605
901193,Battery Pk Vi Park/Battery Pk Vi Park,40.704264,-74.016565
901194,fdr dr s/fdr dr s,40.710803,-73.982466
901195,Battery Pk Vi Park/Battery Pk Vi Park,40.704174,-74.016698
901196,fdr dr n/cherry st,40.711328,-73.978728
901197,Gwnus Cntrline Ep-S/Gwnus Cntrline Ep-S,40.634943,-74.016649
901200,south conduit en eb/cohancy st,40.665797,-73.834607
901201,South conduit en EB/lefferts bl,40.663419,-73.823215
901211,EAST NEW YORK AV/ALABAMA AV,40.676719,-73.900118
901236,SHORE PKWY EAST/PENNSYLVANIA AV,40.643204,-73.875619
901258,PALMETTO ST/SAINT NICHOLAS AV,40.700503,-73.91004
901263,KNAPP ST/HARKNESS AV,40.586626,-73.931703
901267,QUENTIN RD/E 16 ST,40.608453,-73.956546
901269,WYCKOFF AV/DE KALB AV,40.704385,-73.919467
901273,SEAVIEW AV/ERSKINE ST,40.653386,-73.86608
901278,NOSTRAND AV/AVENUE H,40.631827,-73.947438
901279,SHORE PKWY/KNAPP ST,40.585424,-73.931501
901280,ROGERS AV/SAINT JOHNS PL,40.671595,-73.952992
901295,87 ST/4 AV,40.621842,-74.028363
901297,SHORE RD/71 ST,40.636809,-74.036295
901311,pulaski br/box st,40.738489,-73.952717
901314,21 ST/44 DR,40.74794,-73.94749
901325,BROADWAY/ROEBLING ST,40.709168,-73.959974
901329,SANDS ST/NAVY ST,40.699653,-73.980563
901331,MARKET ST/9 AV,40.699516,-73.971123
901332,CLYMER ST/KENT AV,40.704078,-73.967226
901333,DIVISION AV/WYTHE AV,40.706945,-73.967485
901334,DIVISION AV/WYTHE AV,40.70696,-73.967408
901335,CLYMER ST/KENT AV,40.704067,-73.967327
901336,MARKET ST/5 ST,40.700192,-73.973209
901338,YORK ST/JAY ST,40.701555,-73.986992
901339,STILLWELL AV/MERMAID AV,40.577206,-73.981622
901340,MERMAID AV/STILLWELL AV,40.577038,-73.98159
901444,s 4 st/havemeyer st,40.710338,-73.958606
901445,SHORE RD/4 AV,40.611716,-74.035076
901462,BEARD ST/OTSEGO ST,40.672313,-74.011308
901463,CADMAN PLAZA WEST/TILLARY ST,40.695231,-73.990816
901464,3 AV/41 ST,40.652726,-74.009618
901465,WILLIAMSBURG BRIDGE PLAZA rdwy (not a stop),40.709177,-73.959371
901469,CROPSEY AV/BAY 38 ST,40.593014,-73.993795
901473,MACKENZIE LOOP (no G-A-R: use 300000),40.578205,-73.939748
901475,GATEWAY PLAZA 2/BAY 2,40.652687,-73.876588
901478,ROCKAWAY AV/EAST NEW YORK AV,40.672533,-73.911219
901480,3 AV/47 ST,40.649305,-74.012605
901481,3 AV/34 ST,40.656594,-74.005037
901482,3 AV/12 ST,40.669517,-73.992558
901485,3 AV/WARREN ST,40.681953,-73.983075
901488,3 AV/25 ST,40.661855,-74.000114
901492,3 AV/97 ST,40.615509,-74.034401
901493,7 AV/79 ST,40.623414,-74.019065
901494,UTICA AV/FILLMORE AV (NON-PUBLIC/FOR RELIEFS),40.614579,-73.926533
901500,FLATBUSH AV/DEAN ST,40.682143,-73.976137
901502,WYCKOFF AV / PALMETTO ST,40.699291,-73.910755
901514,E 98 ST/LIVONIA AV,40.661149,-73.918576
901518,HEGEMAN AV/WATKINS ST,40.656854,-73.904315
901523,FULTON ST/SHEFFIELD AV,40.677036,-73.898091
901531,SENECA AV/CORNELIA ST,40.701262,-73.905004
901534,ROCKAWAY PKWY/SUBWAY STATION,40.64576,-73.90157
901562,MARKET ST/9 AV,40.699607,-73.970884
901601,Brooklyn Bridge Park /PIER 6,40.693078,-74.000877
901604,DEAN ST/4 AV,40.682985,-73.978981
901617,CONEY ISLAND AV/TURNER PL,40.645199,-73.970582
901628,WILLIAMSBURG BRIDGE PLAZA/LANE 2,40.709623,-73.959635
901681,E 70 ST/VETERANS AV,40.619755,-73.908532
901682,E 70 ST/VETERANS AV,40.619916,-73.908696
901688,CLINTON AV/PARK AV,40.695259,-73.969185
901689,3 AV/59 ST,40.642611,-74.020259
901691,CROPSEY AV/25 AV,40.59224,-73.992887
901693,4 AV/BAY RIDGE AV,40.634775,-74.023414
901728,CHURCH AV/LLOYD ST,40.650688,-73.951423
901731,LIVINGSTON ST/NEVINS ST,40.688055,-73.981585
901732,LIVINGSTON ST/HOYT ST,40.689844,-73.986049
901735,LINCOLN RD/OCEAN AV,40.660582,-73.962645
901736,LINCOLN RD/OCEAN AV,40.660569,-73.962707
901740,JOHNSON AV/BUSHWICK PL,40.707016,-73.938607
901744,EMPIRE BLVD/BEDFORD AV,40.663578,-73.957027
901770,CONEY ISLAND AV/TURNER PL,40.645243,-73.970463
901771,MYRTLE AV/FRANKLIN AV,40.694302,-73.958184
901777,EMMONS AV/E 16 ST,40.583289,-73.952399
901788,PALMETTO ST/WYCKOFF AV,40.699371,-73.911187
901791,gates av/myrtle st,40.699354,-73.912442
904153,WILLIAMSBURG BRIDGE PLAZA/BAY 3,40.709503,-73.959523
904211,42 RD/JACKSON AV,40.74853,-73.939216
904253,LEFFERTS BLVD/AIRTRAIN STATION,40.66151,-73.824107
904254,LEFFERTS BLVD/AIRTRAIN STATION,40.66158,-73.824645
930032,ROCKAWAY AV/EAST NEW YORK AV,40.672357,-73.91122
930042,EMMONS AV/BATCHELDER ST,40.584097,-73.936069
930049,KENT AV/N 12 ST,40.723203,-73.958439
930058,DE KALB AV/THROOP AV,40.692365,-73.943054
982490,88 AV/153 ST,40.706258,-73.803739
103374,BRUSH AV/BRUCKNER BLVD,40.828085,-73.841003
103375,CROSS BRONX EXPWY SERVICE RD/ZEREGA AV,40.828963,-73.844303
103379,CROSS BRONX EXPWY SERVICE RD/NEWBOLD AV,40.832499,-73.856998
103380,CROSS BRONX EXPWY SERVICE RD/TAYLOR AV,40.835387,-73.866431
103383,CROSS BRONX EXPWY/ROSEDALE AV,40.835536,-73.869473
103392,WESTCHESTER AV/HUGH J GRANT CIRCLE,40.832922,-73.861742
103395,HUTCHINSON RIVER PKWY EAST/LAFAYETTE AV,40.825059,-73.836639
103523,CROSS BRONX EXPWY SERVICE RD/CASTLE HILL AV,40.830076,-73.85082
103565,DEVOE AV/WYATT ST,40.839765,-73.877499
103767,LAFAYETTE AV/HUTCHINSON RIVER PKWY,40.824949,-73.836972
103995,CROSS BRONX EXPWY SERVICE RD/HAVILAND AV,40.830446,-73.850209
103996,E 180 ST/DEVOE AV,40.842458,-73.877118
104003,EAST TREMONT AV/E 177 ST,40.839819,-73.878374
104378,CROSS BRONX EXPWY SERVICE RD/PUGLEY AV,40.83203,-73.857439
104487,CROSS BRONX EXPWY SERVICE RD/COMMONWEALTH AV,40.836155,-73.868937
304841,PUTNAM AV/MYRTLE AV,40.699716,-73.907354
402146,E 23 ST/LEXINGTON AV,40.739661,-73.984992
404297,MADISON AV/E 33 ST,40.746968,-73.983438
404298,MADISON AV/E 40 ST,40.751419,-73.980196
404300,MADISON AV/E 54 ST,40.760615,-73.973461
405618,E 57 ST/3 AV,40.75991,-73.96678
450041,MADISON AV/E 49 ST,40.757117,-73.976011
500003,HILLSIDE AV/169 ST,40.710593,-73.793092
500004,HILLSIDE AV/171 ST,40.71144,-73.790887
500007,HILLSIDE AV/180 ST,40.712872,-73.782724
500008,HILLSIDE AV/182 PL,40.713574,-73.77985
500009,HILLSIDE AV/184 ST,40.714085,-73.777516
500010,HILLSIDE AV/187 ST,40.714481,-73.775904
500011,HILLSIDE AV/189 ST,40.715309,-73.772827
500012,HILLSIDE AV/191 ST,40.716032,-73.770711
500013,HILLSIDE AV/193 ST,40.716736,-73.768676
500014,HILLSIDE AV/195 PL,40.717362,-73.767011
500017,HILLSIDE AV/202 ST,40.719903,-73.762044
500018,HILLSIDE AV/FRANCIS LEWIS BLVD,40.720923,-73.759535
500022,HILLSIDE AV/212 ST,40.724847,-73.7537
500024,HILLSIDE AV/215 PL,40.727252,-73.748964
500026,HILLSIDE AV/SPRINGFIELD BLVD,40.729615,-73.744606
500027,SPRINGFIELD BLVD/89 AV,40.729077,-73.744034
500028,SPRINGFIELD BLVD/90 AV,40.726543,-73.741343
500030,SPRINGFIELD BLVD/92 AV,40.724292,-73.738949
500031,SPRINGFIELD BLVD/93 AV,40.722125,-73.736869
500034,SPRINGFIELD BLVD/JAMAICA AV,40.718645,-73.735376
500036,BRADDOCK AV/89 AV,40.729878,-73.74272
500039,BRADDOCK AV/WINCHESTER BLVD,40.728537,-73.736744
500041,BRADDOCK AV/224 ST,40.727819,-73.733471
500044,BRADDOCK AV/240 ST,40.726437,-73.72863
500048,SPRINGFIELD BLVD/JAMAICA AV,40.718987,-73.735286
500051,SPRINGFIELD BLVD/93 AV,40.72277,-73.737061
500052,SPRINGFIELD BLVD/92 AV,40.724894,-73.739319
500054,SPRINGFIELD BLVD/90 AV,40.727098,-73.74167
500055,SPRINGFIELD BLVD/89 AV,40.729318,-73.744039
500056,BRADDOCK AV/CROSS ISLAND PKWY,40.725449,-73.724211
500058,BRADDOCK AV /240 ST,40.726651,-73.7286
500061,BRADDOCK AV/LYMAN ST,40.72791,-73.733072
500063,BRADDOCK AV/WINCHESTER BLVD,40.728936,-73.737611
500065,BRADDOCK AV/221 PL,40.729998,-73.7422
500066,HILLSIDE AV/SPRINGFIELD BLVD,40.729614,-73.745329
500069,HILLSIDE AV/215 PL,40.727072,-73.749587
500071,HILLSIDE AV/212 ST,40.724529,-73.7545
500072,HILLSIDE AV/211 ST,40.723438,-73.756131
500074,HILLSIDE AV/FRANCIS LEWIS BLVD,40.720959,-73.759687
500078,HILLSIDE AV/193 ST,40.716563,-73.769609
500080,HILLSIDE AV/188 ST,40.715217,-73.773444
500095,HILLSIDE AV/179 ST,40.712528,-73.784081
500099,187 PL/90 AV,40.712532,-73.772917
500100,187 PL/JAMAICA AV,40.710441,-73.771842
500101,HOLLIS AV/190 ST,40.709793,-73.769106
500102,HOLLIS AV/191 ST,40.709359,-73.767325
500104,HOLLIS AV/104 AV,40.707341,-73.764736
500105,HOLLIS AV/109 AV,40.706603,-73.7622
500109,HOLLIS AV /204 ST,40.706802,-73.753316
500110,HOLLIS AV/FRANCIS LEWIS BLVD,40.707357,-73.750746
500112,HOLLIS AV/209 PL,40.708385,-73.748105
500113,HOLLIS AV/212 ST,40.709396,-73.745922
500115,HOLLIS AV/216 ST,40.710178,-73.742237
500116,HOLLIS AV/217 PL,40.711034,-73.739467
500122,HEMPSTEAD AV/225 ST,40.711542,-73.729311
500123,HEMPSTEAD AV/225 ST,40.711654,-73.729334
500125,HEMPSTEAD AV/221 ST,40.712704,-73.73327
500126,SPRINGFIELD BLVD/HEMPSTEAD AV,40.712961,-73.736072
500128,HOLLIS AV/217 LN,40.711181,-73.739304
500130,HOLLIS AV/215 ST,40.710062,-73.743222
500131,HOLLIS AV/212 PL,40.709674,-73.745092
500132,HOLLIS AV/211 ST,40.708968,-73.747226
500133,HOLLIS AV/207 ST,40.707641,-73.750206
500134,HOLLIS AV/FRANCIS LEWIS BLVD,40.707267,-73.751719
500135,HOLLIS AV/205 ST,40.706895,-73.753448
500137,HOLLIS AV/201 ST,40.706238,-73.757032
500139,HOLLIS AV/197 ST,40.706573,-73.760652
500140,HOLLIS AV/195 ST,40.706816,-73.762718
500141,HOLLIS AV/104 AV,40.707289,-73.764488
500143,HOLLIS AV/99 AV,40.709588,-73.767672
500145,WOODHULL AV/JAMAICA AV,40.71074,-73.770477
500146,188 ST/90 AV,40.712703,-73.771888
500157,FARMERS BLVD/ROCKAWAY BLVD,40.659841,-73.773244
500158,FARMERS BLVD/147 AV,40.66154,-73.770567
500163,FARMERS BLVD/144 AV,40.668397,-73.766208
500165,FARMERS BLVD/140 AV,40.671179,-73.764637
500167,FARMERS BLVD/WESTGATE ST,40.674679,-73.763625
500168,FARMERS BLVD/134 AV,40.676185,-73.763441
500170,FARMERS BLVD/MERRICK BLVD,40.680279,-73.761324
500171,FARMERS BLVD/122 AV,40.683711,-73.76037
500183,FARMERS BLVD/111 AV,40.701992,-73.765629
500184,FARMERS BLVD/109 AV,40.703714,-73.766632
500187,FARMERS BLVD/HOLLIS AV,40.709363,-73.768112
500209,HILLSIDE AV/179 ST,40.712393,-73.784555
500220,FARMERS BLVD/JORDAN AV,40.701694,-73.765492
500222,FARMERS BLVD/113 AV,40.699235,-73.76302
500236,FARMERS BLVD/133 RD,40.676427,-73.763501
500237,FARMERS BLVD/GARRETT ST,40.674419,-73.763792
500241,FARMERS BLVD/143 RD,40.668874,-73.766166
500244,FARMERS BLVD/177 PL,40.663576,-73.76896
500246,FARMERS BLVD/175 ST,40.661088,-73.771024
500247,FARMERS BLVD/ROCKAWAY BLVD,40.659805,-73.773671
500251,HILLSIDE AV/163 ST,40.708576,-73.799384
500252,HILLSIDE AV/165 ST,40.70915,-73.797439
500256,LIBERTY AV/168 PL,40.702673,-73.790146
500257,LIBERTY AV/170 ST,40.703355,-73.788445
500258,LIBERTY AV/173 ST,40.704458,-73.785042
500259,LIBERTY AV/177 ST,40.70534,-73.782662
500264,LIBERTY AV/CAMDEN AV,40.704238,-73.77055
500266,LIBERTY AV/HILBURN AV,40.703202,-73.767156
500271,MURDOCK AV/194 ST,40.698554,-73.760065
500272,MURDOCK AV/196 ST,40.699134,-73.757826
500283,COLFAX ST/SPRINGFIELD BLVD,40.701788,-73.741346
500284,114 AV/219 ST,40.701841,-73.73833
500286,114 AV/223 ST,40.701723,-73.734457
500289,227 ST/113 DR,40.702262,-73.730337
500290,SPRINGFIELD BLVD/112 RD,40.705185,-73.739724
500293,SPRINGFIELD BLVD/107 AV,40.710427,-73.737269
500294,SPRINGFIELD BLVD/104 AV,40.712382,-73.736136
500297,SPRINGFIELD BLVD/98 AV,40.716656,-73.735372
500298,AMBOY LN/JAMAICA AV,40.717922,-73.736383
500301,113 DR/223 ST,40.702521,-73.734184
500303,113 DR/219 ST,40.702629,-73.738078
500304,SPRINGFIELD BLVD/AMBOY LN,40.71776,-73.735479
500305,SPRINGFIELD BLVD/99 AV,40.715351,-73.73564
500309,SPRINGFIELD BLVD/107 AV,40.710285,-73.737554
500312,SPRINGFIELD BLVD/111 RD,40.705687,-73.739754
500315,MURDOCK AV/SPRINGFIELD BLVD,40.703532,-73.740957
500317,MURDOCK AV/210 ST,40.702475,-73.745451
500320,MURDOCK AV/204 ST,40.700874,-73.751529
500322,MURDOCK AV/200 ST,40.699935,-73.755099
500331,LIBERTY AV/187 ST,40.704228,-73.769919
500332,LIBERTY AV/184 ST,40.704935,-73.773174
500334,LIBERTY AV/182 ST,40.705676,-73.778128
500336,LIBERTY AV/177 ST,40.705371,-73.783023
500337,LIBERTY AV/172 ST,40.704255,-73.78598
500361,HILLSIDE AV/PARSONS BLVD,40.707647,-73.803232
500367,MERRICK BLVD/107 AV,40.699708,-73.788558
500369,MERRICK BLVD/169 PL,40.697842,-73.785946
500372,MERRICK BLVD/111 AV,40.694133,-73.781357
500374,LINDEN BLVD/172 ST,40.691805,-73.778278
500376,LINDEN BLVD/175 PL,40.692788,-73.774185
500380,LINDEN BLVD/NEWBURG ST,40.692043,-73.765589
500382,LINDEN BLVD/FARMERS BLVD,40.691688,-73.761932
500384,LINDEN BLVD/192 ST,40.692483,-73.759095
500386,LINDEN BLVD/197 ST,40.693652,-73.754851
500388,LINDEN BLVD/201 ST,40.69457,-73.751525
500390,LINDEN BLVD/204 ST,40.695504,-73.748175
500391,LINDEN BLVD/FRANCIS LEWIS BLVD,40.696149,-73.74596
500392,LINDEN BLVD/SPRINGFIELD BLVD,40.696027,-73.743194
500393,LINDEN BLVD/219 ST,40.695262,-73.740792
500394,LINDEN BLVD/222 ST,40.694458,-73.738169
500395,LINDEN BLVD/225 ST,40.69361,-73.735523
500396,LINDEN BLVD/228 ST,40.692768,-73.732816
500397,LINDEN BLVD/230 ST,40.692133,-73.731153
500401,LINDEN BLVD/231 ST,40.69221,-73.730994
500403,LINDEN BLVD/228 ST,40.693132,-73.733522
500404,LINDEN BLVD/225 ST,40.693953,-73.736126
500406,LINDEN BLVD/222 ST,40.694888,-73.739126
500407,LINDEN BLVD/219 ST,40.695528,-73.741172
500408,LINDEN BLVD/217 ST,40.696127,-73.743063
500410,LINDEN BLVD/FRANCIS LEWIS BLVD,40.696066,-73.746528
500411,LINDEN BLVD/204 ST,40.695565,-73.74842
500412,LINDEN BLVD/201 ST,40.694688,-73.751488
500414,LINDEN BLVD/197 ST,40.69374,-73.754979
500416,LINDEN BLVD/193 ST,40.692659,-73.758964
500418,LINDEN BLVD/FARMERS BLVD,40.691764,-73.762858
500419,LINDEN BLVD/NEWBURG ST,40.692187,-73.765763
500420,LINDEN BLVD/179 ST,40.692591,-73.768585
500422,LINDEN BLVD/176 ST,40.693037,-73.773733
500430,MERRICK BLVD/108 AV,40.698362,-73.786612
500431,MERRICK BLVD/107 AV,40.699655,-73.788148
500433,MERRICK BLVD/LIBERTY AV,40.702433,-73.79054
500453,MERRICK BLVD/116 AV,40.688047,-73.776466
500454,MERRICK BLVD/FOCH BLVD,40.686726,-73.774671
500456,120 AV/IRWIN PL,40.684442,-73.768895
500458,120 AV/178 PL,40.685348,-73.765346
500460,120 AV/FARMERS BLVD,40.686342,-73.761302
500461,120 AV/LUCAS ST,40.68739,-73.75841
500462,120 AV/192 ST,40.687925,-73.756966
500464,120 AV/196 ST,40.689115,-73.753716
500465,120 AV/198 ST,40.689702,-73.752091
500467,120 AV/NASHVILLE BLVD,40.691325,-73.747553
500468,120 AV/SPRINGFIELD BLVD,40.691077,-73.745833
500470,120 AV/FRANCIS LEWIS BLVD,40.689935,-73.742077
500472,120 AV/224 ST,40.68895,-73.73881
500473,120 AV/226 ST,40.688428,-73.737096
500475,120 AV/230 ST,40.687377,-73.733591
500476,120 AV/232 ST,40.686843,-73.731845
500478,120 AV/237 ST,40.685548,-73.727552
500479,238 ST/121 AV,40.683463,-73.72808
500480,238 ST/128 AV,40.681657,-73.728895
500483,237 ST/128 AV,40.682399,-73.729433
500484,237 ST/121 AV,40.684373,-73.728502
500485,120 AV/237 ST,40.685887,-73.728174
500486,120 AV/234 ST,40.686698,-73.730818
500487,120 AV/231 ST,40.687494,-73.733483
500489,120 AV/227 ST,40.688374,-73.736457
500490,120 AV/224 ST,40.689323,-73.739519
500491,120 AV/222 ST,40.689864,-73.741295
500492,120 AV/FRANCIS LEWIS BLVD,40.690523,-73.743495
500494,120 AV/SPRINGFIELD BLVD,40.691437,-73.746655
500495,120 AV/202 ST,40.691132,-73.748541
500497,120 AV/199 ST,40.689942,-73.751715
500499,120 AV/195 ST,40.688753,-73.754998
500500,120 AV/193 ST,40.68812,-73.756723
500501,120 AV/190 ST,40.687197,-73.759236
500502,120 AV/FARMERS BLVD,40.686542,-73.761038
500504,120 AV/178 ST,40.685294,-73.765963
500505,120 AV/177 ST,40.684827,-73.767762
500507,MERRICK BLVD/BAISLEY BLVD,40.684112,-73.770144
500508,MERRICK BLVD/VICTORIA RD,40.68555,-73.772587
500509,MERRICK BLVD/FOCH BLVD,40.687317,-73.775083
500510,MERRICK BLVD/116 AV,40.688638,-73.77672
500512,MERRICK BLVD/LINDEN BLVD,40.691579,-73.778985
500541,MERRICK BLVD/119 AV,40.685787,-73.773336
500543,MERRICK BLVD/BAISLEY BLVD,40.683763,-73.77001
500545,MERRICK BLVD/127 AV,40.681289,-73.765145
500547,MERRICK BLVD/130 RD,40.679839,-73.762086
500549,MERRICK BLVD/MONTAUK ST,40.67945,-73.757129
500551,MERRICK BLVD/SPRINGFIELD BLVD,40.680034,-73.753683
500552,MERRICK BLVD/218 ST,40.679505,-73.751159
500555,MERRICK BLVD/224 ST,40.677656,-73.745272
500557,MERRICK BLVD/228 ST,40.676457,-73.74183
500560,MERRICK BLVD/233 ST,40.67486,-73.737081
500563,MERRICK BLVD/243 ST,40.673836,-73.730888
500564,MERRICK BLVD/HOOK CREEK BLVD,40.674051,-73.727693
500565,HOOK CREEK BLVD/133 DR,40.672067,-73.728047
500567,HOOK CREEK BLVD/136 AV,40.668545,-73.729233
500572,BROOKVILLE BLVD/137 AV,40.669517,-73.736194
500575,BROOKVILLE BLVD/MERRICK BLVD,40.67345,-73.733561
500578,MERRICK BLVD/231 ST,40.675724,-73.738963
500580,MERRICK BLVD/228 ST,40.676915,-73.742531
500582,MERRICK BLVD/224 ST,40.678094,-73.745933
500584,MERRICK BLVD/220 ST,40.679164,-73.749423
500586,MERRICK BLVD/SPRINGFIELD BLVD,40.680182,-73.752725
500587,MERRICK BLVD/RIDGEDALE AV,40.680297,-73.75387
500589,MERRICK BLVD/MONTAUK ST,40.679618,-73.757335
500591,MERRICK BLVD/FARMERS BLVD,40.680083,-73.762089
500593,MERRICK BLVD/SELOVER RD,40.681626,-73.765374
500636,BEDELL ST/BAISLEY BLVD,40.680236,-73.774436
500637,BEDELL ST/127 AV,40.679436,-73.77317
500638,BEDELL ST/130 AV,40.677963,-73.770803
500639,BEDELL ST/133 AV,40.676275,-73.768083
500640,BEDELL ST/134 RD,40.674876,-73.765831
500649,140 AV/180 ST,40.671578,-73.763914
500652,140 AV/THURSTON ST,40.672485,-73.759124
500658,SOUTH CONDUIT AV/225 ST,40.665426,-73.7519
500660,SOUTH CONDUIT AV/231 ST,40.665306,-73.744508
500661,SOUTH CONDUIT AV/BROOKVILLE BLVD,40.665183,-73.739844
500663,243 ST/SOUTH CONDUIT AV,40.665081,-73.735897
500664,243 ST/MEMPHIS AV,40.663856,-73.736727
500666,243 ST/WELLER AV,40.661324,-73.738673
500667,243 ST/145 AV,40.659483,-73.740082
500668,243 ST/HUXLEY ST,40.657586,-73.741503
500670,BEDELL ST/134 RD,40.675228,-73.7661
500671,BEDELL ST/133 AV,40.676492,-73.768129
500672,BEDELL ST/130 AV,40.678218,-73.770914
500673,BEDELL ST/127 AV,40.679691,-73.773281
500674,BEDELL ST/BAISLEY BLVD,40.680421,-73.774454
500677,243 ST/147 AV,40.657737,-73.741214
500678,243 ST/144 AV,40.660567,-73.739065
500681,243 ST/MEMPHIS AV,40.663863,-73.736615
500684,NORTH CONDUIT AV/230 PL,40.666501,-73.745136
500685,NORTH CONDUIT AV/225 ST,40.666453,-73.752124
500687,SPRINGFIELD BLVD/144 AV,40.667131,-73.757121
500688,SPRINGFIELD BLVD/143 AV,40.66832,-73.756662
500690,SPRINGFIELD BLVD/141 AV,40.671935,-73.756343
500691,140 AV/SOUTHGATE ST,40.672589,-73.759033
500694,140 AV/FARMERS BLVD,40.671648,-73.764129
500851,ROOSEVELT AV/BOWNE ST,40.760883,-73.824577
500861,SANFORD AV/162 ST,40.760135,-73.803589
500863,NORTHERN BLVD/168 ST,40.758855,-73.798117
500866,NORTHERN BLVD/UTOPIA PKWY,40.757693,-73.792527
500869,NORTHERN BLVD/194 ST,40.757837,-73.787138
500871,NORTHERN BLVD/FRANCIS LEWIS BLVD,40.757671,-73.783657
500873,NORTHERN BLVD/204 ST,40.757723,-73.778894
500875,NORTHERN BLVD/CORPORAL KENNEDY ST,40.759228,-73.773338
500877,NORTHERN BLVD/BELL BLVD,40.760348,-73.768238
500879,NORTHERN BLVD/217 ST,40.760953,-73.764371
500882,NORTHERN BLVD/223 ST,40.761867,-73.758606
500883,NORTHERN BLVD/ALLEY POND ENVIROMENTAL CENTER,40.763122,-73.752764
500889,NORTHERN BLVD/MARATHON PKWY,40.768162,-73.73764
500890,NORTHERN BLVD/BROWVALE LN,40.769898,-73.735973
500891,LITTLE NECK PKWY/NORTHERN BLVD,40.770467,-73.735086
500892,PEMBROKE AV/GLENWOOD ST,40.771718,-73.73325
500895,NORTHERN BLVD/LITTLE NECK PKWY,40.770448,-73.735794
500896,NORTHERN BLVD/MARATHON PKWY,40.768231,-73.737914
500899,NORTHERN BLVD/DOUGLASTON PKWY,40.765458,-73.744199
500901,NORTHERN BLVD/232 ST,40.764606,-73.746869
500902,NORTHERN BLVD/223 ST,40.761993,-73.758902
500904,NORTHERN BLVD/219 ST,40.761273,-73.763383
500907,NORTHERN BLVD/BELL BLVD,40.760353,-73.769242
500909,NORTHERN BLVD/CORPORAL KENNEDY ST,40.759125,-73.774231
500911,NORTHERN BLVD/204 ST,40.757709,-73.779736
500913,NORTHERN BLVD/FRANCIS LEWIS BLVD,40.757792,-73.783353
500915,NORTHERN BLVD/194 ST,40.757943,-73.788013
500917,NORTHERN BLVD/189 ST,40.757827,-73.792565
500920,NORTHERN BLVD/169 ST,40.758987,-73.797965
500923,SANFORD AV/162 ST,40.760409,-73.8044
500931,SANFORD AV/PARSONS BLVD,40.758784,-73.821204
500932,SANFORD AV/BOWNE ST,40.758129,-73.823639
500939,LITTLE NECK PKWY/87 AV,40.731274,-73.710869
500941,LITTLE NECK PKWY/85 AV,40.734533,-73.7125
500942,LITTLE NECK PKWY/HILLSIDE AV,40.73654,-73.713671
500946,LITTLE NECK PKWY/80 AV,40.743809,-73.717393
500948,LITTLE NECK PKWY/74 AV,40.747277,-73.718906
500949,LITTLE NECK PKWY/73 RD,40.749733,-73.719938
500950,LITTLE NECK PKWY/260 ST,40.751799,-73.720882
500952,LITTLE NECK PKWY/255 ST,40.756671,-73.72263
500953,LITTLE NECK PKWY/61 AV,40.759302,-73.722504
500954,LITTLE NECK PKWY/58 AV,40.761784,-73.72306
500955,LITTLE NECK PKWY/HORACE HARDING EXPWY,40.764894,-73.724303
500956,LITTLE NECK PKWY/LEEDS RD,40.767193,-73.727676
500958,LITTLE NECK PKWY/ANNANDALE LN,40.769138,-73.731564
500960,LITTLE NECK PKWY/NORTHERN BLVD,40.770723,-73.735941
500963,40 AV/LITTLE NECK PKWY,40.773127,-73.741419
500965,LITTLE NECK PKWY/MARATHON PKWY,40.770683,-73.738381
500968,LITTLE NECK PKWY/ANNANDALE LN,40.768913,-73.731265
500970,LITTLE NECK PKWY/LEEDS RD,40.766854,-73.727171
500971,LITTLE NECK PKWY/NASSAU BLVD,40.764911,-73.724509
500973,LITTLE NECK PKWY/58 AV,40.761554,-73.723205
500975,LITTLE NECK PKWY/61 AV,40.75816,-73.722573
500976,LITTLE NECK PKWY/CULLMAN AV,40.755534,-73.723235
500978,LITTLE NECK PKWY/252 ST,40.752134,-73.721257
500979,LITTLE NECK PKWY/73 RD,40.749522,-73.720112
500980,LITTLE NECK PKWY/74 AV,40.746991,-73.719097
500982,LITTLE NECK PKWY/UNION TPKE,40.744106,-73.71781
500984,LITTLE NECK PKWY/82 AV,40.739952,-73.715955
500986,LITTLE NECK PKWY/HILLSIDE AV,40.736292,-73.714076
500987,LITTLE NECK PKWY/85 AV,40.733872,-73.712449
500989,LITTLE NECK PKWY/87 AV,40.73062,-73.710928
500997,NORTHERN BLVD/PARSONS BLVD,40.764608,-73.822975
501000,NORTHERN BLVD/150 ST,40.765169,-73.815292
501005,NORTHERN BLVD/159 ST,40.762956,-73.806057
501007,NORTHERN BLVD/163 ST,40.761089,-73.80259
501023,BELL BLVD/NORTHERN BLVD,40.760566,-73.769436
501024,BELL BLVD/42 AV,40.762987,-73.77055
501026,BELL BLVD/38 AV,40.766471,-73.772412
501031,BELL BLVD/32 AV,40.773568,-73.774713
501033,BELL BLVD/28 AV,40.777368,-73.775534
501035,BELL BLVD/24 AV,40.779218,-73.775481
501037,BELL BLVD/23 AV,40.782777,-73.776631
501039,BELL BLVD/16 AV,40.785743,-73.778781
501041,BELL BLVD/212 ST,40.788716,-73.782075
501044,BELL BLVD/212 ST,40.788081,-73.781091
501046,BELL BLVD/16 AV,40.785155,-73.778602
501048,BELL BLVD/23 AV,40.782101,-73.776406
501049,BELL BLVD/24 AV,40.779846,-73.775504
501050,BELL BLVD/28 AV,40.777099,-73.775636
501052,BELL BLVD/32 AV,40.773741,-73.774911
501053,BELL BLVD/33 AV,40.771764,-73.774488
501055,BELL BLVD/35 AV,40.76862,-73.773686
501057,BELL BLVD/39 AV,40.764974,-73.771832
501058,BELL BLVD/41 AV,40.763284,-73.770921
501060,BELL BLVD/NORTHERN BLVD,40.7604,-73.76952
501076,NORTHERN BLVD/STATION RD,40.76146,-73.802708
501078,NORTHERN BLVD/159 ST,40.763443,-73.806839
501080,NORTHERN BLVD/154 ST,40.764878,-73.811437
501082,NORTHERN BLVD/150 ST,40.76535,-73.815003
501085,NORTHERN BLVD/PARSONS BLVD,40.76467,-73.824161
501087,UNION ST/NORTHERN BLVD,40.763708,-73.82823
501090,MAIN ST/38 AV,40.760782,-73.83062
501093,UNION ST/35 AV,40.765246,-73.8278
501094,UNION ST/33 AV,40.767863,-73.826815
501095,UNION ST/BAYSIDE AV,40.770004,-73.826504
501097,UNION ST/26 AV,40.774854,-73.826088
501098,UNION ST/PARSONS BLVD,40.776539,-73.824723
501110,150 ST/CROSS ISLAND PKWY SERVICE RD NORTH,40.787588,-73.813269
501112,150 ST/12 AV,40.790656,-73.814459
501120,150 ST/11 AV,40.79117,-73.814805
501122,150 ST/14 AV,40.788495,-73.813743
501134,WILLETS POINT BLVD/PARSONS BLVD,40.776783,-73.824131
501136,UNION ST/26 AV,40.774121,-73.826445
501138,UNION ST/31 RD,40.770251,-73.826647
501139,UNION ST/33 AV,40.76762,-73.827105
501140,UNION ST/35 AV,40.765422,-73.827944
501148,41 AV/PARSONS BLVD,40.760578,-73.821127
501149,41 AV/147 ST,40.761515,-73.817663
501153,150 ST/NORTHERN BLVD,40.765633,-73.815117
501154,150 ST/34 AV,40.767821,-73.815371
501156,150 ST/BAYSIDE AV,40.771412,-73.81578
501158,150 ST/27 AV,40.773925,-73.815174
501160,150 ST/24 RD,40.776757,-73.814751
501162,150 ST/21 AV,40.780154,-73.814286
501164,150 ST/18 AV,40.783,-73.813896
501166,150 ST/15 DR,40.785497,-73.813593
501172,CROSS ISLAND PKWY/CLINTONVILLE ST,40.786303,-73.809539
501175,154 ST/14 AV,40.789755,-73.807496
501184,166 ST/POWELLS COVE BLVD,40.793838,-73.797422
501189,POWELLS COVE BLVD/162 ST,40.79418,-73.799492
501196,154 ST/14 AV,40.789133,-73.807732
501198,CROSS ISLAND PKWY/CLINTONVILLE ST,40.787166,-73.810164
501202,150 ST/17 RD,40.783113,-73.814029
501204,150 ST/20 RD,40.780272,-73.814416
501210,150 ST/BAYSIDE AV,40.771176,-73.815929
501212,150 ST/34 AV,40.767228,-73.815474
501214,150 ST/NORTHERN BLVD,40.764922,-73.815092
501218,41 AV/147 ST,40.761423,-73.818501
501219,41 AV/PARSONS BLVD,40.760478,-73.822005
501233,BAYSIDE AV/146 ST,40.770825,-73.821453
501234,BAYSIDE AV/148 ST,40.77133,-73.817925
501235,BAYSIDE AV/150 ST,40.771461,-73.815451
501237,BAYSIDE AV/152 ST,40.771523,-73.811606
501240,29 AV/158 ST,40.771152,-73.806412
501242,29 AV/162 ST,40.771112,-73.802145
501247,29 AV/FRANCIS LEWIS BLVD,40.770433,-73.793393
501249,FRANCIS LEWIS BLVD/27 AV,40.772665,-73.795013
501250,UTOPIA PKWY/26 AV,40.774296,-73.792676
501252,UTOPIA PKWY/22 AV,40.777335,-73.79328
501254,UTOPIA PKWY/19 AV,40.780781,-73.793952
501256,UTOPIA PKWY/16 AV,40.783955,-73.794581
501257,FRANCIS LEWIS BLVD/169 ST,40.773429,-73.796141
501259,FRANCIS LEWIS BLVD/24 AV,40.776215,-73.799292
501260,FRANCIS LEWIS BLVD/163 ST,40.778021,-73.800824
501261,FRANCIS LEWIS BLVD/WILLETS POINT BLVD,40.78012,-73.802252
501268,CROSS ISLAND PKWY/GOLF COURSE,40.787265,-73.791512
501269,CROSS ISLAND PKWY/ESTATES LN,40.788752,-73.787813
501273,UTOPIA PKWY/16 AV,40.783733,-73.794809
501275,UTOPIA PKWY/19 AV,40.780106,-73.794095
501276,UTOPIA PKWY/21 RD,40.777514,-73.793579
501279,UTOPIA PKWY/25 AV,40.77412,-73.792911
501282,CROSS ISLAND PKWY/BAYBRIDGE CONDO,40.788874,-73.787783
501283,CROSS ISLAND PKWY/GOLF COURSE,40.787263,-73.791848
501288,FRANCIS LEWIS BLVD/WILLETS POINT BLVD,40.779734,-73.802459
501290,FRANCIS LEWIS BLVD/163 ST,40.777054,-73.800427
501292,FRANCIS LEWIS BLVD/25 AV,40.774168,-73.797803
501294,FRANCIS LEWIS BLVD/169 ST,40.772588,-73.795295
501296,29 AV/171 ST,40.770582,-73.793984
501298,29 AV/167 ST,40.770916,-73.798235
501302,29 AV/159 ST,40.771189,-73.805748
501304,BAYSIDE AV/154 ST,40.771656,-73.810516
501306,BAYSIDE AV/150 ST,40.771565,-73.8157
501308,BAYSIDE AV/148 ST,40.771288,-73.819124
501309,BAYSIDE AV/146 ST,40.77081,-73.822309
501311,BAYSIDE AV/UNION ST,40.770199,-73.826405
501320,HILLSIDE AV/168 PL,40.710435,-73.793486
501324,HILLSIDE AV/178 ST,40.712275,-73.784937
501328,188 ST/87 DR,40.715709,-73.773797
501329,188 ST/HENLEY RD,40.717781,-73.774797
501331,188 ST/MCLAUGHLIN AV,40.721292,-73.776487
501332,188 ST/AVON RD,40.723587,-73.778121
501333,188 ST/ABERDEEN RD,40.726148,-73.779632
501335,188 ST/UNION TPKE,40.729085,-73.781007
501337,188 ST/73 AV,40.733027,-73.782878
501338,188 ST/69 AV,40.735606,-73.783923
501339,188 ST/64 AV,40.739023,-73.785464
501340,188 ST/HORACE HARDING EXPWY,40.740543,-73.786419
501341,HORACE HARDING EXPWY/188 ST,40.741033,-73.787316
501343,HORACE HARDING EXPWY/183 ST,40.739834,-73.791693
501345,HORACE HARDING EXPWY/FRESH MEADOW LN,40.738566,-73.796832
501347,HORACE HARDING EXPWY/168 ST,40.738607,-73.801289
501348,HORACE HARDING EXPWY/164 ST,40.738728,-73.804467
501350,HORACE HARDING EXPWY/160 ST,40.738856,-73.808812
501352,HORACE HARDING EXPWY/156 ST,40.739011,-73.812676
501353,KISSENA BLVD/HORACE HARDING EXPWY,40.739497,-73.815013
501355,KISSENA BLVD/58 AV,40.742499,-73.814355
501356,KISSENA BLVD/ROSE AV,40.746421,-73.814359
501358,KISSENA BLVD/NEGUNDO AV,40.748541,-73.816749
501361,KISSENA BLVD/45 AV,40.75251,-73.821069
501363,KISSENA BLVD/ASH AV,40.755104,-73.824171
501367,MAIN ST/ROOSEVELT AV,40.759909,-73.830233
501369,KISSENA BLVD/MAIN ST,40.757921,-73.828629
501371,KISSENA BLVD/FRANKLIN AV,40.755157,-73.824455
501373,KISSENA BLVD/ELDER AV,40.752856,-73.821725
501377,KISSENA BLVD/MULBERRY AV,40.748481,-73.816912
501379,KISSENA BLVD/ROSE AV,40.746158,-73.814313
501380,KISSENA BLVD/BOOTH MEMORIAL AV,40.742705,-73.814492
501382,KISSENA BLVD/60 AV,40.739651,-73.815222
501383,HORACE HARDING EXPWY/KISSENA BLVD,40.738522,-73.814522
501385,HORACE HARDING EXPWY/PARSONS BLVD,40.73826,-73.809965
501388,HORACE HARDING EXPWY/164 ST,40.738038,-73.804141
501390,HORACE HARDING EXPWY/168 ST,40.737933,-73.800529
501392,HORACE HARDING EXPWY/172 ST,40.737798,-73.796918
501394,HORACE HARDING EXPWY/UTOPIA PKWY,40.739005,-73.792231
501395,HORACE HARDING EXPWY/183 ST,40.73945,-73.790616
501397,188 ST/HORACE HARDING EXPWY,40.740274,-73.78655
501398,188 ST/64 AV,40.738736,-73.785956
501399,188 ST/186 LN,40.73622,-73.78465
501401,188 ST/73 AV,40.732777,-73.782965
501403,188 ST/UNION TPKE,40.729335,-73.781331
501405,188 ST/PERTH RD,40.726088,-73.779801
501407,188 ST/AVON RD,40.722993,-73.777912
501408,188 ST/GRAND CENTRAL PKWY,40.721251,-73.776643
501409,188 ST/HENLEY RD,40.718396,-73.775245
501410,188 ST/WEXFORD TERR,40.715517,-73.77387
501414,HILLSIDE AV/MIDLAND PKWY,40.71262,-73.783923
501419,HILLSIDE AV/169 ST,40.710784,-73.792902
501424,HOMELAWN ST/HIGHLAND AV,40.712855,-73.793242
501426,HOMELAWN ST/ASPEN PL,40.715945,-73.792432
501428,HOMELAWN ST/CHARLECOTE RIDGE,40.718558,-73.791298
501430,UTOPIA PKWY/KILDARE RD,40.721693,-73.79017
501434,UTOPIA PKWY/75 AV,40.728783,-73.79285
501435,UTOPIA PKWY/73 AV,40.730395,-73.79353
501437,UTOPIA PKWY/69 AV,40.73309,-73.793187
501439,UTOPIA PKWY/65 AV,40.736682,-73.792944
501441,UTOPIA PKWY/HORACE HARDING EXPWY,40.738801,-73.792812
501444,HORACE HARDING EXPWY/188 ST,40.740688,-73.786104
501447,HORACE HARDING EXPWY/194 ST,40.741907,-73.781669
501449,HORACE HARDING EXPWY/FRANCIS LEWIS BLVD,40.742919,-73.775794
501450,HORACE HARDING EXPWY/OCEANIA ST,40.745595,-73.767178
501452,HORACE HARDING EXPWY/214 ST,40.746807,-73.76276
501454,HORACE HARDING EXPWY/218 ST,40.748018,-73.75923
501457,HORACE HARDING EXPWY/CLOVERDALE BLVD,40.750344,-73.750693
501460,DOUGLASTON PKWY/65 AV,40.752967,-73.741457
501463,HORACE HARDING EXPWY/244 ST,40.757996,-73.736976
501466,HORACE HARDING EXPWY/MARATHON PKWY,40.760473,-73.731303
501468,HORACE HARDING EXPWY/254 ST,40.763258,-73.726274
501470,NASSAU BLVD/LITTLE NECK PKWY,40.764295,-73.725916
501471,NASSAU BLVD/LITTLE NECK PKWY,40.764198,-73.726044
501473,HORACE HARDING EXPWY/252 ST,40.76283,-73.728886
501475,HORACE HARDING EXPWY/MARATHON PKWY,40.760745,-73.732569
501479,DOUGLASTON PKWY/65 AV,40.752761,-73.741584
501481,HORACE HARDING EXPWY/EAST HAMPTON BLVD,40.752149,-73.747542
501483,HORACE HARDING EXPWY/CLOVERDALE BLVD,40.750851,-73.751586
501484,HORACE HARDING EXPWY/SPRINGFIELD BLVD,40.74948,-73.757452
501487,HORACE HARDING EXPWY/213 ST,40.746962,-73.764679
501489,HORACE HARDING EXPWY/OCEANIA ST,40.745965,-73.76831
501493,HORACE HARDING EXPWY/FRANCIS LEWIS BLVD,40.743697,-73.776567
501496,HORACE HARDING EXPWY/PECK AV,40.742323,-73.782635
501501,UTOPIA PKWY/HORACE HARDING EXPWY,40.738506,-73.793032
501502,UTOPIA PKWY/65 AV,40.736025,-73.793201
501504,UTOPIA PKWY/69 AV,40.73278,-73.793405
501505,UTOPIA PKWY/JEWEL AV,40.730938,-73.793905
501507,UTOPIA PKWY/75 AV,40.728117,-73.792788
501509,UTOPIA PKWY/UNION TPKE,40.725924,-73.791855
501511,UTOPIA PKWY/STADIUM RD,40.723069,-73.790434
501512,UTOPIA PKWY/ST JOHNS UNIVERSITY,40.721078,-73.790371
501514,HOMELAWN ST/173 ST,40.718461,-73.791654
501516,HOMELAWN ST/84 RD,40.715941,-73.792653
501518,HOMELAWN ST/HIGHLAND AV,40.712666,-73.793318
501531,PARSONS BLVD/ELM AV,40.755976,-73.816292
501533,46 AV/PARSONS BLVD,40.754148,-73.812948
501535,46 AV/158 ST,40.754012,-73.808736
501537,46 AV/162 ST,40.753715,-73.805023
501539,46 AV/166 ST,40.753678,-73.801215
501541,46 AV/170 ST,40.753823,-73.797396
501543,HOLLIS COURT BLVD/UTOPIA PKWY,40.752855,-73.791876
501560,HOLLIS COURT BLVD/190 ST,40.752415,-73.789943
501561,46 AV/UTOPIA PKWY,40.753271,-73.792864
501563,46 AV/171 ST,40.753855,-73.796768
501565,46 AV/167 ST,40.753812,-73.80055
501569,46 AV/158 ST,40.754142,-73.809002
501572,46 AV/PARSONS BLVD,40.754253,-73.813333
501575,PARSONS BLVD/BEECH AV,40.757753,-73.818825
501605,47 AV/193 ST,40.751777,-73.787982
501611,ROCKY HILL RD/203 ST,40.753217,-73.777142
501613,48 AV/208 ST,40.754331,-73.772385
501618,216 ST/50 AV,40.754276,-73.764134
501619,216 ST/LUKE PL,40.7524,-73.763844
501621,56 AV/220 ST,40.752159,-73.75976
501624,SPRINGFIELD BLVD/HORACE HARDING EXPWY SOUTH,40.74875,-73.756621
501626,SPRINGFIELD BLVD/67 AV,40.745262,-73.754891
501627,SPRINGFIELD BLVD/73 AV,40.742498,-73.753616
501628,SPRINGFIELD BLVD/75 AV,40.740215,-73.751561
501630,SPRINGFIELD BLVD/77 AV,40.738186,-73.748678
501632,SPRINGFIELD BLVD/UNION TPKE,40.735406,-73.74648
501635,SPRINGFIELD BLVD/HILLSIDE AV,40.729966,-73.744981
501654,SPRINGFIELD BLVD/HILLSIDE AV,40.730265,-73.745082
501657,SPRINGFIELD BLVD/UNION TPKE,40.73621,-73.746796
501659,SPRINGFIELD BLVD/76 AV,40.739931,-73.750182
501660,SPRINGFIELD BLVD/73 AV,40.742264,-73.753307
501662,SPRINGFIELD BLVD/67 AV,40.745173,-73.754635
501664,SPRINGFIELD BLVD/HORACE HARDING EXPWY SOUTH,40.749006,-73.756555
501665,SPRINGFIELD BLVD/HORACE HARDING EXPWY NORTH,40.749868,-73.75708
501666,SPRINGFIELD BLVD/58 AV,40.750423,-73.757622
501667,SPRINGFIELD BLVD/56 AV,40.752338,-73.759143
501668,LUKE PL/217 ST,40.751953,-73.762626
501671,48 AV/216 ST,40.755984,-73.76472
501673,48 AV/BELL BLVD,40.755622,-73.767702
501675,48 AV/OCEANIA ST,40.75449,-73.77229
501680,47 AV/FRANCIS LEWIS BLVD,40.753312,-73.780993
501682,47 AV/196 ST,40.752671,-73.785265
501730,FRANCIS LEWIS BLVD/35 AV,40.764665,-73.788319
501731,FRANCIS LEWIS BLVD/34 AV,40.76646,-73.789693
501733,FRANCIS LEWIS BLVD/32 RD,40.768615,-73.791448
501737,32 AV/208 ST,40.771828,-73.78195
501758,FRANCIS LEWIS BLVD/33 AV,40.767024,-73.790435
501804,UTOPIA PKWY/58 AV,40.741625,-73.79259
501806,UTOPIA PKWY/50 AV,40.744995,-73.792399
501808,UTOPIA PKWY/48 AV,40.748832,-73.792149
501811,UTOPIA PKWY/HOLLIS COURT BLVD,40.752878,-73.792216
501825,BELL BLVD/46 AV,40.758588,-73.768316
501847,CORPORAL KENNEDY ST/33 AV,40.770679,-73.779838
501848,CORPORAL KENNEDY ST/35 AV,40.76803,-73.778482
501850,35 AV/212 ST,40.768522,-73.77573
501857,BELL BLVD/46 AV,40.757929,-73.768236
501871,UTOPIA PKWY/ASHBY AV,40.752699,-73.792384
501872,UTOPIA PKWY/47 AV,40.750186,-73.792274
501874,UTOPIA PKWY/PIDGEON MEADOW RD,40.747306,-73.792462
501876,UTOPIA PKWY/50 AV,40.744161,-73.79267
501878,UTOPIA PKWY/BOOTH MEMORIAL AV,40.740799,-73.792884
501903,HILLSIDE AV/169 ST,40.710777,-73.792627
501908,HILLSIDE AV/180 ST,40.712995,-73.782272
501925,212 PL/90 AV,40.721752,-73.749346
501927,212 PL/93 AV,40.719022,-73.747357
501936,JAMAICA AV/220 ST,40.718992,-73.734138
501937,JAMAICA AV/222 ST,40.720556,-73.731969
501939,JAMAICA AV/240 ST,40.723344,-73.727293
501941,JERICHO TPKE/COMMONWEALTH BLVD,40.725939,-73.718431
501942,JERICHO TPKE/PENNSYLVANIA BLVD,40.72651,-73.715499
501947,JERICHO TPKE/LITTLE NECK PKWY,40.727213,-73.710984
501948,JERICHO TPKE/250 ST,40.726677,-73.715349
501949,JERICHO TPKE/COMMONWEALTH BLVD,40.725985,-73.718716
501952,JERICHO TPKE/BRADDOCK AV,40.724633,-73.723993
501954,JAMAICA AV/239 ST,40.723056,-73.728444
501956,JAMAICA AV/222 ST,40.720005,-73.732771
501962,JAMAICA AV/212 PL,40.716074,-73.745399
501964,212 ST/93 AV,40.718961,-73.74818
501966,212 ST/90 AV,40.721839,-73.750482
501995,177 ST/106 AV,40.702957,-73.780989
501997,FERN PL/REX RD,40.700901,-73.781078
501999,174 ST/109 AV,40.698513,-73.780917
502000,174 ST/110 AV,40.696914,-73.779757
502002,111 AV/175 ST,40.696061,-73.777531
502004,SAYRES AV/178 ST,40.69741,-73.775493
502007,SAYRES AV/179 PL,40.698937,-73.774526
502009,SAYRES AV/178 ST,40.697115,-73.775923
502011,111 AV/175 ST,40.695857,-73.778354
502012,174 ST/110 AV,40.69751,-73.780047
502013,174 ST/109 AV,40.699076,-73.781189
502015,REX RD/FERN PL,40.700813,-73.780938
502017,106 AV/177 ST,40.70282,-73.780971
502019,177 ST/LIBERTY AV,40.705312,-73.782402
502030,SUTPHIN BLVD/JAMAICA AV,40.701989,-73.807903
502032,SUTPHIN BLVD/HILLSIDE AV,40.705678,-73.809604
502065,HILLSIDE AV/88 AV,40.731721,-73.741113
502067,HILLSIDE AV/231 ST,40.732823,-73.739064
502069,HILLSIDE AV/WINCHESTER BLVD,40.733418,-73.73572
502071,HILLSIDE AV/235 ST,40.732604,-73.731106
502072,HILLSIDE AV/239 ST,40.73358,-73.725517
502075,HILLSIDE AV/COMMONWEALTH BLVD,40.734437,-73.721301
502079,HILLSIDE AV/LITTLE NECK PKWY,40.736011,-73.713958
502080,HILLSIDE AV/256 ST,40.73654,-73.71151
502082,HILLSIDE AV/261 ST,40.737514,-73.70698
502083,HILLSIDE AV/264 ST,40.738111,-73.704203
502084,HILLSIDE AV/267 ST,40.738702,-73.701458
502085,HILLSIDE AV/268 ST,40.738862,-73.701373
502087,HILLSIDE AV/264 ST,40.738129,-73.70509
502088,HILLSIDE AV/261 ST,40.737541,-73.707843
502091,HILLSIDE AV/LITTLE NECK PKWY,40.736135,-73.714369
502095,HILLSIDE AV/COMMONWEALTH BLVD,40.734542,-73.72166
502098,HILLSIDE AV/235 CT,40.732725,-73.730476
502100,HILLSIDE AV/WINCHESTER BLVD,40.733518,-73.735078
502102,HILLSIDE AV/231 ST,40.732945,-73.739395
502104,HILLSIDE AV/MANOR RD,40.73093,-73.743234
502115,HILLSIDE AV/202 ST,40.719904,-73.762312
502131,HILLSIDE AV/166 ST,40.709627,-73.796269
502132,HILLSIDE AV/164 ST,40.708879,-73.798865
502137,SUTPHIN BLVD/HILLSIDE AV,40.705382,-73.809594
502139,SUTPHIN BLVD/JAMAICA AV,40.701843,-73.808029
502159,MAIN ST/77 RD,40.721017,-73.818701
502163,MAIN ST/73 AV,40.725011,-73.82075
502164,MAIN ST/72 AV,40.727022,-73.821784
502166,MAIN ST/JEWEL AV,40.729937,-73.823284
502169,MAIN ST/MELBOURNE AV,40.733963,-73.825189
502171,MAIN ST /65-21 MAIN ST,40.737281,-73.824906
502172,MAIN ST/146 ST,40.740119,-73.824891
502174,MAIN ST/60 AV,40.74304,-73.825468
502175,MAIN ST/58 RD,40.744847,-73.825789
502179,MAIN ST/ELDER AV,40.751385,-73.825899
502181,MAIN ST/FRANKLIN AV,40.754599,-73.827917
502184,MAIN ST/KISSENA BLVD,40.75812,-73.829348
502202,MAIN ST/BOOTH MEMORIAL AV,40.746429,-73.826104
502246,PARSONS BLVD/WILLETS POINT BLVD,40.777252,-73.824321
502254,MAIN ST/NORTHERN BLVD,40.762447,-73.831796
502255,MAIN ST/38 AV,40.760944,-73.830907
502256,MAIN ST/39 AV,40.759931,-73.830435
502257,MAIN ST/41 AV,40.757824,-73.829419
502259,MAIN ST/MAPLE AV,40.755045,-73.828267
502261,MAIN ST/ELDER AV,40.751028,-73.825891
502263,MAIN ST/56 AV,40.74801,-73.826145
502264,MAIN ST/BOOTH MEMORIAL AV,40.746165,-73.826222
502268,MAIN ST/63 AV,40.739335,-73.82497
502271,MAIN ST/MELBOURNE AV,40.734072,-73.825442
502274,MAIN ST/JEWEL AV,40.730083,-73.823644
502276,MAIN ST/72 AV,40.726367,-73.821729
502278,MAIN ST/76 AV,40.722331,-73.819657
502279,MAIN ST/77 RD,40.720345,-73.818638
502281,MAIN ST/UNION TPKE,40.717771,-73.817324
502300,UNION TPKE/135 ST,40.715927,-73.823737
502302,UNION TPKE/MAIN ST,40.717728,-73.816538
502304,UNION TPKE/150 ST,40.719071,-73.81169
502305,UNION TPKE/PARSONS BLVD,40.719772,-73.809162
502307,UNION TPKE/164 ST,40.721277,-73.804731
502309,UNION TPKE/168 ST,40.722965,-73.799791
502311,UNION TPKE/173 ST,40.724459,-73.795425
502313,UNION TPKE/UTOPIA PKWY,40.725837,-73.791142
502315,UNION TPKE/KENT ST,40.727592,-73.785768
502317,UNION TPKE/188 ST,40.729221,-73.780715
502319,UNION TPKE/193 ST,40.730205,-73.777143
502321,UNION TPKE/198 ST,40.731275,-73.772352
502322,UNION TPKE/FRANCIS LEWIS BLVD,40.731779,-73.769492
502323,UNION TPKE/HOLLIS HILLS TERR,40.732872,-73.763026
502325,UNION TPKE/211 ST,40.733477,-73.759448
502327,UNION TPKE/BELL BLVD,40.734271,-73.754747
502328,UNION TPKE/STEWART RD,40.73474,-73.751978
502331,UNION TPKE/SPRINGFIELD BLVD,40.73564,-73.746645
502333,UNION TPKE/GRAND CENTRAL PKWY,40.736599,-73.742217
502335,UNION TPKE/234 ST,40.737664,-73.737309
502337,UNION TPKE/WINCHESTER BLVD,40.738959,-73.733425
502345,260 ST/UNION TPKE,40.74733,-73.712117
502347,260 ST/74 AV,40.750133,-73.715356
502348,260 ST/73 AV,40.750824,-73.717524
502350,UNION TPKE/260 ST,40.747116,-73.711551
502351,UNION TPKE/263 ST,40.748449,-73.709044
502354,UNION TPKE/268 ST,40.750604,-73.70497
502355,UNION TPKE/271 ST,40.751901,-73.702517
502361,260 ST/LITTLE NECK PKWY,40.752037,-73.720217
502363,260 ST/73 AV,40.750625,-73.717469
502364,260 ST/74 AV,40.749125,-73.716205
502368,UNION TPKE/267 ST,40.7499,-73.70676
502370,UNION TPKE/263 ST,40.748174,-73.710016
502371,UNION TPKE/260 ST,40.74684,-73.712563
502373,UNION TPKE/255 ST,40.745265,-73.715568
502374,UNION TPKE/LITTLE NECK PKWY,40.744213,-73.717503
502378,UNION TPKE/COMMONWEALTH BLVD,40.741524,-73.724797
502379,UNION TPKE/CROSS ISLAND PKWY,40.740886,-73.726774
502380,UNION TPKE/WINCHESTER BLVD,40.739146,-73.73354
502381,UNION TPKE/235 ST,40.737986,-73.736774
502383,UNION TPKE/CLOVERDALE BLVD,40.736666,-73.74291
502385,UNION TPKE/SPRINGFIELD BLVD,40.7359,-73.746471
502387,UNION TPKE/220 PL,40.73513,-73.750901
502389,UNION TPKE/BELL BLVD,40.734317,-73.75571
502391,UNION TPKE/211 ST,40.733536,-73.760303
502393,UNION TPKE/HOLLIS HILLS TERR,40.732975,-73.763628
502394,UNION TPKE/FRANCIS LEWIS BLVD,40.731774,-73.770704
502395,UNION TPKE/197 ST,40.731269,-73.773521
502397,UNION TPKE/193 ST,40.730174,-73.77802
502399,UNION TPKE/188 ST,40.729176,-73.78161
502401,UNION TPKE/183 ST,40.727703,-73.786096
502403,UNION TPKE/UTOPIA PKWY,40.72576,-73.792253
502404,UNION TPKE/174 ST,40.724648,-73.795507
502406,UNION TPKE/168 ST,40.722906,-73.80061
502408,UNION TPKE/164 ST,40.721642,-73.804323
502410,UNION TPKE/PARSONS BLVD,40.720049,-73.808938
502412,UNION TPKE/150 ST,40.718985,-73.812761
502414,UNION TPKE/MAIN ST,40.717662,-73.81778
502418,QUEENS BLVD/78 CRES,40.714778,-73.831231
502434,PARSONS BLVD/14 AV,40.786504,-73.8223
502460,14 AV/123 ST,40.785446,-73.845616
502464,15 AV/127 ST,40.785066,-73.841363
502466,14 AV/132 ST,40.786209,-73.835766
502471,14 AV/143 ST,40.786585,-73.826409
502490,QUEENS BLVD/UNION TPKE,40.714401,-73.831903
502510,HORACE HARDING EXPWY/148 ST,40.740647,-73.82157
502512,HORACE HARDING EXPWY/153 ST,40.739274,-73.817471
502547,DITMARS BLVD/102 ST,40.768675,-73.86828
502549,DITMARS BLVD/27 AV,40.76579,-73.864175
502578,DITMARS BLVD/31 AV,40.762613,-73.861418
502580,DITMARS BLVD/27 AV,40.765715,-73.863906
502623,73 AV/189 ST,40.733475,-73.781726
502626,73 AV/196 ST,40.73512,-73.776481
502629,73 AV/FRANCIS LEWIS BLVD,40.736364,-73.772367
502630,73 AV/HOLLIS HILLS TERR,40.737954,-73.767497
502631,73 AV/210 ST,40.739208,-73.763148
502633,73 AV/BELL BLVD,40.740909,-73.757797
502635,73 AV/SPRINGFIELD BLVD,40.74227,-73.753621
502649,73 AV/BELL BLVD,40.740763,-73.758765
502651,73 AV/210 ST,40.739135,-73.764079
502653,73 AV/FRANCIS LEWIS BLVD,40.736405,-73.772695
502656,73 AV/195 ST,40.734903,-73.777741
502658,73 AV/190 ST,40.733661,-73.781646
502685,FRANCIS LEWIS BLVD/86 RD,40.723779,-73.762827
502688,FRANCIS LEWIS BLVD/UNION TPKE,40.732118,-73.770197
502689,FRANCIS LEWIS BLVD/73 AV,40.736625,-73.772856
502690,FRANCIS LEWIS BLVD/HORACE HARDING EXPWY SOUTH,40.742925,-73.775406
502691,FRANCIS LEWIS BLVD/HORACE HARDING EXPWY NORTH,40.744051,-73.775939
502693,FRANCIS LEWIS BLVD/56 AV,40.747506,-73.777565
502695,FRANCIS LEWIS BLVD/50 AV,40.75066,-73.779067
502697,FRANCIS LEWIS BLVD/47 AV,40.753658,-73.780605
502699,FRANCIS LEWIS BLVD/45 RD,40.756337,-73.782441
502701,FRANCIS LEWIS BLVD/43 AV,40.758205,-73.783417
502703,FRANCIS LEWIS BLVD/STATION RD,40.761156,-73.784912
502717,FRANCIS LEWIS BLVD/160 ST,40.781506,-73.803198
502718,FRANCIS LEWIS BLVD/17 RD,40.782931,-73.804132
502719,FRANCIS LEWIS BLVD/16 AV,40.785157,-73.805497
502722,CROSS ISLAND PKWY/150 ST,40.787619,-73.813886
502724,14 AV/147 ST,40.787636,-73.819162
502727,14 AV/PARSONS BLVD,40.78688,-73.821902
502728,14 AV/146 PL,40.787504,-73.819202
502735,FRANCIS LEWIS BLVD/LOCKE AV,40.785042,-73.805816
502736,FRANCIS LEWIS BLVD/17 AV,40.783135,-73.80459
502746,FRANCIS LEWIS BLVD/171 ST,40.77085,-73.793759
502750,FRANCIS LEWIS BLVD/CROCHERON AV,40.763932,-73.787821
502752,FRANCIS LEWIS BLVD/STATION RD,40.761165,-73.785198
502754,FRANCIS LEWIS BLVD/44 AV,40.757396,-73.783423
502757,FRANCIS LEWIS BLVD/47 AV,40.753001,-73.780503
502759,FRANCIS LEWIS BLVD/50 AV,40.749993,-73.779062
502761,FRANCIS LEWIS BLVD/56 AV,40.74679,-73.777542
502763,FRANCIS LEWIS BLVD/HORACE HARDING EXPWY NORTH,40.743941,-73.776188
502764,FRANCIS LEWIS BLVD/HORACE HARDING EXPWY SOUTH,40.742685,-73.77554
502765,FRANCIS LEWIS BLVD/73 AV,40.735914,-73.772835
502766,FRANCIS LEWIS BLVD/UNION TPKE,40.731454,-73.770045
502767,FRANCIS LEWIS BLVD/MCLAUGHLIN AV,40.725154,-73.7655
502768,FRANCIS LEWIS BLVD/204 ST,40.723223,-73.762252
502769,FRANCIS LEWIS BLVD/HILLSIDE AV,40.721161,-73.759582
502792,FRANCIS LEWIS BLVD/89 AV,40.719265,-73.75824
502794,FRANCIS LEWIS BLVD/93 AV,40.715969,-73.755785
502795,FRANCIS LEWIS BLVD/JAMAICA AV,40.713976,-73.754288
502796,FRANCIS LEWIS BLVD/99 AV,40.712722,-73.753582
502798,FRANCIS LEWIS BLVD/104 AV,40.70997,-73.752438
502800,FRANCIS LEWIS BLVD/HOLLIS AV,40.706984,-73.75116
502802,FRANCIS LEWIS BLVD/112 AV,40.703973,-73.749797
502804,FRANCIS LEWIS BLVD/MURDOCK AV,40.701211,-73.748601
502807,FRANCIS LEWIS BLVD/116 AV,40.697597,-73.746929
502808,FRANCIS LEWIS BLVD/LINDEN BLVD,40.696201,-73.746301
502809,FRANCIS LEWIS BLVD/NASHVILLE BLVD,40.693683,-73.745186
502810,SPRINGFIELD BLVD/120 AV,40.691229,-73.746377
502812,SPRINGFIELD BLVD/122 AV,40.687591,-73.748861
502813,SPRINGFIELD BLVD/197 ST,40.68543,-73.750495
502815,SPRINGFIELD BLVD/LUCAS ST,40.682311,-73.752049
502816,SPRINGFIELD BLVD/MERRICK BLVD,40.680391,-73.753334
502818,SPRINGFIELD BLVD/EASTGATE PLAZA,40.675511,-73.755983
502819,SPRINGFIELD BLVD/139 AV,40.673081,-73.756328
502825,SPRINGFIELD BLVD/145 AV,40.664984,-73.758307
502830,SPRINGFIELD BLVD/138 RD,40.674091,-73.755987
502831,SPRINGFIELD BLVD/EASTGATE PLAZA,40.675708,-73.755691
502832,SPRINGFIELD BLVD/136 AV,40.678091,-73.75446
502834,SPRINGFIELD BLVD/132 RD,40.682646,-73.751548
502836,SPRINGFIELD BLVD/130 AV,40.685832,-73.749986
502837,SPRINGFIELD BLVD/MONTEFIORE CEMETERY,40.68803,-73.748257
502839,SPRINGFIELD BLVD/120 AV,40.691119,-73.746219
502840,FRANCIS LEWIS BLVD/SPRINGFIELD BLVD,40.693817,-73.745015
502841,FRANCIS LEWIS BLVD/LINDEN BLVD,40.696477,-73.74621
502842,FRANCIS LEWIS BLVD/116 AV,40.69785,-73.74685
502844,FRANCIS LEWIS BLVD/MURDOCK AV,40.701911,-73.74867
502846,FRANCIS LEWIS BLVD/112 AV,40.704598,-73.749883
502848,FRANCIS LEWIS BLVD/HOLLIS AV,40.707675,-73.751256
502851,FRANCIS LEWIS BLVD/100 AV,40.712354,-73.753194
502852,FRANCIS LEWIS BLVD/JAMAICA AV,40.714211,-73.754186
502853,FRANCIS LEWIS BLVD/93 AV,40.716609,-73.755992
502855,FRANCIS LEWIS BLVD/89 AV,40.719542,-73.758153
502868,JUNCTION BLVD/59 AV,40.735136,-73.865165
502870,HORACE HARDING EXPWY/97 ST,40.73434,-73.862141
502872,HORACE HARDING EXPWY/99 ST,40.735557,-73.858144
502878,HORACE HARDING EXPWY/136 ST,40.742522,-73.829411
502880,HORACE HARDING EXPWY/MAIN ST,40.741695,-73.824714
502947,73 AV/SPRINGFIELD BLVD,40.74235,-73.753927
502974,HORACE HARDING EXPWY/KISSENA BLVD,40.739388,-73.815558
502976,HORACE HARDING EXPWY/148 ST,40.741449,-73.821875
502978,HORACE HARDING EXPWY/MAIN ST,40.742803,-73.825957
502979,HORACE HARDING EXPWY/136 ST,40.743229,-73.830134
502983,HORACE HARDING EXPWY/108 ST,40.737604,-73.852439
502985,HORACE HARDING EXPWY/OTIS AV,40.736672,-73.856615
502986,HORACE HARDING EXPWY/99 ST,40.735535,-73.86014
502994,BROADWAY/CORONA AV,40.739332,-73.877793
503017,BROADWAY/CORONA AV,40.739049,-73.877764
503018,BROADWAY/QUEENS BLVD,40.737091,-73.877464
503021,UTOPIA PKWY/WILLETS POINT BLVD,40.785789,-73.794995
503033,UNION TPKE/252 ST,40.743638,-73.718119
503041,FRANCIS LEWIS BLVD/32 AV,40.768973,-73.792115
503062,MURDOCK AV/FRANCIS LEWIS BLVD,40.701461,-73.748798
503067,MURDOCK AV/FRANCIS LEWIS BLVD,40.701607,-73.748794
503070,MURDOCK AV/194 ST,40.698432,-73.760902
503073,SPRINGFIELD BLVD/141 AV,40.671214,-73.756553
503074,PARSONS BLVD/ASH AV,40.757712,-73.818969
503075,MAIN ST/76 AV,40.72299,-73.819716
503080,MURDOCK AV/210 ST,40.702542,-73.744636
503096,ROOSEVELT AV/MAIN ST,40.759821,-73.828956
503102,GREEN ACRES RD/SIDNEY PL,40.661713,-73.714693
503103,GREEN ACRES RD/MAYFIELD LN,40.660864,-73.719338
503105,GREEN ACRES RD/GREEN ACRES MALL,40.661692,-73.722412
503106,GREEN ACRES RD/SUNRISE HWY,40.663867,-73.7247
503110,MERRICK BLVD/HOOK CREEK BLVD,40.67426,-73.727962
503127,MERRICK BLVD/242 ST,40.673928,-73.731601
503132,SOUTH CONDUIT AV/221 ST,40.665498,-73.757046
503143,HORACE HARDING EXPWY/218 ST,40.748309,-73.760188
503150,NORTHERN BLVD/147 ST,40.765088,-73.818992
503167,153 ST/HILLSIDE AV,40.70677,-73.804168
503168,150 ST/JAMAICA AV,40.702233,-73.804568
503169,153 ST/HILLSIDE AV,40.707123,-73.804385
503172,ARCHER AV/PARSONS BLVD,40.70257,-73.799693
503195,HILLSIDE AV/172 ST,40.711809,-73.790139
503212,AMBOY LN/SPRINGFIELD BLVD,40.717818,-73.735753
503214,40 AV/LITTLE NECK PKWY,40.773089,-73.741502
503218,150 ST/27 AV,40.773355,-73.815461
503220,UTOPIA PKWY/WILLETS POINT BLVD,40.785712,-73.795179
503221,CROSS ISLAND PKWY/212 ST,40.788913,-73.783105
503244,MURDOCK AV/202 ST,40.700492,-73.752524
503248,23 AV/BELL BLVD,40.782255,-73.77704
503255,BELL BLVD/33 RD,40.771365,-73.774236
503259,NORTHERN BLVD/232 ST,40.764342,-73.747222
503273,MERRICK BLVD/90 AV,40.707237,-73.794994
503274,NORTHERN BLVD/154 ST,40.764448,-73.81059
503290,PARSONS BLVD/14 AV,40.786751,-73.822198
503445,UNION TPKE/VLEIGH PL,40.717434,-73.821398
503450,MADISON ST/ONDERDONK AV,40.703052,-73.904991
503456,FRESH POND RD/PUTNAM AV,40.706407,-73.896832
503465,FRESH POND RD/FLUSHING AV,40.721506,-73.903054
503483,CORONA AV/JUNCTION BLVD,40.742062,-73.867676
503485,CORONA AV/98 PL,40.744949,-73.864488
503486,CORONA AV/102 ST,40.744224,-73.861633
503488,CORONA AV/51 AV,40.743487,-73.855716
503492,108 ST/HORACE HARDING EXPWY NORTH,40.737772,-73.85216
503493,COLLEGE POINT BLVD/58 RD,40.745711,-73.83517
503497,COLLEGE POINT BLVD/MAPLE AV,40.754027,-73.832887
503499,41 RD/COLLEGE POINT BLVD,40.755659,-73.833009
503501,41 RD/MAIN ST,40.757314,-73.829474
503502,COLLEGE POINT BLVD/SANFORD AV,40.754336,-73.833082
503506,COLLEGE POINT BLVD/58 AV,40.746005,-73.835312
503511,CORONA AV/51 AV,40.74363,-73.855877
503514,CORONA AV/102 ST,40.744346,-73.86218
503515,CORONA AV/NATIONAL ST,40.744821,-73.864781
503517,CORONA AV/JUNCTION BLVD,40.742172,-73.867254
503519,CORONA AV/91 PL,40.742375,-73.873904
503537,FRESH POND RD/FLUSHING AV,40.721244,-73.903057
503540,FRESH POND RD/60 AV,40.716683,-73.90183
503542,FRESH POND RD/METROPOLITAN AV,40.712403,-73.900537
503550,PARSONS BLVD/23 AV,40.77839,-73.823722
503551,PARSONS BLVD/20 AV,40.782022,-73.8219
503565,PARSONS BLVD/22 AV,40.778238,-73.823928
503566,47 AV/FRANCIS LEWIS BLVD,40.753368,-73.780192
503588,UNION TPKE/248 ST,40.742386,-73.721593
503605,BEDELL ST/FARMERS BLVD,40.673796,-73.763997
503606,BEDELL ST/FARMERS BLVD,40.674115,-73.76423
503609,NORTHERN BLVD/227 ST,40.763187,-73.753186
503622,ARCHER AV/165 ST,40.704208,-73.793442
503671,ARCHER AV/165 ST,40.703844,-73.794377
503674,168 ST/JAMAICA AV,40.706734,-73.792644
503676,FARMERS BLVD/118 RD,40.688641,-73.762105
503684,UNION TPKE/248 ST,40.742309,-73.722437
503687,HILLSIDE AV/258 ST,40.736955,-73.710559
503696,NORTH BOUNDARY RD/150 AV,40.661633,-73.78984
503697,NORTH BOUNDARY RD/FEDERAL EXPRESS,40.662902,-73.784883
503698,NORTH BOUNDARY RD/NORTH HANGAR RD,40.66037,-73.778685
503700,NORTH BOUNDARY RD/N HANGAR RD,40.660667,-73.778684
503701,NORTH BOUNDARY RD/FEDERAL EXPRESS,40.662682,-73.783262
503702,NORTH BOUNDARY RD/150 AV,40.661641,-73.790128
503705,148 ST/SOUTH CARGO RD,40.654762,-73.791279
503718,JAMAICA AV/SUTPHIN BLVD,40.701809,-73.808256
503723,BELL BLVD/35 AV,40.768875,-73.773635
503728,ROOSEVELT AV/MAIN ST,40.759766,-73.829182
503730,FRANCIS LEWIS BLVD/WHITEHALL TERR,40.722088,-73.760168
503753,BRADDOCK AV/CROSS ISLAND PKWY,40.725654,-73.725173
503757,FARMERS BLVD/120 AV,40.686778,-73.761192
503758,FARMERS BLVD/119 AV,40.688575,-73.761903
503761,FARMERS BLVD/115 RD,40.695519,-73.761522
503764,FARMERS BLVD/NELLIS ST,40.683676,-73.760558
503770,FARMERS BLVD/QUENCER RD,40.694863,-73.761978
503774,NORTH BOUNDARY RD/FARMERS BLVD,40.659403,-73.775152
503778,MAIN ST/63 AV,40.736974,-73.8252
503779,FARMERS BLVD/145 DR,40.664368,-73.768265
503784,FARMERS BLVD/113 RD,40.699096,-73.762805
503787,FRANCIS LEWIS BLVD/GRAND CENTRAL PKWY,40.725403,-73.765369
503791,LINDEN BLVD/179 ST,40.692331,-73.767732
503793,130 PL/BERGEN RD,40.65988,-73.810614
503802,130 PL/BERGEN RD,40.658835,-73.810813
503803,130 PL/W HANGAR RD,40.657048,-73.810615
503804,130 PL/EAST HANGAR RD,40.654696,-73.809273
503805,SOUTH VAN WYCK EXPWY SERVICE RD/BUILDING 14,40.652513,-73.806958
503806,SOUTH VAN WYCK EXPWY SERVICE RD/BUILDING 23,40.64943,-73.804762
503827,HOOK CREEK BLVD/NORTH CONDUIT AV,40.666108,-73.729731
503828,213 PL/BAY TERRACE SHOPPING CENTER,40.780905,-73.777192
503831,LIBERTY AV/ARCADE AV,40.704717,-73.772709
503840,SOUTH CONDUIT AV/FRANCIS LEWIS BLVD,40.665265,-73.734681
503862,108 ST/HORACE HARDING EXPWY,40.737983,-73.852172
503864,108 ST/VAN CLEEF ST,40.740922,-73.853707
503890,FARMERS BLVD/LINDEN BLVD,40.691988,-73.762313
503900,ROOSEVELT AV/COLLEGE POINT BLVD,40.758201,-73.833814
503910,ROOSEVELT AV/UNION ST,40.759979,-73.828602
503913,FARMERS BLVD/LINDEN BLVD,40.691427,-73.762442
503914,HILLSIDE AV/240 ST,40.733545,-73.726302
503921,32 AV/CORPORAL KENNEDY ST,40.77219,-73.780703
503922,MURDOCK AV/196 ST,40.699146,-73.758153
503927,41 AV/150 ST,40.762509,-73.814314
503933,ARCHER AV/GUY R BREWER BLVD,40.703362,-73.795607
503936,ARCHER AV/165 ST,40.704132,-73.79342
503937,ARCHER AV/MERRICK BLVD,40.704299,-73.792933
503950,ARCHER AV/165 ST,40.703854,-73.793991
503953,JAMAICA AV/162 ST,40.704244,-73.798183
503954,SUNRISE HWY/FRANCIS LEWIS BLVD,40.66568,-73.73623
503959,SUNRISE HWY/HOOK CREEK BLVD,40.665647,-73.730322
503961,MAIN ST/HORACE HARDING EXPWY NORTH,40.74281,-73.825588
503964,MERRICK BLVD/ARCHER AV,40.704907,-73.793306
503965,HILLSIDE AV/210 ST,40.723225,-73.756211
503967,MERRICK BLVD/104 AV,40.701551,-73.790447
503971,SPRINGFIELD BLVD/143 AV,40.668435,-73.756847
503974,JERICHO TPKE/246 ST,40.724807,-73.722673
503975,168 ST/HILLSIDE AV,40.709775,-73.794554
503976,ARCHER AV/168 ST,40.704734,-73.791742
503980,ARCHER AV/165 ST,40.703599,-73.795172
503981,29 AV/167 ST,40.770786,-73.797961
503983,73 AV/CLEARVIEW EXPWY,40.737411,-73.769372
503984,HILLSIDE AV/168 PL,40.710261,-73.793941
503985,HOLLIS AV/198 ST,40.706289,-73.759084
503986,HOLLIS AV/201 ST,40.706232,-73.756045
503996,VAN WYCK NORTH SERVICE RD/BUILDING 23,40.649784,-73.803746
503997,VAN WYCK NORTH SERVICE RD/BUILDING 21,40.65293,-73.805924
503998,VAN WYCK NORTH SERVICE RD/CARGO SERVICE RD,40.657512,-73.805394
503999,VAN WYCK SOUTH SERVICE RD/BUILDING 90,40.644892,-73.799723
504008,LIBERTY AV/MERRICK BLVD,40.70237,-73.791688
504009,FARMERS BLVD/105 AV,40.705803,-73.767046
504019,148 ST/CENTER CARGO RD,40.657854,-73.793701
504020,COLLEGE POINT BLVD/AVERY AV,40.752274,-73.832366
504031,HORACE HARDING EXPWY/175 PL,40.739256,-73.793803
504034,46 AV/163 ST,40.753777,-73.804358
504037,116 AV/FRANCIS LEWIS BLVD,40.697619,-73.74667
504039,174 ST/64 AV BAY 1,40.737964,-73.794844
504040,174 ST/64 AV,40.737775,-73.79485
504045,213 ST/92 AV,40.720578,-73.747092
504048,257 ST/81 AV,40.741264,-73.712792
504053,58 AV/SPRINGFIELD BLVD,40.751039,-73.757443
504057,MARATHON PKWY/51 AV,40.76266,-73.733756
504069,FARMERS BLVD/120 AV,40.686084,-73.761148
504081,KISSENA BLVD/HOLLY AV,40.750904,-73.819543
504424,UTOPIA PKWY/UNION TPKE,40.725629,-73.791561
504427,150 ST/CROSS ISLAND PKWY SERVICE RD SOUTH,40.78666,-73.813494
504432,NORTHERN BLVD/243 ST,40.765328,-73.743496
504437,LIBERTY AV/170 ST,40.703637,-73.787923
504441,148 ST/150 AV,40.661033,-73.792887
504442,HOOK CREEK BLVD/136 AV,40.668792,-73.728969
504443,HOOK CREEK BLVD/134 AV,40.671397,-73.728013
504444,48 AV/BELL BLVD,40.755578,-73.767352
504445,TOTTEN AV/CROSS ISLAND PKWY,40.791429,-73.781062
504457,FARMERS BLVD/104 AV,40.706402,-73.767354
504461,LINDEN BLVD/172 ST,40.691839,-73.778775
504462,MERRICK BLVD/111 AV,40.694377,-73.781209
504463,FRANCIS LEWIS BLVD/SUNRISE HWY,40.666044,-73.735966
504464,LIBERTY AV/180 ST,40.705325,-73.779947
504465,LIBERTY AV/183 ST,40.705391,-73.776286
504473,FRANCIS LEWIS BLVD/172 ST,40.770852,-73.793409
504474,MADISON ST/CYPRESS AV,40.701012,-73.907068
504476,39 AV /138 ST,40.760769,-73.827944
504477,39 AV/UNION ST,40.760879,-73.827488
504478,CROSS ISLAND PKWY/209 ST,40.788805,-73.783122
504480,ARCHER AV/SUTPHIN BLVD,40.700514,-73.807829
504485,DITMARS BLVD/102 ST,40.76908,-73.86847
504486,FARMERS BLVD/LIBERTY AV,40.703047,-73.766695
504488,QUEENS BLVD/78 AV,40.715206,-73.831983
504503,71 ST/GRAND AV,40.727845,-73.892403
504521,LITTLE NECK PKWY/87 DR,40.728308,-73.710445
504523,BRINKERHOFF AV/189 ST,40.703831,-73.767425
504529,MERRICK BLVD/ARCHER AV,40.704962,-73.79335
504532,204 ST/111 AV,40.705321,-73.753
504533,204 ST/111 AV BAY 3,40.706151,-73.753393
504541,MURDOCK AV/200 ST,40.699916,-73.754793
504545,UNION TPKE/QUEENS BLVD,40.714618,-73.828808
504548,150 ST/24 AV,40.777281,-73.814825
504551,LIJ MEDICAL RDWY/271 ST,40.755022,-73.706429
504554,LAKEVILLE RD/ HEWLETT ST,40.753734,-73.703206
504555,LAKEVILLE RD/LIJ MEDICAL CENTER,40.755622,-73.704257
504950,149 AV/253 ST,40.652969,-73.736486
504951,149 AV/257 ST,40.652843,-73.731654
504954,FRANCIS LEWIS BLVD/256 ST,40.659212,-73.729844
504957,LINDEN BLVD/GUY BREWER BLVD,40.689119,-73.785711
504959,LINDEN BLVD/VAN WYCK EXPWY,40.683191,-73.805121
504960,LINDEN BLVD/GUY R BREWER BL,40.688866,-73.785903
504961,LIBERTY AV/REMINGTON ST,40.692212,-73.809526
504963,162 ST/POWELLS COVE BLVD,40.794044,-73.799662
504965,PALMETTO ST/SAINT NICHOLAS AV,40.700421,-73.909993
504971,MERRICK BLVD/233 ST,40.675081,-73.737125
504980,ARCHER AV/SUTPHIN BLVD,40.700654,-73.807565
504981,ARCHER AV/158 ST,40.701905,-73.802063
504985,ARCHER AV/MERRICK BLVD,40.704536,-73.792288
504986,29 AV/163 ST,40.771213,-73.801982
504987,HORACE HARDING EXPWY/JUNCTION BLVD,40.734362,-73.864508
504992,ROOSEVELT AV/BOWNE ST,40.760927,-73.824935
504995,HORACE HARDING EXPWY/231 ST,40.751171,-73.747113
504999,QUEENS BLVD/87 AV,40.706667,-73.816719
505002,MAIN ST/84 RD,40.712863,-73.816974
505003,MAIN ST/COOLIDGE AV,40.71524,-73.816267
505006,MAIN ST/GRAND CENTRAL PKWY,40.715288,-73.816445
505007,MAIN ST/ 82 DR,40.713164,-73.817011
505008,MAIN ST/139 ST,40.711091,-73.81899
505009,QUEENS BLVD/MAIN ST,40.708698,-73.818756
505013,20 AV/WHITESTONE EXPWY,40.781741,-73.826119
505014,20 AV/PETRACCA PL-TARGET,40.781704,-73.832632
505015,20 AV/132 ST,40.781708,-73.835792
505017,20 AV/127 ST,40.781737,-73.841288
505019,COLLEGE POINT BLVD/20 AV,40.781979,-73.845855
505021,15 AV/COLLEGE POINT BLVD,40.784153,-73.845512
505022,COLLEGE POINT BLVD/15 AV,40.784074,-73.845893
505023,20 AV/COLLEGE POINT BLVD,40.781638,-73.845513
505025,20 AV/128 ST,40.781646,-73.840613
505026,20 AV/131 ST,40.781542,-73.837305
505028,20 AV/OPP TARGET,40.781546,-73.832391
505029,20 AV/POSTAL FACILITY,40.781566,-73.827495
505032,QUEENS BL/87 AV,40.706117,-73.816743
505033,MAIN ST/MANTON ST,40.709951,-73.818898
505037,PARSONS BLVD/20 AV,40.782058,-73.822055
505039,14 AV/137 ST,40.786131,-73.831469
505042,14 AV/142 ST,40.786642,-73.827676
505043,14 AV/139 ST,40.786352,-73.830346
505045,14 AV/128 ST,40.785337,-73.840607
505051,UTOPIA PKWY/59 AV,40.73994,-73.793003
505057,92 ST/59 AV,40.73427,-73.869299
505059,CROSS ISLAND PKWY/150 ST,40.786904,-73.81306
505071,HORACE HARDING EXPWY/108 ST,40.736892,-73.85185
505083,PUTNAM AV/ONDERDONK AV,40.702171,-73.904813
505093,UNION TPKE/HEWLETT ST,40.752138,-73.702549
505095,14 AV/132 ST,40.78636,-73.836178
505096,HILLSIDE AV/187 PL,40.714833,-73.774515
505100,149 AV/257 ST,40.653,-73.731905
505107,56 AV/QBCC,40.754027,-73.758111
505121,39 AV/LIPPMAN PLAZA,40.760694,-73.828177
505124,SPRINGFIELD BLVD/ 135 AV,40.678588,-73.754625
505126,154 ST/9 AV,40.793624,-73.806972
505127,POWELLS COVE BLVD/158 ST,40.794381,-73.803329
505128,POWELLS COVE BLVD/159 ST,40.794439,-73.802721
505129,154 ST/POWELLS COVE BLVD,40.79441,-73.806997
505131,HEMPSTEAD AV/SPRINGFIELD BLVD,40.713084,-73.735386
505133,SPRINGFIELD BLVD/109 AV,40.708682,-73.738376
505134,SPRINGFIELD BLVD/115 AV,40.700924,-73.741731
505135,SPRINGFIELD BLVD/116 RD,40.696874,-73.743507
505136,FRANCIS LEWIS BLVD/SPRINGFIELD BLVD,40.692933,-73.744745
505139,SPRINGFIELD BLVD/LINDEN BLVD,40.697535,-73.743025
505141,SPRINGFIELD BLVD/115 RD,40.699898,-73.742009
505143,SPRINGFIELD BLVD/109 AV,40.708728,-73.738184
505144,SPRINGFIELD BLVD/HEMPSTEAD AV,40.713446,-73.735698
505151,233RD ST / MERRICK BLVD,40.675246,-73.736722
505152,UNION TPKE/256 ST,40.745394,-73.71481
505153,SPRINGFIELD BLVD/MURDOCK AV,40.70357,-73.740589
505154,SPRINGFIELD BLVD/114 AV,40.702272,-73.740796
505161,HILLSIDE AV/169 ST,40.71071,-73.793173
505163,HILLSIDE AV/179 ST,40.712691,-73.783756
505170,FRANCIS LEWIS BLVD/255 ST,40.659681,-73.730411
505172,47 AV/197 ST,40.752836,-73.783156
505173,ROCKY HILL RD/CLEARVIEW EXPWY,40.753249,-73.77651
505178,SOUTH CONDUIT AV/HOOK CREEK BLVD,40.665269,-73.729629
505185,ROOSEVELT AV/UNION ST,40.759982,-73.828601
505186,HILLSIDE AV/179 PL,40.712783,-73.783551
505187,HILLSIDE AV/205 ST,40.720728,-73.760229
505188,235 ST/LINDEN BLVD,40.690426,-73.727456
505193,HILLSIDE AV/179 PL,40.712691,-73.783792
505194,QUEENS BLVD/78 AV,40.715615,-73.832387
505200,HILLSIDE AV/267 ST,40.738768,-73.701837
505201,HILLSIDE AV/198 ST,40.718858,-73.764627
505208,FARMERS BLVD/140 AV,40.671168,-73.764837
505212,HILLSIDE AV/205 ST,40.72076,-73.760177
505213,KISSENA BLVD/SANFORD AV,40.757283,-73.827206
505221,10 AV/152 ST,40.793499,-73.810155
505225,MAIN ST/39 AV,40.760423,-73.830658
505233,HILLSIDE AV/AVON ST,40.713535,-73.780431
505236,169 ST/HILLSIDE AV,40.710543,-73.793016
505237,MAIN ST/75 AV,40.724089,-73.820542
505239,DOUGLASTON PKWY/DOUGLASTON PLAZA,40.755608,-73.73943
505240,58 AV/223 ST,40.751448,-73.755718
505241,56 AV/223 ST,40.753743,-73.756925
505243,MERRICK BLVD/JAMAICA AV,40.705929,-73.794044
505247,10 AV/152 ST,40.793616,-73.810449
505251,FRESH POND RD/BLEECKER ST,40.71219,-73.900323
505256,ARCHER AV/PARSONS BL,40.702567,-73.798796
505258,HORACE HARDING EXPWY/SPRINGFIELD BLVD,40.749192,-73.7561
505259,UNION TPKE/CROSS ISLAND PKWY,40.740802,-73.726326
505260,SPRINGFIELD BLVD/MERRICK BLVD,40.679952,-73.753097
505261,39 AV/MAIN ST,40.760219,-73.830022
505264,ARCHER AV/160 ST,40.702735,-73.798748
505265,ARCHER AV/153 ST,40.701782,-73.802852
505271,MAIN ST/UNION TPKE,40.71799,-73.817128
505284,HILLSIDE AV/175 ST,40.711852,-73.786805
505288,BROADWAY/QUEENS BLVD,40.737043,-73.877364
505295,HILLSIDE AV/184 ST,40.714064,-73.777634
505297,HILLSIDE AV/EDGERTON BLVD,40.71222,-73.785903
505299,SANFORD AV/BOWNE ST,40.758462,-73.822028
505300,HILLSIDE AV/182 PL,40.713574,-73.779821
505301,FARMERS BLVD/131 AV,40.679407,-73.761777
505302,NORTHERN BL/WESTMORELAND ST,40.771473,-73.734853
505306,MERRICK BLVD/109 AV,40.697053,-73.783936
505309,JAMAICA AV/150 ST,40.702287,-73.804089
505313,MERRICK BLVD/LINDEN BLVD,40.691456,-73.779202
505316,BELMONT PARK RACETRACK/UBS ARENA,40.712949,-73.727651
505322,SUNRISE HWY/FRANCIS LEWIS BLVD,40.665632,-73.735499
505327,KISSENA BLVD/HOLLY AV,40.750865,-73.819302
505330,LIBERTY AV/MERRICK BLVD,40.702342,-73.79147
505333,SUTPHIN BLVD/HILLSIDE AV,40.70541,-73.809481
505353,FRANCIS LEWIS BLVD/120 AV,40.690016,-73.742727
505362,138 ST/38 AV,40.76024,-73.829956
505544,LITTLE NECK PKWY/82 AV,40.740201,-73.715788
550242,LIBERTY AV/REMINGTON ST,40.692263,-73.809643
550262,LINDEN BLVD/VAN WYCK EXPWY,40.683088,-73.804854
550265,LINDEN BLVD/SUTPHIN BLVD,40.686372,-73.793487
550279,LINDEN BLVD/SUTPHIN BLVD,40.686252,-73.794367
550285,VAN WYCK NORTH SERVICE RD/BUILDING 120,40.654709,-73.806686
551012,LINDEN PL/32 AV,40.768058,-73.831981
551015,LINDEN PL/31 RD,40.769038,-73.832516
551143,28 AV/141 ST,40.773008,-73.827405
551146,WILLETS POINT BLVD/149 ST,40.776544,-73.817474
551148,139 ST/28 RD,40.771839,-73.829668
551247,62 DR/108 ST,40.735721,-73.850866
551248,62 DR/YELLOWSTONE BLVD,40.734925,-73.85366
551250,62 DR/99 ST,40.733622,-73.858076
551252,62 DR/97 ST,40.732419,-73.862113
551254,63 DR/QUEENS BLVD,40.729535,-73.8628
551255,63 DR/QUEENS BLVD,40.729727,-73.862483
551258,63 DR/AUSTIN ST,40.727119,-73.864382
551259,63 DR/AUSTIN ST,40.727596,-73.863854
551260,63 DR/HARING ST,40.725295,-73.865537
551262,63 DR/HARING ST,40.725403,-73.865304
551263,63 DR/WOODHAVEN BLVD,40.722821,-73.867461
551265,PENELOPE AV/83 PL,40.721143,-73.871054
551268,PENELOPE AV/DRY HARBOR RD,40.720142,-73.873019
551270,PENELOPE AV/78 ST,40.718719,-73.876279
551271,FURMANVILLE AV/77 PL,40.717334,-73.876829
551272,FURMANVILLE AV/75 PL,40.717056,-73.879041
551273,JUNIPER VALLEY RD/74 ST,40.715317,-73.880145
551275,JUNIPER VALLEY RD/71 ST,40.714775,-73.884016
551336,JUNIPER VALLEY RD/70 ST,40.714636,-73.884633
551337,JUNIPER VALLEY RD/73 PL,40.714967,-73.881238
551339,75 PL/65 DR,40.716623,-73.878994
551340,FURMANVILLE AV/77 ST,40.717216,-73.87683
551342,PENELOPE AV/79 ST,40.718927,-73.8756
551344,PENELOPE AV/84 ST,40.72155,-73.869938
551346,63 DR/WOODHAVEN BLVD,40.722821,-73.867151
551352,63 RD/102 ST,40.732914,-73.854264
551354,63 RD/YELLOWSTONE BLVD,40.733685,-73.852075
551356,63 RD/108 ST,40.734175,-73.850443
551644,QUEENS BLVD/63 AV,40.730574,-73.864335
551669,QUEENS BLVD/83 AV,40.711764,-73.825327
551671,QUEENS BLVD/MAIN ST,40.709755,-73.819888
551678,QUEENS BLVD/JAMAICA AV,40.702626,-73.814441
551679,QUEENS BLVD/JAMAICA AV,40.702826,-73.814375
551691,QUEENS BLVD/HOOVER AV,40.712235,-73.825568
551708,HILLSIDE AV/PARSONS BLVD,40.707705,-73.802548
552247,HEMPSTEAD AV/213 ST,40.715653,-73.744344
552248,HEMPSTEAD AVE / 99TH AVE,40.714676,-73.740809
552249,HEMPSTEAD AV/217 LN,40.714056,-73.73856
552252,HEMPSTEAD AV/SPRINGFIELD BLVD,40.713574,-73.736376
552284,FRANCIS LEWIS BLVD/147 DR,40.655774,-73.727061
552309,147 AV/184 ST,40.659831,-73.763996
552312,147 AV/GUY R BREWER BLVD,40.660349,-73.767825
552313,147 AV/GUY R BREWER BLVD,40.660176,-73.767517
552362,SPRINGFIELD BLVD/SOUTH CONDUIT AV,40.665495,-73.758428
552409,ARCHER AV/160 ST,40.702662,-73.798481
552727,HEMPSTEAD AV/217 ST,40.715031,-73.741504
552927,WILLETS POINT BLVD/154 ST,40.778221,-73.808991
552928,WILLETS POINT BLVD/154 ST,40.778002,-73.809353
552966,63 RD/QUEENS BLVD,40.730283,-73.862068
553117,SANFORD AV/KISSENA BLVD,40.757208,-73.826504
553143,LINDEN BLVD/MERRICK BLVD,40.691625,-73.77934
553163,LINDEN PL/35 AV,40.764908,-73.830583
553164,LINDEN PL/35 AV,40.764798,-73.830814
553258,LEFFERTS BLVD/AIRTRAIN STATION,40.661573,-73.824539
553291,31 RD/138 ST,40.770228,-73.830386
553293,ROOSEVELT AV/PRINCE ST,40.759052,-73.831809
553320,WILLETS POINT BLVD/149 ST,40.77648,-73.817197
553408,FRESH POND RD/LINDEN ST,40.709758,-73.898937
553409,FRESH POND RD/GROVE ST,40.710131,-73.899307
553413,MAIN ST/NORTHERN BLVD,40.762713,-73.831721
553431,63 RD/98 PL,40.732289,-73.858057
553437,BELMONT PARK RACETRACK/UBS ARENA,40.712969,-73.727651
700075,147 AV/184 ST,40.659715,-73.764067
700076,SPRINGFIELD BLVD/SPRINGFIELD LN,40.661165,-73.760859
700077,SPRINGFIELD BLVD/SPRINGFIELD LN,40.660879,-73.761005
700160,188 ST/UNION TPKE,40.72939,-73.781175
700332,BROOKVILLE BLVD/135 AV,40.67204,-73.734774
700334,BROOKVILLE BLVD/137 AV,40.669698,-73.736178
700681,FRANCIS LWEIS BLVD/CANEY LN,40.661547,-73.732047
700704,HILLSIDE AV/CHELSEA ST,40.714503,-73.776319
700712,60 LN/METROPOLITAN AV,40.712789,-73.901579
700713,60 LN/ELIOT AV,40.713613,-73.902874
700714,COLLEGE POINT BLVD/FOWLER AV,40.751986,-73.83234
700725,MERRICK BLVD/221 ST,40.678551,-73.74803
700726,LAURELTON PKWY/MERRICK BLVD,40.674194,-73.73493
700741,14 AV/WHITESTONE EXPWY,40.786787,-73.823959
700752,LINDEN BLVD/234 ST,40.690979,-73.728355
700815,168 ST/JAMAICA BUS TERMINAL,40.708055,-73.791908
700816,168 ST/JAMAICA BUS TERMINAL,40.707698,-73.792983
700888,LAURELTON PKWY/MERRICK BLVD,40.67415,-73.734958
700896,253 ST/149 AV,40.652887,-73.736803
700903,SAYRES AV/179 PL,40.698965,-73.774488
700904,ELMONT RD/DUTCH BROADWAY,40.694348,-73.717356
700905,ELMONT RD/DUTCH BROADWAY,40.694358,-73.717451
700931,FRANCIS LEWIS BLVD/249 ST,40.662575,-73.732889
700941,ROOSEVELT AV/COLLEGE POINT BLVD,40.758256,-73.834423
700943,SEAVER WAY/35 AV,40.759325,-73.845233
700945,DITMARS BLVD/31 DR,40.761299,-73.860472
700946,SEAVER WAY/35 AV,40.758953,-73.845122
700947,SEAVER WAY/ROOSEVELT AV,40.755953,-73.84357
700980,10 AV/CLINTONVILLE ST,40.792956,-73.813072
700981,10 AV/CLINTONVILLE ST,40.792907,-73.813054
700983,WILLETS POINT BLVD/20 RD,40.779827,-73.803352
700986,BROOKVILLE BL/147 DR,40.655482,-73.745109
700987,149 AV/242 ST,40.652462,-73.741978
700988,149 AV/241 ST,40.65259,-73.743675
700989,BROOKVILLE BL/148 AV,40.654537,-73.74545
700997,MERRICK BLVD/109 RD,40.696481,-73.783487
701002,NORTHERN BLVD/147 ST,40.76515,-73.819675
701012,SANFORD AV/MURRAY ST,40.761157,-73.811827
701013,SANFORD AV/MURRAY ST,40.761171,-73.812186
701017,JAMAICA CENTER/BAY A,40.702367,-73.800126
701018,JAMAICA CENTER/BAY B,40.702297,-73.80041
701019,JAMAICA CENTER/BAY C,40.702079,-73.80121
701020,JAMAICA CENTER/BAY D,40.701996,-73.801591
701021,JAMAICA CENTER/BAY E,40.701393,-73.802583
701024,41 AV/149 PL,40.762458,-73.814278
701029,108 ST/OTIS AV,40.740908,-73.85378
701047,SANFORD AV/MAIN ST,40.75658,-73.829011
701049,PENELOPE AV/DRY HARBOR RD,40.720007,-73.873392
701054,PARSONS BLVD/ELM AV,40.755927,-73.816034
701055,HEMPSTEAD AV/221 ST,40.7125,-73.732879
701057,LITTLE NECK PKWY/41 DR,40.771205,-73.739241
701058,HILLSIDE AV/250 ST,40.735358,-73.717251
701059,HILLSIDE AV/249 ST,40.735154,-73.718647
701060,FRANCIS LEWIS BLVD/45 DR,40.755141,-73.782139
701061,HOOK CREEK BLVD/SUNRISE HWY,40.665696,-73.729913
701065,169 ST/HILLSIDE AV,40.710087,-73.792716
701066,FRANCIS LEWIS BLVD/SUNRISE HWY,40.666115,-73.736211
701067,FRANCIS LEWIS BLVD/BROOKVILLE BLVD,40.667458,-73.737145
701068,HILLSIDE AV/199 ST,40.719173,-73.763684
701069,JAMAICA AV/SUTPHIN BLVD,40.701715,-73.807775
701074,FRANCIS LEWIS BLVD/147 DR,40.655383,-73.727035
701075,ROOSEVELT AV/MAIN ST,40.75962,-73.830024
804005,111 AV / 204 ST,40.705929,-73.75326
804006,HORACE HARDING EXPWY/FRANCIS LEWIS BLVD,40.743695,-73.776593
804008,MAIN ST/REEVES AV,40.739817,-73.824798
804017,138 ST/38 AV,40.761025,-73.830966
804026,56 AV/QBCC,40.754047,-73.758052
804030,166 ST/POWELLS COVE BLVD,40.793805,-73.797415
804032,ROOSEVELT AV/PRINCE ST,40.759201,-73.831384
804034,243 ST/147 AV,40.657657,-73.741279
804053,GREEN ACRES RD /GREEN ACRES MALL,40.661433,-73.721393
804060,92 ST/59 AV,40.734979,-73.86959
804061,MERRICK BLVD/ARCHER AV,40.704933,-73.793318
804084,BOOTH MEMORIAL AV/UTOPIA PKWY,40.741184,-73.7931
804178,MERRICK BLVD/JAMAICA AV,40.705943,-73.794059
804226,15 AV/COLLEGE POINT BLVD,40.78415,-73.845605
804228,SPRINGFIELD BLVD/HILLSIDE AVE,40.729653,-73.745289
804229,queens bl/83 av,40.711764,-73.825313
804230,PALMETTO ST/MYRTLE AV,40.700132,-73.910326
804232,ARCHER AV/153 ST,40.702027,-73.801764
804233,MAIN ST/38 AV,40.760886,-73.830897
804239,HILLSIDE AV/168 PL,40.710429,-73.793764
901451,Queens/Midtown Tunnel3,40.7338,-73.867129
904005,TEARDROP/LAYOVER,40.701261,-73.803107
904006,TEARDROP/LAYOVER,40.701315,-73.802927
904008,ARCHER AV /153 ST,40.70206,-73.801619
904019,23 AV/BELL BLVD,40.782275,-73.777006
904021,TOTTEN AV/CROSS ISLAND PKWY,40.791352,-73.780952
904026,LINDEN BLVD/235 ST,40.690788,-73.727689
904035,253 ST/149 AV,40.652761,-73.736788
904039,137 AV/ FARMERS BLVD,40.673399,-73.764355
904045,E 57 ST/3 AV,40.759917,-73.966975
904075,56 AV/223 ST,40.753664,-73.757089
904092,SPRINGFIELD BLVD/145 AV,40.66503,-73.758295
904095,ARCHER AV/SUTPHIN BLVD,40.700463,-73.807915
904104,227 ST/113 DR,40.702108,-73.730337
904105,137 AV/FARMERS BLVD,40.673388,-73.764474
904107,235 ST/LINDEN BLVD,40.690662,-73.727376
904121,LIJ MEDICAL CENTER/271 ST,40.754893,-73.706588
904234,LAURELTON PKWY/129 AV,40.679815,-73.72993
904235,237 ST/129 AV,40.680134,-73.730246
904250,BELMONT PARK RACETRACK/UBS ARENA,40.713145,-73.728283
904251,JFK AIRPORT/TERMINAL 8,40.646928,-73.788956
904299,38 AV/MAIN ST,40.760714,-73.83092
904308,BROOKVILLE BLVD/FRANCIS LEWIS BLVD,40.667942,-73.737204
904384,ROOSEVELT AV /UNION ST,40.760848,-73.830836
904946,ROOSEVELT AV /UNION ST,40.760413,-73.826606
904977,FRANCIS LEWIS BLVD/120 AV,40.690948,-73.746338
904982,150 AV/148 ST,40.661472,-73.792461
904987,LGA/TERMINAL B,40.773033,-73.872695
982006,LEFFERTS BLVD/AIRTRAIN STATION,40.661528,-73.824212
982097,62 DR/108 ST,40.735761,-73.850749
982498,39 AV/MAIN ST,40.760087,-73.831193
200001,GOETHALS RD NORTH/PORT AUTHORITY ADMIN LOT,40.628713,-74.182687
200008,RICHMOND TERR/SOUTH AV,40.640108,-74.165755
200009,RICHMOND TERR/POST LN,40.639339,-74.164089
200010,RICHMOND TERR/ANDROS AV,40.63791,-74.162089
200011,RICHMOND TERR/HARBOR RD,40.63699,-74.159932
200013,RICHMOND TERR/VAN PELT AV,40.636747,-74.154887
200014,RICHMOND TERR/DAVIS AV,40.644712,-74.110734
200016,RICHMOND TERR/HOUSEMAN AV,40.6373,-74.148612
200017,RICHMOND TERR/GRANITE AV,40.637568,-74.146753
200018,RICHMOND TERR/MORNINGSTAR RD,40.637856,-74.144927
200019,RICHMOND TERR/JOHN ST,40.639027,-74.142287
200020,RICHMOND TERR/NICHOLAS AV,40.639616,-74.139389
200021,RICHMOND TERR/SHARPE AV,40.640133,-74.136785
200022,RICHMOND TERR/FABER ST,40.640226,-74.134746
200023,RICHMOND TERR/MAPLE AV,40.640269,-74.133301
200025,RICHMOND TERR/HEBERTON AV,40.638978,-74.129443
200026,RICHMOND TERR/JEWETT AV,40.63765,-74.128853
200027,RICHMOND TERR/RECTOR ST,40.637187,-74.127386
200028,RICHMOND TERR/BODINE ST,40.637142,-74.125851
200029,RICHMOND TERR/TAYLOR ST,40.637755,-74.123635
200030,RICHMOND TERR/ALASKA ST,40.638978,-74.121851
200031,RICHMOND TERR/TOMPKINS CT,40.640151,-74.1207
200032,RICHMOND TERR/BROADWAY,40.640799,-74.117264
200033,RICHMOND TERR/NORTH BURGHER AV,40.641784,-74.1155
200034,RICHMOND TERR/BEMENT AV,40.642716,-74.113963
200035,RICHMOND TERR/DAVIS AV,40.644473,-74.110946
200036,RICHMOND TERR/BARD AV,40.645002,-74.108868
200037,RICHMOND TERR/SAILORS SNUG HARBOR GATE,40.645033,-74.101931
200038,RICHMOND TERR/CLINTON AV,40.644602,-74.098129
200040,RICHMOND TERR/FRANKLIN AV,40.645389,-74.092952
200041,RICHMOND TERR/JERSEY ST,40.646853,-74.088536
200042,RICHMOND TERR/WESTERVELT AV,40.647757,-74.086966
200043,RICHMOND TERR/SAINT PETERS PL,40.648069,-74.084221
200044,RICHMOND TERR/NICHOLAS ST,40.647292,-74.081124
200045,RICHMOND TERR/STUYVESANT PL,40.646031,-74.078391
200047,RICHMOND TERR/SCHUYLER ST,40.642907,-74.075745
200050,RICHMOND TERR/WALL ST,40.644786,-74.076948
200051,RICHMOND TERR/STUYVESANT PL,40.646355,-74.07844
200052,RICHMOND TERR/NICHOLAS ST,40.647438,-74.080753
200053,RICHMOND TERR/SAINT PETERS PL,40.648358,-74.084593
200054,RICHMOND TERR/WESTERVELT AV,40.647418,-74.087873
200055,RICHMOND TERR/JERSEY ST,40.646592,-74.089208
200056,RICHMOND TERR/FRANKLIN AV,40.645589,-74.092765
200057,RICHMOND TERR/LAFAYETTE AV,40.644821,-74.096443
200063,RICHMOND TERR/NORTH BURGHER AV,40.641451,-74.116263
200064,RICHMOND TERR/BROADWAY,40.640637,-74.117952
200065,RICHMOND TERR/TOMPKINS CT,40.64056,-74.120589
200066,RICHMOND TERR/ALASKA ST,40.638497,-74.122637
200069,RICHMOND TERR/CLOVE RD,40.637257,-74.126705
200070,RICHMOND TERR/JEWETT AV,40.638309,-74.128943
200072,RICHMOND TERR/PARK AV,40.640318,-74.130766
200073,RICHMOND TERR/NORTH ST,40.640322,-74.134883
200074,RICHMOND TERR/SHARPE AV,40.640316,-74.136549
200075,RICHMOND TERR/NICHOLAS AV,40.639823,-74.139586
200076,RICHMOND TERR/JOHN ST,40.639045,-74.142592
200077,RICHMOND TERR/MORNINGSTAR RD,40.637941,-74.145117
200078,RICHMOND TERR/GRANITE AV,40.637633,-74.146966
200079,RICHMOND TERR/HOUSEMAN AV,40.637406,-74.148479
200080,RICHMOND TERR/SIMONSON AV,40.637041,-74.151108
200082,RICHMOND TERR/VAN PELT AV,40.636838,-74.154671
200083,RICHMOND TERR/UNION AV,40.636864,-74.157716
200084,RICHMOND TERR/HARBOR RD,40.637147,-74.160062
200085,RICHMOND TERR/ANDROS AV,40.638274,-74.162529
200097,MIDLAND AV/KISWICK ST,40.574051,-74.096488
200099,MIDLAND AV/OLYMPIA BLVD,40.572504,-74.093593
200102,FATHER CAPODANNO BLVD/HUNTER AV,40.572878,-74.087799
200104,FATHER CAPODANNO BLVD/SIOUX ST,40.575173,-74.083821
200105,FATHER CAPODANNO BLVD/SLATER BLVD,40.576221,-74.082053
200110,FATHER CAPODANNO BLVD/ALTER AV,40.582308,-74.074365
200111,FATHER CAPODANNO BLVD/DELAWARE  AV,40.584319,-74.07228
200113,FATHER CAPODANNO BLVD/BURGHER AV,40.58802,-74.068842
200115,FATHER CAPODANNO BLVD/SAND LN,40.590397,-74.066399
200119,OLYMPIA BLVD/BIONIA AV,40.592465,-74.072621
200120,OLYMPIA BLVD/KENSINGTON ST,40.591374,-74.074579
200121,OLYMPIA BLVD/NORWAY AV,40.590604,-74.076605
200122,NORWAY AV/FOCH AV,40.592286,-74.077734
200123,NORWAY AV/McCLEAN AV,40.593734,-74.078668
200124,McCLEAN AV/LAMPORT BLVD,40.594345,-74.077495
200125,McCLEAN AV/KENSINGTON AV,40.594881,-74.075879
200126,McCLEAN AV/BIONIA AV,40.595434,-74.074187
200127,McCLEAN AV/LINWOOD AV,40.595922,-74.072716
200128,McCLEAN AV/SAND LN,40.596787,-74.070098
200129,McCLEAN AV/MILLS AV,40.59721,-74.068752
200131,McCLEAN AV/OCEAN AV,40.598525,-74.06481
200132,LILY POND AV/McCLEAN AV,40.599189,-74.063759
200135,SCHOOL RD/TOMPKINS AV,40.605104,-74.065048
200136,SCHOOL RD/DENNIS TORRICELLI ST,40.606005,-74.063168
200137,BAY ST/SEA GATE RD,40.607702,-74.061254
200139,BAY ST/NEW LN,40.611505,-74.064131
200140,BAY ST/HYLAN BLVD,40.613999,-74.065902
200142,BAY ST/LYNHURST AV,40.618444,-74.069242
200144,BAY ST/TOWNSEND AV,40.621412,-74.071615
200145,BAY ST/VANDERBILT AV,40.622858,-74.072748
200146,BAY ST/THOMPSON ST,40.625914,-74.075064
200147,BAY ST/WATER ST,40.627083,-74.075818
200148,BAY ST/PROSPECT ST,40.628477,-74.076382
200149,BAY ST/WAVE ST,40.629791,-74.076621
200151,BAY ST/GRANT ST,40.633278,-74.075137
200152,BAY ST/HANNAH ST,40.635811,-74.07573
200153,BAY ST/VICTORY BLVD,40.637518,-74.075956
200154,BAY ST/SLOSSON TERR,40.639512,-74.075477
200157,MIDLAND AV/RICHMOND RD,40.581943,-74.110041
200159,MIDLAND AV/CLAWSON ST,40.578766,-74.103994
200160,MIDLAND AV/EDISON ST,40.579554,-74.105575
200161,MIDLAND AV/HYLAN BLVD,40.577697,-74.10198
200163,FATHER CAPODANNO BLVD/DOTY AV,40.592341,-74.063934
200165,FATHER CAPODANNO BLVD/OCEAN AV,40.595037,-74.062732
200166,FATHER CAPODANNO BLVD/SEASIDE PLAZA,40.596027,-74.06192
200170,LILY POND AV/McCLEAN AV,40.598594,-74.063665
200171,FATHER CAPODANNO BLVD/ROBIN RD,40.595718,-74.062669
200173,FATHER CAPODANNO BLVD/DOTY AV,40.592504,-74.064146
200176,BAY ST/NICK LAPORTE PL,40.641846,-74.075573
200177,BAY ST/CENTRAL AV,40.638762,-74.07581
200178,BAY ST/VICTORY BLVD,40.637299,-74.076175
200180,BAY ST/GRANT ST,40.632902,-74.075587
200181,BAY ST/WILLIAM ST,40.630639,-74.076703
200183,BAY ST/PROSPECT ST,40.628617,-74.076555
200184,BAY ST/WATER ST,40.626764,-74.075789
200185,BAY ST/BROAD ST,40.625755,-74.075179
200187,BAY ST/VANDERBILT AV,40.622172,-74.072412
200188,BAY ST/TOWNSEND AV,40.621198,-74.07164
200189,BAY ST/EDGEWATER ST,40.620155,-74.07085
200190,BAY ST/WILLOW AV,40.618718,-74.069635
200191,BAY ST/CHESTNUT AV,40.617253,-74.068567
200192,BAY ST/SAINT MARYS AV,40.616021,-74.067658
200193,BAY ST/HYLAN BLVD,40.613788,-74.06601
200194,BAY ST/SAINT JOHNS AV,40.611925,-74.064632
200195,BAY ST/FINGERBOARD RD,40.609066,-74.062526
200196,BAY ST/LYMAN AV,40.607472,-74.061347
200197,SCHOOL RD/DENNIS TORRICELLI ST,40.605837,-74.063964
200200,LILY POND AV/MAJOR AV,40.600265,-74.064787
200201,McCLEAN AV/LILY POND AV,40.598841,-74.06422
200202,CLOVE RD/CLOVE LAKE PARK,40.61928,-74.10651
200203,McCLEAN AV/MILLS AV,40.597254,-74.069033
200204,SAND LN/McCLEAN AV,40.59681,-74.070569
200206,McCLEAN AV/HICKORY AV,40.595585,-74.074126
200207,McCLEAN AV/JEROME AV,40.59504,-74.075782
200210,NORWAY AV/OLYMPIA BLVD,40.590829,-74.076965
200211,OLYMPIA BLVD/MCLAUGHLIN ST,40.591569,-74.073911
200219,FATHER CAPODANNO BLVD/WINFIELD ST,40.586334,-74.070612
200220,FATHER CAPODANNO BLVD/DELAWARE AV,40.583476,-74.073534
200223,FATHER CAPODANNO BLVD/SEAVIEW AV,40.579032,-74.078173
200224,FATHER CAPODANNO BLVD/BUEL AV,40.577919,-74.079482
200225,FATHER CAPODANNO BLVD/NAUGHTON AV,40.576933,-74.081166
200226,FATHER CAPODANNO BLVD/SLATER BLVD,40.576037,-74.082752
200228,FATHER CAPODANNO BLVD/JEFFERSON AV,40.573994,-74.086252
200233,MIDLAND AV/FREEBORN ST,40.572957,-74.094191
200234,MIDLAND AV/MORELAND ST,40.574688,-74.097292
200235,MIDLAND AV/MASON AV,40.57548,-74.0986
200236,MIDLAND AV/BOUNDARY AV,40.577166,-74.100967
200237,HYLAN BLVD/MIDLAND AV,40.577699,-74.102611
200238,LINCOLN AV/GRANT PL,40.577099,-74.10474
200240,LINCOLN AV/SOUTH RAILROAD AV,40.579527,-74.108863
200242,LINCOLN AV/RICHMOND RD,40.581245,-74.11199
200244,GRANDVIEW AV/BRABANT ST,40.632007,-74.165169
200245,BRABANT ST/LOCKMAN AV,40.631562,-74.161324
200246,BRABANT ST/UNION AV,40.631327,-74.158333
200247,WALLOON ST/MAPLE PKWY,40.632411,-74.156603
200248,DE RUYTER PL/VAN PELT AV,40.631205,-74.155494
200249,WALKER ST/VAN NAME AV,40.63186,-74.153831
200250,WALKER ST/SIMONSON AV,40.631687,-74.151795
200251,WALKER ST/MORNINGSTAR RD,40.63109,-74.147139
200252,MORNINGSTAR RD/KALVER PL,40.6326,-74.146285
200255,INNIS ST/NICHOLAS AV,40.633424,-74.14175
200256,NICHOLAS AV/CHARLES AV,40.63498,-74.140651
200257,NICHOLAS AV/CASTLETON AV,40.636066,-74.140185
200259,CASTLETON AV/HEBERTON AV,40.634994,-74.132822
200260,CASTLETON AV/PORT RICHMOND AV,40.635935,-74.135065
200261,CASTLETON AV/JEWETT AV,40.633639,-74.129649
200263,CASTLETON AV/TAYLOR ST,40.634047,-74.122725
200264,CASTLETON AV/ELIZABETH ST,40.634231,-74.120272
200265,CASTLETON AV/CAROLINE ST,40.634334,-74.118986
200266,CASTLETON AV/BROADWAY,40.6345,-74.117325
200267,CASTLETON AV/NORTH BURGHER AV,40.634709,-74.114634
200268,CASTLETON AV/BEMENT AV,40.634697,-74.112429
200269,CASTLETON AV/OAKLAND AV,40.634679,-74.110833
200270,CASTLETON AV/DAVIS AV,40.634649,-74.108527
200271,CASTLETON AV/BARD AV,40.634643,-74.10616
200272,CASTLETON AV/KISSEL AV,40.634636,-74.104697
200273,CASTLETON AV/HUNTER PL,40.634465,-74.101789
200274,CASTLETON AV/RANDALL AV,40.633977,-74.099061
200275,CASTLETON AV/BRIGHTON AV,40.633947,-74.097737
200276,CASTLETON AV/HAVENWOOD RD,40.633115,-74.095774
200278,CASTLETON AV/WOODSTOCK AV,40.632688,-74.09014
200279,CASTLETON AV/WEBSTER AV,40.634255,-74.087655
200280,CASTLETON AV/CEBRA AV,40.634706,-74.086459
200281,CASTLETON AV/JERSEY ST,40.636096,-74.085225
200284,VICTORY BLVD/VAN DUZER ST,40.638187,-74.078339
200285,BAY ST/VICTORY BLVD,40.637877,-74.075915
200292,VICTORY BLVD/BAY ST,40.637834,-74.076746
200293,VICTORY BLVD/MONTGOMERY AV,40.63808,-74.077679
200297,CASTLETON AV/CEBRA AV,40.634635,-74.086666
200298,CASTLETON AV/GLEN AV,40.633092,-74.089988
200299,CASTLETON AV/HARBOR VIEW CT,40.633375,-74.092183
200300,CASTLETON AV/HAVENWOOD RD,40.63321,-74.09539
200301,CASTLETON AV/BRIGHTON AV,40.633991,-74.097666
200302,CASTLETON AV/N RANDALL AV,40.634226,-74.099764
200303,CASTLETON AV/CONYINGHAM AV,40.634644,-74.102074
200304,CASTLETON AV/KISSEL AV,40.634762,-74.105025
200306,CASTLETON AV/BARD AV,40.634776,-74.106281
200307,CASTLETON AV/DAVIS AV,40.634775,-74.108556
200308,CASTLETON AV/BEMENT AV,40.634794,-74.111842
200309,CASTLETON AV/NORTH BURGHER AV,40.63481,-74.114407
200310,CASTLETON AV/BROADWAY,40.634584,-74.117749
200311,CASTLETON AV/CAROLINE ST,40.634487,-74.119274
200312,CASTLETON AV/BARKER ST,40.634238,-74.121612
200313,CASTLETON AV/TAYLOR ST,40.634104,-74.123446
200314,CASTLETON AV/CLOVE RD,40.633917,-74.125845
200315,CASTLETON AV/JEWETT AV,40.63385,-74.129761
200316,CASTLETON AV/HEBERTON AV,40.635011,-74.132408
200317,CASTLETON AV/PORT RICHMOND AV,40.636099,-74.134826
200318,CASTLETON AV/SHARPE AV,40.63616,-74.137703
200319,CASTLETON AV/NICHOLAS AV,40.63624,-74.139948
200320,NICHOLAS AV/CHARLES AV,40.635298,-74.140704
200322,INNIS ST/SAINT JOSEPH AV,40.633783,-74.142537
200323,INNIS ST/EATON PL,40.634502,-74.144639
200327,WALKER ST/PULASKI AV,40.63147,-74.148199
200329,WALKER ST/SIMONSON AV,40.631931,-74.152588
200330,WALKER ST/VAN PELT AV,40.632111,-74.155024
200331,LINDEN AV/VAN PELT AV,40.633873,-74.155554
200332,MAPLE PKWY/WALLOON ST,40.632724,-74.156614
200333,UNION AV/BRABANT ST,40.631654,-74.158305
200334,BRABANT ST/LOCKMAN AV,40.631737,-74.162106
200335,BRABANT ST/GRANDVIEW AV,40.632202,-74.165083
200340,RICHMOND RD/ENFIELD PL,40.576202,-74.126064
200341,RICHMOND RD/McCULLY AV,40.574683,-74.12957
200342,RICHMOND RD/HITCHCOCK AV,40.574082,-74.131314
200343,RICHMOND RD/WILDER AV,40.573238,-74.134995
200350,ARTHUR KILL RD/CENTER ST,40.571816,-74.147224
200357,GIFFORDS LN/BARLOW AV,40.559067,-74.153908
200358,GIFFORDS LN/LEVERETT AV,40.557037,-74.152954
200359,GIFFORDS LN/WOODLAND AV,40.555286,-74.152234
200361,NELSON AV/AMBOY RD,40.550038,-74.150987
200362,NELSON AV/BELDEN ST,40.5472,-74.149919
200363,NELSON AV/HILLCREST ST,40.544923,-74.148604
200364,NELSON AV/DRIGGS ST,40.543516,-74.147684
200367,HYLAN BLVD/OSBORNE AV,40.539628,-74.148405
200368,HYLAN BLVD/ARMSTRONG AV,40.537497,-74.150362
200371,RICHMOND AV/HYLAN BLVD,40.53454,-74.154361
200372,RICHMOND AV/KING ST,40.535578,-74.156178
200374,RICHMOND AV/SYCAMORE ST,40.540196,-74.161186
200375,RICHMOND AV/OAKDALE ST,40.54183,-74.162723
200377,RICHMOND AV/ELTINGVILLE BLVD,40.544188,-74.165039
200378,RICHMOND AV/WILSON AV,40.545737,-74.165733
200379,RICHMOND AV/BARTLETT AV,40.547583,-74.16645
200380,RICHMOND AV/MEMPHIS AV,40.549506,-74.167229
200381,RICHMOND AV/KATAN AV,40.550875,-74.167538
200382,RICHMOND AV/GENESEE AV,40.552799,-74.167964
200383,RICHMOND AV/LEVERETT AV,40.555254,-74.16851
200384,RICHMOND AV/BARLOW AV,40.557307,-74.168965
200385,RICHMOND AV/GURLEY AV,40.559015,-74.16937
200386,ELTINGVILLE/TRANSIT CENTER,40.560986,-74.171394
200387,YUKON AV/WATCHMANS OFFICE,40.574887,-74.165154
200388,YUKON AV/TARGET DRIVEWAY,40.575635,-74.166736
200389,YUKON AV/RICHMOND AV,40.576976,-74.16941
200391,STATEN ISLAND MALL AT RING RD/MACYS,40.585067,-74.166625
200392,RICHMOND AV/RICHMOND HILL RD,40.589224,-74.167125
200393,RICHMOND AV/NOME AV,40.590836,-74.165295
200394,RICHMOND AV/DRAPER PL SOUTH,40.59254,-74.162974
200395,RICHMOND AV/ROCKLAND AV,40.595642,-74.161776
200399,RICHMOND AV/ETON PL,40.604462,-74.162229
200400,RICHMOND AV/VICTORY BLVD,40.607533,-74.162351
200401,RICHMOND AV/MORANI ST,40.610084,-74.160172
200403,RICHMOND AV/WEST CASWELL AV,40.616621,-74.156603
200406,RICHMOND AV/VEDDER AV,40.622619,-74.149609
200407,FOREST AV/RICHMOND AV,40.624967,-74.148422
200408,FOREST AV/WILLOW RD EAST,40.624908,-74.145244
200409,PORT RICHMOND AV/SMITH PL,40.62646,-74.142474
200410,PORT RICHMOND AV/ORANGE AV,40.628368,-74.141826
200411,PORT RICHMOND AV/BEEKMAN ST,40.62936,-74.140802
200412,PORT RICHMOND AV/CATHERINE ST,40.630418,-74.139536
200413,PORT RICHMOND AV/HOMESTEAD AV,40.63165,-74.138155
200414,PORT RICHMOND AV/HATFIELD PL,40.632878,-74.136846
200416,PORT RICHMOND AV/HARRISON AV,40.636595,-74.134223
200417,PORT RICHMOND AV/BENNETT ST,40.638381,-74.132905
200426,PORT RICHMOND AV/ANN ST,40.638743,-74.132956
200427,PORT RICHMOND AV/HARRISON AV,40.63646,-74.134663
200428,PORT RICHMOND AV/CHARLES AV,40.63473,-74.135754
200430,PORT RICHMOND AV/BLACKFORD AV,40.631528,-74.138634
200432,PORT RICHMOND AV/ORANGE AV,40.628637,-74.14187
200434,FOREST AV/RICHMOND AV,40.625216,-74.148988
200437,RICHMOND AV/VEDDER AV,40.622224,-74.150328
200438,RICHMOND AV/BARON HIRSCH CEMETERY,40.620134,-74.153328
200439,RICHMOND AV/JULES DR,40.618288,-74.155597
200440,RICHMOND AV/GOETHALS RD NORTH,40.616452,-74.156788
200441,RICHMOND AV/LAMBERTS LN,40.614809,-74.157578
200442,RICHMOND AV/LANDER AV,40.61279,-74.159036
200443,RICHMOND AV/MERRILL AV,40.609936,-74.160418
200444,RICHMOND AV/VICTORY BLVD,40.607025,-74.162535
200446,RICHMOND AV/CARNEGIE AV,40.604121,-74.162796
200447,RICHMOND AV/SIGNS RD,40.601378,-74.163365
200450,RICHMOND AV/TRAVIS AV,40.593125,-74.162841
200451,RICHMOND AV/TRAVIS AV,40.59314,-74.162856
200452,RICHMOND AV/NOME AV,40.590584,-74.166212
200453,RICHMOND AV/RICHMOND HILL RD,40.588623,-74.168058
200454,STATEN ISLAND MALL AT RING RD/MACYS,40.584577,-74.166981
200455,STATEN ISLAND MALL AT RING RD/PLATINUM AV,40.580016,-74.16853
200456,YUKON AV/RICHMOND AV,40.576622,-74.169039
200457,YUKON AV/TARGET DRIVEWAY,40.575645,-74.16715
200459,RICHMOND AV/FOREST HILL RD,40.570434,-74.170027
200460,ELTINGVILLE/TRANSIT CENTER,40.560645,-74.171275
200461,RICHMOND AV/DRUMGOOLE RD EAST,40.559005,-74.169565
200462,RICHMOND AV/BARLOW AV,40.556676,-74.169104
200463,RICHMOND AV/LEVERETT AV,40.554914,-74.168649
200466,RICHMOND AV/KATAN AV,40.550244,-74.167605
200467,RICHMOND AV/MEMPHIS AV,40.548857,-74.167375
200468,RICHMOND AV/SERRELL AV,40.547528,-74.166684
200469,RICHMOND AV/WILSON AV,40.545092,-74.165753
200470,RICHMOND AV/ELTINGVILLE BLVD,40.544066,-74.1652
200471,RICHMOND AV/AMBOY RD,40.542948,-74.164003
200472,RICHMOND AV/OAKDALE ST,40.541199,-74.162365
200473,RICHMOND AV/SYCAMORE ST,40.539604,-74.160868
200474,RICHMOND AV/KOCH BLVD,40.53803,-74.159389
200475,RICHMOND AV/SHIRLEY AV,40.536964,-74.15839
200476,RICHMOND AV/KING ST,40.535112,-74.155659
200479,HYLAN BLVD/WINCHESTER AV,40.5356,-74.152275
200480,HYLAN BLVD/LITTLEFIELD AV,40.536515,-74.151212
200484,NELSON AV/HYLAN BLVD,40.542676,-74.146084
200486,NELSON AV/MONTICELLO TERR,40.545058,-74.14854
200487,NELSON AV/BELDEN ST,40.547411,-74.149822
200488,NELSON AV/AMBOY RD,40.549872,-74.150666
200490,GIFFORDS LN/KATAN AV,40.553552,-74.151193
200491,GIFFORDS LN/GIBSON AV,40.555681,-74.152216
200492,GIFFORDS LN/LEVERETT AV,40.557117,-74.152847
200496,ARTHUR KILL RD/GIFFORDS LN,40.563968,-74.155575
200507,RICHMOND RD/WILDER AV,40.573193,-74.134276
200508,RICHMOND RD/ALTOONA AV,40.57367,-74.131991
200509,RICHMOND RD/BISHOP ST,40.574758,-74.128692
200524,JEWETT AV/POST AV,40.631109,-74.130592
200525,JEWETT AV/KRAMER PL,40.62915,-74.130476
200526,JEWETT AV/FOREST AV,40.626456,-74.131328
200527,JEWETT AV/EGBERT AV,40.624608,-74.131955
200528,JEWETT AV/BURNSIDE AV,40.622865,-74.132193
200529,JEWETT AV/COLLEGE AV,40.620714,-74.131814
200530,JEWETT AV/THE BOULEVARD,40.618213,-74.131416
200531,JEWETT AV/WATERS AV,40.616594,-74.131265
200532,JEWETT AV/MARKHAM PL,40.615538,-74.13117
200533,JEWETT AV/WATCHOGUE RD,40.612975,-74.130866
200534,VICTORY BLVD/PERRY AV,40.612471,-74.129835
200535,VICTORY BLVD/MOUNTAINVIEW AV,40.612738,-74.12654
200536,VICTORY BLVD/LESTER ST,40.612897,-74.124494
200537,VICTORY BLVD/MANOR RD,40.613042,-74.122229
200538,VICTORY BLVD/TODT HILL RD,40.613306,-74.118905
200539,VICTORY BLVD/SLOSSON AV,40.613476,-74.116376
200540,VICTORY BLVD/LITTLE CLOVE RD,40.613735,-74.112945
200541,VICTORY BLVD/ALBERT ST,40.614121,-74.111033
200542,VICTORY BLVD/RENWICK AV,40.61486,-74.107562
200543,VICTORY BLVD/SENECA AV,40.61585,-74.104658
200544,VICTORY BLVD/CLOVE RD,40.616611,-74.102996
200545,VICTORY BLVD/GRAND AV,40.617665,-74.101529
200546,VICTORY BLVD/HIGHLAND AV,40.619819,-74.099368
200548,VICTORY BLVD/THERESA PL,40.624476,-74.093568
200549,VICTORY BLVD/EDDY ST,40.626759,-74.091341
200550,VICTORY BLVD/FOREST AV,40.630279,-74.088817
200551,VICTORY BLVD/AUSTIN PL,40.63248,-74.086809
200552,VICTORY BLVD/CEBRA AV,40.634207,-74.085435
200553,VICTORY BLVD/JERSEY ST,40.635624,-74.083859
200570,VICTORY BLVD/JERSEY ST,40.635817,-74.083683
200571,VICTORY BLVD/CEBRA AV,40.633858,-74.086001
200572,VICTORY BLVD/WOODSTOCK AV,40.631793,-74.08763
200573,VICTORY BLVD/FOREST AV,40.629856,-74.089431
200574,VICTORY BLVD/EDDY ST,40.626289,-74.091852
200575,VICTORY BLVD/THERESA PL,40.624042,-74.094414
200576,VICTORY BLVD/SILVER LAKE GOLF COURSE,40.622571,-74.096335
200579,VICTORY BLVD/MELROSE AV,40.617802,-74.101652
200580,VICTORY BLVD/CLOVE RD,40.616078,-74.104545
200582,VICTORY BLVD/ALBERT ST,40.614192,-74.111375
200583,VICTORY BLVD/LITTLE CLOVE RD,40.613821,-74.113636
200584,VICTORY BLVD/SLOSSON AV,40.613549,-74.117328
200585,VICTORY BLVD/BEECHWOOD PL,40.613279,-74.120303
200586,VICTORY BLVD/MANOR RD,40.613107,-74.123014
200590,JEWETT AV/KIMBALL AV,40.614929,-74.130877
200591,JEWETT AV/GOODWIN AV,40.616414,-74.131049
200592,JEWETT AV/KEIBER CT,40.618571,-74.131338
200593,JEWETT AV/COLLEGE AV,40.621337,-74.131797
200594,JEWETT AV/BURNSIDE AV,40.622558,-74.131998
200595,JEWETT AV/EGBERT AV,40.624425,-74.131868
200596,JEWETT AV/FOREST AV,40.626199,-74.131223
200597,JEWETT AV/HOLBERNT CT,40.629447,-74.130149
200598,JEWETT AV/POST AV,40.630769,-74.13037
200612,CLOVE RD/SCHOHARIE ST,40.614308,-74.101888
200614,HOWARD AV/CLOVE RD,40.612463,-74.098961
200616,HOWARD AV/WAGNER COLLEGE PLAZA,40.616133,-74.095109
200618,HOWARD AV/SIGNAL HILL RD,40.618563,-74.091142
200619,ARLO RD/HOWARD AV,40.619567,-74.090438
200620,ARLO RD/GRYMES HILL APARTMENTS,40.619982,-74.092665
200621,ARLO RD/STRATFORD RD,40.619759,-74.094469
200622,HOWARD AV/SETH CT,40.618179,-74.094099
200623,HOWARD AV/WAGNER STADIUM DRIVEWAY,40.616297,-74.095012
200624,HOWARD AV/CAMPUS RD,40.615671,-74.096534
200626,CLOVE RD/FOOTE AV,40.613422,-74.100349
200627,CLOVE RD/VAN CORTLANDT AV,40.614859,-74.102188
200646,CLOVE RD/BEMENT AV,40.620484,-74.10979
200652,CLOVE RD/MILFORD DR,40.610378,-74.097613
200660,HYLAN BLVD/NORWAY AV,40.598498,-74.08127
200661,HYLAN BLVD/LAMPORT BLVD,40.598406,-74.07912
200662,HYLAN BLVD/KRAMER ST,40.598016,-74.076208
200663,HYLAN BLVD/LINWOOD AV,40.597517,-74.073941
200664,HYLAN BLVD/SAND LN,40.598439,-74.072503
200678,MILFORD DR/OCEAN TERR,40.609843,-74.103913
200694,SAND LN/McCLEAN AV,40.597025,-74.070476
200695,SAND LN/HYLAN BLVD,40.598571,-74.071822
200696,HYLAN BLVD/FINGERBOARD RD,40.601531,-74.072656
200697,HYLAN BLVD/BIONIA AV,40.598046,-74.075832
200698,HYLAN BLVD/STEUBEN ST,40.598576,-74.078051
200699,HYLAN BLVD/ALLENDALE RD,40.598669,-74.079891
200700,HYLAN BLVD/CLOVE RD,40.598662,-74.081064
200708,NARROWS RD NORTH/RICHMOND RD,40.609731,-74.090733
200710,CLOVE RD/HOWARD AV,40.612715,-74.099516
200713,CLOVE RD/VICTORY BLVD,40.616595,-74.103516
200714,CLOVE RD/BEVERLY AV,40.617898,-74.104703
200715,CLOVE RD/CLOVE LAKE PARK,40.619515,-74.107501
200716,CLOVE RD/BEMENT AV,40.620945,-74.110313
200746,CLYDE PL/ARNOLD ST,40.638994,-74.090139
200747,FRANKLIN AV/PROSPECT AV,40.639698,-74.091097
200748,PROSPECT AV/PENDELTON PL,40.639683,-74.091957
200749,PROSPECT AV/LAFAYETTE AV,40.639383,-74.093657
200750,LAFAYETTE AV/ALDEN PL,40.636956,-74.093639
200751,LAFAYETTE AV/BRIGHTON AV,40.63567,-74.09265
200752,BRIGHTON AV/WEBSTER AV,40.635785,-74.089426
200753,BRIGHTON AV/JERSEY ST,40.637748,-74.087356
200754,JERSEY ST/HENDRICKS AV,40.64014,-74.087075
200755,JERSEY ST/LAYTON AV,40.641461,-74.086706
200756,JERSEY ST/CRESCENT AV,40.642399,-74.086498
200757,WESTERVELT AV/CRESCENT AV,40.64373,-74.084305
200758,WESTERVELT AV/HAMILTON AV,40.64571,-74.085746
200761,HAMILTON AV/SAINT MARKS PL,40.644717,-74.080703
200762,SAINT MARKS PL/WALL ST,40.643192,-74.079137
200763,SAINT MARKS PL/FORT PL,40.642337,-74.078441
200764,HYATT ST/CENTRAL AV,40.641819,-74.077132
200765,SLOSSON TERR/BAY ST,40.63955,-74.075825
200771,BRIGHTON AV/LAFAYETTE AV,40.635494,-74.092423
200775,BRIGHTON AV/CASTLETON AV,40.634098,-74.09719
200779,SLOSSON TERR/BAY ST,40.639632,-74.076139
200780,CENTRAL AV/HYATT ST,40.641841,-74.076941
200781,SAINT MARKS PL/HYATT ST,40.641955,-74.078008
200782,SAINT MARKS PL/WALL ST,40.643684,-74.079329
200783,SAINT MARKS PL/HAMILTON AV,40.645091,-74.080433
200784,SAINT MARKS PL/NICHOLAS ST,40.646191,-74.081804
200785,WESTERVELT AV/SAINT MARKS PL,40.646393,-74.08655
200786,WESTERVELT AV/CLEVELAND ST,40.644665,-74.085164
200787,CRESCENT AV/WESTERVELT AV,40.643348,-74.084503
200791,JERSEY ST/BRIGHTON AV,40.63815,-74.087552
200792,BRIGHTON AV/PINE ST,40.63698,-74.088685
200793,BRIGHTON AV/WEBSTER AV,40.635766,-74.089635
200795,LAFAYETTE AV/ALDEN PL,40.637577,-74.093669
200796,LAFAYETTE AV/PROSPECT AV,40.638921,-74.09397
200797,PROSPECT AV/PENDELTON PL,40.639502,-74.092202
200798,PROSPECT AV/FRANKLIN AV,40.639744,-74.091034
200820,MORNINGSTAR RD/FOREST  AV,40.625734,-74.148555
200821,MORNINGSTAR RD/BOWLES AV,40.627754,-74.147989
200822,MORNINGSTAR RD/ST ADALBERT PL,40.629621,-74.147384
200823,MORNINGSTAR RD/WALKER ST,40.63103,-74.146901
200836,POST AV/DECKER AV,40.632123,-74.132938
200837,POST AV/JEWETT AV,40.630954,-74.130779
200838,POST AV/GREENLEAF AV,40.631096,-74.127731
200839,POST AV/CLOVE RD,40.631602,-74.125066
200840,CARY AV/TAYLOR ST,40.631887,-74.122937
200841,CARY AV/ELIZABETH ST,40.632175,-74.120506
200842,CARY AV/CAROLINE ST,40.632327,-74.119245
200843,CARY AV/BROADWAY,40.63264,-74.116408
200844,CARY AV/NORTH BURGHER AV,40.632845,-74.114379
200845,CARY AV/BEMENT AV,40.633185,-74.112034
200846,BEMENT AV/CASTLETON AV,40.634629,-74.11213
200847,BEMENT AV/HENDERSON AV,40.637398,-74.1127
200848,HENDERSON AV/PELTON AV,40.63766,-74.111097
200850,HENDERSON AV/BARD AV,40.638274,-74.107736
200853,HENDERSON AV/DEVON PL,40.639683,-74.101642
200855,HENDERSON AV/LAFAYETTE AV,40.64065,-74.095176
200856,LAFAYETTE AV/CASSIDY PL,40.641737,-74.094983
200857,LAFAYETTE AV/FILLMORE ST,40.643139,-74.09541
200858,LAFAYETTE AV/RICHMOND TERR,40.644459,-74.095794
200878,LAFAYETTE AV/RICHMOND TERR,40.644492,-74.095956
200879,LAFAYETTE AV/FILLMORE ST,40.643507,-74.09567
200880,LAFAYETTE AV/CASSIDY PL,40.642305,-74.095308
200881,LAFAYETTE AV/HENDERSON AV,40.641114,-74.094946
200884,HENDERSON AV/WESTBURY AV,40.639303,-74.103703
200886,HENDERSON AV/BARD AV,40.638762,-74.107024
200888,HENDERSON AV/PELTON AV,40.637834,-74.110467
200889,HENDERSON AV/BEMENT AV,40.637634,-74.112337
200890,BEMENT AV/CASTLETON AV,40.634886,-74.112417
200891,BEMENT AV/CARY AV,40.633363,-74.112052
200892,CARY AV/NORTH BURGHER AV,40.63306,-74.114051
200893,CARY AV/BROADWAY,40.632686,-74.116922
200894,CARY AV/CAROLINE ST,40.632453,-74.119076
200895,CARY AV/ELIZABETH ST,40.632282,-74.120654
200896,CARY AV/TAYLOR ST,40.63203,-74.122703
200897,CARY AV/CLOVE RD,40.631778,-74.124796
200898,POST AV/DRIPROCK ST,40.631201,-74.127832
200899,POST AV/JEWETT AV,40.630918,-74.130383
200900,POST AV/DECKER AV,40.632347,-74.133124
200902,PORT RICHMOND AV/ALBION PL,40.634463,-74.135639
200915,MORNINGSTAR RD/DAVID PL,40.629588,-74.147521
200916,MORNINGSTAR RD/DIXON AV,40.628412,-74.147891
200930,RICHMOND AV/RIVINGTON AV,40.596999,-74.162512
200966,MAIN ST/AMBOY RD,40.508896,-74.246881
200967,MAIN ST/HYLAN BLVD,40.504238,-74.245304
200968,HYLAN BLVD/BRIGHTON ST,40.504403,-74.243602
200969,HYLAN BLVD/YETMAN AV,40.504718,-74.241732
200970,HYLAN BLVD/SPRAGUE AV,40.505398,-74.23832
200971,HYLAN BLVD/JOLINE AV,40.506066,-74.235065
200972,HYLAN BLVD/BEDELL AV,40.506616,-74.233144
200973,HYLAN BLVD/PAGE AV,40.507721,-74.229574
200974,HYLAN BLVD/RICHARD AV,40.508479,-74.223919
200977,HYLAN BLVD/SHARROTT AV,40.511529,-74.210537
200978,HYLAN BLVD/WOODVALE AV,40.514224,-74.206334
200979,HYLAN BLVD/BAY VIEW AV,40.516456,-74.20287
200980,HYLAN BLVD/INEZ ST,40.518341,-74.19983
200981,HYLAN BLVD/SEGUINE AV,40.519069,-74.196924
200982,HYLAN BLVD/CORNELIA AV,40.522434,-74.190069
200983,HYLAN BLVD/LUTEN AV,40.523239,-74.187831
200984,HYLAN BLVD/HUGUENOT AV,40.523864,-74.186222
200985,HYLAN BLVD/ARBUTUS AV,40.526112,-74.179929
200987,HYLAN BLVD/POILLON AV,40.526623,-74.174387
200988,HYLAN BLVD/DOLE ST,40.526571,-74.172639
200991,HYLAN BLVD/BARCLAY AV,40.526966,-74.166834
200992,HYLAN BLVD/HOLDRIDGE AV,40.527952,-74.164466
200993,HYLAN BLVD/ARDEN AV,40.529426,-74.160937
200994,HYLAN BLVD/WOODS OF ARDEN RD,40.530671,-74.158116
200995,HYLAN BLVD/HALES AV,40.532274,-74.155706
201003,HYLAN BLVD/NELSON AV,40.542586,-74.145566
201005,HYLAN BLVD/HILLSIDE TERR,40.545568,-74.142352
201006,HYLAN BLVD/GREAT KILLS RD,40.546558,-74.141026
201007,HYLAN BLVD/FIELDWAY AV,40.548023,-74.139061
201008,HYLAN BLVD/KEEGANS LN,40.549747,-74.136899
201009,HYLAN BLVD/REDGRAVE AV,40.551369,-74.134189
201010,HYLAN BLVD/BAY TERR,40.552493,-74.132806
201011,HYLAN BLVD/JUSTIN AV,40.553499,-74.131549
201012,HYLAN BLVD/BUFFALO ST,40.556809,-74.127636
201013,HYLAN BLVD/CHESTERTON AV,40.55801,-74.126335
201014,HYLAN BLVD/MONTREAL AV,40.5591,-74.12515
201016,HYLAN BLVD/GUYON AV,40.560575,-74.119668
201017,HYLAN BLVD/OAK AV,40.562298,-74.117828
201020,HYLAN BLVD/EBBITTS ST,40.566683,-74.113387
201022,HYLAN BLVD/JACQUES AV,40.570901,-74.109122
201023,HYLAN BLVD/BURBANK AV,40.572257,-74.107785
201026,HYLAN BLVD/ELMTREE AV,40.574722,-74.105309
201028,HYLAN BLVD/MIDLAND AV,40.578249,-74.101942
201029,HYLAN BLVD/HAMDEN AV,40.579307,-74.10069
201030,HYLAN BLVD/ADAMS AV,40.580313,-74.099417
201031,HYLAN BLVD/JEFFERSON AV,40.581393,-74.098058
201032,HYLAN BLVD/SEAVER AV,40.583297,-74.095663
201033,HYLAN BLVD/NAUGHTON AV,40.584095,-74.094779
201034,HYLAN BLVD/BUEL AV,40.58541,-74.092998
201036,HYLAN BLVD/CROMWELL AV,40.587827,-74.090773
201037,HYLAN BLVD/DELAWARE AV,40.589217,-74.089554
201038,HYLAN BLVD/EVERGREEN AV,40.59125,-74.087864
201039,HYLAN BLVD/BENTON AV,40.592466,-74.087146
201042,HYLAN BLVD/PARKINSON AV,40.597909,-74.083446
201049,HYLAN BLVD/FINGERBOARD RD,40.601639,-74.072515
201050,HYLAN BLVD/PIEDMONT AV,40.602749,-74.074123
201052,HYLAN BLVD/NARROWS RD SOUTH,40.605294,-74.076561
201053,HYLAN BLVD/DONLEY AV,40.607606,-74.07621
201054,HYLAN BLVD/REYNOLDS ST,40.6098,-74.074304
201055,HYLAN BLVD/TOMPKINS AV,40.611466,-74.071248
201059,TOMPKINS AV/TOWNSEND AV,40.618421,-74.07543
201060,TOMPKINS AV/VANDERBILT AV,40.620475,-74.077147
201061,TOMPKINS AV/HILL ST,40.622319,-74.078338
201062,TOMPKINS AV/BROAD ST,40.624503,-74.079461
201064,VAN DUZER ST/BEACH ST,40.629186,-74.079427
201066,VAN DUZER ST/GRANT ST,40.633728,-74.076348
201077,SAINT PAULS AV/VAN DUZER ST,40.637363,-74.0781
201078,SAINT PAULS AV/SWAN ST,40.634613,-74.078608
201080,SAINT PAULS AV/CEBRA AV,40.630414,-74.081356
201081,BEACH ST/VAN DUZER ST,40.628968,-74.079902
201082,BEACH ST/UNION PL,40.62776,-74.07766
201083,CANAL ST/WRIGHT ST,40.626856,-74.07806
201084,TOMPKINS AV/BROAD ST,40.624297,-74.079529
201085,TOMPKINS AV/HILL ST,40.621647,-74.078175
201086,TOMPKINS AV/VANDERBILT AV,40.620231,-74.077111
201087,TOMPKINS AV/TOWNSEND AV,40.61864,-74.075755
201088,TOMPKINS AV/CHESTNUT AV,40.615306,-74.073449
201090,HYLAN BLVD/VAUGHN ST,40.611311,-74.071835
201092,HYLAN BLVD/DONLEY AV,40.607693,-74.07701
201093,OLGA PL/POUCH TERR,40.603911,-74.076289
201094,HYLAN BLVD/PIEDMONT AV,40.602735,-74.074458
201096,HYLAN BLVD/WEST FINGERBOARD RD,40.600205,-74.072159
201102,HYLAN BLVD/PARKINSON AV,40.597826,-74.084157
201104,HYLAN BLVD/REID AV,40.593833,-74.08686
201105,HYLAN BLVD/COOPER AV,40.592515,-74.087409
201106,HYLAN BLVD/BURGHER AV,40.590456,-74.088709
201107,HYLAN BLVD/DELAWARE AV,40.588843,-74.09015
201108,HYLAN BLVD/CROMWELL AV,40.587445,-74.09146
201109,HYLAN BLVD/SEAVIEW AV,40.586369,-74.092337
201110,HYLAN BLVD/BUEL AV,40.58508,-74.093786
201112,HYLAN BLVD/SEAVER AV,40.58292,-74.096512
201113,HYLAN BLVD/JEFFERSON AV,40.581093,-74.098806
201114,HYLAN BLVD/ADAMS AV,40.580046,-74.100126
201115,HYLAN BLVD/HAMDEN AV,40.578991,-74.101453
201117,HYLAN BLVD/LINCOLN AV,40.57629,-74.104087
201118,HYLAN BLVD/BANCROFT AV,40.574208,-74.106168
201119,HYLAN BLVD/OTIS AV,40.573062,-74.107318
201120,HYLAN BLVD/BURBANK AV,40.571947,-74.108443
201121,HYLAN BLVD/NEW DORP LN,40.57029,-74.110121
201122,HYLAN BLVD/ROSE AV,40.56915,-74.111257
201123,HYLAN BLVD/STERLING AV,40.568029,-74.112403
201124,HYLAN BLVD/LINDBERGH AV,40.566858,-74.113582
201125,HYLAN BLVD/CANNON BLVD,40.565169,-74.115267
201126,HYLAN BLVD/TYSENS LN,40.56374,-74.116769
201127,HYLAN BLVD/OAK AV,40.561954,-74.118547
201128,HYLAN BLVD/GUYON AV,40.560209,-74.120441
201129,HYLAN BLVD/CHAMPLAIN AV,40.559686,-74.124305
201130,HYLAN BLVD/MONTREAL AV,40.558757,-74.125883
201131,HYLAN BLVD/CURRIE AV,40.557443,-74.127331
201132,HYLAN BLVD/BUFFALO ST,40.556396,-74.12847
201133,HYLAN BLVD/JUSTIN AV,40.553465,-74.131975
201134,HYLAN BLVD/BAY TERR,40.55218,-74.133575
201135,HYLAN BLVD/REDGRAVE AV,40.551179,-74.13498
201136,HYLAN BLVD/KEEGANS LN,40.549433,-74.137805
201137,HYLAN BLVD/FIELDWAY AV,40.547671,-74.13991
201138,HYLAN BLVD/GREAT KILLS RD,40.546296,-74.141767
201139,HYLAN BLVD/HILLSIDE TERR,40.545287,-74.143082
201141,HYLAN BLVD/NELSON AV,40.542228,-74.146245
201171,HYLAN BLVD/HALES AV,40.531933,-74.156353
201172,HYLAN BLVD/WOODS OF ARDEN RD,40.530442,-74.158917
201173,HYLAN BLVD/ARDEN AV,40.529268,-74.161726
201174,HYLAN BLVD/HOLDRIDGE AV,40.527836,-74.165297
201175,HYLAN BLVD/BARCLAY AV,40.526861,-74.167679
201177,HYLAN BLVD/LIPSETT AV,40.526768,-74.172582
201178,HYLAN BLVD/POILLON AV,40.526852,-74.175229
201179,HYLAN BLVD/WENDY DR,40.526797,-74.178264
201181,HYLAN BLVD/HUGUENOT AV,40.523955,-74.186502
201182,HYLAN BLVD/LUTEN AV,40.52312,-74.188649
201183,HYLAN BLVD/CORNELIA AV,40.522524,-74.190444
201184,HYLAN BLVD/SEGUINE AV,40.519247,-74.196959
201185,HYLAN BLVD/INEZ ST,40.518327,-74.200315
201186,HYLAN BLVD/BAYVIEW AV,40.516802,-74.202702
201187,HYLAN BLVD/WOODVALE AV,40.514278,-74.206589
201188,HYLAN BLVD/SHARROTT AV,40.51189,-74.210275
201189,HYLAN BLVD/KENNY RD,40.509762,-74.217924
201190,HYLAN BLVD/CUNNINGHAM RD,40.509054,-74.221357
201191,HYLAN BLVD/RICHARD AV,40.508721,-74.223579
201192,HYLAN BLVD/PAGE AV,40.507871,-74.229898
201193,HYLAN BLVD/BEDELL AV,40.506862,-74.232957
201194,HYLAN BLVD/JOLINE AV,40.5063,-74.234779
201195,HYLAN BLVD/SPRAGUE AV,40.505648,-74.238013
201196,HYLAN BLVD/BRIGHTON ST,40.504577,-74.243353
201198,HYLAN BLVD/CARTERET ST,40.503864,-74.246918
201220,FINGERBOARD RD/HYLAN BLVD,40.601572,-74.071933
201221,FINGERBOARD RD/CLEVELAND PL,40.603262,-74.069327
201222,FINGERBOARD RD/LINCOLN PL,40.604736,-74.068781
201223,FINGERBOARD RD/TOMPKINS AV,40.606905,-74.067173
201224,TOMPKINS AV/BELAIR RD,40.609076,-74.069016
201225,TOMPKINS AV/HYLAN BLVD,40.611287,-74.070913
201235,BEACH ST/VAN DUZER ST,40.628843,-74.079405
201236,CEBRA AV/SAINT PAULS AV,40.63062,-74.08163
201237,CEBRA AV/WARD AV,40.632534,-74.083621
201238,CEBRA AV/VICTORY BLVD,40.633974,-74.085579
201241,JERSEY ST/SCRIBNER AV,40.637791,-74.086964
201256,RICHMOND TERR/SAINT GEORGE FERRY,40.643256,-74.075799
201269,JERSEY ST/CASTLETON AV,40.636469,-74.085514
201271,CEBRA AV/VICTORY BLVD,40.63396,-74.085907
201272,CEBRA AV/WARD AV,40.632013,-74.083267
201273,CEBRA AV/SAINT PAULS AV,40.630532,-74.081745
201282,TOMPKINS AV/SAINT MARYS AV,40.613787,-74.072302
201283,TOMPKINS AV/HYLAN BLVD,40.611259,-74.071111
201284,TOMPKINS AV/BELAIR RD,40.609438,-74.069481
201285,TOMPKINS AV/FINGERBOARD RD,40.607014,-74.067295
201286,FINGERBOARD RD/LINCOLN PL,40.604894,-74.068947
201288,FINGERBOARD RD/GRASMERE DR,40.60188,-74.071663
201289,SAND LN/HYLAN BLVD,40.598237,-74.072091
201291,McCLEAN AV/LINWOOD AV,40.59611,-74.072528
201294,McCLEAN AV/MALLORY AV,40.594284,-74.078172
201315,DECKER AV/PALMER AV,40.630499,-74.134737
201316,DECKER AV/CATHERINE ST,40.628544,-74.137093
201317,DECKER AV/BEEKMAN ST,40.627544,-74.138197
201318,DECKER AV/HAGAMAN PL,40.625919,-74.140175
201319,DECKER AV/FOREST AV,40.624775,-74.141638
201320,WILLOWBROOK RD/FOREST AV,40.624682,-74.144142
201321,WILLOWBROOK RD/HOUSTON ST,40.622636,-74.144408
201322,WILLOWBROOK RD/VEDDER AV,40.620783,-74.144652
201323,WILLOWBROOK RD/DEVENS ST,40.61918,-74.14494
201324,WILLOWBROOK RD/WATCHOGUE RD,40.617053,-74.145202
201325,WATCHOGUE RD/CRYSTAL AV,40.616491,-74.142053
201326,WATCHOGUE RD/GLASCOE AV,40.616277,-74.140468
201356,BRADLEY AV/PURDY AV,40.610377,-74.132449
201357,BRADLEY AV/NORTH GANNON AV,40.607892,-74.132178
201358,BRADLEY AV/WESTWOOD AV,40.605696,-74.131925
201359,BRADLEY AV/WILLOWBROOK RD,40.603798,-74.13164
201360,BRADLEY AV/HAROLD ST,40.601525,-74.131362
201363,BRIELLE AV/ROANOKE ST,40.597129,-74.133157
201366,BRIELLE AV/ROCKLAND AV,40.589135,-74.138714
201369,ROCKLAND AV/MEISNER AV,40.582631,-74.130374
201370,ROCKLAND AV/NEVADA AV,40.579634,-74.127528
201373,RICHMOND RD/SUMMIT AV,40.575771,-74.124209
201374,RICHMOND RD/ROSE AV,40.575159,-74.121274
201375,ROSE AV/3 ST,40.574137,-74.119508
201378,NEW DORP LN/3 ST,40.57525,-74.118596
201380,AMBOY RD/OAKLEY PL,40.573929,-74.121819
201382,AMBOY RD/BELFAST AV,40.570244,-74.123108
201383,AMBOY RD/TYSENS LN,40.568765,-74.125308
201385,GUYON AV/AMBOY RD,40.565068,-74.129667
201387,GUYON AV/SOUTH RAILROAD AV,40.564451,-74.126909
201388,GUYON AV/TARRING ST,40.563301,-74.125007
201389,GUYON AV/WHITEHALL ST,40.56241,-74.123515
201390,GUYON AV/CLAWSON ST,40.561081,-74.121317
201422,VICTORY BLVD/JEWETT AV,40.612624,-74.130404
201427,WATCHOGUE RD/GLASCOE AV,40.616517,-74.141095
201428,WATCHOGUE RD/CRYSTAL AV,40.61671,-74.142659
201429,WATCHOGUE RD/WILLOWBROOK RD,40.617031,-74.144975
201430,WILLOWBROOK RD/LEONARD AV,40.619134,-74.144703
201431,WILLOWBROOK RD/LATHROP AV,40.620278,-74.144554
201432,WILLOWBROOK RD/COLLEGE AV,40.622815,-74.14421
201433,WILLOWBROOK RD/FOREST AV,40.624863,-74.143937
201434,DECKER AV/FOREST AV,40.62499,-74.141016
201435,DECKER AV/HAGAMAN PL,40.626244,-74.139545
201436,DECKER AV/BARRETT AV,40.627431,-74.138052
201437,DECKER AV/CATHERINE ST,40.628805,-74.136452
201448,GUYAN AV/SOUTH RAILROAD AV,40.564699,-74.127052
201450,AMBOY RD/EAST BROADWAY,40.567913,-74.126422
201451,AMBOY RD/TYSENS LN,40.569089,-74.124553
201453,AMBOY RD/BEACH AV,40.571635,-74.121401
201455,ROSE AV/3 ST,40.57408,-74.119382
201459,RICHMOND RD/NEW DORP LN,40.575927,-74.119378
201460,RICHMOND RD/BEACON AV,40.575876,-74.123291
201462,ROCKLAND AV/SAINT GEORGE RD,40.577467,-74.12716
201463,ROCKLAND AV/NEVADA AV,40.579709,-74.127388
201464,ROCKLAND AV/FLORIDA TERR,40.581074,-74.128456
201465,ROCKLAND AV/MANOR RD,40.583109,-74.130591
201473,BRADLEY AV/BRIELLE AV,40.599082,-74.130782
201474,BRADLEY AV/PORTAGE AV,40.600255,-74.131003
201476,BRADLEY AV/HOLDEN BLVD,40.603891,-74.131485
201477,BRADLEY AV/WESTWOOD AV,40.605374,-74.131633
201480,BRADLEY AV/VICTORY BLVD,40.612308,-74.132204
201484,FOREST AV/HARBOR PLAZA,40.626756,-74.163492
201485,FOREST AV/AMITY PL,40.626466,-74.160775
201488,FOREST AV/EUNICE PL,40.625433,-74.15241
201489,FOREST AV/SANDERS ST,40.625277,-74.150941
201492,FOREST AV/CRYSTAL AV,40.624548,-74.141418
201493,FOREST AV/TARGET,40.62426,-74.139166
201494,FOREST AV/LIVERMORE AV,40.624171,-74.137473
201495,FOREST AV/BURNSIDE AV,40.625423,-74.135134
201496,FOREST AV/HAMLIN PL,40.626309,-74.13301
201497,FOREST AV/JEWETT AV,40.626273,-74.130921
201498,FOREST AV/DUBOIS AV,40.626591,-74.128378
201499,FOREST AV/MANOR RD,40.627015,-74.125302
201500,FOREST AV/RAYMOND PL,40.627192,-74.123741
201501,FOREST AV/CLOVE RD,40.627727,-74.12129
201502,FOREST AV/ELIZABETH ST,40.628578,-74.119159
201503,FOREST AV/BROADWAY,40.628858,-74.116321
201504,FOREST AV/NORTH BURGHER AV,40.629204,-74.113461
201505,FOREST AV/BEMENT AV,40.629678,-74.110893
201506,FOREST AV/PELTON AV,40.630043,-74.108916
201508,FOREST AV/SHARON AV,40.630899,-74.102342
201509,FOREST AV/HART BLVD,40.631203,-74.10012
201510,FOREST AV/UNIVERSITY PL,40.63135,-74.099115
201511,FOREST AV/SILVER LAKE PARK,40.631591,-74.095588
201512,FOREST AV/HAVEN ESPLANADE,40.631089,-74.092932
201513,FOREST AV/VICTORY BLVD,40.630411,-74.089397
201525,SOUTH AV/ARLINGTON PL,40.636117,-74.166098
201542,FOREST AV/OXFORD PL,40.630592,-74.089527
201543,FOREST AV/HAVEN ESPLANADE,40.631297,-74.093354
201545,FOREST AV/RANDALL AV,40.631457,-74.09927
201546,FOREST AV/HART BLVD,40.631205,-74.100959
201547,FOREST AV/WALBROOKE AV,40.63094,-74.103059
201548,FOREST AV/BARD AV,40.630666,-74.105476
201549,FOREST AV/PELTON AV,40.630133,-74.109103
201550,FOREST AV/BEMENT AV,40.629664,-74.111646
201551,FOREST AV/NORTH BURGHER AV,40.629289,-74.113742
201552,FOREST AV/BROADWAY,40.629042,-74.115975
201553,FOREST AV/ELIZABETH ST,40.628836,-74.118857
201554,FOREST AV/CLOVE RD,40.627939,-74.121161
201556,FOREST AV/MANOR RD,40.627172,-74.125011
201557,FOREST AV/DUBOIS AV,40.626743,-74.12818
201558,FOREST AV/JEWETT AV,40.626414,-74.132081
201560,FOREST AV/BARRETT AV,40.625137,-74.135801
201561,FOREST AV/MARIANNE ST,40.624294,-74.138143
201562,FOREST AV/DECKER AV,40.624636,-74.141152
201563,FOREST AV/WILLOWBROOK RD,40.62506,-74.144481
201566,FOREST AV/SANDERS ST,40.625486,-74.151311
201567,FOREST AV/SIMONSON AV,40.625721,-74.153496
201568,FOREST AV/VAN PELT AV,40.626063,-74.156206
201569,FOREST AV/UNION AV,40.626357,-74.158231
201570,FOREST AV/HARBOR RD,40.626658,-74.160923
201571,FOREST AV/HARBOR PLAZA,40.62703,-74.163824
201572,FOREST AV/GRANDVIEW AV,40.627179,-74.165143
201574,SOUTH AV/NETHERLAND AV,40.629326,-74.166305
201576,SOUTH AV/BRABANT ST,40.632052,-74.166228
201593,RICHMOND RD/MIDLAND AV,40.582242,-74.109888
201595,RICHMOND RD/HULL AV,40.585561,-74.105592
201596,RICHMOND RD/SEAVER AV,40.587248,-74.103622
201597,RICHMOND RD/DONGAN HILLS AV,40.588965,-74.101749
201598,RICHMOND RD/SEAVIEW AV,40.59128,-74.100852
201600,RICHMOND RD/RARITAN AV,40.594606,-74.098376
201601,RICHMOND RD/BURGHER AV,40.595474,-74.096858
201602,RICHMOND RD/MARK ST,40.596322,-74.094497
201604,RICHMOND RD/HUNTON ST,40.598413,-74.0919
201605,TARGEE ST/WEST FINGERBOARD RD,40.600183,-74.09151
201606,TARGEE ST/ROME AV,40.602009,-74.091307
201608,TARGEE ST/BALTIC AV,40.605822,-74.090891
201609,TARGEE ST/CLOVE RD,40.607445,-74.089593
201611,TARGEE ST/STEUBEN ST,40.610909,-74.086061
201612,TARGEE ST/PALMA DR,40.612359,-74.085058
201613,TARGEE ST/SOBEL CT,40.613883,-74.084703
201615,VANDERBILT AV/ROFF ST,40.616223,-74.083115
201616,VANDERBILT AV/OSGOOD AV,40.61789,-74.080761
201617,VANDERBILT AV/PARK HILL LN,40.618676,-74.079634
201623,VAN DUZER ST/BALTIC ST,40.631797,-74.077315
201630,HYLAN BLVD/LINCOLN AV,40.576815,-74.103316
201638,BAY ST/SANDS ST,40.629336,-74.076689
201644,VANDERBILT AV/PLEASANT PL,40.618769,-74.079753
201645,VANDERBILT AV/OSGOOD AV,40.61762,-74.081448
201646,VANDERBILT AV/IRVING PL,40.61642,-74.083071
201647,VANDERBILT AV/HILLSIDE AV,40.61498,-74.085133
201648,VANDERBILT AV/VAN DUZER ST,40.61359,-74.086918
201649,RICHMOND RD/LONGVIEW RD,40.611794,-74.088349
201650,RICHMOND RD/NARROWS RD SOUTH,40.60889,-74.09078
201651,RICHMOND RD/DOUGLAS RD,40.607187,-74.092384
201653,RICHMOND RD/SPRING ST,40.602935,-74.092738
201654,RICHMOND RD/ROME AV,40.601555,-74.092938
201655,RICHMOND RD/TARGEE ST,40.599703,-74.092042
201656,RICHMOND RD/HUNTON ST,40.598305,-74.092199
201658,RICHMOND RD/MARK ST,40.596258,-74.095235
201659,RICHMOND RD/BURGHER AV,40.595224,-74.09761
201662,RICHMOND RD/FOUR CORNERS RD,40.59058,-74.10093
201663,RICHMOND RD/BUEL AV,40.589089,-74.101839
201664,RICHMOND RD/STROBE AV,40.587184,-74.103899
201665,RICHMOND RD/HULL AV,40.585168,-74.106279
201680,MIDLAND AV/FATHER CAPODANNO BLVD,40.570823,-74.09053
201684,BRIELLE AV/BRADLEY AV,40.59859,-74.130348
201685,BRIELLE AV/LIVINGSTON AV,40.598342,-74.128154
201686,BRIELLE AV/GANSEVOORT BLVD,40.598076,-74.125586
201687,BRIELLE AV/MANOR RD,40.598993,-74.123273
201688,MANOR RD/OCEAN TERR,40.602056,-74.120549
201689,MANOR RD/CROAK AV,40.603299,-74.120569
201690,MANOR RD/TILLMAN ST,40.604831,-74.120741
201691,MANOR RD/WESTWOOD AV,40.60667,-74.120845
201692,MANOR RD/SCHMIDTS LN,40.608712,-74.121054
201693,MANOR RD/NORTH GANNON AV,40.610497,-74.121388
201694,MANOR RD/VICTORY BLVD,40.612951,-74.122452
201695,MANOR RD/DONGAN AV,40.614544,-74.122517
201696,MANOR RD/STURGES ST,40.615879,-74.123101
201697,MANOR RD/RICE AV,40.617273,-74.123503
201698,MANOR RD/DRAKE AV,40.619038,-74.123261
201699,MANOR RD/MARTLING AV,40.621293,-74.123751
201700,MANOR RD/KINGSLEY AV,40.622567,-74.1243
201701,MANOR RD/CURTIS AV,40.624636,-74.124678
201711,BROADWAY/HENDERSON AV,40.63686,-74.117441
201712,BROADWAY/WAYNE ST,40.63795,-74.11754
201713,WAYNE ST/NORTH BURGHER AV,40.638243,-74.115277
201719,BROADWAY/WAYNE ST,40.638158,-74.11776
201720,BROADWAY/HENDERSON AV,40.636652,-74.117696
201721,BROADWAY/CASTLETON AV,40.634711,-74.117365
201730,MANOR RD/RAVENHURST AV,40.623763,-74.124792
201731,MANOR RD/KINGSLEY AV,40.622009,-74.124291
201732,MANOR RD/MAINE AV,40.620679,-74.123709
201733,MANOR RD/CONSTANT AV,40.619296,-74.123512
201734,MANOR RD/JOAN PL,40.617558,-74.123732
201735,MANOR RD/CROWELL AV,40.616077,-74.123461
201736,MANOR RD/DONGAN AV,40.614653,-74.122782
201737,MANOR RD/VICTORY BLVD,40.6132,-74.122715
201738,MANOR RD/NORTH GANNON AV,40.609994,-74.121414
201739,MANOR RD/SCHMIDTS LN,40.608528,-74.121205
201740,MANOR RD/WESTWOOD AV,40.606466,-74.121007
201741,MANOR RD/HOLDEN BLVD,40.604287,-74.120942
201742,MANOR RD/QUEEN ST,40.602709,-74.120824
201743,MANOR RD/HAROLD ST,40.601575,-74.120757
201744,BRIELLE AV/GOWER ST,40.599336,-74.123075
201745,BRIELLE AV/GANSEVOORT BLVD,40.598213,-74.125675
201746,BRIELLE AV/LIVINGSTON AV,40.598488,-74.12787
201747,BRIELLE AV/BRADLEY AV,40.598699,-74.130557
201754,GUYON AV/CLAWSON ST,40.561295,-74.121414
201755,GUYON AV/ELMIRA ST,40.562416,-74.123241
201756,GUYON AV/TARRING ST,40.563761,-74.125461
201758,AMBOY RD/GUYON AV,40.565454,-74.129785
201933,VICTORY BLVD/FELDMEYERS LN,40.588544,-74.19586
201934,VICTORY BLVD/ALBERTA AV,40.590881,-74.19196
201936,VICTORY BLVD/BURKE AV,40.593141,-74.188114
201940,VICTORY BLVD/BARON BLVD,40.597272,-74.181624
201942,VICTORY BLVD/TRAVIS AV,40.599621,-74.17837
201943,VICTORY BLVD/TRAVIS AV FUN STATION,40.600817,-74.176727
201944,VICTORY BLVD/SIGNS RD,40.603669,-74.173051
201946,VICTORY BLVD/LISA PL,40.606133,-74.167983
201947,VICTORY BLVD/ARLENE ST,40.60676,-74.165474
201948,VICTORY BLVD/RICHMOND AV (FAR),40.607246,-74.161211
201949,VICTORY BLVD/GOLLER PL,40.60762,-74.159051
201950,VICTORY BLVD/MORANI ST,40.608078,-74.156841
201951,VICTORY BLVD/WILLOWBROOK PK,40.608684,-74.15377
201959,VICTORY BLVD/NORTH GANNON AV,40.609504,-74.149666
201960,VICTORY BLVD/NEPTUNE PL,40.609783,-74.148234
201961,VICTORY BLVD/WILLOWBROOK RD,40.610189,-74.146477
201962,VICTORY BLVD/DECATUR AV,40.610565,-74.144594
201964,VICTORY BLVD/MARTIN AV,40.611512,-74.139824
201965,VICTORY BLVD/SHERADEN AV,40.611838,-74.138092
202022,VICTORY BLVD/MANN AV,40.612437,-74.13313
202025,VICTORY BLVD/OCONNOR AV,40.611995,-74.138031
202026,VICTORY BLVD/LIVERMORE AV,40.611473,-74.140616
202027,VICTORY BLVD/CRYSTAL AV,40.61092,-74.143453
202028,VICTORY BLVD/BRYSON AV,40.610517,-74.145451
202029,VICTORY BLVD/WILLOWBROOK RD,40.610152,-74.147413
202039,VICTORY BLVD/MORANI ST,40.608055,-74.157781
202040,VICTORY BLVD/GOLLER PL,40.607632,-74.159883
202041,VICTORY BLVD/RICHMOND AV,40.607219,-74.162922
202042,VICTORY BLVD/ARLENE ST,40.606704,-74.166281
202043,VICTORY BLVD/GRAHAM AV,40.605587,-74.169627
202044,VICTORY BLVD/SIGNS RD,40.603366,-74.17368
202047,VICTORY BLVD/TRAVIS AV,40.599535,-74.178715
202048,VICTORY BLVD/SHENANDOAH AV,40.598392,-74.180341
202049,VICTORY BLVD/BARON BLVD,40.597249,-74.181932
202051,VICTORY BLVD/CANNON AV,40.595152,-74.184904
202052,VICTORY BLVD/LEROY ST,40.594214,-74.186511
202053,VICTORY BLVD/BURKE AV,40.593229,-74.188259
202054,VICTORY BLVD/WILD AV,40.591759,-74.190753
202055,VICTORY BLVD/GLEN ST,40.590585,-74.192801
202056,VICTORY BLVD/FELDMEYERS LN,40.588782,-74.19574
202057,VICTORY BLVD/CON EDISON,40.587632,-74.197729
202066,ARTHUR KILL RD/YETMAN AV,40.513577,-74.247353
202067,ARTHUR KILL RD/WOOD AV,40.514574,-74.245867
202068,ARTHUR KILL RD/ARTHUR KILL STATION,40.516004,-74.242632
202069,ARTHUR KILL RD/NASSAU PL,40.519025,-74.240086
202073,ARTHUR KILL RD/VETERANS RD WEST,40.528511,-74.239275
202076,ARTHUR KILL RD/SHARROTTS RD,40.538259,-74.237338
202078,ARTHUR KILL RD/ELLIS RD,40.541263,-74.237439
202079,ARTHUR KILL RD/CLAY PIT RD,40.54247,-74.236407
202080,ARTHUR KILL RD/JOHNSON ST,40.545386,-74.23052
202083,ARTHUR KILL RD/BROADWAY STAGES STATEN ISLAND,40.547933,-74.226166
202084,ARTHUR KILL RD/BLOOMINGDALE RD,40.550049,-74.221328
202089,ARTHUR KILL RD/VETERANS RD WEST,40.557499,-74.207278
202090,ARTHUR KILL RD/CARLYLE GREEN,40.557355,-74.199209
202091,ARTHUR KILL RD/ARDEN AV,40.559141,-74.197252
202094,ARTHUR KILL RD/WOODROW RD,40.565227,-74.181514
202095,ARTHUR KILL RD/ANNADALE RD,40.563465,-74.17719
202096,ARTHUR KILL RD/CROSSFIELD AV,40.562807,-74.175
202097,ELTINGVILLE/TRANSIT CENTER,40.560594,-74.171242
202099,ARTHUR KILL RD/ARMSTRONG AV,40.560899,-74.16228
202100,ARTHUR KILL RD/COLON AV,40.561825,-74.15932
202101,ARTHUR KILL RD/ELVERTON AV,40.562396,-74.157504
202103,ARTHUR KILL RD/GREAVES AV,40.566047,-74.153706
202121,RICHMOND RD/STEELE AV,40.576798,-74.118228
202122,RICHMOND RD/LOCUST AV,40.577944,-74.117215
202123,RICHMOND RD/BANCROFT AV,40.579363,-74.11451
202124,RICHMOND RD/GREELEY AV,40.580481,-74.113353
202125,RICHMOND RD/LINCOLN AV,40.581152,-74.11226
202147,TARGEE ST/VANDERBILT AV,40.614879,-74.084618
202149,TARGEE ST/OSGOOD AV,40.61929,-74.084631
202150,TARGEE ST/YOUNG ST,40.620682,-74.08428
202151,TARGEE ST/BROAD ST,40.622999,-74.083782
202152,BROAD ST/GORDON ST,40.623623,-74.082392
202153,BROAD ST/TOMPKINS AV,40.624338,-74.080149
202176,BROAD ST/CEDAR ST,40.624315,-74.080718
202177,BROAD ST/GORDON ST,40.623531,-74.083199
202179,VAN DUZER ST/BROAD ST,40.622369,-74.085406
202180,VAN DUZER ST/YOUNG ST,40.621224,-74.085649
202181,VAN DUZER ST/OAKLAND TERR,40.620044,-74.085932
202182,VAN DUZER ST/BARING PL,40.618589,-74.086118
202184,VAN DUZER ST/HILLSIDE AV,40.615681,-74.087652
202185,VAN DUZER ST/VANDERBILT AV,40.613738,-74.087392
202187,RICHMOND RD/DE KALB ST,40.610017,-74.089539
202205,RICHMOND RD/MIDLAND AV,40.582282,-74.110271
202206,RICHMOND RD/LINCOLN AV,40.581102,-74.112641
202207,RICHMOND RD/TODT HILL RD,40.580404,-74.113691
202208,RICHMOND RD/BANCROFT AV,40.578967,-74.115154
202209,RICHMOND RD/ALTAMONT ST,40.577638,-74.117819
202210,RICHMOND RD/STEELE AV,40.576397,-74.118861
202228,ARTHUR KILL RD/GIFFORDS LN,40.564265,-74.155608
202229,ARTHUR KILL RD/ELVERTON AV,40.562863,-74.156965
202230,ARTHUR KILL RD/BROOKFIELD AV,40.56191,-74.159493
202231,ARTHUR KILL RD/ARMSTRONG AV,40.561091,-74.162111
202232,ARTHUR KILL RD/RIDGEWOOD AV,40.560184,-74.165168
202234,ARTHUR KILL RD/CROSSFIELD AV,40.563064,-74.17567
202235,ARTHUR KILL RD/ANNADALE RD,40.563775,-74.177486
202236,ARTHUR KILL RD/WOODROW RD,40.56518,-74.181085
202237,ARTHUR KILL RD/ARDEN HEIGHTS PLAZA,40.562649,-74.191986
202239,ARTHUR KILL RD/ARDEN AV,40.558578,-74.198122
202240,ARTHUR KILL RD/CARLYLE GREEN,40.556978,-74.199755
202241,ARTHUR KILL RD EAST/VETERANS RD EAST,40.556689,-74.203998
202242,ARTHUR KILL RD/WEST SERVICE RD,40.557636,-74.207172
202248,ARTHUR KILL RD/BROADWAY STAGES STATEN ISLAND,40.548062,-74.226291
202249,ARTHUR KILL RD/JOHNSON ST,40.545251,-74.230926
202253,ARTHUR KILL RD/SHARROTTS RD,40.537961,-74.237373
202254,ARTHUR KILL RD/WINANT PL,40.536255,-74.237425
202255,ARTHUR KILL RD/ANDROVETTE ST,40.534544,-74.236109
202256,ARTHUR KILL RD/ALLENTOWN LN,40.527897,-74.239431
202260,ARTHUR KILL RD/NASSAU PL,40.518555,-74.240365
202262,ARTHUR KILL RD/WOOD AV,40.514835,-74.245743
202263,ARTHUR KILL RD/YETMAN AV,40.513943,-74.247145
202264,ARTHUR KILL RD/MAIN ST,40.512443,-74.24995
202275,FOSTER RD/AMBOY RD,40.52718,-74.201324
202277,FOSTER RD/DRUMGOOLE RD WEST,40.532735,-74.203136
202278,FOSTER RD/DARLINGTON AV,40.534128,-74.203795
202279,FOSTER RD/RAMONA AV,40.536728,-74.205033
202280,FOSTER RD/SINCLAIR AV,40.539133,-74.206152
202289,ARTHUR KILL RD/VETERANS RD EAST,40.556295,-74.203767
202292,ARDEN AV/ARTHUR KILL RD,40.558516,-74.197503
202293,ARDEN AV/DOVER GREEN,40.557631,-74.196521
202294,ARDEN AV/FOREST GREEN,40.555754,-74.194644
202304,ANNADALE RD/NORTH PINE TERR,40.537936,-74.178824
202305,ANNADALE RD/AMBOY RD,40.536135,-74.180643
202306,AMBOY RD/ALVINE AV,40.535228,-74.18313
202307,AMBOY RD/ARBUTUS AV,40.534183,-74.186196
202309,AMBOY RD/HUGUENOT AV,40.532075,-74.191606
202329,AMBOY RD/KINGDOM AV,40.532598,-74.190339
202330,AMBOY RD/ARBUTUS AV,40.534026,-74.18635
202331,AMBOY RD/RUGGLES ST,40.534947,-74.183698
202332,ANNADALE RD/AMBOY RD,40.536067,-74.18048
202333,ANNADALE RD/HILLIS ST,40.538571,-74.177944
202335,ANNADALE RD/ARDEN AV,40.544777,-74.176169
202383,NEW DORP LN/ROMA AV,40.565954,-74.100533
202384,NEW DORP LN/FINLEY AV,40.566672,-74.102006
202385,NEW DORP LN/WINHAM ST,40.56742,-74.103566
202386,NEW DORP LN/CUBA AV,40.568173,-74.105165
202387,NEW DORP LN/MILL RD,40.568821,-74.106638
202388,NEW DORP LN/HYLAN BLVD,40.570412,-74.109522
202389,NEW DORP LN/CLAWSON ST,40.571469,-74.111491
202390,NEW DORP LN/EDISON ST,40.572642,-74.113707
202391,NEW DORP LN/NEW DORP PLAZA,40.574119,-74.116586
202453,VAN DUZER ST/ROFF ST,40.617249,-74.086584
202482,NEW DORP LN/NEW DORP PLAZA,40.574032,-74.116506
202483,NEW DORP LN/10 ST,40.572521,-74.113739
202484,NEW DORP LN/CLAWSON ST,40.571647,-74.112096
202486,NEW DORP LN/MILL RD,40.568595,-74.10635
202487,NEW DORP LN/CUBA AV,40.567866,-74.104787
202488,NEW DORP LN/WINHAM AV,40.567118,-74.103209
202489,NEW DORP LN/FINLEY AV,40.566395,-74.101718
202490,NEW DORP LN/ROMA AV,40.565625,-74.100137
202491,NEW DORP LN/CEDAR GROVE AV,40.564526,-74.097864
202494,CEDAR GROVE AV/TOPPING ST,40.562271,-74.099624
202501,MILL RD/EBBITTS ST,40.564049,-74.110532
202502,MILL RD/ISERNIA AV,40.562631,-74.111545
202503,MILL RD/TYSENS LN,40.561623,-74.112259
202519,VANDERBILT AV/TOMPKINS AV,40.620135,-74.077269
202522,MORNINGSTAR RD/INNIS ST,40.634388,-74.145694
202524,VICTORY BLVD/WILD AV,40.587333,-74.197811
202532,RICHMOND TERR/SNUG HARBOR RD EAST,40.645241,-74.104765
202536,GRANDVIEW AV/FOREST AV,40.627571,-74.165353
202537,GRANDVIEW AV/CONTINENTAL PL,40.630585,-74.165234
202538,SAINT GEORGE FERRY/RAMP C S46 & S96,40.643352,-74.073774
202545,AMBOY RD/BEHAN CT,40.570434,-74.122622
202546,BRIELLE AV/ROANOKE ST,40.597245,-74.132625
202548,BRADLEY AV/VICTORY BLVD,40.612054,-74.132443
202549,AMBOY RD/BEACH AV,40.571849,-74.121513
202550,AMBOY RD/THOMAS ST,40.566156,-74.128924
202553,TYSENS LN/FALCON AV,40.562708,-74.11419
202563,CLYDE PL/ARNOLD ST,40.639114,-74.090187
202567,HYLAN BLVD/BEACH AV,40.567914,-74.112151
202569,SAINT GEORGE FERRY/RAMP D S44 & S94,40.643321,-74.074269
202572,RICHMOND RD/NEW DORP LN,40.575822,-74.120091
202577,SAINT GEORGE FERRY/RAMP D S40 & S90,40.643379,-74.074135
202579,SAINT GEORGE FERRY/RAMP D S42 & S52,40.643334,-74.07421
202581,RICHMOND RD/BARTON AV,40.584091,-74.107325
202586,BROADWAY/RICHMOND TERR,40.639838,-74.11794
202588,VICTORY BLVD/SPARKS LN,40.602176,-74.174876
202589,VICTORY BLVD/DINSMORE ST,40.604881,-74.170657
202590,VICTORY BLVD/RICHMOND AV (NEAR),40.607096,-74.162763
202592,SAINT GEORGE FERRY/RAMP A S62 & S92,40.643005,-74.073996
202600,MORNINGSTAR RD/KALVER PL,40.632433,-74.14658
202601,SAINT PAULS AV/PAXTON ST,40.632943,-74.079143
202602,HYLAN BLVD/OTIS AV,40.573387,-74.106649
202603,CLOVE RD/CHESHIRE PL,40.618066,-74.105139
202604,VICTORY BLVD/LABAU AV,40.61503,-74.107508
202605,HYLAN BLVD/YETMAN AV,40.504846,-74.242024
202608,HAMILTON AV/EGMONT PL,40.645116,-74.084195
202610,ARTHUR KILL RD/KENILWORTH AV,40.565392,-74.183782
202611,ARTHUR KILL RD/CORBIN AV,40.566708,-74.153134
202613,SAINT MARKS PL/83 SAINT MARKS PL,40.646618,-74.083534
202615,VICTORY BLVD/SILVER MOUNT CEMETERY,40.622212,-74.096432
202616,RICHMOND AV/ARMAND ST,40.618987,-74.154435
202618,YUKON AV/WATCHMANS OFFICE,40.574873,-74.165463
202620,ARTHUR KILL RD/LADD AV,40.561897,-74.172438
202622,PORT RICHMOND AV/HOOKER PL,40.630349,-74.139885
202625,VICTORY BLVD/INGRAM AV,40.61226,-74.136465
202626,FINGERBOARD RD/NARROWS RD SOUTH,40.603748,-74.069335
202628,ARTHUR KILL RD/VERIZON FACILITY,40.555902,-74.2133
202631,ANNADALE RD/BELFIELD AV,40.540069,-74.177259
202632,LUTEN AV/EYLANDT ST,40.526999,-74.191352
202635,SEGUINE AV/KNOX ST,40.523002,-74.199325
202641,LUTEN AV/EYLANDT ST,40.526997,-74.191161
202646,RICHMOND AV/SHIRLEY AV,40.537548,-74.158701
202647,PORT RICHMOND AV/DIXON AV,40.62733,-74.142422
202650,RICHMOND AV/FOREST ST,40.605719,-74.162449
202651,RICHMOND RD/ST PATRICKS PL,40.572037,-74.143805
202652,CEDAR GROVE AV/WAVE CREST AV,40.563477,-74.098539
202657,HYLAN BLVD/WENDY DR,40.526681,-74.178254
202658,JERSEY ST/PAUW ST,40.640058,-74.08723
202659,RICHMOND AV/AMSTERDAM PL,40.600133,-74.163082
202660,VICTORY BLVD/CYPRESS AV,40.61476,-74.108779
202661,VICTORY BLVD/CHESHIRE PL,40.6195,-74.100055
202663,VICTORY BLVD/INGRAM AV,40.612214,-74.135723
202664,HYLAN BLVD/PACIFIC AV,40.536319,-74.151798
202665,HYLAN BLVD/WINCHESTER AV,40.53529,-74.152943
202669,VICTORY BLVD/SIMMONS LN,40.594922,-74.185044
202672,VICTORY BLVD/SPARK PL,40.602401,-74.174765
202678,ROCKLAND AV/BRIELLE AV,40.589058,-74.138471
202681,RICHMOND AV/SIGNS RD,40.602012,-74.163031
202683,WALKER ST/TRANTOR PL,40.630564,-74.144151
202684,WALKER ST/TRANTOR PL,40.630605,-74.143881
202685,MORNINGSTAR RD/WALKER ST,40.631046,-74.147063
202686,EBBITTS ST/HYLAN BLVD,40.565523,-74.112298
202692,VICTORY BLVD/SILVER LAKE APARTMENTS,40.620931,-74.098008
202697,TRAVIS AV/NEHRING AV,40.589782,-74.156715
202699,TRAVIS AV/EVANS ST,40.586403,-74.150576
202700,TRAVIS AV/LEWISTON ST,40.58562,-74.149008
202702,FOREST HILL RD/FIELD ST,40.594529,-74.14291
202703,FOREST HILL RD/STEERS ST,40.596856,-74.141165
202704,FOREST HILL RD/DOROTHY ST,40.59848,-74.139966
202705,HAROLD ST/FOREST HILL RD,40.60069,-74.139308
202707,HAROLD ST/SUNSET AV,40.601069,-74.134137
202708,HAROLD ST/BRADLEY AV,40.601268,-74.131476
202709,HAROLD ST/ROOSEVELT AV,40.601346,-74.132611
202710,HAROLD ST/SUNSET AV,40.601148,-74.134995
202711,HAROLD ST/JOSEPH AV,40.600959,-74.137173
202712,HAROLD ST/FOREST HILL RD,40.600801,-74.140079
202715,FOREST HILL RD/STATEN ISLAND DEVELOPMENTAL OFFICE,40.592664,-74.14457
202716,TRAVIS AV/BOGOTA ST,40.585656,-74.148695
202717,TRAVIS AV/EVANS ST,40.586863,-74.151106
202718,TRAVIS AV/DENKER PL,40.588758,-74.154538
202719,TRAVIS AV/NEHRING AV,40.590234,-74.157163
202720,MERRYMOUNT ST/TRAVIS AV,40.590638,-74.158899
202721,MERRYMOUNT ST/SHILOH ST,40.588777,-74.160695
202724,ARTHUR KILL RD/CORBIN AV,40.56699,-74.152587
202725,ARTHUR KILL RD/FRANKLIN LN,40.568674,-74.150795
202726,ARTHUR KILL RD/MILES AV,40.565163,-74.155103
202733,OLYMPIA BLVD/ANDREWS ST,40.592322,-74.072682
202738,RICHMOND TERR/PARK AV,40.639729,-74.13014
202740,RICHMOND TERR/PARK AV,40.640034,-74.130501
202741,RICHMOND TERR/PORT RICHMOND AV,40.640214,-74.130886
202744,RICHMOND TERR/PORT RICHMOND AV,40.640247,-74.130937
202775,BRIGHTON AV / CASTLETON AV,40.634129,-74.097269
202782,POST AV/PORT RICHMOND AV,40.633936,-74.135969
202784,POST AV/PORT RICHMOND AV,40.633744,-74.135853
202785,HYLAN BLVD/SPRATT AV,40.555135,-74.129482
202786,AMBOY RD/1 ST,40.574176,-74.12169
202787,CLOVE RD/FOOTE AV,40.613358,-74.100531
202788,CANAL ST/CANAL ST,40.626381,-74.078046
202800,ARTHUR KILL RD/UNITED HEBREW CEMETERY,40.570486,-74.148319
202801,BAY ST/VIRGINIA AV,40.615865,-74.067359
202802,OLGA PL/HYLAN BLVD,40.60412,-74.076149
202809,RICHMOND TERR/ARLINGTON AV,40.640585,-74.167256
202823,SOUTH AV/RICHMOND TERR,40.640133,-74.166126
202824,SOUTH AV/ARLINGTON PL,40.635428,-74.16628
202830,SOUTH AV/CABLE WAY,40.62977,-74.166522
202839,RICHMOND AV/MARC ST,40.620348,-74.152641
202840,MARSH AV/WESTPORT ST,40.584265,-74.16063
202841,MARSH AV/ELMWOOD PK DR,40.581512,-74.162571
202842,MARSH AV/WINDHAM LOOP,40.578093,-74.163535
202844,STATEN ISLAND MALL AT PLATINUM AV/BEST BUY,40.578247,-74.167369
202845,RICHMOND AV/YUKON AV,40.576422,-74.16954
202846,INDEPENDENCE AV/ASHLEY HOMEGOODS,40.574007,-74.168683
202849,MARSH AV/ELMWOOD PARK DR,40.580847,-74.163077
202850,MARSH AV/WINDHAM LOOP,40.577857,-74.163769
202855,RICHMOND AV/KOCH BLVD,40.538608,-74.159781
202856,HYLAN BLVD/RICHMOND AV,40.534119,-74.154156
202861,ARTHUR KILL RD/SAINT JOHN NEWMANN,40.564147,-74.186488
202864,SAINT GEORGE FERRY/RAMP B S74 & S84,40.64323,-74.073714
202881,SAINT GEORGE FERRY/RAMP C S48 & S98,40.643471,-74.073406
202883,ARDEN AV/ARTHUR KILL RD,40.558848,-74.197461
202884,ARDEN AV/DOVER GREEN,40.557785,-74.196486
202885,ARDEN AV/FOREST GREEN,40.555974,-74.19462
202886,ARDEN AV/HAMPTON GREEN,40.554845,-74.193451
202887,ARDEN AV/CORRELL AV,40.552354,-74.19086
202888,ARDEN AV/WOODROW RD,40.55041,-74.187936
202889,WOODROW RD/HOLCOMB AV,40.547543,-74.190407
202890,WOODROW RD/DELMAR AV,40.545966,-74.192889
202892,WOODROW RD/DESEREE AV,40.542466,-74.201226
202893,WOODROW RD/FOSTER RD,40.541707,-74.206603
202894,FOSTER RD/ALBOURNE AV,40.529522,-74.202493
202897,HYLAN BLVD/LUTEN AV,40.523015,-74.188551
202899,SEGUINE AV/WATERBURY AV,40.524966,-74.200749
202903,FOSTER RD/DRUMGOOLE RD EAST,40.531591,-74.202956
202904,FOSTER RD/DARLINGTON AV,40.533533,-74.203667
202905,FOSTER RD/RATBUN AV,40.536876,-74.20526
202906,FOSTER RD/SINCLAIR AV,40.538859,-74.206191
202907,FOSTER RD/WOODROW RD,40.541476,-74.20707
202908,WOODROW RD/ALVERSON AV,40.542053,-74.205172
202909,WOODROW RD/ELLSWORTH AV,40.542951,-74.200166
202910,WOODROW RD/BOULDER ST,40.543784,-74.196657
202911,WOODROW RD/DELMAR AV,40.546131,-74.192904
202912,WOODROW RD/CANTON AV,40.547741,-74.190325
202913,WOODROW RD/ALMOND ST,40.549655,-74.188078
202914,ARDEN AV/ROLLING HILL GREEN,40.551792,-74.190513
202917,RICHMOND AV/FOREST HILL RD,40.570819,-74.169607
202918,ANNADALE RD/TOKEN ST,40.561692,-74.177196
202921,ANNADALE RD/GENESEE AV,40.551912,-74.17527
202922,ANNADALE RD/RYE AV,40.546843,-74.174904
202923,ANNADALE RD/ARDEN AV,40.544299,-74.176776
202924,ANNADALE RD/RYE AV,40.547589,-74.175089
202925,ANNADALE RD/NOTUS AV,40.550902,-74.175296
202926,ANNADALE RD/DRUMGOOLE RD W,40.555512,-74.176143
202927,ANNADALE RD/DORVAL PL,40.558624,-74.176781
202931,MARSH AV/RICHMOND HILL RD,40.584575,-74.160721
202933,RICHMOND RD/SPRUCE ST,40.572831,-74.138458
202934,SEGUINE AV/DIRENZO CT,40.520311,-74.197505
202935,FOREST AV/WILLOW RD WEST,40.625024,-74.147046
202936,FOREST AV/BRIGHTON AV,40.631964,-74.096864
202937,FOREST HILL RD/ROCKLAND AV,40.589036,-74.145739
202939,ANNADALE RD/TYNAN ST,40.562548,-74.177515
202941,CLOVE RD/NIAGARA ST,40.615529,-74.102941
202978,MANOR RD/FOREST AV,40.626966,-74.125006
202981,BEACH ST/WATER ST,40.627359,-74.076676
202985,SOUTH AV/FOREST AV,40.627913,-74.166432
202990,RICHMOND HILL RD/VASSAR ST,40.586159,-74.162561
202991,RICHMOND HILL RD/VASSAR ST,40.585777,-74.162272
202993,PORT RICHMOND AV/RICHMOND TERR,40.640124,-74.131657
202994,RICHMOND TERR/UNION AV,40.636777,-74.157557
202995,RICHMOND TERR/LAFAYETTE AV,40.644741,-74.096086
202998,FOREST AV/LILAC CT,40.627602,-74.168016
203001,ANNADALE RD/CROSSFIELD AV,40.557584,-74.176343
203002,WOODROW RD/VINELAND AV,40.543643,-74.196718
203006,SAINT GEORGE FERRY/RAMP A S61 & S91,40.642963,-74.074089
203008,MIDLAND AV/MASON AV,40.575066,-74.098326
203009,BRIELLE AV/BABE RUTH FIELD,40.594363,-74.135093
203012,RICHMOND RD/ROSE AV,40.575129,-74.121273
203013,HYLAN BLVD/WEST FINGERBOARD RD,40.600359,-74.072091
203016,HYLAN BLVD/NAUGHTON AV,40.584066,-74.09507
203017,SEGUINE AV/WATERBURY AV,40.525285,-74.200834
203018,BRADLEY AV/BRIELLE AV,40.598697,-74.131125
203026,HAROLD ST/WASHINGTON AV,40.600908,-74.135988
203028,ROCKLAND AV/SAINT GEORGE RD,40.577727,-74.127328
203030,CLOVE RD/CARY AV,40.631602,-74.124745
203031,CLOVE RD/CASTLETON AV,40.633742,-74.125859
203032,CASTLETON AV/CLOVE RD,40.633841,-74.125398
203034,BROADWAY/CARY AV,40.632768,-74.116922
203035,BROADWAY/DELAFIELD AV,40.630823,-74.11658
203036,BROADWAY/FOREST AV,40.629042,-74.116271
203037,BROADWAY/WEST RALEIGH AV,40.626957,-74.115377
203038,BROADWAY/COLONIAL CT,40.625522,-74.114636
203039,BROADWAY/CLOVE RD,40.623324,-74.113501
203040,BROADWAY/COUGHLIN AV,40.624189,-74.113791
203043,BROADWAY/FOREST AV,40.628784,-74.116101
203044,BROADWAY/DELAFIELD AV,40.630688,-74.116432
203045,BROADWAY/CARY AV,40.632566,-74.116756
203046,BROADWAY/CASTLETON AV,40.63439,-74.117087
203047,CLOVE RD/POST AV,40.631802,-74.125012
203048,CLOVE RD/DELAFIELD AV,40.629314,-74.123408
203049,MANOR RD/FOREST AV,40.626832,-74.125208
203050,VICTORY BLVD/SOUTH GREENLEAF AV,40.612984,-74.125038
203051,JERSEY ST/CARLYLE ST,40.642018,-74.086717
203052,CLOVE RD/TIOGA ST,40.612259,-74.09927
203057,RICHMOND RD/OLD TOWN RD,40.597221,-74.092946
203059,RICHMOND RD/RARITAN AV,40.594363,-74.099054
203061,GOETHALS RD NORTH/MOBILE HOME PARK ROW A,40.627526,-74.18036
203063,FOREST AV/HAMLIN PL,40.626407,-74.133731
203065,NEW DORP LN/NEW DORP PLAZA,40.574105,-74.116546
203066,FATHER CAPODANNO BLVD/LINDA AV,40.593969,-74.063089
203067,VICTORY BLVD/CON EDISON BUS LOOP,40.586534,-74.1988
203068,MAIN ST/CRAIG AV,40.510153,-74.248063
203069,MAIN ST/CRAIG AV,40.51032,-74.248189
203071,ARTHUR KILL RD/STORER AV,40.539973,-74.237502
203072,ARTHUR KILL RD/STORER AV,40.539509,-74.237591
203073,NEW DORP LN/HYLAN BLVD,40.569622,-74.108371
203074,FOREST HILL RD/STEERS  ST,40.596845,-74.141424
203075,RICHMOND AV/AUGUSTA AV,40.552063,-74.168009
203078,RICHMOND AV/YUKON AV,40.576378,-74.169982
203080,ARTHUR KILL RD/ARDEN HEIGHTS PLAZA,40.562504,-74.192186
203081,ROSE AV/NEW DORP PLAZA,40.573175,-74.11769
203082,HYLAN BLVD/RENO AV,40.564591,-74.11549
203083,FATHER CAPODANNO BLVD/SAND LN,40.59064,-74.066097
203087,SOUTH AV/BRABANT ST,40.631901,-74.166412
203088,VICTORY BLVD/RIDGEWAY AV,40.595995,-74.183509
203092,VICTORY BLVD/SILVER LAKE APARTMENTS,40.620898,-74.098292
203093,ARTHUR KILL RD/RIDGEWOOD AV,40.560254,-74.166045
203095,HYLAN BLVD/WEST FINGERBOARD RD,40.598531,-74.072639
203096,FATHER CAPODANNO BLVD/ALTER AV,40.582375,-74.074577
203097,FATHER CAPODANNO BLVD/CROMWELL AV,40.580155,-74.07694
203098,EBBITTS ST/HYLAN BLVD,40.565988,-74.113106
203100,BROADWAY/EAST RALEIGH AV,40.627464,-74.115461
203102,RICHMOND TERR/TAYLOR ST,40.637756,-74.12396
203104,FATHER CAPODANNO BLVD/ATLANTIC AV,40.586862,-74.069839
203110,RICHMOND AV/RIVINGTON AV,40.597681,-74.162199
203113,ARTHUR KILL RD/NEWVALE AV,40.568815,-74.150335
203116,TOMPKINS AV/CHESTNUT AV,40.615339,-74.073349
203117,AMBOY RD/KINGDOM AV,40.532834,-74.190182
203118,ARTHUR KILL RD/1666 ARTHUR KILL RD,40.561213,-74.194977
203128,RICHMOND RD/DELLWOOD RD,40.597132,-74.093353
203130,CEDAR GROVE AV/GARIBALDI AV,40.561711,-74.100192
203131,HYLAN BLVD/ARBUTUS AV,40.526056,-74.180688
203133,MERRYMOUNT ST/SHILOH ST,40.588937,-74.160274
203141,VICTORY BLVD/FUN STATION,40.600641,-74.177166
203146,GIFFORDS LN/ARTHUR KILL RD,40.563349,-74.155799
203147,GIFFORDS LN/GURLEY AV,40.561194,-74.154863
203148,DELAFIELD AV/MANOR RD,40.62833,-74.125366
203149,EBBITTS ST/CUBA AV,40.563531,-74.108757
203150,EBBITTS ST/MANILA PL,40.56266,-74.107035
203151,EBBITTS ST/FINLEY AV,40.561824,-74.105407
203152,EBBITTS ST/ROMA AV,40.561188,-74.104301
203153,EBBITTS ST/CEDAR GROVE AV,40.559914,-74.101924
203154,CEDAR GROVE AV/CEDAR GROVE CT,40.560793,-74.100856
203155,CEDAR GROVE AV/NEW DORP LN,40.564359,-74.09768
203156,EBBITTS ST/CUBA AV,40.563704,-74.108833
203157,EBBITTS ST/WINHAM AV,40.562767,-74.106956
203158,EBBITTS ST/FINLEY AV,40.561983,-74.105429
203159,EBBITTS ST/ROMA AV,40.561183,-74.10401
203161,WATCHOGUE RD/LIVERMORE AV,40.616036,-74.138576
203162,CEDAR GROVE AV/MAPLE TERR,40.563084,-74.098812
203163,WATCHOGUE RD/NEAL DOW AV,40.615626,-74.135816
203164,WATCHOGUE RD/FREDERICK ST,40.614587,-74.133478
203165,WATCHOGUE RD/SMITH CT,40.614742,-74.133412
203166,WATCHOGUE RD/NEAL DOW AV,40.615875,-74.136462
203167,WATCHOGUE RD/LIVERMORE AV,40.616286,-74.139297
203173,FATHER CAPODANNO BLVD/HEMPSTEAD AV,40.571232,-74.090044
203174,AMBOY RD/FARRELL CT,40.566544,-74.128108
203175,VICTORY BLVD/CON EDISON BUS LOOP,40.586613,-74.198763
203180,FOSTER RD/ALBOURNE AV,40.529242,-74.202535
203183,ARTHUR KILL RD/ARTHUR KILL STATION,40.516268,-74.242277
203184,PORT RICHMOND AV/SMITH PL,40.626014,-74.142974
203190,BAY ST/VAN DUZER ST,40.634895,-74.075448
203192,AMBOY RD/FINLEY ST,40.508104,-74.249897
203197,STATEN ISLAND MALL AT PLATINUM AV/PRIMARK,40.578047,-74.166551
203199,STATEN ISLAND MALL AT RING RD/PLATINUM AV,40.580095,-74.168403
203200,VICTORY BLVD/WILLOWBROOK PARK,40.608776,-74.154099
203204,TARGEE ST/NAPLES ST,40.603486,-74.091147
203205,BAY ST/BAYLEY SETON HOSPITAL,40.623837,-74.073916
203206,VICTORY BLVD/SHENANDOAH AV,40.598347,-74.180199
203208,ARTHUR KILL RD/UNITED HEBREW CEMETERY,40.570945,-74.147924
203209,FOSTER RD/WHEELING AV,40.527278,-74.201551
203210,BRADLEY AV/PORTAGE AV,40.599975,-74.131143
203214,GIFFORDS LN/BARLOW AV,40.559697,-74.153996
203215,GIFFORDS LN/GURLEY AV,40.561686,-74.154875
203222,RICHMOND TERR/SNUG HARBOR RD EAST,40.645406,-74.104638
203225,VANDERBILT AV/BAYLEY SETON HOSPITAL,40.621337,-74.074803
203226,FATHER CAPODANNO BLVD/SAND LN,40.590146,-74.066995
203231,SEAVIEW AV/PSYCH CENTER EAST,40.580175,-74.079282
203232,SEAVIEW AV/PSYCH CENTER WEST,40.581244,-74.081312
203236,FATHER CAPODANNO BLVD/SEAVIEW AV,40.579436,-74.077418
203238,CEDAR GROVE AV/EBBITTS ST,40.560057,-74.101683
203342,STEUBEN ST/WEST FINGERBOARD RD,40.600798,-74.076405
203343,NARROWS RD SOUTH/HYLAN BLVD,40.605338,-74.076078
203344,NARROWS RD SOUTH/FINGERBOARD RD,40.603427,-74.068996
203345,NARROWS RD NORTH/FINGERBOARD RD,40.604596,-74.069364
203359,TRAVIS AV/DENKER PL,40.588544,-74.154516
203361,HYLAN BLVD/GOODALL ST,40.539861,-74.147927
203363,WALKER ST/PORT RICHMOND AV,40.629698,-74.140853
203364,HENDERSON AV/CLINTON AV,40.640343,-74.097485
203365,HENDERSON AV/CLINTON AV,40.64034,-74.09831
203368,COLLEGE OF STATEN ISLAND/VICTORY BLVD,40.608772,-74.153263
203369,COLLEGE OF STATEN ISLAND/VICTORY BLVD,40.608531,-74.153186
203378,BRIGHTON AV/LAFAYETTE AV,40.635666,-74.092303
203379,BAY ST/CLINTON ST,40.632084,-74.075799
203381,SOUTH AV/FOREST AV,40.627206,-74.166797
203382,SOUTH AV/AMADOR ST,40.623568,-74.167591
203383,SOUTH AV/GOETHALS RD NORTH,40.621698,-74.168498
203384,SOUTH AV/TELEPORT DR,40.607664,-74.179454
203386,SOUTH AV/WEST SHORE PLAZA,40.601885,-74.191752
203387,SOUTH AV/TELEPORT DR,40.60819,-74.178743
203388,SOUTH AV/GOETHALS RD NORTH,40.621644,-74.16832
203389,SOUTH AV/AMADOR ST,40.624197,-74.167232
203390,HYLAN BLVD/CHELSEA ST,40.504308,-74.244701
203391,SEAVIEW AV/OLYMPIA BLVD,40.582274,-74.083961
203393,SEGUINE AV/SINGLETON ST,40.521997,-74.198589
203399,HYLAN BLVD/ARMSTRONG AV,40.537571,-74.149984
203402,ARLINGTON PL/HOLLAND AV,40.636,-74.171077
203404,GIFFORDS LN/BALTIMORE ST,40.551808,-74.1507
203406,BRADLEY AV/PURDY AV,40.610559,-74.13222
203407,FOREST AV/ELIZABETH GROVE RD,40.62647,-74.174864
203408,HENDERSON AV/WESTBURY AV,40.638901,-74.104877
203409,VICTORY BLVD/WILLOW RD,40.609763,-74.149364
203410,VANDERBILT AV/TOMPKINS AV,40.619965,-74.077179
203411,McCLEAN AV/LILY POND AV,40.599129,-74.062971
203412,NEW YORK AV/DRUM AV,40.604248,-74.058787
203413,NEW YORK AV/DRUM AV,40.604363,-74.05905
203414,RICHMOND RD/EDGAR PL,40.605266,-74.09268
203417,VICTORY BLVD/WILD AV,40.592179,-74.189665
203418,ARLINGTON PL/SOUTH AV,40.635908,-74.166555
203419,ARLINGTON PL/NORTHFIELD AV,40.635946,-74.168562
203420,HOLLAND AV/BENJAMIN PL,40.639326,-74.17119
203423,HOLLAND AV/BENJAMIN PL,40.637625,-74.171153
203426,MIDLAND AV/PATTERSON AV,40.571202,-74.090898
203427,RICHMOND TERR/FEDERAL PL,40.640708,-74.170287
203428,SAND LN/FATHER CAPODANNO BLVD,40.590564,-74.066708
203429,OLYMPIA BLVD/PIAVE AV,40.592832,-74.06901
203430,OLYMPIA BLVD/ORLANDO ST,40.592848,-74.070346
203431,HYLAN BLVD/RICHMOND AV,40.534129,-74.154024
203433,OLYMPIA BLVD/ORLANDO ST,40.592771,-74.070047
203438,HYLAN BLVD/BERTRAM AV,40.526744,-74.176988
203440,LUTEN AV/EYLANDT ST,40.528437,-74.192289
203444,MIDLAND AV/BOUNDARY AV,40.577406,-74.101243
203446,NEW DORP LN/MILL RD,40.56885,-74.106663
203449,ARTHUR KILL RD/CLAY PIT RD,40.54241,-74.236914
203450,ARTHUR KILL RD/KREISCHER ST,40.532202,-74.239192
203453,BRIELLE AV/BABE RUTH FIELD,40.594673,-74.135086
203454,CASTLETON AV/HAVEN ESPLANADE,40.633271,-74.092103
203456,CLOVE RD/SAINT PETERS CEMETERY,40.622282,-74.112577
203457,CLOVE RD/SAINT PETERS CEMETERY,40.622376,-74.11239
203460,GIFFORDS LN/BALTIMORE ST,40.551887,-74.150538
203461,HOWARD AV/CAMPUS RD,40.615556,-74.096408
203463,HYLAN BLVD/RICHMOND AV (LOT),40.533924,-74.154134
203464,McCLEAN AV/RAILROAD AV,40.598178,-74.06625
203466,MIDLAND AV/NORTH RAILROAD AV,40.580571,-74.107454
203469,RICHMOND TERR/SAILORS SNUG HARBOR GATE,40.645184,-74.101845
203470,ROSE AV/NEW DORP PLAZA,40.573162,-74.117667
203471,TARGEE ST/ROFF ST,40.616882,-74.084729
203472,VANDERBILT AV/ERRINGTON PL,40.6216,-74.074036
203474,VICTORY BLVD/CRYSTAL AV,40.610949,-74.142686
203478,MARSH AV/RING RD,40.583368,-74.161747
203480,BROADWAY/COLONIAL CT,40.626178,-74.114843
203481,RICHMOND TERR/SNUG HARBOR RD WEST,40.645327,-74.107643
203482,MIDLAND AV/COLONY ST,40.572339,-74.092962
203483,HYLAN BLVD/CRAIG AV,40.502982,-74.251287
203485,CRAIG AV/AMBOY RD,40.507484,-74.252016
203487,SEAVIEW AV/NUGENT AV,40.583954,-74.086641
203492,WILDER AV/PINEWOOD AV,40.570602,-74.134335
203496,CLARKE AV/WILDER AV,40.565441,-74.134577
203499,CLOVE RD/RHINE AV,40.608183,-74.09048
203500,CLOVE RD/TARGEE ST,40.607706,-74.089568
203501,CLOVE RD/BRITTON AV,40.606645,-74.087777
203502,CLOVE RD/NECKAR AV,40.605776,-74.086303
203503,CLOVE RD/ELBE AV,40.605003,-74.084955
203504,CLOVE RD/GRASMERE STATION,40.603626,-74.083527
203505,CLOVE RD/WEST FINGERBOARD RD,40.60159,-74.081969
203506,CLOVE RD/WEST FINGERBOARD RD,40.601717,-74.0818
203507,CLOVE RD/GRASMERE STATION,40.603797,-74.083453
203508,CLOVE RD/MOSEL AV,40.60502,-74.084668
203509,CLOVE RD/NECKAR AV,40.60627,-74.086838
203510,CLOVE RD/BRITTON AV,40.607114,-74.088294
203511,CLOVE RD/TARGEE ST,40.6077,-74.089219
203513,SAND LN/OLYMPIA BLVD,40.592484,-74.068243
203515,NEW DORP LN/2 ST,40.575164,-74.118783
203516,HYLAN BLVD/CONNECTICUT ST,40.503178,-74.25011
203517,ROSSVILLE AV/BARRY  ST,40.551184,-74.211828
203519,ROSSVILLE AV/CORRELL AV,40.546671,-74.210048
203521,WOODROW RD/HELIOS PL,40.541578,-74.210313
203522,WOODROW RD/WINANT AV,40.541444,-74.21519
203523,BLOOMINGDALE RD/KRAMER AV,40.541952,-74.217944
203524,BLOOMINGDALE RD/CORRELL AV,40.545378,-74.21929
203525,BLOOMINGDALE RD/VETERANS RD EAST,40.548214,-74.220386
203526,BLOOMINGDALE RD/VETERANS RD EAST,40.547964,-74.220533
203527,BLOOMINGDALE RD/SHIEL AV,40.544415,-74.219143
203528,BLOOMINGDALE RD/OPP KRAMER AV,40.542012,-74.218189
203531,ROSSVILLE AV/WOODROW RD,40.542654,-74.208324
203532,ROSSVILLE AV/CORRELL AV,40.546365,-74.20978
203533,ROSSVILLE AV/SELKIRK ST,40.549848,-74.211097
203534,ROSSVILLE AV/POND ST,40.551878,-74.211891
203536,ARTHUR KILL RD/BLOOMINGDALE RD,40.549712,-74.222255
203537,FOREST AV/MAPLE PKWY,40.625972,-74.156804
203538,BRADLEY AV/SOUTH GANNON AV,40.608433,-74.132013
203540,SAINT GEORGE FERRY/RAMP A S66,40.643096,-74.073716
203541,DECKER AV/PALMER AV,40.630573,-74.13424
203542,ARTHUR KILL RD/RICHMOND VALLEY RD,40.521197,-74.239418
203543,ARTHUR KILL RD/MAJOR LEAGUE PLAZA,40.522587,-74.239023
203544,ARTHUR KILL RD/SOUTH BRIDGE ST,40.524766,-74.239194
203545,ARTHUR KILL RD/ENGLEWOOD AV,40.533848,-74.236686
203546,ARTHUR KILL RD/WINANT PL,40.536564,-74.237379
203547,RICHMOND RD/HUNTER AV,40.583805,-74.107883
203548,ARTHUR KILL RD/ELLIS RD,40.541255,-74.237601
203549,ARTHUR KILL RD/SOUTH BRIDGE ST,40.525086,-74.239329
203550,ARTHUR KILL RD/RICHMOND VALLEY RD,40.521375,-74.239583
203551,ROSSVILLE AV/MASON BLVD,40.544675,-74.209102
203552,ROSSVILLE AV/MASON BLVD,40.543992,-74.209042
203553,LINCOLN AV/EDISON ST,40.578782,-74.107439
203554,CLOVE RD/NIAGARA ST,40.615625,-74.103042
203556,MILL RD/FOX LN,40.555616,-74.116395
203557,MERRY MOUNT ST/TRAVIS AV,40.590685,-74.158604
203558,MILL RD/PROMENADE AV,40.556995,-74.114911
203559,NORTH GANNON AV/BRADLEY AV,40.60856,-74.132465
203560,MILL RD/ROBERTS DR,40.560351,-74.112916
203561,MILL RD/TYSENS LN,40.561705,-74.111975
203562,MILL RD/EBBITTS ST,40.564194,-74.110115
203563,MILL RD/PETER AV,40.56023,-74.113153
203564,MILL RD/ISABELLA AV,40.557879,-74.113323
203565,MILL RD/GUYON AV,40.557215,-74.114598
203566,MILL RD/AVISTON ST,40.555692,-74.116607
203568,GOETHALS RD NORTH/LAMBERT ST,40.617749,-74.160426
203569,ROSSVILLE AV/VETERANS RD WEST,40.554914,-74.213283
203570,ROSSVILLE AV/VETERANS RD EAST,40.554552,-74.212933
203572,WOODROW RD/LENEVAR AV,40.54144,-74.210081
203574,SOUTH AV/TRAVIS AV,40.60248,-74.184125
203575,SOUTH AV/OPP 1000 SOUTH AV,40.616076,-74.172344
203576,SOUTH AV/1000 SOUTH AV,40.615562,-74.173157
203577,SOUTH AV/TRAVIS AV,40.60241,-74.18456
203580,HUGUENOT AV/RATHBUN AV,40.539894,-74.19584
203582,HUGUENOT AV/ DRUMGOOLE RD EAST,40.53452,-74.193212
203585,ARDEN AV/DRUMGOOLE RD EAST,40.546833,-74.181005
203586,ARDEN AV/WOODROW RD,40.550223,-74.187657
203592,VETERANS RD EAST/ARTHUR KILL RD,40.55713,-74.202823
203593,ARTHUR KILL RD/WOODROW RD,40.565265,-74.181287
203597,ANNADALE RD/DRUMGOOLE RD EAST,40.554599,-74.175792
203598,ANNADALE RD/DORVAL AV,40.559186,-74.17673
203601,LEVERETT AV/DOANE AV,40.556502,-74.155903
203602,GIFFORDS LN/KATAN AV,40.552998,-74.151152
203603,WATCHOGUE RD/WILLOW RD EAST,40.617451,-74.151729
203605,PORT RICHMOND AV/WALKER ST,40.629728,-74.1406
203607,WATCHOGUE RD/CAMBRIDGE AV,40.617109,-74.148376
203608,SOUTH GANNON AV/WILLOWBROOK RD,40.607592,-74.147015
203611,SOUTH GANNON AV/BRADLEY AV,40.607694,-74.131704
203612,SOUTH GANNON AV/GANSEVOORT BLVD,40.608165,-74.126855
203613,SCHMIDTS LN/MANOR RD,40.608816,-74.120622
203614,SCHMIDTS LN/SLOSSON AV,40.609304,-74.116692
203615,SLOSSON AV/VICTORY BLVD,40.612792,-74.117056
203616,MARTLING AV/MANOR RD,40.621006,-74.12336
203617,MARTLING AV/SLOSSON AV,40.621655,-74.119781
203625,RICHMOND RD/MCKINLEY AV,40.572539,-74.139746
203633,FOREST AV/RAYMOND PL,40.627468,-74.122882
203634,FATHER CAPODANNO BLVD/GRAHAM BLVD,40.574839,-74.084779
203635,MILL RD/STONEHAM ST,40.558528,-74.113315
203637,SAINT GEORGE FERRY/RAMP B S51 & S81,40.643133,-74.074001
203638,TARGEE ST/DE KALB ST,40.608788,-74.088223
203642,HYLAN BLVD/CUNNINGHAM RD,40.508848,-74.221717
203643,DELAFIELD AV/CLOVE RD,40.629154,-74.123257
203644,RICHMOND RD/ANDREWS AV,40.572927,-74.136482
203645,RICHMOND RD/LIGHTHOUSE AV,40.572458,-74.141224
203646,RICHMOND RD/ST PATRICKS PL,40.572036,-74.146706
203647,HYLAN BLVD/KENNY RD,40.509506,-74.218281
203649,ARTHUR KILL RD/OPP ASPEN KNOLLS,40.564356,-74.186377
203650,BAY ST/BOROUGH PL,40.640614,-74.075665
203651,ROCKLAND AV/MANOR RD,40.587751,-74.13636
203652,RICHMOND AV/CHRISTOPHER LN,40.6147,-74.157439
203653,RICHMOND AV/JULES DR,40.618527,-74.155275
203655,ARTHUR KILL RD/CENTER ST,40.571396,-74.147209
203656,SEGUINE AV/JOHANNA LN,40.522761,-74.199415
203662,SEAVIEW HOSPITAL/TRAFFIC LOOP,40.592997,-74.134377
203663,SEAVIEW HOSPITAL/DR E ROBITZEK BUILDING,40.591421,-74.132451
203664,SEAVIEW HOSPITAL EXIT/TRAFFIC LOOP,40.593266,-74.134187
203665,ROSSVILLE AV/WOODROW RD,40.541806,-74.208114
203674,TOMPKINS AV/SAINT MARYS AV,40.613978,-74.072297
203677,FOREST AV/GOETHALS RD NORTH,40.625576,-74.176288
203680,HYLAN BLVD/SPRATT AV,40.555157,-74.129799
203683,HYLAN BLVD/ROSS AV,40.56862,-74.111454
203685,RICHMOND AV/FOREST HILL RD,40.570709,-74.169574
203687,CASTLETON AV/TREADWELL AV,40.635981,-74.137922
203688,RICHMOND RD/NORDEN ST,40.593578,-74.100074
203689,FOREST HILL RD/ROCKLAND AV,40.589154,-74.145849
203690,BAY ST/NAUTILUS ST,40.610387,-74.063307
203691,CEDAR GROVE AV/GARIBALDI AV,40.561601,-74.100145
203692,BAY ST/SHORE ACRES DR,40.608767,-74.062115
203693,RICHMOND AV/MONSEY PL,40.624336,-74.149036
203694,NARROWS RD NORTH/SAINT JOHNS AV,40.606709,-74.075617
203695,HYLAN BLVD/OLD TOWN RD,40.595557,-74.086167
203696,HYLAN BLVD/CODDINGTON AV,40.570172,-74.11024
203697,HYLAN BLVD/ISABELLA AV,40.561182,-74.119414
203698,HYLAN BLVD/LIBERTY AV,40.586116,-74.092279
203699,HYLAN BLVD/REID AV,40.594539,-74.086274
203700,HYLAN BLVD/QUINTARD ST,40.596234,-74.085655
203701,HYLAN BLVD/MALLORY AV,40.598554,-74.080815
203709,VICTORY BLVD/CEBRA AV,40.633778,-74.085986
203710,VICTORY BLVD/WESTCOTT BLVD,40.612784,-74.127404
203714,WATCHOGUE RD/LEVIT AV,40.617267,-74.148812
203715,WATCHOGUE RD/WILLOW RD EAST,40.617617,-74.152235
203718,RICHMOND RD/NORDEN ST,40.593064,-74.100711
203720,SOUTH AV/BRABANT ST,40.632063,-74.166268
203721,ARDEN AV/DRUMGOOLE RD WEST,40.546948,-74.181446
203723,NARROWS RD SOUTH/RICHMOND RD,40.608631,-74.090674
203724,NARROWS RD SOUTH/TARGEE ST,40.607755,-74.089028
203728,STEUBEN ST/WEST FINGERBOARD RD,40.601192,-74.076551
203730,FOREST AV/SOUTH AV,40.627114,-74.16596
203731,MARTLING AV/BROOKSPOND PL,40.623918,-74.118254
203732,RICHMOND TERR/NICHOLAS AV,40.639662,-74.139181
203733,NARROWS RD NORTH/TARGEE ST,40.608744,-74.088118
203735,MARTLING AV/SLOSSON AV,40.62178,-74.119593
203737,NORWAY AV/SCOTT AV,40.592764,-74.078248
203739,SOUTH AV/FOREST AV,40.627523,-74.166435
203740,SOUTH AV/NETHERLAND AV,40.629223,-74.16636
203741,NEW YORK AV/COAST GUARD DR,40.605669,-74.060008
203742,BATTERY RD/AIR FORCE RESERVE,40.601008,-74.057728
203743,BATTERY RD/TENNESSEE RD,40.600388,-74.059641
203744,NEW YORK AV/MARSHALL RD,40.602646,-74.057846
203745,NEW YORK AV/SOUTH RD,40.605548,-74.059746
203746,NEW YORK AV/TOMPKINS AV,40.602764,-74.05763
203747,BATTERY RD/TENNESSEE RD,40.600138,-74.05986
203753,FOREST AV/LAWRENCE AV,40.630363,-74.107072
203756,HYLAN BLVD/REYNOLDS ST,40.609982,-74.074466
203757,RICHMOND RD/LIGHTHOUSE AV,40.572485,-74.141554
203760,FOREST AV/UNITED ARTISTS THEATERS,40.626903,-74.173529
203762,FOREST AV/SOUTH AV,40.62766,-74.167776
203763,FOREST AV/HOME DEPOT,40.627594,-74.172189
203765,REON AV/HENNING ST,40.611366,-74.117159
203766,NORTH GANNON AV/MANOR RD,40.610122,-74.121842
203767,NORTH GANNON AV/GANSEVOORT BLVD,40.608971,-74.127667
203770,NORTH GANNON AV/WILLOWBROOK RD,40.608569,-74.147046
203772,RICHMOND AV/YONA AV,40.612429,-74.159081
203776,WILDER AV/PINEWOOD AV,40.569943,-74.133985
203778,CLARKE AV/WILDER AV,40.565299,-74.134397
203786,RICHMOND RD/AULTMAN AV,40.573058,-74.136749
203793,SAINT GEORGE FERRY/RAMP B,40.643483,-74.072927
203805,ARDEN AV/CROWN AV,40.549682,-74.186847
203808,BRADLEY AV/HAROLD ST,40.601495,-74.131161
203810,CLOVE RD/MARTLING AV,40.624405,-74.116847
203814,DRUMGOOLE RD WEST/ANNADALE RD,40.556646,-74.175851
203815,LAMBERTS LN/ RICHMOND AV,40.614852,-74.158286
203817,RICHMOND HILL RD/RICHMOND AV,40.588808,-74.167395
203824,HUGUENOT AV/RAMONA AV,40.539391,-74.195464
203827,ARTHUR KILL RD/WEST SERVICE RD,40.557795,-74.206787
203828,SEAVIEW AV/OLYMPIA BLVD,40.58253,-74.083796
203829,SOUTH AV/LOIS LN,40.612025,-74.175954
203830,SOUTH AV/LOIS LN,40.612963,-74.174739
203831,YUKON AV/TARGET DRIVEWAY,40.575935,-74.167683
203833,CRAIG AV/HYLAN BLVD,40.502981,-74.25147
203834,PAGE AV/HYLAN BLVD,40.508104,-74.230071
203846,RICHMOND TERR/GRANDVIEW AV,40.639956,-74.165041
203849,BLOOMINGDALE RD/VETERANS RD EAST,40.528479,-74.216804
203850,HOWARD AV/HILLSIDE AV,40.618323,-74.093863
203855,ROSSVILLE AV/WOOD CT,40.549168,-74.211048
203867,ANNADALE RD/POSEN ST,40.54079,-74.177288
203872,ARMSTRONG AV/EAST BRANDIS AV,40.559258,-74.162252
203874,ARMSTRONG AV/EAST BRANDIS AV,40.559562,-74.16219
203875,LEVERETT AV/COLON AV,40.556399,-74.157047
203876,AMBOY RD/CARTERET ST,40.508488,-74.248603
203884,PORT RICHMOND AV/CLINTON PL,40.632417,-74.137624
203891,McCLEAN AV/CONGER ST,40.598013,-74.066383
203896,MILL RD/DELWIT AV,40.55342,-74.117249
203900,SEAVIEW AV/PATTERSON AV,40.581121,-74.081656
203902,ELTINGVILLE/TRANSIT CENTER,40.560781,-74.170729
203903,ELTINGVILLE/TRANSIT CENTER,40.560388,-74.171241
203919,BLOOMINGDALE RD/ENGLEWOOD AV,40.531413,-74.217676
203922,VICTORY BLVD/BROOK ST,40.63735,-74.080586
203927,LAMBERTS LN/MAY AV,40.615563,-74.161584
203928,GOETHALS RD NORTH/SOUTH AV,40.621772,-74.168656
203938,RICHMOND TERR/MORNINGSTAR RD,40.637941,-74.145104
203941,RICHMOND AV/ROCKLAND AV,40.595207,-74.162115
203947,HYLAN BLVD/WENDY DR,40.526787,-74.178284
203949,BLOOMINGDALE RD/PEMBROOK LOOP,40.536416,-74.21816
203951,AMBOY RD/BAYVIEW AV,40.525512,-74.205067
203952,AMBOY RD/SCUDDER AV,40.525616,-74.205155
203957,LUTEN AV/DEISIUS ST,40.528263,-74.19205
203958,AMBOY RD/PETERSONS LN,40.524491,-74.211373
203959,AMBOY RD/PETERSONS LN,40.52449,-74.210678
203965,FATHER CAPODANNO BLVD/WENTWORTH AV,40.588357,-74.068825
203966,FR CAPODANNO BL/WINFIELD ST,40.586327,-74.070539
203967,HYLAN BLVD/BROOK AV,40.559391,-74.122577
203968,AMBOY RD/BLOOMINGDALE RD,40.524032,-74.215421
203972,VICTORY BLVD/ BROOK ST,40.637305,-74.080448
203973,SEAVIEW HOSPITAL/PARK LN,40.592386,-74.130793
203974,ARDEN AV/HAMPTON GREEN,40.554757,-74.19348
203975,HOWARD AV/WAGNER COLLEGE DRIVEWAY,40.616895,-74.094103
203991,SEGUINE AV/DIRENZO CT,40.520454,-74.197455
203996,RICHMOND TERR/SIMONSON AV,40.636935,-74.151276
203997,PORT RICHMOND AV/RICHMOND TERR,40.640001,-74.131741
204000,COLLEGE OF STATEN ISLAND LOOP RD/SOUTH ADMIN,40.59889,-74.151686
204018,RICHMOND TERR/VAN NAME AV,40.636912,-74.152916
204019,CASTLETON AV/ALASKA ST,40.634264,-74.119979
204020,BAY ST/SLOSSON TERR,40.640917,-74.075718
204058,HYLAN BLVD/NARROWS RD SOUTH,40.605714,-74.076558
204060,CHELSEA AV/BLOOMFIELD AV,40.615291,-74.186935
204061,5 ST/AMAZON FULFILLMENT CENTER,40.619015,-74.185269
204062,CHELSEA AV/BLOOMFIELD AV,40.614948,-74.187226
204063,VICTORY BL/BEECHWOOD PL,40.613288,-74.120337
204064,RICHMOND TERR/NICHOLAS ST,40.647438,-74.080735
204067,HUGUENOT AV/DRUMGOOLE RD EAST,40.53452,-74.193012
204074,RICHMOND TERR/BEMENT AV,40.642928,-74.113873
250000,ARDEN AV/BATHGATE ST,40.530102,-74.161835
250002,ARDEN AV/KOCH BLVD,40.534964,-74.165318
250004,ARDEN AV/MOSELY AV,40.541528,-74.170008
250006,ARDEN AV/ANNADALE RD,40.544475,-74.176341
250010,HUGUENOT AV/WOODROW RD,40.54356,-74.197329
250011,HUGUENOT AV/AVON GREEN,40.54871,-74.199989
250016,HUGUENOT AV/AVON GREEN,40.548624,-74.200158
250020,ARDEN AV/ANNADALE RD,40.544316,-74.176319
250021,ARDEN AV/MOSELY AV,40.541208,-74.169611
250023,ARDEN AV/KOCH BLVD,40.534473,-74.16518
250028,WOODROW RD/CARLTON BLVD,40.552176,-74.185984
250029,WOODROW RD/BERRY AV W,40.560205,-74.180356
250032,WOODROW RD/CARLTON BLVD,40.552095,-74.186174
250036,BLOOMINGDALE RD/SHARROTTS RD,40.537495,-74.217919
250037,AMBOY RD/BEDELL ST,40.521241,-74.217312
250038,BLOOMINGDALE RD/SOUTH SERVICE RD,40.528153,-74.216547
250039,BLOOMINGDALE RD/ALYSIA CT,40.53752,-74.217724
250041,AMBOY RD/RICHMOND VALLEY RD,40.519123,-74.22941
250042,AMBOY RD/MURRAY ST,40.51674,-74.2325
250043,AMBOY RD/BARNARD AV,40.512037,-74.239633
250045,AMBOY RD/MAIN ST,40.508999,-74.247228
250046,AMBOY RD/CONNECTICUT ST,40.50773,-74.251499
250048,AMBOY RD/MAIN ST,40.509055,-74.246775
250050,AMBOY RD/BREHAUT AV,40.512374,-74.238875
250051,AMBOY RD/RICHMOND VALLEY RD,40.519133,-74.227311
250053,HUGUENOT AV/LOMBARD CT,40.553449,-74.202126
250054,HYLAN BLVD/CANNON BLVD,40.565114,-74.114835
250058,GLEN ST/VICTORY BLVD,40.591974,-74.19263
250059,WEST SHORE EXPWY/VICTORY BLVD,40.589609,-74.19407
250061,WOODROW RD/SHOTWELL AV,40.556034,-74.182142
250062,AMBOY RD/BEDELL ST,40.521478,-74.216996
250065,HUGUENOT AV/AMBOY RD,40.531628,-74.191492
250066,HUGUENOT AV/AMBOY RD,40.531769,-74.191697
250068,AMBOY RD/PAGE AV,40.516199,-74.23289
308032,4 AV/90 ST,40.619537,-74.029807
308533,4 AV/87 ST,40.621917,-74.028796
400145,PARK AV SOUTH/E 22 ST,40.739321,-73.987115
400163,BROADWAY/THOMAS ST,40.715831,-74.004952
400359,MADISON AV/E 47 ST,40.756492,-73.976474
400715,W 34 ST/6 AV,40.749773,-73.98753
400726,6 AV/W 15 ST,40.738154,-73.996193
401800,WATER ST/MAIDEN LN,40.706027,-74.006285
401844,W 34 ST/5 AV,40.748672,-73.98491
402133,E 23 ST/LEXINGTON  AV,40.739217,-73.984281
402135,E 23 ST/2 AV,40.737682,-73.980586
403259,W 42 ST/7 AV,40.756311,-73.98737
403971,BROADWAY/CORTLANDT ST,40.709424,-74.010341
404176,LEXINGTON AV/E 41 ST,40.750881,-73.976569
404189,BROADWAY/RECTOR ST,40.707117,-74.012303
404201,BROADWAY/BARCLAY ST,40.71233,-74.007961
404202,BROADWAY/RECTOR ST,40.707233,-74.012209
404204,5 AV/W 46 ST,40.755853,-73.979247
404205,5 AV/W 40 ST,40.752314,-73.981856
404206,5 AV/W 32 ST,40.747215,-73.985526
404208,BROADWAY/WORTH ST,40.716082,-74.004731
404215,5 AV/W 54 ST,40.760772,-73.975688
404220,BROADWAY/VESEY ST,40.711545,-74.008596
404221,BROADWAY/LIBERTY ST,40.709415,-74.010424
404222,BROADWAY/EXCHANGE ALLEY,40.706587,-74.012746
404228,5 AV/W 40 ST,40.752548,-73.981679
404230,PARK ROW/ANN ST,40.711479,-74.007474
404238,BROADWAY/BARCLAY ST,40.712076,-74.008112
404239,LEXINGTON AV/E 34 ST,40.74593,-73.980183
404240,BROADWAY/CORTLANDT ST,40.709999,-74.009912
404242,WORTH ST/CHURCH ST,40.716917,-74.006104
404243,WORTH ST/CHURCH ST,40.716552,-74.005256
404294,WEST HOUSTON ST/WASHINGTON  ST,40.729001,-74.009391
404873,5 AV/W 48 ST,40.757004,-73.978433
404883,AVENUE OF THE AMERICAS/WEST BROADWAY,40.720728,-74.005199
404887,GREENWICH ST/BATTERY PL,40.70496,-74.01482
404891,CHURCH ST/CHAMBERS ST,40.715045,-74.007712
404923,CENTRAL PARK SOUTH/6 AV,40.766314,-73.977491
404931,WEST HOUSTON ST/MERCER ST,40.725761,-73.997446
404934,BROADWAY/LIBERTY ST,40.70928,-74.010536
404940,WEST HOUSTON ST/VARICK ST,40.728569,-74.004612
404956,BATTERY PL/WASHINGTON ST,40.704955,-74.015609
404960,BATTERY PL/WASHINGTON ST,40.705004,-74.015762
404993,BROADWAY/E 13 ST,40.734565,-73.990896
405011,E 57 ST/LEXINGTON AV,40.760812,-73.968693
405017,WEST ST/CARLISLE ST,40.709633,-74.014694
405043,STATE ST/WHITEHALL ST,40.702409,-74.012665
405136,WEST ST/NORTH MOORE ST,40.720234,-74.011966
405166,W 34 ST/8 AV,40.752353,-73.993674
405305,WEST ST/NORTH MOORE ST,40.720253,-74.012307
450040,MADISON AV/E 41 ST,40.752415,-73.97947
450042,MADISON AV/E 55 ST,40.760871,-73.973284
450060,5 AV/W 43 ST,40.754263,-73.980408
450063,5 AV/E 55 ST,40.761387,-73.975233
450119,5 AV/W 59 ST,40.764227,-73.973142
450122,5 AV/W 51 ST,40.759735,-73.976414
450124,5TH AVE / W 48TH ST,40.757018,-73.978429
450135,5 AV/W 37 ST,40.750451,-73.983185
450180,MADISON AV/E 47 ST,40.756291,-73.976662
450402,CHURCH ST/FULTON ST,40.711727,-74.010261
801069,4 AV/86 ST,40.622647,-74.028537
803031,fdr service rd/e 16 st,40.729685,-73.972354
803033,WATER ST/HANOVER SQ,40.70363,-74.00954
803071,PEARL ST/FRANKFORT ST,40.709381,-74.001729
803074,PEARL ST/PECK SLIP,40.708907,-74.002294
803224,W 57 ST/6 AV,40.764572,-73.977875
805002,CASTLETON AV/BEMENT AV,40.634872,-74.112725
805003,CASTLETON AV/BRIGHTON AV,40.633999,-74.097609
805006,SAINT GEORGE FERRY/RAMP D,40.643722,-74.073104
805010,SEAVIEW HOSPITAL/TRAFFIC LOOP,40.592923,-74.134134
805011,SEAVIEW HOSPITAL/DR E ROBITZEK BUILDING,40.591517,-74.132512
805012,SEAVIEW HOSPITAL EXIT/TRAFFIC LOOP,40.593099,-74.133898
805013,MILL RD/EBBITTS ST,40.564227,-74.110338
805014,SAINT GEORGE FERRY/RAMP A,40.643355,-74.073
805015,SAINT GEORGE FERRY/RAMP C,40.643555,-74.073184
805016,SAINT GEORGE FERRY/RAMP D,40.643734,-74.073046
805017,SAINT GEORGE FERRY/RAMP C,40.643571,-74.073149
805031,Gowanus Exp./Lee Av (S.B.),40.609459,-74.035969
805032,Gowanus Exp./78 Street (S.B.),40.625054,-74.019194
805033,Verrazano Bridge/Lee Av (N.B.),40.610786,-74.031356
805034,Gowanus Exp./65 St (N.B.),40.637706,-74.020302
805035,Gowanus Exp./78 St (N.B.),40.624909,-74.018958
805036,Gowanus Exp./63 St. (S.B.),40.636916,-74.019496
805037,Gowanus Exp./3 Av (N.B.),40.640448,-74.021466
805038,Gowanus Exp./Hicks St (N.B.),40.679884,-74.003929
805040,SOUTH AV/1200 SOUTH AV,40.610502,-74.177271
805043,NONSTOP/FOR LTD SERVICE,40.634626,-74.111968
805045,HYLAN BLVD/WENDY DR,40.526804,-74.178204
805054,34 ST/HOBOKEN LIGHT RAIL STATION,40.671472,-74.107189
805056,34 ST/HOBOKEN LIGHT RAIL STATION,40.671416,-74.10723
805064,MADISON AV/E 59 ST,40.763475,-73.971399
805066,WOODROW RD/OAK LN,40.560075,-74.180467
805067,NARROWS RD NORTH/TARGEE ST,40.608731,-74.088212
805071,RICHMOND AV/ MONSEY PL,40.624299,-74.149069
805073,HYLAN BLVD/CORNELIA AV,40.522665,-74.18993
805079,BLOOMINGDALE RD/AMBOY RD,40.527796,-74.216359
805082,BLOOMINGDALE RD/MARVIN RD,40.535389,-74.218221
805084,BLOOMINGDALE RD/CLAY PIT RD,40.54004,-74.217596
805087,BLOOMINGDALE RD/VETERANS RD EAST,40.547995,-74.220346
805092,BLOOMINGDALE RD/KRAMER AV,40.542012,-74.218189
805093,BLOOMINGDALE RD/CLAY PIT RD,40.54004,-74.217754
805094,BLOOMINGDALE RD/SHARROTTS RD,40.537602,-74.217955
805096,BLOOMINGDALE RD/ENGLEWOOD AV,40.531325,-74.217873
805098,AMBOY RD/BLOOMINGDALE RD,40.523925,-74.215448
805105,LUTEN AV/HYLAN BLVD,40.523384,-74.188525
805108,EYLENDT ST/ LUTEN AV,40.526823,-74.191293
805113,Bridge loop,40.604353,-74.06671
805114,gulf av/forest av,40.62484,-74.178525
805115,goethals bridge app/goethals bridge,40.633623,-74.193975
805116,lincoln tnl ap/lincoln tnl ap,40.758765,-73.997905
805117,goethals bridge app/goethals bridge app,40.630214,-74.186743
805118,lincoln tnl app/lincoln tnl app,40.756743,-73.995651
805138,TELEPORT DR/SOUTH AV,40.606799,-74.178243
805139,TELEPORT DR/SOUTH AV EXIT,40.606845,-74.177648
805140,HYLAN BLVD/HUGUENOT AV,40.523831,-74.18625
805143,BLOOMINGDALE RD/VETERANS RD EAST,40.548875,-74.220854
805154,slosson av/si ep en eb,40.610655,-74.117147
805155,LAMBERTS LN/RICHMOND AV,40.614399,-74.157786
805158,richmond av/sumner av,40.616292,-74.157542
805159,SIE/Gansevoort bl,40.608775,-74.127251
805160,richmond av/sumner av,40.608682,-74.14817
805161,West Shore ep/SIE(S),40.622105,-74.171852
805162,West Shore ep/SIE(N),40.620825,-74.17247
805163,SAINT GEORGE FERRY/RAMP B S76 & S86,40.643368,-74.073326
805164,SAINT GEORGE FERRY/RAMP C S78,40.643261,-74.074069
805165,ELTINGVILLE/TRANSIT CENTER,40.560734,-74.171061
805167,C ST/1 AV,40.598891,-74.151783
805168,HYLAN BLVD/NEW DORP LN,40.570271,-74.109771
805173,VETERANS RD EAST/BLOOMINGDALE RD,40.548058,-74.220095
805187,BROADWAY/MORRIS ST,40.705189,-74.013878
805189,MARSH AV/RING RD,40.58333,-74.161716
805190,MARSH AV/RING RD,40.583765,-74.161347
805202,5 ST/AMAZON FULFILLMENT CENTER,40.618936,-74.185156
901108,gowanus py/6 av(NB),40.635388,-74.016662
901109,gowanus py/6 av,40.635157,-74.016821
901110,fdr/beekman st,40.706646,-74.002308
901112,fdr/battery pl,40.704094,-74.016695
901113,fdr/battery pl,40.704457,-74.01658
901114,Gowanus Exp./6 Av (N.B.),40.635379,-74.016664
901116,Gowanus Exp./7 Av (S.B.),40.633451,-74.016178
901169,Gowanus EXP./ 29 St. (S.B.),40.659465,-74.00248
901171,B.B.T./Andes Road (N.B.),40.690928,-74.011201
901225,4 AV/86 ST,40.622521,-74.028343
901226,4 AV/86 ST,40.622658,-74.028343
901515,ARTHUR KILL RD/West Service Rd,40.557538,-74.206685
903013,VESEY ST/WEST ST,40.714123,-74.014863
903017,AVENUE OF THE AMERICAS/W 14 ST,40.73742,-73.996705
903036,CENTRAL PARK SOUTH/6 AV,40.766007,-73.976806
903037,AVENUE OF THE AMERICAS/W 41 ST,40.754307,-73.984397
903095,TRINITY PL/RECTOR ST,40.707875,-74.012754
903098,PARK ROW/ANN ST,40.711518,-74.007232
903115,BATTERY PL/GREENWICH ST,40.704683,-74.015011
903165,CENTRAL PARK SOUTH/6 AV,40.766037,-73.976956
903167,fdr/e 23 st,40.735578,-73.975243
903205,BATTERY PL/GREENWICH ST,40.704707,-74.015088
903208,richmond av/yukon av,40.577219,-74.169911
905002,VICTORY BLVD/BAY ST,40.637675,-74.076194
905003,VICTORY BLVD/BAY ST,40.637812,-74.076158
905004,GRANDVIEW AV/FOREST AV,40.627824,-74.165209
905007,ARLO RD/STRATFORD AV,40.61971,-74.094636
905010,EYLANDT ST/LUTEN AV,40.526834,-74.191546
905011,MERRILL AV/RICHMOND AV,40.610319,-74.163855
905014,HYLAN BLVD/LUTEN AV,40.523099,-74.18814
905015,LUTEN AV/EYLANDT ST,40.526961,-74.19133
905016,MILFORD DR/OCEAN TERR,40.609851,-74.103826
905017,NEW DORP LN/MILL RD,40.569096,-74.106898
905018,HYLAN BLVD/NARROWS RD SOUTH,40.605406,-74.077939
905019,CASTLETON AV/JEWETT AV,40.63385,-74.129613
905021,CASTLETON AV/JEWETT AV,40.633696,-74.129779
905041,arthur kill rd /richmond av,40.561129,-74.170036
905044,FOREST AV/SOUTH AV,40.627115,-74.165571
905046,ELTINGVILLE/TRANSIT CENTER,40.560931,-74.171352
905051,LILY POND AV/McCLEAN AV,40.598827,-74.063766
905059,4 AV/86 ST,40.622312,-74.028688
905063,N.J. Tpke/route 439 (S.B.),40.6427,-74.210164
905065,LINDBERGH AV/CLAWSON ST,40.5681,-74.115438
905083,RICHMOND RD/SAINT PATRICKS PL,40.572094,-74.144345
905086,VETERANS RD EAST/ARTHUR KILL RD,40.556666,-74.203716
905103,LINCOLN AV/RICHMOND RD,40.580952,-74.111446
905105,PORT RICHMOND AV/RICHMOND TERR,40.639876,-74.131826
905106,BROADWAY/RICHMOND TERR,40.640208,-74.118016
905107,HYLAN BLVD/RICHMOND AV,40.533357,-74.154253
905111,PORT RICHMOND AV/RICHMOND TERR,40.639742,-74.131937
905112,MILL RD/DELWIT AV,40.55342,-74.117339
905114,SOUTH AV/WEST SHORE PLAZA,40.601619,-74.192639
905121,bayonne br/bayonne br-north,40.644947,-74.140815
905122,bayonne br/bayonne br-south,40.645042,-74.141128
905130,ARTHUR KILL RD/CHARLESTON DEPOT,40.532369,-74.238953
905140,NEW DORP LN/3 ST,40.57522,-74.11852
905141,RICHMOND RD/NEW DORP LN,40.575827,-74.120026
905142,4 AV/87 ST,40.62198,-74.028767
905144,MARSH AV/WESTPORT ST,40.584103,-74.160766
905148,west st/morris st,40.706862,-74.015765
905149,murray st/north end av,40.715823,-74.015194
905150,west st/morris st,40.706838,-74.015774
905153,staten island expwy/wooley av,40.607568,-74.140691
905154,TELEPORT DR/CORPORATE COMMONS,40.60453,-74.178526
905155,TELEPORT DR/CORPORATE COMMONS,40.604704,-74.17873
905156,TELEPORT DR/SOUTH AV,40.60683,-74.178282
905157,TELEPORT DR/SOUTH AV EXIT,40.606893,-74.177699
905160,N.J. Tpke/route 439 (N.B.),40.643289,-74.210476
905161,MARSH AV/RING RD,40.58372,-74.161424
905162,MARSH AV/RING RD,40.583753,-74.161413
905167,MARSH AV/RING RD,40.583692,-74.161262
905169,AMBOY RD/TYSENS LN,40.568897,-74.125136
905179,BRICKTOWN MALL/SHOPPING CENTER,40.52948,-74.231061
905180,BRICKTOWN MALL/SHOPPING CENTER,40.528346,-74.230218
905182,SEAVIEW HOSPITAL/PARK LN,40.592552,-74.130589
905189,MAIN ST/AMBOY RD,40.508887,-74.24688
905190,MAIN ST/AMBOY RD,40.508943,-74.246909
905194,BATTERY PL/WASHINGTON ST,40.70477,-74.015508
905196,WEST ST/WARREN ST,40.716422,-74.012858
905197,BLOOMINGDALE RD/SOUTH SERVICE RD,40.528136,-74.216552
905198,HUGUENOT AV/RAILEY CT,40.552591,-74.201852
905199,HUGUENOT AV/WOODROW RD,40.543146,-74.19731
905201,WOODROW RD/SHOTWELL AV,40.556203,-74.182289
905207,ARLO RD/GRYMES HILL APARTMENTS,40.620106,-74.092794
905213,ARLO RD/HOWARD AV,40.619471,-74.090467
905214,rt 440/30 st,40.670558,-74.107854
905215,FOREST HILL RD/RICHMOND AV,40.571911,-74.167998
905216,BROADWAY/THOMAS ST,40.716,-74.004771
905219,LEXINGTON AV/E 55 ST,40.759677,-73.970083
905220,NORTH GANNON AV/BRADLEY AV,40.608569,-74.13264
905221,NORTH GANNON AV/WOODWARD AV,40.608016,-74.143009
905222,SOUTH GANNON AV/ARDMORE AV,40.60737,-74.138874
905248,SEAVIEW AV/NUGENT AV,40.583714,-74.086714
905252,MORLEY AV/EBONY ST,40.575638,-74.126146
