숙소id,공항,자동차거리(m)
36121,LGA,16410
36647,LGA,11285
38663,LGA,16893
38833,LGA,11367
39282,LGA,11350
39572,LGA,15413
6848,LGA,11835
6872,LGA,10647
6990,LGA,11759
7097,LGA,14573
7801,LGA,11813
8490,LGA,14311
93313,LGA,14170
94783,LGA,15888
96471,LGA,14789
98663,LGA,14635
100002,LGA,16986
100186,LGA,21547
42300,LGA,14670
42729,LGA,19401
43105,LGA,13661
44229,LGA,14203
44973,LGA,11937
9357,LGA,15351
10452,LGA,14762
12940,LGA,15238
14314,LGA,11513
15341,LGA,15068
15385,LGA,12194
16580,LGA,15491
45910,LGA,10755
45935,LGA,9754
45936,LGA,12318
103555,LGA,14274
105469,JFK,18257
106363,LGA,13313
106647,LGA,14442
107630,LGA,11031
112435,LGA,14651
113265,LGA,16062
115535,LGA,12372
46911,LGA,17190
49048,LGA,14779
16821,LGA,14772
16974,LGA,9834
17037,LGA,15092
18152,LGA,13132
18728,LGA,15810
19174,LGA,15736
19282,LGA,18333
52689,LGA,4482
53469,LGA,10355
115748,LGA,5105
118061,LGA,20355
125163,LGA,20511
135465,LGA,15503
136493,LGA,16886
53470,LGA,10971
53477,LGA,9937
54466,LGA,12154
54508,LGA,16308
54544,LGA,11289
54860,LGA,10292
21794,LGA,15674
23135,LGA,19330
23545,LGA,13193
24285,LGA,17407
26785,LGA,18731
27883,LGA,15446
55959,LGA,11350
56859,LGA,11043
57166,LGA,3686
57297,LGA,16631
140133,LGA,12211
141335,LGA,24888
144087,LGA,11338
146726,LGA,10684
148259,LGA,11873
148825,LGA,12738
150804,LGA,14412
57874,LGA,10044
58059,LGA,12261
59014,LGA,14378
28907,LGA,12177
29013,LGA,14742
29628,LGA,15037
31130,LGA,14475
31994,LGA,14539
33009,LGA,11511
59121,LGA,10804
60611,LGA,11054
151199,LGA,5995
152263,LGA,10911
157673,LGA,21278
158061,LGA,19505
166006,LGA,12581
60666,LGA,10891
34760,LGA,14676
212109,LGA,18035
213330,LGA,14940
216080,LGA,14722
218358,LGA,11507
219066,LGA,33247
219922,LGA,11810
60680,LGA,15527
61406,LGA,11764
62925,LGA,10514
63588,LGA,15758
63610,LGA,19523
168123,LGA,23012
169483,JFK,27171
170761,LGA,15362
173151,LGA,10872
174966,LGA,15293
176135,LGA,15993
223930,LGA,16214
225354,LGA,12654
225976,EWR,24299
226021,LGA,11706
227495,LGA,14262
228317,LGA,19984
64314,LGA,16035
64365,LGA,15971
66008,LGA,17980
66251,LGA,15497
177606,LGA,13997
179670,LGA,14864
180201,LGA,11601
182069,LGA,12485
66275,LGA,14900
66974,LGA,17844
233638,LGA,11022
235552,LGA,18499
235951,LGA,13825
235960,LGA,14491
67299,LGA,12139
68735,LGA,14442
68974,LGA,15091
190974,LGA,17790
191610,LGA,15452
195123,LGA,13658
195240,LGA,24125
195989,LGA,17648
69894,LGA,15425
245544,LGA,18000
245574,LGA,14247
248865,LGA,11490
248966,LGA,11598
249704,LGA,11296
249867,LGA,19463
71366,LGA,16524
199733,LGA,16308
201992,LGA,16938
204065,LGA,14591
205485,LGA,14431
206957,JFK,22756
75635,LGA,15226
75658,LGA,14005
250536,LGA,11657
251277,LGA,14443
253332,LGA,28591
253466,LGA,11490
253471,LGA,11490
253475,LGA,11490
253800,LGA,11490
77765,LGA,11479
79067,LGA,15226
80493,LGA,14794
208889,LGA,13032
209310,LGA,8740
274743,LGA,12976
276021,LGA,12811
276317,LGA,16430
277883,LGA,23837
253803,LGA,11490
253806,LGA,11490
253811,LGA,11490
253846,LGA,11490
255476,LGA,11586
255601,LGA,14711
82638,LGA,14892
82928,LGA,14402
83243,LGA,19525
83474,LGA,15924
281851,LGA,11083
286662,LGA,16661
287408,LGA,15890
287845,LGA,18258
84010,LGA,11479
89427,LGA,14789
400078,LGA,13011
255957,LGA,14919
257097,LGA,14822
260755,LGA,16805
409262,LGA,17548
292121,LGA,15150
292800,LGA,17301
294227,LGA,11096
294242,LGA,11096
294259,LGA,11096
294263,LGA,11096
411918,LGA,21877
413504,LGA,11722
416557,LGA,9978
294280,LGA,11096
295998,LGA,13733
296717,LGA,14961
298759,LGA,15875
301034,LGA,11492
263232,LGA,12447
263888,LGA,14902
266449,LGA,14634
266753,LGA,14517
417685,LGA,17569
424767,LGA,13712
425423,LGA,17897
267652,LGA,23710
268335,LGA,11888
268439,LGA,11567
269283,LGA,20983
269404,LGA,4340
270139,LGA,11055
270231,LGA,6676
270345,LGA,15359
431865,LGA,13696
302238,LGA,10739
302280,LGA,11005
302309,LGA,10741
302705,LGA,13640
302758,LGA,9948
303264,LGA,10523
305245,LGA,10808
310325,LGA,12201
310338,LGA,12297
432823,LGA,17928
433414,LGA,14796
433914,LGA,19682
437352,LGA,19014
272026,LGA,17176
518566,LGA,14327
519310,LGA,6812
523123,LGA,18690
528485,LGA,20928
530576,LGA,15766
439750,LGA,10501
310524,LGA,13697
314982,LGA,14614
318021,LGA,11476
321136,LGA,13546
322037,LGA,11857
439870,LGA,17899
442636,LGA,17481
443646,LGA,14157
447766,LGA,13662
448011,LGA,14565
325429,LGA,12976
332208,LGA,10932
333323,LGA,15959
336055,LGA,17972
532288,LGA,17177
533506,LGA,16025
536578,LGA,11301
538465,LGA,16863
540057,LGA,12942
541725,LGA,12061
542054,LGA,16025
543792,LGA,10175
449660,LGA,23303
450577,LGA,15213
453094,LGA,14540
455734,LGA,17531
456190,LGA,17392
342995,LGA,10703
343276,LGA,14542
343766,LGA,6622
344082,LGA,14615
351859,LGA,14355
352651,LGA,23117
353317,LGA,15226
355563,LGA,17173
545261,LGA,14266
545651,LGA,22948
550653,LGA,18494
552502,LGA,15957
552519,LGA,21593
552639,LGA,11202
456578,LGA,16438
463042,LGA,15460
465706,LGA,12652
373618,LGA,12121
385824,LGA,19956
386744,LGA,13799
387666,LGA,13895
466277,LGA,11661
466457,LGA,13246
467569,LGA,14525
553872,LGA,12010
553903,LGA,12071
560078,LGA,15586
568661,LGA,10467
467866,LGA,17000
389482,JFK,10123
392948,LGA,12017
394111,JFK,10351
396636,LGA,13432
397034,LGA,16980
569255,EWR,37723
570797,LGA,15676
571564,LGA,22217
573671,LGA,15097
576227,LGA,12567
578267,LGA,15505
479002,LGA,14970
479285,LGA,7619
483414,LGA,15393
487684,LGA,16697
491123,LGA,16420
643328,LGA,15739
644575,EWR,24934
645075,LGA,15904
645693,LGA,6307
646458,LGA,12621
496166,LGA,18104
581488,LGA,11906
582372,LGA,5051
587698,JFK,26822
587740,LGA,16209
590903,LGA,10725
591135,LGA,15492
498052,LGA,11722
499763,LGA,15110
504362,LGA,16536
651375,LGA,15625
651648,LGA,15094
655811,LGA,15100
656281,LGA,23030
658366,LGA,14415
658932,LGA,11183
507393,LGA,15722
597668,LGA,14379
600775,LGA,16491
602070,LGA,10462
512022,LGA,14641
513343,LGA,16129
513688,LGA,16492
514548,LGA,11840
752616,LGA,15205
664047,LGA,15420
666613,LGA,12568
666837,LGA,14977
667502,LGA,16443
669640,LGA,17812
606269,LGA,15779
607781,LGA,11433
611009,LGA,15479
611156,LGA,13205
613528,LGA,11184
753622,LGA,14543
753687,LGA,21048
753991,LGA,14367
754353,LGA,5769
759901,LGA,19446
675793,LGA,17354
680225,LGA,10106
681599,EWR,33569
684991,LGA,12791
690603,LGA,16013
761835,LGA,6146
618916,LGA,15468
634353,LGA,15544
639199,EWR,30364
762015,LGA,11440
762145,LGA,16716
762426,LGA,12685
690934,LGA,16993
695216,LGA,14504
698132,LGA,13285
698298,LGA,15491
765315,LGA,17324
765563,JFK,21551
828130,LGA,17375
828553,LGA,14583
828616,LGA,21087
836720,LGA,7458
837503,LGA,13795
838070,LGA,20913
765569,LGA,15097
767286,LGA,14034
699472,LGA,11996
703971,LGA,23203
704838,LGA,4317
705749,EWR,23372
705997,LGA,19990
707396,LGA,15113
711635,LGA,15900
712127,EWR,22701
840731,LGA,16327
844319,LGA,26646
846854,LGA,14198
847648,LGA,12800
773885,LGA,13631
774791,LGA,6729
776257,LGA,12167
777327,LGA,20008
779838,LGA,13612
783202,LGA,17345
783341,LGA,15486
848718,LGA,23405
850338,LGA,11422
850517,LGA,19066
850712,LGA,16455
850943,LGA,12677
852118,LGA,16205
712260,LGA,17521
713538,LGA,15174
714049,LGA,4318
723709,LGA,11971
727512,LGA,11490
784122,LGA,19044
784124,LGA,18899
736187,LGA,11139
739239,LGA,14964
739242,LGA,15011
740754,LGA,4882
747316,LGA,12570
852632,LGA,20267
853142,LGA,14147
854396,LGA,10273
856918,LGA,17806
857810,LGA,11431
864981,EWR,32614
786685,LGA,12206
787060,LGA,13025
788005,LGA,16143
748118,LGA,11484
749276,LGA,17713
752289,LGA,16413
951365,LGA,10175
951439,LGA,14720
953314,LGA,13600
867020,LGA,11126
873701,LGA,22962
874706,LGA,23503
876355,LGA,11806
794156,LGA,14761
804194,LGA,11682
883480,LGA,12692
886808,LGA,10497
887355,LGA,13219
890794,LGA,5079
890839,LGA,15769
805028,LGA,17066
956412,LGA,16432
958444,LGA,20504
973535,LGA,2209
973653,LGA,12182
975250,LGA,12583
975990,LGA,16476
978386,LGA,6332
805218,LGA,10516
808476,LGA,14470
811238,LGA,10929
813225,LGA,14906
896535,LGA,14128
904060,LGA,14694
909859,LGA,16965
918049,LGA,15094
982038,LGA,14890
982276,LGA,15502
983625,LGA,10449
986727,LGA,10837
990367,LGA,10887
814327,LGA,13297
816888,LGA,16838
817113,LGA,22405
818325,LGA,13130
919830,LGA,15572
921500,LGA,22508
927408,LGA,14348
818481,LGA,13828
990529,LGA,13240
993514,LGA,14348
993575,LGA,14531
993576,LGA,14284
1009883,LGA,17534
1010785,LGA,5332
818518,LGA,12374
819206,LGA,12089
819228,LGA,12354
819893,LGA,13561
819956,LGA,13815
936218,LGA,11176
939657,LGA,11305
940116,EWR,33982
945297,LGA,15798
1138727,LGA,14444
1141120,LGA,19725
1018529,LGA,10464
1023529,LGA,12452
1024647,LGA,20331
1025786,LGA,10241
1026683,LGA,11221
1027808,LGA,14890
825129,LGA,12965
826685,LGA,14222
1380326,LGA,13478
1144861,LGA,16517
1146653,LGA,13601
1150382,LGA,9717
1150869,LGA,13336
1151343,LGA,11803
1155885,LGA,20315
1157522,LGA,11630
1030254,LGA,11828
1035120,LGA,2321
1036498,LGA,6307
1038802,LGA,9535
1040156,LGA,14951
1042806,LGA,7431
1392079,LGA,22312
1392144,LGA,22290
1396458,LGA,15642
1398234,LGA,15131
1401826,LGA,9352
1044731,LGA,24603
1045897,LGA,11907
1049224,LGA,10953
1056445,LGA,13999
1060019,LGA,13501
1063020,LGA,10644
1166947,LGA,15167
1167658,LGA,10715
1187643,LGA,9836
1195260,LGA,23066
1407633,LGA,11368
1072481,LGA,14858
1076324,LGA,6860
1080543,EWR,33732
1087215,LGA,15137
1411811,LGA,16693
1440363,LGA,11281
1205103,LGA,14488
1209921,LGA,20812
1210916,LGA,13853
1213745,LGA,14940
1215122,LGA,12653
1215627,JFK,16261
1220548,JFK,9438
1453998,LGA,16697
1098863,LGA,17472
1100421,LGA,16586
1101035,LGA,16792
1101224,LGA,13994
1102942,LGA,13089
1108309,JFK,22617
1457505,LGA,20235
1461965,LGA,22472
1465446,LGA,10618
1221962,LGA,14764
1245479,LGA,11514
1255828,LGA,16917
1256670,LGA,12794
1258651,LGA,10836
1474752,LGA,11436
1475084,LGA,14997
1117706,LGA,11652
1118031,LGA,15182
1123737,LGA,13725
1126492,LGA,15457
1127770,LGA,10670
1130680,LGA,18740
1131804,LGA,10573
1478946,LGA,14581
1479283,LGA,14714
1480002,LGA,14754
1263964,LGA,11321
1268154,LGA,8051
1278784,LGA,10565
1279234,LGA,22701
1486099,LGA,9731
1491991,LGA,17790
1506985,LGA,10339
1137093,LGA,10670
1137270,LGA,14555
1696381,LGA,10093
1702533,LGA,17219
1702781,LGA,5951
1707850,LGA,23048
1511303,LGA,23495
1281257,LGA,17097
1284776,LGA,18097
1291020,LGA,18781
1294973,LGA,15519
1530386,LGA,15829
1712660,LGA,11855
1717058,LGA,15209
1717226,LGA,21231
1722101,LGA,15160
1724731,LGA,16167
1533652,LGA,14608
1534212,JFK,23985
1549413,LGA,10958
1555491,LGA,12734
1304459,LGA,11919
1305346,LGA,15794
1307095,LGA,16013
1307228,LGA,10377
1307723,LGA,12726
1313711,LGA,23055
1325432,LGA,5770
1731245,LGA,19925
1731365,LGA,13765
1734724,LGA,11145
1735804,LGA,13141
1739847,LGA,13610
1581579,LGA,5566
1591811,LGA,12214
1604488,LGA,12369
1604489,LGA,14606
1606312,LGA,11050
1617443,LGA,11438
1331960,LGA,13881
1332473,JFK,15447
1336223,LGA,14714
1336230,LGA,14676
1342443,LGA,7517
1349187,LGA,22152
1349658,LGA,11843
1617488,LGA,13771
1742654,LGA,14462
1744709,LGA,19648
1745358,LGA,15349
1750248,LGA,11231
1750679,LGA,22417
1753671,LGA,10756
1754876,LGA,20481
1755844,LGA,21070
1621235,LGA,14047
1623431,LGA,13267
1628156,JFK,15928
1634856,LGA,11623
1640995,LGA,14420
1645181,LGA,21201
1766846,LGA,14694
1776732,LGA,13726
1780748,LGA,13112
1354973,LGA,19512
1355654,LGA,15812
1357021,LGA,13512
1359130,LGA,16786
1361017,LGA,17540
1918693,LGA,14893
1645667,LGA,15231
1649957,LGA,11240
1652236,LGA,15047
1654929,LGA,25632
1655550,LGA,14873
1656585,LGA,16126
1656621,LGA,13010
1793091,LGA,15174
1793104,LGA,12209
1797025,LGA,22611
1798500,LGA,17283
1668328,LGA,12332
1921859,LGA,4801
1925224,LGA,11324
1932110,LGA,14998
1934804,LGA,13883
1669149,LGA,15077
1670517,LGA,14309
1672977,LGA,14873
1673040,LGA,14873
1688914,LGA,11362
1809547,LGA,10583
1826701,LGA,12688
1831227,LGA,11135
2051352,LGA,28806
1935302,LGA,14318
1936633,LGA,20364
1941435,LGA,19923
1941439,LGA,10954
1944155,LGA,15509
1945115,LGA,11835
2053940,LGA,13886
1835367,LGA,14712
1846580,LGA,17751
1855846,LGA,13199
1856027,LGA,15428
1948494,LGA,25200
1952271,LGA,13642
1958765,LGA,10514
2065538,LGA,15539
2069359,LGA,20341
1870228,LGA,7371
1876811,LGA,14415
1881846,LGA,13303
1885714,LGA,11146
1961760,LGA,17299
1971540,LGA,14742
1974700,LGA,11141
1976123,LGA,15843
1979076,LGA,9758
2080861,LGA,13288
2083749,LGA,13617
1979127,LGA,15438
1981590,LGA,11358
1984378,LGA,11263
1984486,LGA,22047
1893225,LGA,15811
1897447,LGA,16943
1901154,LGA,13528
1903198,LGA,7697
1911641,LGA,13388
2165933,LGA,14641
2171821,LGA,11064
2089226,LGA,18888
2092827,LGA,11616
2093064,LGA,14712
1988823,LGA,11158
2000576,LGA,22050
2015168,LGA,14413
2015800,LGA,20567
2017397,LGA,23060
2093304,LGA,14224
2183423,LGA,11079
2194038,LGA,15328
2098030,LGA,21232
2100887,LGA,15305
2019927,LGA,16325
2028291,LGA,5798
2108178,LGA,9992
2111422,LGA,16177
2112142,LGA,15732
2214710,LGA,9768
2115773,LGA,18145
2028677,LGA,10853
2032156,LGA,25033
2041041,LGA,13388
2119582,LGA,16937
2127713,LGA,10916
2134697,LGA,14873
2044889,LGA,11572
2334411,LGA,10555
2338082,LGA,12869
2339096,LGA,15143
2137796,LGA,13994
2254817,LGA,13792
2255549,LGA,15714
2145599,LGA,15864
2151479,LGA,14265
2349737,LGA,7773
2373238,LGA,15667
2385779,LGA,13869
2151558,LGA,11088
2153153,LGA,11798
2154075,LGA,14082
2155610,LGA,19837
2261367,EWR,36221
2267177,EWR,33260
2607583,LGA,13620
2607741,LGA,13907
2392051,LGA,15643
2400614,LGA,9970
2404708,LGA,12227
2415563,LGA,22869
2619549,LGA,14215
2619802,LGA,14168
2620068,LGA,13921
2281147,LGA,14440
2284670,JFK,22305
2626457,LGA,14162
2629613,LGA,15683
2432622,LGA,11851
2435198,LGA,14205
2440357,LGA,5096
2446430,LGA,18678
2451647,LGA,15546
2454507,LGA,16661
2635078,LGA,16707
2636532,LGA,13558
2291893,LGA,23251
2296024,LGA,19284
2298731,LGA,14566
2303152,LGA,18194
2637533,LGA,5180
2645558,LGA,14443
2461439,LGA,14706
2465699,LGA,11573
2467377,LGA,12472
2468186,LGA,12874
2473861,LGA,10400
2484057,LGA,13410
2485774,LGA,11811
2657331,LGA,15310
2314392,LGA,15573
2314553,LGA,9884
2838331,LGA,10930
2847652,LGA,14504
2847932,LGA,12232
2659732,LGA,10529
2669352,LGA,13966
2508374,JFK,5841
2510394,LGA,10635
2856770,LGA,11719
2863408,LGA,13851
2865117,LGA,18711
2870840,LGA,16031
2677779,LGA,3119
2678075,LGA,14595
2683387,LGA,14190
2684223,LGA,18966
2686412,LGA,15206
2538248,LGA,11111
2700296,LGA,10975
2872353,LGA,14267
2888088,LGA,19459
2889377,LGA,7181
2700596,LGA,10954
2723019,LGA,23883
2563997,LGA,14650
2569808,LGA,11737
2574386,LGA,16221
2922197,LGA,10470
2923381,LGA,17420
2936054,LGA,21213
2939670,LGA,15668
2940007,LGA,14935
2748094,LGA,14847
2942129,LGA,15052
2947668,LGA,3650
2968070,LGA,14660
2578731,JFK,18436
2586556,LGA,18552
2754179,LGA,13590
2976105,LGA,15897
2979097,LGA,13936
2979714,LGA,11425
2781747,LGA,19966
2784311,LGA,14739
3123479,LGA,4175
3145484,LGA,14911
3153464,LGA,16528
3156969,JFK,18350
2786015,LGA,11533
2793834,LGA,13900
2794584,LGA,21027
2987465,LGA,13566
2995000,LGA,16049
2995209,LGA,14141
2999527,LGA,20550
3010664,LGA,15920
3012871,LGA,11459
2794762,LGA,21599
3161739,LGA,14322
3187925,LGA,14479
2806791,LGA,13677
2817967,LGA,14259
2830518,LGA,5662
3043467,LGA,19819
3052426,LGA,24906
3191678,LGA,21196
3198365,LGA,12055
3200522,LGA,19945
3207986,LGA,17292
3068145,LGA,13882
3068852,LGA,13881
3081771,LGA,19063
3083197,LGA,15523
3359510,LGA,9746
3360707,LGA,12511
3364802,LGA,11555
3091425,LGA,15140
3103596,LGA,12187
3111416,LGA,14774
3112284,LGA,5561
3369100,LGA,16384
3225975,LGA,17447
3379914,LGA,11140
3238517,LGA,21486
3247291,LGA,10880
3258196,LGA,12300
3400739,LGA,20865
3543839,LGA,15827
3553768,LGA,17394
3554230,LGA,18235
3556577,LGA,13807
3410516,LGA,11480
3415102,LGA,12656
3271893,LGA,17566
3272201,LGA,17721
3279671,LGA,14790
3563271,LGA,15346
3585452,LGA,10736
3431922,LGA,16087
3445138,LGA,17104
3447238,LGA,16009
3605388,LGA,20301
3605524,LGA,13236
3283409,LGA,19983
3297016,LGA,22819
3301484,LGA,13994
3309982,LGA,15949
3450210,LGA,11822
3458525,LGA,11135
3465604,LGA,15451
3465651,EWR,25385
3469171,EWR,37856
3311834,LGA,13773
3312276,LGA,10981
3323189,LGA,15280
3339273,LGA,14803
3339399,LGA,17281
3616173,LGA,17497
3625870,EWR,33592
3626426,LGA,13967
3485449,LGA,15893
3489242,LGA,6712
3490317,LGA,20824
3499016,LGA,4137
3627326,LGA,10959
3636601,LGA,15258
3636967,LGA,9811
3642325,JFK,22430
3344237,LGA,13247
3352608,JFK,23028
3511778,LGA,16719
3512428,LGA,13109
3513052,LGA,11138
3645284,LGA,12993
3652230,JFK,18873
3659544,LGA,15676
3662795,LGA,27040
3738815,LGA,13453
3741728,LGA,13506
3743048,EWR,26386
3749140,JFK,11006
3518682,LGA,16345
3519172,LGA,14489
3522244,LGA,15122
3527764,LGA,5686
3529500,LGA,16043
3663984,LGA,13559
3670659,LGA,15092
3677436,LGA,20807
3678796,LGA,15357
3530122,LGA,11315
3530517,LGA,15862
3752069,LGA,10486
3758296,LGA,11639
3760029,LGA,6153
3760824,LGA,11583
3765095,LGA,18825
3678829,LGA,17331
3685704,LGA,13574
3542523,LGA,12258
3767156,LGA,18584
3769052,LGA,15380
3779230,LGA,13946
3780113,LGA,10549
3922417,LGA,15234
3923128,LGA,13553
3689140,LGA,17483
3939535,JFK,10028
3783021,LGA,14205
3785438,LGA,15150
3791244,LGA,17260
3791325,LGA,13664
3793161,LGA,4746
3803622,LGA,16381
3710685,LGA,6860
3713233,LGA,20034
3715638,LGA,11569
4070025,LGA,15528
4074248,LGA,11397
3945636,LGA,5306
3817666,LGA,15079
3835681,LGA,4725
3838375,LGA,12791
3953314,LGA,15829
4081707,EWR,37838
4110645,EWR,31163
4121363,LGA,10155
3953415,LGA,15710
3962389,JFK,21817
3963635,LGA,21031
3839717,LGA,6131
3848105,LGA,19543
3850493,JFK,21855
3851911,LGA,15575
3968434,LGA,13455
4126676,LGA,14781
4128337,LGA,20849
4128428,LGA,13081
4132116,LGA,26739
4134035,LGA,15468
3979611,LGA,10130
3852261,JFK,18380
3852538,LGA,15511
3866888,LGA,13224
3985673,LGA,15582
3987571,LGA,15744
3987599,LGA,19360
3989564,LGA,21500
3998977,LGA,12575
4136252,LGA,10899
4140776,LGA,11812
4152752,LGA,15736
4162119,LGA,15706
4162292,LGA,25781
4162519,LGA,19937
3873451,LGA,13040
4010865,LGA,12704
3889997,LGA,15865
3891031,LGA,16591
3902156,LGA,15502
4271877,LGA,19854
4016142,LGA,14396
4162667,LGA,15776
4169094,LGA,4560
4174847,LGA,10065
4020425,LGA,9657
4025329,LGA,10768
4026150,LGA,5428
4031463,LGA,20338
4033422,EWR,22714
4285522,LGA,10631
4293040,LGA,13906
4293935,LGA,16358
4033444,LGA,21159
4033521,LGA,20052
4183424,LGA,17153
4183801,LGA,20562
4183989,LGA,10834
4198695,LGA,26422
4037522,LGA,3799
4038794,LGA,14841
4296710,LGA,17541
4296956,JFK,14912
4297952,LGA,15200
4299536,LGA,15086
4303600,LGA,15212
4305170,LGA,14803
4053517,LGA,11090
4206034,EWR,25424
4216813,LGA,9520
4058515,LGA,14177
4059620,LGA,15733
4060446,LGA,17881
4338548,LGA,14345
4343913,LGA,15486
4349358,LGA,15246
4067820,LGA,15592
4225738,LGA,16629
4233006,EWR,30702
4235620,LGA,10633
4241028,JFK,7220
4452723,JFK,9897
4352537,LGA,14507
4354764,JFK,15233
4355934,LGA,12289
4453484,LGA,12293
4455301,LGA,14567
4456312,LGA,21100
4249342,LGA,16959
4260964,LGA,11332
4263802,LGA,15189
4264049,LGA,4040
4264127,LGA,4603
4265471,LGA,14541
4464508,LGA,19110
4359718,LGA,18407
4377929,LGA,15578
4378951,LGA,14318
4469650,LGA,10528
4268286,LGA,9895
4573728,LGA,14547
4576206,LGA,16067
4472978,LGA,14944
4492303,LGA,17124
4387152,LGA,11333
4396939,LGA,15155
4397455,JFK,15877
4399443,LGA,10199
4594389,LGA,12619
4498688,LGA,16012
4498927,LGA,12250
4426780,LGA,10735
4428854,LGA,10422
4500530,LGA,14527
4614091,LGA,21779
4614838,LGA,15759
4504115,LGA,18473
4431674,LGA,11407
4436944,LGA,22425
4621213,LGA,14439
4621217,LGA,14448
4621713,LGA,14535
4509560,LGA,14448
4513084,LGA,12638
4514042,LGA,12555
4517848,LGA,13758
4525334,LGA,19931
4440751,LGA,15087
4707959,LGA,14103
4711070,LGA,6803
4711396,LGA,5642
4629870,LGA,16731
4632795,LGA,14271
4637053,LGA,6076
4637146,LGA,13186
4530432,LGA,13693
4532913,LGA,12109
4714854,LGA,11910
4537500,LGA,5750
4538012,LGA,12276
4539480,LGA,10960
4643199,LGA,13375
4644669,LGA,12931
4645170,LGA,15026
4645319,LGA,19871
4660022,LGA,15776
4539943,LGA,18461
4541102,LGA,23122
4738429,LGA,15701
4545999,LGA,16020
4668244,LGA,10876
4668252,LGA,13044
4677654,LGA,18566
4549557,LGA,11102
4550602,LGA,16167
4688209,LGA,11388
4688418,LGA,13375
4556564,LGA,13602
4557370,LGA,16738
4559096,LGA,15029
4742068,EWR,31777
4747624,LGA,15435
4705670,LGA,6808
4787201,LGA,22058
4790969,LGA,18380
4904582,LGA,16837
4753639,LGA,12662
4753866,LGA,12672
4753918,LGA,20151
4756551,LGA,17950
4907861,LGA,11673
4795857,LGA,14226
4798723,LGA,13539
4807244,LGA,22939
4916340,LGA,15383
4920338,LGA,13036
4759680,LGA,19140
4760085,LGA,16481
4760107,LGA,16730
4766284,LGA,10123
4768778,LGA,10520
4920448,LGA,15001
4808239,LGA,13935
4813342,LGA,15233
4815953,LGA,12458
4820897,LGA,15396
4822181,LGA,13226
4920489,LGA,12649
4925368,LGA,19795
4927910,LGA,20083
4928303,LGA,16184
4782569,LGA,32357
4936254,LGA,14632
4823386,LGA,5428
4823529,LGA,12850
4824310,LGA,12397
4824361,LGA,11954
4783902,LGA,17146
4784570,LGA,20672
4786675,LGA,12084
5083907,LGA,14149
4947515,LGA,10893
4956469,LGA,15194
4830799,LGA,19655
4963237,LGA,19542
4963511,LGA,19523
5085803,LGA,12189
5094593,LGA,11987
5095468,LGA,11530
5106041,LGA,25344
5106749,LGA,5947
4968633,LGA,14417
4968798,LGA,2526
4845290,LGA,16318
4976848,LGA,14390
4978241,LGA,11064
5113910,EWR,37929
5115870,LGA,9761
5121827,LGA,12419
5125051,LGA,12526
4987238,LGA,16593
4860430,LGA,13940
4860650,LGA,18964
4862917,LGA,15859
4987929,LGA,5589
4880542,LGA,11810
4881420,LGA,15859
5144689,LGA,10217
5150206,LGA,13062
5175054,LGA,15482
5004463,LGA,26649
5006113,LGA,16306
5010368,LGA,13113
5013564,LGA,16881
5020687,LGA,6141
4885673,LGA,17310
4886168,LGA,16456
5353312,LGA,13113
5195568,JFK,24922
5199439,LGA,13041
5224210,LGA,18866
5231817,LGA,12993
5050156,LGA,14881
5058359,LGA,16458
5065185,LGA,13902
5353612,LGA,17826
5358354,LGA,14874
5362041,LGA,11006
5363874,LGA,13367
5237336,LGA,13614
5251340,LGA,18791
5628539,LGA,13619
5638917,LGA,9771
5647213,LGA,20857
5649163,LGA,15184
5389907,LGA,5284
5397568,LGA,12342
5406041,LGA,15557
5649623,LGA,15673
5269840,LGA,21364
5274268,LGA,11473
5287414,LGA,14092
5287733,JFK,7150
5291956,LGA,26521
5661631,LGA,20881
5663222,LGA,10996
5413565,LGA,11500
5414911,LGA,7161
5433746,LGA,19144
5434150,LGA,16659
5439372,LGA,10615
5442054,LGA,16611
5297292,LGA,20083
5298896,LGA,19543
5301003,LGA,18089
5309959,JFK,10247
5442313,LGA,19087
5442584,LGA,14574
5443318,LGA,14874
5445314,LGA,15614
5454050,LGA,14874
5469274,LGA,13862
5679938,LGA,16912
5681182,LGA,12205
5319785,LGA,13857
5320325,LGA,11433
5320983,LGA,15977
5336588,LGA,9747
5693879,LGA,17312
5695055,LGA,13371
5478741,LGA,13777
5509771,LGA,17404
5511036,LGA,16033
5697237,LGA,14874
5706280,LGA,13572
5715049,LGA,17589
5340262,LGA,7161
5343821,LGA,13382
5352301,LGA,21248
5839268,LGA,17377
5846745,LGA,16464
5519207,LGA,9893
5520934,LGA,11578
5521689,LGA,13372
5536824,LGA,13553
5538410,LGA,23743
5719742,LGA,15792
5856685,LGA,11616
5860123,LGA,14783
5866656,EWR,31750
5748301,LGA,7540
5749237,LGA,17006
5545560,LGA,13571
5567361,LGA,18205
5568524,LGA,22029
5756464,LGA,14181
5762947,LGA,7161
5579240,JFK,8428
5590262,LGA,7429
5592990,LGA,12166
5873714,LGA,14435
5882725,LGA,11879
5884835,LGA,14421
5889379,LGA,11177
5892794,LGA,18778
5897622,LGA,11446
5770483,LGA,15233
5771366,EWR,24005
5593975,LGA,21601
5606308,LGA,12779
5616298,LGA,14931
5783517,LGA,16111
5931103,LGA,13840
5944801,LGA,11125
5947617,JFK,18098
5797144,LGA,15476
5627090,LGA,10607
6105742,LGA,12508
6130145,LGA,6746
5806273,LGA,13197
5965198,LGA,30466
5979363,LGA,12106
5979675,LGA,17519
5989528,LGA,23325
6000898,LGA,12683
5811500,LGA,10693
5815437,LGA,13224
6138423,LGA,13575
6146783,LGA,20289
6005868,LGA,11411
6018589,LGA,14331
6303109,LGA,20225
6303845,LGA,15138
6304002,LGA,15213
6181131,EWR,21584
6031001,LGA,11124
6040757,LGA,16214
6052119,LGA,20940
6185599,LGA,14108
6194461,LGA,7947
6326681,LGA,15433
6328394,LGA,11399
6329973,LGA,14751
6333994,LGA,14949
6221877,EWR,29522
6225968,LGA,12002
6066563,LGA,14966
6069703,LGA,12532
6078234,LGA,15315
6079079,JFK,13365
6084475,LGA,10251
6091850,LGA,5846
6343641,LGA,17393
6226794,LGA,13137
6227680,LGA,23315
6228461,EWR,29522
6237443,LGA,16065
6237974,LGA,19901
6242600,LGA,21441
6094046,LGA,14773
6101104,LGA,13423
6447136,LGA,11688
6348972,LGA,10916
6355861,LGA,18816
6356070,LGA,18909
6357128,LGA,10698
6255597,LGA,15353
6256470,LGA,16697
6359111,LGA,13258
6452188,LGA,10599
6460353,LGA,18061
6269945,LGA,13019
6380118,LGA,11606
6465850,LGA,11714
6474699,LGA,20862
6476333,LGA,9773
6384275,LGA,15336
6282629,LGA,10747
6291371,EWR,29522
6601284,LGA,18171
6602263,LGA,12558
6407534,LGA,14769
6477558,LGA,13000
6492185,JFK,24007
6492778,LGA,14894
6613106,LGA,17904
6421429,LGA,19592
6500246,LGA,14315
6501082,LGA,12673
6507084,LGA,9922
6422511,LGA,7215
6634590,LGA,11180
6640144,LGA,14085
6520350,JFK,17050
6737249,LGA,12123
6744791,LGA,12092
6746003,EWR,23334
6645788,LGA,15837
6647114,LGA,16757
6654323,LGA,15306
6747685,LGA,15869
6764316,LGA,15752
6765697,LGA,4859
6659165,LGA,11245
6660511,LGA,15792
6660518,JFK,10990
6767047,LGA,19371
6559615,EWR,29522
6559926,LGA,13944
6576336,JFK,10815
6585028,JFK,18166
6780285,LGA,10682
6784207,LGA,11467
6670064,LGA,3893
6670191,LGA,15054
6678082,LGA,21203
6685220,LGA,22608
6786761,LGA,14897
6787310,LGA,15440
6586663,LGA,14661
6590570,LGA,11001
6596747,LGA,17221
6887755,JFK,26372
6795568,LGA,15437
6692633,LGA,16021
6799692,LGA,15437
6799814,LGA,14920
6892731,JFK,23793
6896737,LGA,3310
6897066,LGA,16246
6900168,LGA,5269
6799895,LGA,15626
6799932,LGA,14932
6704737,LGA,10641
6716020,LGA,23817
6799999,LGA,15352
6800277,LGA,14928
6913773,LGA,10790
6913969,LGA,10780
6921831,LGA,11209
6717053,LGA,8017
6726337,LGA,18852
6730582,JFK,7542
6808818,LGA,19371
6823282,LGA,15166
6827028,LGA,13146
6833395,LGA,15495
6939597,LGA,9934
7019195,LGA,13928
7024138,LGA,12236
6846956,LGA,12048
7034787,LGA,6405
7037791,LGA,13468
6863691,LGA,17003
6868777,LGA,15558
6977204,LGA,12486
6880480,JFK,24646
7037918,LGA,2133
7038801,LGA,21985
7053502,LGA,14928
7053815,LGA,10005
6883096,LGA,5654
6992300,LGA,12642
6992831,LGA,20809
7177666,LGA,18081
7054797,JFK,7596
7067406,LGA,16797
7071657,LGA,13194
7182079,LGA,17172
7004408,LGA,16361
7194538,LGA,10740
7072541,LGA,12447
7329781,LGA,15016
7331070,LGA,14820
7202368,LGA,20769
7204443,LGA,15984
7205064,LGA,16362
7094112,LGA,16159
7368173,LGA,17907
7376952,LGA,15300
7132891,LGA,12401
7254952,LGA,18053
7254986,LGA,17210
7381236,LGA,21588
7261928,LGA,20617
7265079,LGA,17111
7516218,LGA,15241
7389120,JFK,24014
7272680,LGA,13327
7277102,LGA,18969
7278762,LGA,8066
7413605,LGA,14693
7426597,LGA,18274
7294773,LGA,15540
7436186,LGA,20724
7461611,LGA,23273
7462019,LGA,25479
7556153,LGA,15306
7556669,LGA,16730
7557546,LGA,5414
7654931,LGA,13315
7480520,LGA,15946
7483910,LGA,11865
7664692,EWR,31410
7673007,LGA,11200
7594252,LGA,22043
7498074,LGA,13946
7501694,LGA,11555
7502146,LGA,11412
7800835,LGA,20512
7679697,LGA,14932
7692660,LGA,11467
7603716,EWR,28471
7612456,LGA,14182
7692870,LGA,11854
7803602,LGA,5823
7803828,LGA,13601
7806322,LGA,18416
7698593,LGA,13405
7698722,LGA,14504
7615496,JFK,15014
7630422,LGA,14548
7823495,LGA,15256
7632731,LGA,14445
7643399,LGA,22755
7645359,LGA,14533
7837816,LGA,13391
7843390,LGA,15519
7734670,LGA,11589
7647268,EWR,31535
7651547,LGA,12272
7746286,LGA,10164
7754697,LGA,14198
7843604,LGA,10845
7856749,LGA,16730
7860155,LGA,12950
7968983,LGA,19915
7972210,LGA,11447
7760808,LGA,13825
7768661,LGA,13330
7998338,LGA,13536
7774182,LGA,6820
7871818,LGA,12454
7887966,LGA,4605
7894007,JFK,18011
7782176,LGA,13327
8011605,LGA,15149
7787799,LGA,10719
7788438,LGA,10608
7788565,LGA,10785
8040050,LGA,13126
8045552,LGA,4946
8173001,JFK,8867
8182759,LGA,11993
8054523,LGA,12333
8054651,LGA,13329
8055508,LGA,13621
8055582,LGA,13166
8055778,LGA,13151
8190747,LGA,7243
7915542,JFK,10113
7919372,LGA,16308
7922158,LGA,14114
8192789,LGA,10620
8206060,LGA,12838
8208285,LGA,15030
8219648,LGA,14408
8071687,LGA,16434
8088779,LGA,15643
8108376,LGA,11390
8115321,LGA,3010
8117209,LGA,6379
8225997,LGA,15013
7937553,LGA,29339
7951281,LGA,14913
7952963,LGA,14515
8228217,LGA,25217
8240016,LGA,11958
8392929,EWR,33478
8399234,LGA,10535
8127517,LGA,25560
8131995,LGA,14154
8133275,LGA,25110
8135144,LGA,15344
8256749,LGA,12505
8272327,LGA,19871
8275676,EWR,27600
8423666,JFK,16787
8426874,LGA,14871
8426915,JFK,5809
8151183,LGA,11569
8152916,LGA,14377
8281889,LGA,12423
8283594,EWR,33955
8441969,LGA,3881
8458966,LGA,13506
8470281,LGA,12753
8472812,LGA,10598
8293281,LGA,17484
8299030,EWR,33696
8479799,LGA,15824
8480087,LGA,15827
8484824,LGA,16395
8167884,LGA,9748
8588621,LGA,22252
8304809,LGA,21031
8313551,LGA,12389
8322478,LGA,20411
8323015,LGA,24842
8589729,EWR,23851
8593798,LGA,21563
8597141,LGA,5314
8499719,LGA,4102
8503392,LGA,13626
8504666,LGA,19449
8326389,LGA,13317
8327773,LGA,20518
8330254,LGA,17090
8511404,LGA,15436
8515213,LGA,14010
8518051,LGA,14179
8520094,LGA,16075
8614204,LGA,23309
8616888,LGA,22345
8623370,JFK,12756
8628425,LGA,17952
8370236,LGA,18661
8520667,LGA,19036
8522395,LGA,20186
8530517,LGA,20498
8532358,LGA,21763
8757920,LGA,11018
8664611,EWR,20543
8667280,LGA,21663
8760442,LGA,4657
8763502,LGA,11883
8533225,LGA,19801
8536270,LGA,12735
8554547,LGA,19670
8776329,LGA,31397
8683858,LGA,7150
8684886,LGA,18880
8687556,LGA,29526
8793166,LGA,20102
8703711,LGA,21825
8704528,EWR,38068
8709068,LGA,14158
8712309,LGA,12328
8555250,LGA,14062
8967396,LGA,15866
8816022,JFK,16438
8816465,LGA,20611
8973873,LGA,14622
8985316,LGA,12503
8989320,LGA,10505
8729960,LGA,10112
8730247,LGA,14927
8861269,LGA,10859
8741124,LGA,28907
9116752,LGA,10220
9117852,LGA,12944
8869857,LGA,8564
8873479,LGA,13992
8992894,LGA,11794
8993871,LGA,5672
8995042,LGA,13373
9007767,LGA,13113
9026203,JFK,25810
9027283,LGA,18357
9118604,LGA,15096
9118958,JFK,10221
9127163,JFK,12364
9147025,LGA,21278
9155212,LGA,16172
9156676,LGA,16623
9167889,LGA,10258
9050105,LGA,17265
9061145,LGA,12064
8942272,LGA,19137
8952816,LGA,4888
8953200,LGA,4900
9064714,LGA,10602
9078222,LGA,17546
9079871,LGA,23076
9178165,LGA,11279
9181806,LGA,14374
9182008,LGA,4766
9185696,JFK,12760
8953404,LGA,5065
8953625,LGA,5045
8954037,LGA,5006
9093219,LGA,10773
9097241,EWR,30324
9299164,JFK,10779
9312190,LGA,11106
9106711,LGA,14275
9111254,LGA,20625
9116018,LGA,13332
9325979,LGA,15388
9328578,LGA,11898
9230523,LGA,23981
9232861,LGA,13113
9116734,LGA,13252
9416007,JFK,25621
9426526,LGA,15859
9256750,LGA,11092
9435503,LGA,12547
9436038,LGA,15853
9445342,LGA,14758
9445501,LGA,16067
9445593,LGA,15968
9351006,LGA,20214
9355498,LGA,20879
9278192,LGA,5832
9289159,LGA,12134
9362344,LGA,13050
9445789,LGA,15762
9450180,LGA,8721
9458704,LGA,15516
9461669,LGA,16474
9536965,LGA,20379
9544410,LGA,16054
9560398,LGA,12415
9562872,LGA,8723
9472905,LGA,15388
9473889,JFK,26795
9372859,LGA,11299
9381657,LGA,11928
9476774,LGA,14409
9486111,LGA,12060
9563868,LGA,17061
9563873,JFK,7625
9576278,LGA,20122
9392048,LGA,7772
9392164,LGA,7997
9489073,LGA,10057
9509218,LGA,14756
9603803,LGA,13930
9607485,LGA,21275
9612035,LGA,13046
9510385,LGA,4779
9512372,LGA,12868
9513511,LGA,17288
9675064,JFK,16225
9612938,LGA,13545
9614785,EWR,32676
9617219,LGA,20083
9526314,LGA,13106
9765276,LGA,24593
9623722,LGA,10452
9626230,LGA,21443
9630344,LGA,18923
9635607,JFK,17140
9685865,LGA,30943
9767424,LGA,11801
9663062,LGA,6304
9770459,LGA,14475
9775146,LGA,15978
9707498,LGA,19074
9857854,LGA,15284
9858717,EWR,24482
9786543,LGA,20325
9788114,LGA,11099
9863045,LGA,9670
9720768,LGA,14899
9720809,LGA,13528
9725508,LGA,16751
9726043,LGA,29437
9876040,LGA,11956
9735957,LGA,15225
9806373,LGA,22797
9806606,LGA,15012
9806634,LGA,14863
9809911,LGA,19336
9887763,LGA,10269
9895587,LGA,10269
9898022,LGA,7736
9899132,LGA,10687
9751043,LGA,14301
9752005,LGA,17821
9900100,LGA,22367
9901423,LGA,22629
9821370,LGA,11941
9826628,LGA,13419
9839263,LGA,5358
9757875,JFK,11039
9915643,LGA,17437
9919728,LGA,10116
9920363,LGA,10797
9843884,JFK,12619
10034187,LGA,9973
10034817,LGA,15948
9939843,LGA,7819
9925507,LGA,10995
9944788,LGA,6839
10035471,LGA,9969
10038170,LGA,9942
10038410,LGA,9952
9944808,LGA,13933
9944860,LGA,14381
9956834,LGA,11397
10142056,LGA,13291
10142499,LGA,6499
10155003,LGA,10371
9958322,LGA,10383
10038693,LGA,10229
10050536,LGA,10310
10052587,LGA,9974
10053943,LGA,12879
10055925,LGA,10341
10057826,LGA,9995
9976264,LGA,11225
10160215,LGA,29103
10165064,LGA,13803
10165181,LGA,10305
10165313,LGA,10239
9987988,LGA,20383
10165663,LGA,19302
10167401,LGA,7196
10170156,LGA,19826
10174662,LGA,15504
10183177,LGA,15647
10068653,LGA,14667
9994304,LGA,10566
9996642,LGA,16856
10205130,LGA,9521
10207451,LGA,20818
10209973,LGA,16101
10073940,JFK,7374
10082057,LGA,31185
10085478,LGA,10327
10086307,LGA,11336
10000070,LGA,25513
10013750,LGA,14927
10089727,LGA,14235
10096515,LGA,15911
10097957,LGA,10652
10101097,LGA,10720
10243039,LGA,15555
10243895,LGA,15400
10031902,LGA,16087
10032487,LGA,15820
10338839,JFK,15453
10340705,LGA,11343
10341262,LGA,12682
10251082,LGA,15863
10253159,EWR,19548
10253769,LGA,12926
10115137,LGA,22880
10124372,LGA,15791
10350976,LGA,12890
10355146,LGA,15930
10357730,LGA,5365
10267242,LGA,29273
10268073,LGA,14712
10279086,LGA,20943
10135724,LGA,13296
10569037,LGA,12725
10369038,LGA,7161
10369047,LGA,7161
10280345,LGA,19757
10280549,LGA,19694
10282307,LGA,16470
10289124,LGA,14085
10611168,LGA,16026
10612564,LGA,15779
10385262,LGA,14164
10386341,LGA,13059
10634636,LGA,4169
10637554,LGA,19881
10649625,LGA,16316
10321100,LGA,13928
10329264,LGA,16844
10877492,LGA,12973
10881164,LGA,14440
10413492,LGA,15932
10413576,EWR,23387
10886971,LGA,15895
10887847,LGA,12841
10470258,LGA,10071
10686958,LGA,16634
10702506,LGA,14865
10709249,LGA,19430
10710179,LGA,15531
10721891,LGA,16026
10939710,LGA,10699
10941762,LGA,15197
10943915,LGA,12405
10980678,LGA,15363
10488505,LGA,12766
10489240,LGA,10404
11014346,LGA,16704
11020169,LGA,18773
10748040,LGA,13684
10769752,LGA,18585
11046927,LGA,11116
10801094,LGA,15337
10527274,LGA,20167
10539779,LGA,14596
10540876,LGA,11515
10545027,LGA,14098
10546254,LGA,14968
10553095,JFK,12167
10812263,LGA,19906
10824871,LGA,16100
11069190,LGA,11467
11069406,LGA,12099
11091309,JFK,12253
11096888,LGA,22857
11100541,LGA,17825
11229663,LGA,8958
11234747,LGA,6298
11114607,LGA,13718
11138823,LGA,21867
11147376,LGA,16337
11243953,LGA,16026
11496607,LGA,10620
11497938,LGA,18599
11511431,LGA,12030
11244568,LGA,15564
11162564,LGA,14494
11186765,LGA,7457
11206278,LGA,14364
11528951,LGA,20897
11302521,LGA,30501
11341728,LGA,15564
11542467,LGA,13808
11552749,LGA,16026
11553357,LGA,19091
11210829,LGA,13996
11741555,LGA,17160
11753010,JFK,24067
11753760,LGA,18735
11343196,LGA,16656
11352664,LGA,10423
11359913,LGA,16369
11371535,LGA,17386
11371773,LGA,13105
11753792,LGA,13934
11758313,LGA,15564
11769558,LGA,10551
11772032,LGA,7161
11790047,LGA,23259
11791673,LGA,23292
11568577,LGA,15564
11574674,LGA,12741
11372267,LGA,16026
11372330,LGA,11001
11381526,LGA,15564
11593727,LGA,21347
11604307,LGA,20952
11609108,LGA,15489
11803487,LGA,15219
11804245,LGA,17600
11420840,LGA,3398
11619832,LGA,13403
11620821,LGA,7584
11624421,LGA,14967
11649232,LGA,12229
11840404,LGA,13837
11844776,LGA,6738
11847204,LGA,16322
11422056,LGA,6102
11437634,LGA,6254
11863225,LGA,15564
11867485,LGA,14609
11452204,LGA,16026
11452547,LGA,17077
11452989,LGA,12679
11652590,LGA,11641
11652872,LGA,13124
11653077,LGA,13905
11656367,LGA,13146
11674309,LGA,13837
11474011,LGA,16026
11984148,LGA,15481
11905096,LGA,21050
11909308,LGA,16775
11675279,LGA,24564
11693193,LGA,11748
11715651,LGA,13837
12004547,LGA,14345
11927032,LGA,19455
11935301,LGA,17879
11940117,LGA,11518
12006770,LGA,14492
12007175,LGA,16026
12007456,LGA,9823
12009651,LGA,12197
11716127,LGA,13566
11720001,LGA,11176
12221970,JFK,16247
11967410,LGA,15564
11973701,LGA,6860
12019589,LGA,19501
12024963,LGA,15564
12025968,LGA,9862
12245694,LGA,17161
12246395,LGA,14148
12037401,LGA,12717
12431649,LGA,16026
12433302,LGA,14761
12039579,JFK,11038
12039894,LGA,9846
12267599,LGA,12472
12272376,JFK,16146
12272850,LGA,14022
12041170,JFK,11008
12051116,LGA,12637
12273048,LGA,14499
12052143,LGA,15391
12495831,LGA,13442
12053427,LGA,9816
12068200,LGA,16433
12325036,LGA,13337
12325045,LGA,13025
12325291,LGA,13914
12328112,LGA,10693
12087785,LGA,14059
12518189,LGA,6735
12542485,LGA,13245
12542544,LGA,15983
12344456,LGA,17894
12092786,JFK,23546
12112190,LGA,16026
12114040,LGA,13398
12359146,LGA,18834
12360207,LGA,12183
12360660,LGA,15113
12360843,LGA,15319
12563738,LGA,10849
12567868,LGA,15704
12122102,LGA,16178
12135851,LGA,21828
12590077,LGA,21761
12592427,JFK,12836
12598128,LGA,12443
12598446,LGA,12843
12386579,LGA,17774
12401233,LGA,11250
12403252,LGA,10930
12190880,LGA,12883
12409217,LGA,16026
12606349,LGA,10771
12610244,LGA,11114
12619450,LGA,30094
12642845,LGA,28807
12645495,LGA,2753
12713863,LGA,5257
12723066,LGA,13199
12658099,LGA,15234
12916189,LGA,21084
12924969,LGA,19445
12929852,LGA,11895
12737192,LGA,12250
12681206,LGA,8546
12686241,LGA,13264
12701430,LGA,16723
12950991,LGA,13220
12778678,LGA,13114
12964763,LGA,16026
12965215,LGA,14557
12702291,LGA,16026
12703851,LGA,15005
13075158,LGA,15464
13081306,LGA,16026
12965831,LGA,11518
12985547,LGA,13576
13091684,LGA,13430
12794791,LGA,14415
12804309,LGA,15117
12806016,LGA,19804
12806356,LGA,14673
12806940,LGA,14143
12811459,LGA,14796
12812577,LGA,15038
13004961,LGA,10468
13004967,LGA,10762
13004996,JFK,18449
13101855,JFK,20591
13107627,JFK,23726
13108191,LGA,14658
13009244,LGA,15591
12827964,LGA,17847
12829031,LGA,20290
12829063,LGA,15698
12832062,JFK,18426
13113906,LGA,18448
13117094,LGA,11151
13125552,LGA,10990
13024560,LGA,5005
12832371,LGA,13628
12832899,LGA,13308
12833187,LGA,12906
12836808,LGA,14656
13031854,LGA,16118
13130313,LGA,16026
13135589,EWR,27748
13135822,LGA,15884
13136376,LGA,9951
13042637,LGA,6705
12852083,LGA,17068
12856720,LGA,8227
12856987,LGA,12268
13046279,LGA,14185
13047541,EWR,25560
13055856,LGA,15819
13058423,LGA,18304
13139892,LGA,11780
13153265,LGA,18687
13154343,LGA,15452
13156126,LGA,12599
12866207,LGA,14557
12867918,LGA,14077
12869930,LGA,16026
12888052,LGA,15242
13398340,LGA,14161
13398348,LGA,11845
13209522,EWR,30967
13217170,LGA,14804
13169559,LGA,15645
13170159,JFK,23958
13408222,LGA,21348
13183826,EWR,32942
13187006,LGA,6740
13193503,LGA,11289
13222140,EWR,24975
13222669,LGA,11142
13234457,LGA,14923
13417071,LGA,20399
13422992,LGA,15071
13424027,LGA,15722
13436258,LGA,11340
13246042,LGA,11802
13260699,LGA,15667
13264690,LGA,12737
13444818,LGA,8332
13445057,LGA,15814
13448568,LGA,14001
13451379,LGA,10606
13451811,LGA,13117
13276930,LGA,15870
13548357,LGA,26786
13554710,LGA,18884
13556607,LGA,18296
13559208,LGA,14888
13564134,LGA,12241
13467270,LGA,8259
13474455,LGA,14464
13573828,LGA,21567
13580382,LGA,14921
13587436,LGA,15733
13291508,LGA,22039
13294325,LGA,14257
13294471,EWR,23839
13295693,JFK,25270
13300639,LGA,15770
13478244,LGA,11319
13599973,LGA,16731
13603093,LGA,19546
13603364,LGA,4100
13605192,LGA,24247
13606307,LGA,21028
13307480,LGA,14336
13317650,LGA,18893
13494095,LGA,16985
13494532,LGA,13851
13614714,LGA,13199
13621211,LGA,13456
13507341,LGA,16443
13332816,LGA,16479
13341955,LGA,2932
13355002,JFK,16649
13507677,LGA,11427
13510347,LGA,12737
13624873,LGA,15573
13640966,LGA,10500
13522948,LGA,15416
13360675,LGA,13967
13361613,LGA,11003
13371699,LGA,18610
13373898,LGA,11003
13526398,LGA,13142
13536155,LGA,8015
13684217,LGA,17556
13384425,LGA,18211
13388210,LGA,15110
13388649,LGA,4043
13392858,LGA,16730
13879611,LGA,14530
13685807,LGA,15563
13881135,LGA,13213
13882394,LGA,16840
13710241,LGA,11955
13669064,LGA,14130
13674349,LGA,15122
13674799,LGA,17994
13680628,LGA,15799
13891485,LGA,16974
13894813,LGA,14184
13724284,LGA,18500
13727552,LGA,12124
13730290,LGA,10930
13732215,JFK,16510
13902725,LGA,14496
14024651,LGA,21685
14028018,LGA,16026
14029633,JFK,22386
14030375,LGA,16062
13745644,LGA,12910
13912712,LGA,13656
13914201,LGA,11539
13920801,LGA,11451
13752815,JFK,17906
13766130,LGA,12373
13769545,LGA,16131
14043464,LGA,16138
14055238,LGA,17077
13770996,LGA,12936
13936824,LGA,10119
13938420,LGA,23564
13941973,LGA,6785
13771529,LGA,12779
13779358,LGA,2894
13954583,LGA,11853
13956372,LGA,15261
13956613,LGA,20819
13788132,LGA,13415
13794689,LGA,12996
13795744,LGA,11841
13813731,LGA,20260
14103515,LGA,13767
14110407,JFK,18747
13821190,LGA,6504
13825154,EWR,30351
13959556,JFK,7924
13970217,LGA,13114
13980860,LGA,17801
13980911,LGA,5880
13981865,LGA,7161
13827959,LGA,27449
14138302,LGA,15465
14139553,LGA,14077
14140552,LGA,15634
14143250,LGA,22096
13848005,LGA,11222
13854483,LGA,11728
13995561,LGA,19890
13997552,LGA,6199
13997894,LGA,6676
13857291,LGA,16568
14151487,LGA,15364
14151551,LGA,7155
14152775,LGA,10496
14153255,LGA,21413
14163352,JFK,10865
13876681,LGA,15518
13877683,LGA,18996
14006823,LGA,16026
14012274,LGA,12499
14275887,JFK,10548
14177028,LGA,12092
14195437,LGA,4820
14203693,LGA,13652
14213699,LGA,15256
14557504,LGA,15906
14575138,LGA,12891
14588156,LGA,22075
14214403,LGA,19474
14215652,LGA,17454
14222252,LGA,16681
14281526,JFK,14914
14281865,LGA,20616
14296598,LGA,11289
14316284,LGA,16530
14595903,LGA,14557
14609199,LGA,12212
14616377,LGA,17139
14237735,LGA,12097
14262383,JFK,8859
14872249,LGA,15644
14318774,LGA,6684
14322869,LGA,6040
14340142,LGA,13044
14341397,LGA,3795
14625676,LGA,18851
14628080,LGA,11012
14636181,JFK,8577
14882046,LGA,10632
14882309,LGA,20183
14892623,EWR,25092
14911767,LGA,17815
14913941,LGA,15508
14661553,LGA,19613
14348580,LGA,10337
14351693,LGA,17651
14357698,LGA,15323
14359772,LGA,14172
14686840,JFK,11598
14692459,LGA,12466
14696542,LGA,12409
14406923,LGA,7511
14408114,LGA,13899
14918238,LGA,14829
14918404,LGA,20387
14925506,JFK,9000
14931156,LGA,23177
14933388,LGA,15054
14933521,LGA,11335
14698446,LGA,7129
14707648,JFK,18016
14710763,LGA,12899
14730708,LGA,15631
14961122,LGA,19743
14963736,LGA,16026
14420353,LGA,15320
14421383,LGA,12070
14429976,LGA,12128
14737992,LGA,13133
14746280,LGA,13831
14446717,LGA,15180
14450268,LGA,14557
14452731,LGA,12312
14462592,EWR,16003
14465415,LGA,6640
14772701,LGA,10035
14968436,LGA,10728
14982260,LGA,4682
14987516,JFK,9889
14994076,LGA,19621
15002637,LGA,13680
15003711,LGA,26709
15018397,LGA,15627
14788009,LGA,4430
14466193,LGA,29758
14467602,LGA,15563
14470437,LGA,20316
14472272,LGA,13327
14819796,LGA,18247
15033685,LGA,15610
15038469,LGA,18463
15040421,LGA,10084
15066269,LGA,10982
15067291,LGA,10954
14826817,LGA,20430
14838161,LGA,15647
14839995,LGA,17313
14485372,LGA,11944
14485877,JFK,16768
14489615,JFK,6150
14506036,LGA,10109
14507274,LGA,15407
14843553,LGA,14827
14855614,LGA,14305
15083571,LGA,13131
15083823,EWR,37507
15095589,LGA,20443
14856799,LGA,7161
14519882,LGA,15961
14529806,LGA,10735
15234773,LGA,14590
14858777,LGA,10868
14864014,LGA,22255
14868857,LGA,10256
15114550,LGA,15680
15115382,LGA,21915
15124396,LGA,12868
15247262,LGA,15856
15250033,LGA,23912
15250168,LGA,11093
15506009,LGA,21876
15141938,LGA,14862
15150240,LGA,18410
15159731,LGA,13468
15188621,LGA,15698
15507375,JFK,25265
15517104,LGA,18870
15522627,LGA,21466
15527416,LGA,6005
15257524,LGA,18752
15260962,LGA,16145
15266254,LGA,14058
15268654,LGA,17545
15268792,LGA,17414
15301517,LGA,6106
15190865,LGA,11582
15206272,LGA,20600
15785088,LGA,15579
15549056,LGA,10175
15561421,LGA,15564
15568616,LGA,5456
15301748,LGA,19634
15314054,LGA,15609
15326243,LGA,14128
15336596,LGA,20616
15569019,LGA,21879
15576821,LGA,17930
15799340,JFK,24088
15802947,LGA,16874
15581948,LGA,16947
15583957,LGA,15564
15597600,LGA,13693
15815905,LGA,16098
15819665,LGA,18289
15822044,LGA,11702
15827829,LGA,12720
15602953,LGA,12679
15338155,LGA,4450
15340854,LGA,11060
15343302,LGA,11089
15345019,LGA,10854
15347268,LGA,13768
15360687,LGA,21170
15603347,LGA,20566
15635167,LGA,13151
15641341,EWR,25074
15832098,LGA,12474
15834511,LGA,15340
15844782,LGA,21827
15845215,LGA,4818
15845669,LGA,18771
15847347,LGA,12324
15854548,LGA,14525
15360787,LGA,10529
15371951,LGA,11573
15381675,LGA,18880
15654668,LGA,16809
15675520,LGA,16751
15857118,LGA,14301
15857259,LGA,13621
15857334,LGA,14282
15858847,LGA,11403
15678385,JFK,21012
15411988,LGA,15045
15423552,LGA,12478
15425744,LGA,14544
15706863,LGA,12995
15870454,LGA,16026
15915152,LGA,12699
15715486,LGA,11850
15723889,LGA,13538
15436836,LGA,20367
15436871,LGA,12691
15444619,LGA,16522
15728780,LGA,15257
15732405,JFK,16400
15928001,LGA,13093
15928635,LGA,11801
15928835,LGA,11505
15929281,LGA,15581
15932054,LGA,5817
15732778,LGA,18016
15732919,JFK,16106
15733438,LGA,10946
15465050,LGA,14481
15473752,JFK,9459
15476794,JFK,11089
15936167,LGA,12187
15937310,JFK,5691
15938836,JFK,10857
15939056,JFK,11019
15943475,LGA,15295
15943497,LGA,14314
15740080,EWR,30674
15482966,LGA,7331
15483201,LGA,7377
15485880,LGA,15436
15746736,LGA,11237
15756633,LGA,22886
15767826,LGA,14125
15948069,LGA,12757
15952447,LGA,17332
15956155,LGA,4832
15966974,LGA,16370
15769077,LGA,2142
15992078,LGA,14753
15494796,LGA,17607
15495132,LGA,10858
16004776,LGA,15249
16005960,LGA,15867
15772447,LGA,15720
15774003,JFK,23426
15774629,LGA,17021
16248277,LGA,1701
16253413,JFK,16508
16254609,JFK,17917
16019792,LGA,25058
16029078,LGA,16445
16063885,LGA,11227
16380794,EWR,31179
16070567,LGA,11202
16072472,LGA,8616
16269344,LGA,14228
16271447,LGA,16730
16273510,LGA,16026
16274061,LGA,13848
16396241,LGA,11507
16396729,LGA,19371
16122024,LGA,14524
16122082,LGA,13693
16123943,EWR,24509
16132114,EWR,24593
16402746,JFK,9836
16405590,LGA,14026
16282085,LGA,15784
16296678,LGA,15975
16298529,LGA,11731
16140940,LGA,16233
16148036,LGA,17348
16157731,LGA,16476
16158343,LGA,22434
16405668,LGA,14202
16409634,LGA,20169
16174233,LGA,14077
16299489,LGA,11774
16417951,LGA,21009
16194283,LGA,19090
16201959,LGA,13383
16426123,LGA,24948
16312498,LGA,15564
16313547,LGA,15729
16331234,LGA,11675
16449771,JFK,17791
16212767,LGA,14384
16216301,EWR,24862
16220003,LGA,14670
16332208,LGA,11309
16332492,LGA,15564
16454273,LGA,17216
16454703,EWR,28607
16226219,LGA,11285
16229170,LGA,15435
16232783,EWR,25832
16352982,LGA,12456
16365878,LGA,15497
16480273,LGA,13199
16488787,EWR,31842
16843605,LGA,14189
16846366,LGA,16802
16556049,LGA,24846
16556211,LGA,24233
16505636,LGA,16295
16506016,LGA,10345
16855055,LGA,12045
16859099,LGA,7913
16860045,LGA,2381
16867024,LGA,10814
16873148,LGA,6114
16581779,LGA,20162
16584878,LGA,17694
16601518,LGA,12761
16603017,LGA,16744
16613747,LGA,10351
16533105,LGA,12003
16534156,LGA,13710
16534157,LGA,26771
16534321,LGA,26798
16620235,LGA,14408
16621121,LGA,12457
16534337,LGA,10931
17173473,LGA,8314
16893907,LGA,4839
16913950,LGA,15206
17174519,LGA,15471
17177726,LGA,17212
16634459,LGA,10656
16649739,JFK,23972
16659292,LGA,15139
17218063,LGA,13448
17218433,LGA,15319
16937801,LGA,13592
16954330,LGA,10760
17223109,LGA,15564
17231011,LGA,7586
16677170,LGA,15495
17249755,LGA,13351
17263550,LGA,11047
17265284,JFK,24880
16962435,LGA,11273
16962471,LGA,11282
16965072,LGA,13736
16965094,LGA,5792
17266124,JFK,5760
17286647,LGA,15460
17297467,LGA,19218
16969156,LGA,12967
17321243,LGA,11448
17339881,LGA,15643
16735133,LGA,14715
16735801,LGA,11760
16777456,LGA,16765
16778711,LGA,15327
17347938,LGA,6385
17367187,LGA,12509
17044854,LGA,17267
17093180,LGA,13369
17093264,JFK,11134
17367484,LGA,4040
17370778,LGA,17538
16793649,LGA,18423
16795649,LGA,19515
17382091,JFK,10536
17383253,LGA,12868
17097239,JFK,27283
17097495,LGA,10929
17097898,LGA,6389
17106014,LGA,15224
17107608,LGA,18552
16802965,LGA,11728
16806575,LGA,23277
16812429,LGA,11361
17400801,LGA,11293
17405175,JFK,5706
17117631,LGA,11155
17122054,LGA,10616
17122439,LGA,10301
17122814,LGA,10488
17123646,LGA,28990
17554298,EWR,25065
17554981,LGA,12777
17561119,LGA,12571
17419342,LGA,11360
17430215,LGA,16039
17431995,LGA,14103
17153913,LGA,10965
17157615,LGA,15180
17866018,LGA,11527
17433572,LGA,11360
17447150,LGA,14371
17457491,LGA,11484
17569080,LGA,11482
17603059,LGA,13573
17605478,LGA,12362
17606753,LGA,12678
17866206,JFK,26881
17876530,LGA,19641
17897913,LGA,6012
17899730,LGA,15424
17923261,LGA,9553
17489509,LGA,10453
17494614,LGA,5624
17495862,LGA,20445
17607132,LGA,12387
17632840,JFK,27283
17500994,JFK,15956
17925111,LGA,15206
17929219,LGA,17264
17940029,LGA,7671
17943407,LGA,16112
17943732,LGA,16330
17512466,LGA,13452
17513537,LGA,14498
17652158,LGA,12790
17653243,LGA,15564
17653754,LGA,13521
17653791,LGA,15868
17654611,LGA,9942
17665943,LGA,2101
17669480,LGA,14510
17515734,LGA,13406
17951580,LGA,13029
17974244,LGA,14909
17685710,LGA,22119
17713865,LGA,13478
17975664,LGA,20448
17980772,LGA,11237
17981267,LGA,11391
18009149,LGA,20202
18179365,LGA,16026
18188958,LGA,14052
17716140,LGA,25335
17730019,LGA,19876
17731891,EWR,30286
17750380,LGA,12776
18022636,LGA,11005
18024561,LGA,14995
18025228,LGA,19652
18039693,LGA,12720
17759478,LGA,14393
17764355,EWR,25576
18210106,LGA,15044
18211851,LGA,11266
18215065,LGA,6341
18059656,LGA,10868
18071399,LGA,15815
18225912,LGA,7716
18226037,LGA,15021
17796480,LGA,3537
17810201,LGA,16180
18226108,LGA,11867
18226214,LGA,13453
18227529,LGA,11739
17832214,LGA,15073
17853353,LGA,18677
17857431,LGA,15610
18076911,JFK,9875
18077042,JFK,10257
18085447,LGA,18399
18087564,LGA,10981
18240963,JFK,27293
18251681,LGA,13904
18103710,LGA,12880
18120404,LGA,19691
18120946,LGA,13614
18271282,LGA,15630
18425106,LGA,17308
18430588,LGA,12138
18445522,LGA,16968
18448446,LGA,16026
18449954,LGA,21979
18274232,LGA,14761
18124558,LGA,11010
18133502,LGA,13307
18671835,LGA,2801
18286926,JFK,16335
18290561,LGA,11001
18303895,LGA,11398
18455830,LGA,19527
18459547,LGA,15242
18308486,LGA,12536
18310427,LGA,11953
18313862,LGA,18310
18682184,LGA,10916
18689454,LGA,12568
18325063,LGA,10306
18342361,LGA,14211
18499074,LGA,20695
18506841,LGA,10958
18345358,LGA,20560
18348512,LGA,15123
18704413,LGA,16721
18706893,LGA,16026
18718195,LGA,8274
18721209,LGA,20649
18349549,LGA,13259
18358363,LGA,19085
18358606,LGA,11448
18550867,LGA,17032
18560569,LGA,11590
18565752,LGA,14904
18359018,LGA,12720
18729143,LGA,11226
18735653,LGA,19322
18736484,JFK,10033
18386307,LGA,14712
18393354,LGA,14765
18582792,LGA,14127
18583467,LGA,14272
18586873,LGA,14653
18404373,EWR,32683
18411427,LGA,17499
18750465,LGA,13093
18753406,LGA,4603
18753645,LGA,16077
18768741,LGA,13043
18412771,LGA,14307
18596197,LGA,16026
18599352,LGA,16026
18888212,JFK,11821
18893778,LGA,13567
18895187,JFK,7657
18625919,LGA,19205
18629154,EWR,24786
18632502,LGA,20871
18787858,LGA,12816
18789421,LGA,20441
18792703,LGA,12689
18793922,LGA,11758
18795447,LGA,15185
18806323,JFK,18678
18917771,EWR,30859
18638573,LGA,4917
18652544,LGA,12697
18942735,LGA,16327
18812153,LGA,12677
18820446,LGA,12672
18823971,LGA,14262
18824754,JFK,25690
18657204,LGA,20399
18662619,LGA,18492
18668322,LGA,23718
18962916,JFK,10173
18836532,EWR,31080
18838040,LGA,10709
18858192,LGA,10905
18970683,LGA,19099
18971993,LGA,10699
18989137,LGA,16640
18872610,LGA,12249
18873598,LGA,13047
18873930,LGA,12684
18993091,LGA,33144
19138221,LGA,15492
19138867,LGA,14315
18993398,JFK,8004
18874640,LGA,13571
18877417,LGA,12984
19330704,LGA,11849
19001879,LGA,9979
19028078,JFK,11642
19164049,LGA,12363
19360685,LGA,14880
19179863,LGA,17878
19179961,LGA,18474
19057060,JFK,22748
19068933,LGA,14030
19069305,LGA,16571
19200270,EWR,30863
19379952,LGA,14742
19382819,LGA,14077
19081472,LGA,11986
19222766,LGA,12281
19226980,LGA,16265
19227693,LGA,11592
19387694,LGA,17451
19401219,LGA,13254
19099720,LGA,11641
19118963,LGA,13990
19404654,LGA,10881
19407992,LGA,11705
19408914,LGA,12715
19409299,LGA,13363
19245930,LGA,16092
19246114,LGA,10037
19413230,LGA,17287
19413467,LGA,15701
19424191,LGA,13373
19554564,LGA,18559
19250742,LGA,11991
19251668,LGA,11997
19271040,LGA,14550
19563107,LGA,12802
19431893,LGA,1744
19455284,LGA,21071
19566557,LGA,18344
19568889,LGA,13677
19470210,LGA,15632
19278895,LGA,20483
19284253,LGA,13497
19294842,JFK,11832
19297780,LGA,13790
19583985,LGA,19353
19588669,LGA,8364
19590209,LGA,8324
19591107,LGA,8426
19314589,LGA,14871
19319184,LGA,8514
19326306,LGA,11441
19591602,LGA,8281
19596021,LGA,3260
19485668,EWR,22971
19505956,LGA,11770
19523894,EWR,27075
19528326,LGA,14198
19530778,LGA,10581
19602390,LGA,20397
19618401,LGA,16944
19747278,JFK,18529
19748553,LGA,5588
19757672,LGA,13021
19894567,LGA,16473
19905347,LGA,15147
19623614,JFK,9430
19763657,LGA,11393
19766791,LGA,13599
19767924,LGA,14994
19768754,LGA,16905
19912065,JFK,23252
19912695,LGA,10787
19915204,LGA,3376
19915657,LGA,3376
19915939,LGA,3376
19660325,LGA,11525
19784085,LGA,8279
19786240,LGA,15198
19787245,LGA,13989
19661733,LGA,17802
19673076,LGA,17565
19673107,JFK,18051
19673318,JFK,18049
19929209,LGA,12882
19930476,LGA,15561
19933967,LGA,12802
19944735,LGA,3570
19952747,LGA,3376
19674497,LGA,15284
19801466,LGA,9141
19803042,LGA,21494
19803208,LGA,21661
19807874,LGA,12217
19692421,LGA,13343
19693245,LGA,13365
19968011,LGA,15561
19808524,LGA,15042
19811816,LGA,13985
19696674,LGA,16088
19710276,JFK,18858
19710742,LGA,12119
19831458,LGA,15245
19844482,LGA,11378
19991488,LGA,12890
20009122,LGA,14514
20014072,LGA,16997
19731551,LGA,14125
20016090,LGA,13844
20017121,LGA,13601
20026248,JFK,19243
19853102,LGA,20093
19862234,LGA,10961
19867655,LGA,11892
20092176,LGA,11834
20119649,LGA,21021
19867930,LGA,22136
19873282,LGA,18768
19876096,LGA,14540
19876256,LGA,18541
20040078,LGA,15049
20044329,LGA,22783
20122197,LGA,15706
20131833,LGA,15988
20137576,LGA,14790
19888622,LGA,20739
19891590,LGA,18494
20149318,LGA,17323
20055311,EWR,22014
20057450,EWR,35246
20073959,LGA,21013
20151455,LGA,3376
20163793,JFK,10662
20171179,LGA,10963
20089288,LGA,16539
20089645,JFK,11742
20581903,LGA,20623
20582991,LGA,12700
20583325,LGA,12861
20583769,LGA,20623
20333831,LGA,15542
20337158,LGA,4546
20353880,LGA,18522
20356917,LGA,12007
20358562,LGA,12716
20364240,LGA,20729
20369551,LGA,13244
20177584,LGA,10239
20187779,JFK,11746
20587378,JFK,16260
20590800,LGA,20618
20608954,LGA,8804
20193830,LGA,14825
20202650,LGA,13035
20202971,LGA,13404
20204751,LGA,16186
20403568,LGA,10241
20407916,LGA,14031
20425060,LGA,14521
20209878,LGA,21895
20612742,LGA,8999
20615932,LGA,11594
20624817,LGA,13206
20624900,LGA,15760
20628186,LGA,22225
20213659,JFK,9544
20427684,LGA,4669
20437726,LGA,5458
20441901,LGA,13790
20459818,LGA,13370
20213973,LGA,3376
20215323,LGA,12022
20636416,LGA,11372
20651581,EWR,33479
20659193,LGA,21747
20231480,LGA,21190
20234674,LGA,12668
20466016,LGA,6589
20479960,LGA,12123
20480431,LGA,21182
20480983,LGA,11236
20481814,LGA,8916
20482322,LGA,17537
20242938,LGA,20623
20245130,LGA,11803
20662043,LGA,24557
20663721,LGA,19512
20663839,LGA,15420
20677750,LGA,16872
20678724,LGA,19143
20678811,LGA,23138
20257840,LGA,13397
20267865,LGA,7812
20278019,LGA,13845
20688524,LGA,11500
20692462,LGA,14424
20692563,LGA,16645
20279823,LGA,6786
20552326,JFK,7552
20553283,LGA,22320
20305160,EWR,25103
20698477,LGA,12499
20705026,LGA,7853
20708503,LGA,15759
20710022,LGA,10944
20714088,LGA,8180
20714171,LGA,14464
20714517,JFK,20918
20325974,LGA,15529
20326252,JFK,10657
20786225,LGA,9899
20720290,LGA,13017
20723015,LGA,15402
20744654,LGA,18082
20572472,LGA,15010
20572848,LGA,16204
20573255,LGA,15692
20989220,JFK,12876
20990053,LGA,10590
20990607,LGA,10481
20990770,LGA,10513
20801864,LGA,14405
20761404,LGA,15760
20763209,LGA,16026
20992027,LGA,17570
20999025,LGA,11464
21010586,LGA,16874
21013416,LGA,10628
20815350,LGA,10463
20816032,LGA,11230
20818955,LGA,14067
20770969,LGA,15285
20772650,LGA,12499
21203987,LGA,14240
21205650,LGA,13448
21205810,LGA,12700
20827801,LGA,20713
21015347,JFK,14277
21025488,JFK,10609
21027809,LGA,23853
20833958,LGA,20713
20835909,LGA,6199
21034242,LGA,15091
21038703,LGA,16189
21205891,LGA,12684
21206002,LGA,13002
21213799,LGA,11969
21216288,LGA,10382
21217074,LGA,11339
21223569,LGA,8101
20844580,LGA,12120
20845031,LGA,13250
20849101,LGA,22111
20857108,LGA,13402
21230082,LGA,12650
21230233,LGA,21450
21230688,LGA,10817
21239885,LGA,11340
21245112,LGA,10660
21066611,LGA,23893
21073975,LGA,13004
21076625,LGA,10974
21080763,LGA,13720
21090094,LGA,18129
21091355,LGA,12328
20857788,LGA,13274
20862285,LGA,9441
20886432,LGA,6529
21098555,LGA,12852
21098717,LGA,12693
21098848,LGA,13233
21098980,LGA,13278
21247657,LGA,14152
21262243,LGA,17917
20897952,LGA,15411
20912594,LGA,15668
21110709,LGA,5080
21118834,LGA,6853
21121438,LGA,17030
20914711,LGA,14002
20916679,LGA,14054
20917909,LGA,10348
21148292,LGA,14026
21264903,LGA,10911
21273425,LGA,6875
21274308,LGA,18726
21275075,LGA,15664
20933293,LGA,5419
20933850,LGA,12042
20934059,LGA,20765
20935388,LGA,15222
21161561,LGA,13992
21161707,LGA,15465
21173134,LGA,14567
21175036,LGA,20274
21182937,LGA,6846
21280280,LGA,7278
21282152,LGA,11163
21293326,LGA,14667
21295951,LGA,22420
20942352,LGA,5418
20942873,LGA,14540
20951141,LGA,12164
20960203,LGA,13955
21192158,LGA,13272
21192284,LGA,12802
21192364,LGA,12802
21192430,LGA,12645
21366948,LGA,14276
20969532,LGA,9292
21296642,LGA,14617
21311240,LGA,11742
20970380,LGA,17946
20970822,LGA,21492
21327397,LGA,3564
21589780,LGA,14770
21593310,LGA,1461
21378053,LGA,13209
21383288,LGA,18911
21398486,LGA,22046
21595000,LGA,12118
21596559,LGA,6027
21354525,LGA,16912
21405904,LGA,14298
21410794,LGA,10260
21411274,LGA,12878
21413190,LGA,15060
21421657,LGA,15143
21618858,LGA,11322
21619569,JFK,7624
21620762,LGA,11937
21427369,LGA,14658
21745569,LGA,22599
21750219,LGA,11218
21752880,LGA,10402
21621926,LGA,6019
21623610,EWR,24623
21458689,JFK,14935
21461282,LGA,12470
21635603,LGA,14841
21642995,LGA,9959
21755710,LGA,19218
21765318,LGA,10656
21643550,LGA,5986
21477500,LGA,18552
21483857,LGA,12874
21485026,LGA,17658
21644783,LGA,12123
21646774,LGA,1154
21647932,LGA,5252
21769638,LGA,14209
21771006,LGA,18684
21774455,LGA,13200
21778446,LGA,15098
21496794,LGA,22527
21501622,LGA,18989
21505197,LGA,16528
21664533,LGA,20020
21665632,LGA,16181
21676677,LGA,7355
21783251,LGA,15809
21786958,LGA,21407
21524489,LGA,11653
21541423,LGA,5452
21549554,LGA,5854
21689998,LGA,16320
21694908,LGA,21636
21551817,LGA,19848
21551829,LGA,17774
21563187,LGA,7499
21802923,LGA,11370
21804600,JFK,13029
21809773,LGA,24005
21813491,LGA,14922
21815074,LGA,14037
21709727,LGA,10613
21568341,LGA,9404
21570741,LGA,16106
21577526,LGA,19192
21577856,LGA,17717
21583199,LGA,11683
21862155,LGA,11388
21817889,LGA,21866
21818110,LGA,7663
21822611,LGA,15448
21714930,LGA,7253
21715410,LGA,6833
21836754,LGA,13225
21838230,LGA,4578
21728670,LGA,12317
21732716,LGA,22593
21869057,LGA,11301
21877805,JFK,12281
21878080,LGA,13237
21839021,LGA,19212
21850834,JFK,17505
21851228,LGA,13771
21989166,LGA,24669
21882095,LGA,24458
21893129,LGA,13113
21996542,LGA,15378
21852332,LGA,18577
21852759,LGA,16030
21853347,LGA,11079
21854495,LGA,16344
21897846,LGA,11471
21899575,JFK,25251
21901025,EWR,25770
21908184,LGA,12672
22142575,LGA,11701
22142636,LGA,10601
22148073,LGA,30278
22151092,LGA,30258
21931508,LGA,11799
22020298,LGA,18923
22020696,LGA,13679
22026830,LGA,21856
22028307,LGA,17412
21934873,LGA,12802
22050355,LGA,3525
22173625,JFK,11646
22176062,LGA,30474
21946495,LGA,10963
21949305,LGA,15289
21950963,LGA,15041
21956264,JFK,5497
22187361,LGA,16923
22078463,LGA,11064
21970487,LGA,14308
22082903,LGA,10951
22087030,LGA,13318
21982333,JFK,13184
22276159,EWR,25775
22276602,LGA,11989
22088301,LGA,11446
22096182,LGA,31427
22224639,JFK,10934
22229755,LGA,12642
22231811,LGA,10724
22100970,LGA,13811
22101034,JFK,8267
22282513,LGA,12921
22289185,LGA,13846
22245492,LGA,15892
22109870,LGA,7810
22119195,LGA,19187
22251884,LGA,16179
22409448,LGA,11459
22321716,LGA,4973
22699847,LGA,13329
22431770,LGA,14027
22435019,LGA,10582
22340384,LGA,19959
22341716,LGA,19819
22342911,LGA,14267
22705115,JFK,15974
22705822,LGA,10640
22436287,LGA,15097
22440046,LGA,14954
22445948,JFK,6705
22445969,LGA,13089
22448487,LGA,20624
22343909,LGA,14321
22344483,LGA,11197
22346131,LGA,6052
22354598,LGA,12802
22750988,LGA,14267
22751177,LGA,14267
22751906,LGA,20765
22450143,LGA,17955
22450373,EWR,21794
22452278,LGA,17265
22452728,LGA,3543
22463977,LGA,16492
22766296,LGA,13997
22363371,JFK,7827
22370339,LGA,20586
22772191,LGA,14267
22465327,LGA,19445
22480209,LGA,20878
22485658,LGA,14619
22772570,LGA,14267
22772691,LGA,19266
22785118,LGA,14250
22376093,LGA,10926
22381052,LGA,2508
22385672,LGA,11441
22389035,LGA,8285
22793472,LGA,16148
22514608,LGA,12821
22515792,LGA,13306
22530764,LGA,23551
22531031,LGA,23838
22797978,LGA,13050
22396932,LGA,8382
22401504,LGA,17944
22972832,LGA,5752
22567430,LGA,23773
22851242,LGA,10484
22852435,LGA,24255
22980907,LGA,23749
22987769,LGA,18817
22998748,LGA,13260
22862877,LGA,27427
22574255,LGA,30019
22582841,LGA,12416
22588755,LGA,12042
22601249,LGA,6755
22878715,LGA,18333
22881110,LGA,14130
23002904,LGA,13058
23004107,LGA,11334
23021271,LGA,5740
22609277,LGA,7336
22663674,LGA,16754
22944348,LGA,15524
23027784,LGA,13262
23034152,LGA,14637
23040115,LGA,15036
23045873,LGA,19283
23052180,LGA,18961
22951923,LGA,14836
22961758,JFK,23013
22964396,LGA,24301
22683699,LGA,13353
23219361,EWR,24451
23222680,LGA,13245
23224129,LGA,13222
23230395,LGA,5244
23235101,LGA,13861
23052964,LGA,19116
23054855,LGA,10358
23056508,LGA,15327
23059611,LGA,15169
23060192,LGA,21533
23060916,LGA,18477
23579705,LGA,12716
23586315,LGA,8893
23271535,LGA,11233
23273907,EWR,30172
23275777,LGA,8169
23277230,LGA,13284
23593842,EWR,23313
23597076,LGA,20065
23061804,LGA,14203
23074259,LGA,21491
23074722,LGA,21491
23598012,LGA,12460
23606804,LGA,18576
23088777,LGA,13018
23092823,LGA,12121
23301706,EWR,30172
23304812,LGA,13508
23322737,LGA,14030
23340718,LGA,19027
23344243,LGA,15917
23355382,LGA,13145
23357738,LGA,16518
23105764,LGA,1232
23109329,LGA,14115
23116453,LGA,12830
23128067,LGA,11558
23130144,LGA,12599
23631288,LGA,14506
23650568,LGA,14883
23651443,LGA,17951
23656206,LGA,22697
23139647,LGA,18081
23147808,LGA,3644
23170592,LGA,8902
23661533,JFK,8854
23369991,LGA,11333
23376196,LGA,20470
23667332,LGA,21917
23184752,LGA,14191
23202549,LGA,13536
23208314,LGA,20368
23683924,LGA,15669
23692933,LGA,16513
23393043,JFK,12181
23413509,LGA,19102
23416448,LGA,13526
23432542,LGA,13262
23712143,LGA,11493
23435916,LGA,22575
23437788,LGA,13262
23438247,LGA,12148
23840461,LGA,12209
23841481,LGA,12483
23842721,LGA,21580
23844034,LGA,6615
23718065,LGA,6319
23726935,LGA,26031
23727037,LGA,23233
23727923,LGA,6676
23451337,LGA,12995
23454165,LGA,15519
23456621,JFK,6250
23469535,LGA,15241
23728057,LGA,19215
23728069,LGA,19942
23874196,LGA,4626
23901779,LGA,12755
23747567,LGA,14767
23747957,LGA,10492
23756498,LGA,25420
23476922,LGA,13728
23481234,LGA,3083
23485307,LGA,19495
23489726,LGA,19103
23509707,LGA,18135
23536265,LGA,12547
23538486,LGA,13023
23760365,LGA,15029
23763367,LGA,5290
23923562,LGA,15704
23924234,LGA,31300
23958542,JFK,15339
23964830,LGA,11919
23768711,LGA,5939
23769218,LGA,6110
23772767,LGA,10513
23780896,LGA,5336
23784779,LGA,16364
23565676,LGA,6118
23572577,LGA,12144
23785875,LGA,15180
24016962,JFK,23954
24017521,LGA,9891
24022894,LGA,10374
24024721,JFK,6250
23792656,LGA,23022
23799904,LGA,6694
23809758,LGA,11269
23810398,LGA,15591
24057278,LGA,5939
24057583,EWR,23409
24059751,LGA,7869
24607378,JFK,18280
24607763,LGA,28900
24260247,LGA,19771
24267706,LGA,19173
24269196,LGA,24877
24282118,LGA,17009
24288869,LGA,10988
24611661,LGA,11203
24626621,LGA,15962
24083125,LGA,14261
24115562,LGA,18493
24632516,LGA,11326
24633702,JFK,23750
24312253,LGA,13725
24312535,LGA,13725
24331953,LGA,15718
24336268,LGA,16475
24350254,LGA,17650
24644837,LGA,19117
24136172,LGA,11316
24136557,LGA,15443
24137869,LGA,11360
24657328,LGA,13455
24677926,LGA,15267
24351719,LGA,14655
24352967,LGA,22366
24366897,LGA,17506
24369857,LGA,14474
24370001,LGA,11004
24692025,LGA,6632
24162261,LGA,3821
24177410,LGA,13810
24178083,LGA,20914
24699045,LGA,3718
24375566,LGA,5592
24376374,LGA,15995
24398725,LGA,13255
24699301,JFK,10901
24699891,LGA,5015
24700123,LGA,4894
24181763,LGA,17114
24186775,LGA,19603
24200751,LGA,10513
24206044,LGA,12650
24438437,LGA,11168
24438564,LGA,10763
24468390,EWR,30631
24473230,LGA,19876
24473713,LGA,14078
24736896,LGA,16134
24910361,JFK,25151
24912129,LGA,11282
24920771,LGA,7606
24921526,JFK,5480
24493475,LGA,33492
24497080,LGA,13574
24497152,LGA,13574
24497202,LGA,13229
24757612,LGA,11371
24758664,LGA,11603
24515198,LGA,7686
24535218,LGA,16988
24540842,LGA,14192
24943768,LGA,13027
24945253,JFK,18444
24948017,LGA,11462
24799807,LGA,13043
24805249,LGA,11232
24806110,JFK,25690
24541153,JFK,24505
24572398,LGA,15427
24580806,LGA,15762
24580943,LGA,15841
24960138,LGA,16725
24961967,JFK,16112
24968131,LGA,7798
24970982,LGA,20454
24816051,LGA,21304
24821651,LGA,19663
24823404,LGA,7824
24833279,JFK,5548
24834058,JFK,5758
24836464,JFK,6121
24596989,LGA,19603
24599452,JFK,10266
24604281,LGA,10931
25188424,LGA,15725
24845719,LGA,11517
24973698,LGA,2094
24987685,JFK,8553
24990534,LGA,15895
24992683,LGA,11226
24992835,LGA,15176
24993470,JFK,18326
24853936,JFK,6231
24856606,JFK,6236
25193004,LGA,18755
25232008,LGA,13683
25234732,LGA,13222
25235760,LGA,5201
24866378,LGA,18479
24889024,LGA,14133
24891549,LGA,14995
24893756,LGA,2203
24996332,LGA,2639
25007110,JFK,5160
25031840,LGA,14565
25033659,JFK,11357
24907920,LGA,17589
25251220,LGA,14035
25255024,LGA,18377
25257884,LGA,11807
25274961,LGA,4137
25277702,LGA,12998
25587778,LGA,5590
25071113,LGA,15292
25071168,LGA,17121
25082817,JFK,24275
25619849,LGA,15966
25294851,LGA,19016
25296394,LGA,16509
25313204,LGA,13500
25317793,LGA,8679
25626152,LGA,23118
25669472,JFK,15226
25108878,LGA,18373
25112819,LGA,13595
25125914,LGA,14888
25132414,LGA,14361
25134311,LGA,11827
25134894,LGA,15909
25678522,LGA,17336
25689024,LGA,23379
25319136,LGA,16132
25321050,LGA,16941
25340524,LGA,14729
25346963,LGA,13959
25734018,LGA,16726
25765042,LGA,11717
25137887,JFK,18515
25138149,LGA,10681
25140559,LGA,5378
25140787,LGA,4847
25141552,LGA,30834
25771285,LGA,12698
25781295,LGA,7261
25350875,LGA,19357
25369739,LGA,18854
25371790,LGA,19268
25781535,LGA,9217
25782818,LGA,18060
25784618,LGA,10198
25163519,LGA,10784
25182363,LGA,10541
25187576,JFK,7549
25802121,LGA,14604
25807815,LGA,11911
25425106,LGA,20578
25443451,LGA,16391
25456714,LGA,14201
25458237,LGA,22349
25475944,LGA,10596
25812079,LGA,22393
25812700,LGA,19411
25813796,LGA,19983
25823670,LGA,13432
26010424,LGA,17262
26013177,JFK,15286
26026904,EWR,33397
26038825,LGA,12162
25476838,LGA,23725
25486302,LGA,13229
25489369,LGA,16702
25842433,LGA,5857
26040453,LGA,15897
26043558,LGA,13702
26055709,LGA,20797
26058634,LGA,14748
26063230,LGA,25513
26064779,LGA,14373
25885278,LGA,12878
25502145,LGA,17916
25503835,JFK,14667
25506725,LGA,15665
25518572,LGA,27344
25904988,LGA,20305
26074006,LGA,11005
26110466,JFK,6179
25519328,LGA,10503
25537456,LGA,13263
25543393,LGA,12142
25909161,LGA,13400
25917853,LGA,17497
26127981,LGA,15357
26131606,LGA,13202
26131794,LGA,13202
26137379,LGA,12383
25940097,LGA,11092
25943177,LGA,7165
25944038,LGA,12774
25944708,LGA,14324
26327452,LGA,16188
26327565,JFK,10034
26331103,EWR,21820
26332468,LGA,18293
26333975,LGA,16155
26149494,JFK,14352
26157426,LGA,13913
26163413,LGA,14132
26167182,LGA,15750
25963570,LGA,15265
25970374,LGA,14077
25972861,LGA,10768
26357145,LGA,12670
26385422,LGA,14372
26387674,LGA,14697
26217642,LGA,26265
26221105,LGA,10991
26228457,LGA,18108
25997748,LGA,11137
25997937,LGA,11196
26000019,LGA,14080
26002246,LGA,12838
26395296,LGA,12920
26398257,LGA,1558
26398894,JFK,11690
26717141,LGA,3566
26741585,LGA,18678
26741642,LGA,18858
26235873,JFK,7639
26249051,LGA,13314
26249544,LGA,13088
26743587,LGA,20305
26743923,LGA,14027
26422113,LGA,22469
26450631,LGA,5895
26452047,EWR,15284
26747248,EWR,37792
26294354,LGA,19728
26771366,LGA,30506
26774025,LGA,15401
26475612,LGA,10381
26476892,LGA,24760
26489146,LGA,14504
26489955,LGA,15682
26786964,LGA,29607
26803556,LGA,22038
26295421,EWR,20575
26297631,LGA,25482
26301985,LGA,17976
27054756,LGA,12054
26496505,JFK,11042
26496511,LGA,12239
26516462,LGA,15659
26518547,LGA,15806
27067463,EWR,31923
26815201,LGA,17707
26835960,LGA,15525
26837834,LGA,11001
26842735,LGA,17371
26558970,LGA,17809
26559313,LGA,6902
26560159,LGA,21588
26602263,LGA,11101
26845561,LGA,19177
26865836,LGA,14096
27088022,EWR,19400
27088254,LGA,10310
27089541,LGA,12403
26867170,LGA,14096
26867635,LGA,15298
26874326,EWR,25073
26874462,LGA,17632
26639925,LGA,15911
26655705,LGA,17380
26660828,LGA,11220
26874813,LGA,15517
26876289,LGA,10569
27134257,LGA,18819
27136639,LGA,6365
27137651,LGA,13489
27141013,JFK,20511
27141191,LGA,6860
26887521,LGA,11096
26682755,LGA,6053
27430644,JFK,5831
26895166,LGA,10640
27166074,JFK,10050
27166833,JFK,9367
27192720,LGA,15112
27200105,LGA,21634
27211525,EWR,31364
27225643,JFK,18580
26925980,LGA,12695
27454904,LGA,11216
27458304,LGA,13263
27468927,LGA,13423
27470676,LGA,13263
27477710,LGA,7655
26949866,LGA,15546
26953399,LGA,14052
26953727,LGA,14014
27264926,LGA,7793
27287372,LGA,10701
26953759,LGA,15216
26954041,LGA,15298
27483961,LGA,15071
27488806,LGA,13463
27498398,LGA,10026
27499097,JFK,10375
26982403,LGA,15283
26991656,LGA,13829
27015594,LGA,13838
27016931,LGA,19257
27291497,LGA,14204
27295492,LGA,9998
27308432,LGA,16173
27312914,LGA,6900
27314650,LGA,7208
27326744,LGA,12773
27019732,LGA,20800
27503062,LGA,16168
27518599,LGA,14585
27032162,LGA,19829
27052657,LGA,13075
27523631,LGA,8054
27527902,LGA,12677
27528305,LGA,15058
27329048,LGA,6821
27336179,LGA,11235
27338569,LGA,10225
27343189,LGA,19829
27359696,JFK,11756
27359897,JFK,11766
27361377,LGA,15503
27697284,LGA,3394
27702171,LGA,13130
27703666,LGA,15564
27705293,LGA,12624
27529655,LGA,7218
27551715,EWR,30239
27552868,JFK,12872
27706737,LGA,15742
27712922,EWR,31768
27371581,JFK,18330
27375052,EWR,31046
27394897,EWR,30945
27395171,LGA,6985
27714862,LGA,14019
27724217,LGA,19643
27569888,LGA,16095
27570485,LGA,14542
27584957,LGA,22379
27585912,LGA,22381
27731269,LGA,14405
27731372,LGA,14546
27409329,LGA,10085
27416658,LGA,10764
27426650,LGA,11417
27427289,LGA,14445
27429253,LGA,5403
27429817,LGA,6491
28011594,LGA,20065
27598707,LGA,14027
27606552,LGA,11068
27608063,LGA,8539
27609355,LGA,13336
27610245,JFK,20623
27610367,JFK,9973
27611047,LGA,25077
27781833,LGA,6739
27782948,LGA,11541
27783586,LGA,11534
27785327,LGA,10994
27785672,LGA,11359
28012942,LGA,12715
28014842,LGA,10747
28015516,LGA,20240
28041818,JFK,5746
27627627,LGA,16002
27637065,LGA,20951
27658203,EWR,33276
27803575,LGA,16252
27808176,LGA,3242
27823763,LGA,20099
27829177,EWR,29772
28042014,JFK,5759
28042224,LGA,15615
28082095,LGA,9913
28084157,LGA,6938
28312177,LGA,21829
28314777,JFK,9860
28324221,LGA,13284
28329004,JFK,8808
27866657,LGA,24183
27874237,LGA,18832
27875757,LGA,17464
27891791,LGA,21935
28085121,EWR,25215
28096425,LGA,21611
28100131,LGA,15369
28108773,LGA,15730
28121595,EWR,28590
28334760,LGA,16756
28339747,JFK,6255
28340434,JFK,6578
28350560,LGA,3006
27906875,LGA,15286
27909345,LGA,9258
27910595,EWR,16366
28130502,LGA,15235
27919104,LGA,11116
27923577,JFK,11354
28368678,LGA,16756
28369552,LGA,16754
28379264,LGA,14715
28385105,LGA,7854
27928809,LGA,11717
27933214,JFK,22347
28136160,LGA,15395
28138470,LGA,20841
27952742,LGA,14668
28389715,LGA,8095
28389782,LGA,14117
28391512,JFK,9786
28408938,LGA,11518
28412322,JFK,7840
27966667,LGA,18048
28155197,LGA,21252
28162058,LGA,11579
28165121,LGA,19161
28177443,LGA,15906
28181575,LGA,14989
27967621,EWR,25118
28417682,LGA,7406
28426648,LGA,16232
28430639,LGA,12402
28431924,EWR,33861
28433202,LGA,21568
28001559,LGA,7445
28009721,LGA,16512
28185576,LGA,5058
28188131,LGA,10045
28200288,LGA,13792
28201587,LGA,15249
28206135,LGA,16345
28208166,LGA,15229
28608920,LGA,14060
28438216,LGA,13762
28438751,LGA,6025
28462811,LGA,12036
28483571,LGA,5367
28626504,LGA,20572
28629956,LGA,20343
28220182,LGA,23392
28494807,LGA,15905
28500619,LGA,10875
28506359,LGA,12430
28635035,JFK,8576
28647979,LGA,22833
28309641,LGA,18071
28936795,LGA,4894
28937377,LGA,12609
28667823,LGA,11373
28668546,LGA,23302
28670390,LGA,22724
28671495,LGA,22443
28539464,LGA,13762
28541768,LGA,8404
28684892,LGA,16725
28692232,LGA,20976
28697997,LGA,22708
28699232,LGA,22569
28952972,LGA,14171
28961919,JFK,10161
28699654,LGA,22411
28560765,LGA,19960
28560837,JFK,18583
28561904,LGA,10972
28567040,LGA,16484
28715332,LGA,15744
28734298,LGA,15376
28965609,LGA,14646
28976484,LGA,11841
28991221,LGA,14424
28602842,LGA,16359
28607153,LGA,4597
29256229,LGA,21903
28778214,LGA,9940
28779900,LGA,23091
28782669,LGA,2015
29008767,LGA,15645
29015079,LGA,10992
29016146,LGA,10922
29016907,JFK,10206
28785091,LGA,23293
28785361,LGA,13762
28786315,LGA,23170
28786900,LGA,23328
28796546,LGA,19528
29260051,LGA,22161
29269102,LGA,22552
29278439,LGA,8726
29281407,LGA,10598
29038655,LGA,3754
29054576,JFK,24617
29058075,LGA,11621
28817364,LGA,5518
28833807,LGA,16699
28834703,LGA,16193
29331191,LGA,15947
28838614,JFK,15891
28838673,LGA,14125
29074233,LGA,21964
29076107,LGA,5401
29079912,LGA,5259
29082508,LGA,27746
29095217,LGA,25289
28849818,LGA,14658
28859648,LGA,11987
28861629,LGA,9854
29331513,LGA,16880
29338559,LGA,4480
29340028,LGA,13607
29351570,LGA,15301
29356679,LGA,7239
28867577,LGA,11857
28872377,LGA,11123
28896148,JFK,8278
29097472,LGA,12098
29102760,LGA,2138
29104053,JFK,11614
29105563,LGA,25207
29117643,LGA,17055
29124414,LGA,22827
29124476,LGA,17296
28897533,LGA,6340
28897932,JFK,8278
29358344,LGA,21050
29359092,LGA,5981
29361650,LGA,11841
29385308,LGA,19387
29412402,LGA,18172
28901091,LGA,16387
29148293,LGA,14828
29148550,LGA,13229
28911775,JFK,8278
28911830,LGA,17318
28920018,LGA,15772
29585551,LGA,18924
29586511,LGA,11057
29416565,LGA,16289
29431738,LGA,15524
29463847,LGA,10371
29155895,LGA,15234
29158689,LGA,12740
29168569,LGA,22472
29170235,LGA,22998
29592296,LGA,14128
29592768,LGA,4824
29635253,LGA,8751
29487347,LGA,20868
29493581,LGA,6690
29495933,LGA,15237
29651529,LGA,14798
29237220,LGA,18226
29252044,LGA,16631
29654321,LGA,10437
29658021,LGA,10339
29659322,LGA,13055
29889800,LGA,8162
29897911,LGA,22067
29901044,LGA,20180
29903897,LGA,18728
29509877,LGA,13807
29514309,LGA,13898
29515670,LGA,11566
29683293,LGA,17354
29684573,LGA,23028
29904305,LGA,18728
29904478,LGA,18728
29906282,LGA,3339
29908937,JFK,22524
29686857,LGA,10688
29535295,LGA,16857
29541214,LGA,10625
29567201,LGA,16341
29567482,LGA,18647
29700761,LGA,21893
29923555,LGA,13755
29703513,LGA,15694
29730504,LGA,17762
29575293,LGA,12000
30062290,LGA,22015
29929095,JFK,6882
29929702,JFK,12903
29930787,LGA,6253
29935981,LGA,11226
29937451,JFK,15019
29760980,LGA,15523
30065198,LGA,28900
30082832,LGA,13512
30084269,LGA,22952
29775040,LGA,14888
29943061,LGA,19739
29943455,LGA,5846
29944408,LGA,4731
29946757,LGA,13781
29963575,JFK,9276
29964348,LGA,13118
29794270,JFK,15018
29795012,LGA,16552
29797971,LGA,21111
30087377,LGA,17633
30089412,LGA,15259
30096719,LGA,14492
29967433,LGA,13273
29968121,LGA,6025
29800915,LGA,19161
29804246,LGA,10791
29814549,LGA,22252
30104723,LGA,11658
30105137,LGA,11226
30106990,LGA,15001
30107262,LGA,10791
30109916,LGA,19019
29824343,LGA,12594
29990168,LGA,19008
29993012,LGA,17165
30003335,EWR,20930
30003453,LGA,18555
30125523,LGA,13116
30125704,LGA,12802
29831517,JFK,14839
30006770,LGA,16980
30021540,LGA,6885
30021914,LGA,17855
29847492,LGA,12736
29851718,LGA,14336
30154255,LGA,14776
30156697,LGA,16878
30162689,LGA,10598
30169107,LGA,13770
29858182,LGA,20913
30031616,LGA,13456
30033284,LGA,17190
30034070,LGA,14413
30042363,LGA,5888
30043083,LGA,22288
29877448,LGA,12991
29881973,LGA,12442
30174397,LGA,17285
30175606,LGA,19185
30182137,LGA,14258
30264512,JFK,13019
30268825,LGA,14900
30043966,LGA,20357
30046573,LGA,15639
30053410,JFK,25043
30058948,LGA,5782
30392806,LGA,16988
30392834,LGA,16421
30279712,LGA,21218
30392874,LGA,15283
30392909,LGA,13024
30393018,LGA,16725
30201476,LGA,16725
30206047,LGA,12819
30212741,LGA,4517
30284324,LGA,12757
30393171,LGA,20525
30393194,LGA,16421
30393286,LGA,16296
30393322,LGA,17093
30286646,LGA,15756
30308289,LGA,13272
30393414,LGA,13432
30393497,LGA,15947
30393555,LGA,15947
30393609,LGA,16903
30234773,LGA,11594
30236202,LGA,20193
30252034,LGA,8120
30254229,LGA,19132
30326749,LGA,24394
30393689,LGA,14658
30393759,LGA,16421
30393882,LGA,17190
30393896,LGA,16725
30337531,LGA,16860
30511301,LGA,11927
30349066,EWR,30517
30352010,JFK,24725
30393998,LGA,15283
30394053,LGA,15283
30394071,LGA,16725
30394133,LGA,13250
30394203,LGA,15238
30361847,LGA,17310
30527994,JFK,16721
30531246,LGA,11921
30394274,LGA,16421
30394340,LGA,16988
30394380,LGA,15283
30394403,LGA,17190
30396953,LGA,21066
30398938,LGA,13891
30378982,LGA,17243
30537134,LGA,7626
30537849,LGA,17208
30539307,LGA,15225
30387064,LGA,16421
30387132,LGA,16725
30387196,LGA,15283
30387218,LGA,13513
30387263,LGA,16827
30400542,LGA,5080
30415541,LGA,8053
30421561,LGA,13456
30387377,LGA,14843
30557920,JFK,22438
30558081,LGA,23869
30387445,LGA,15332
30387495,LGA,15947
30387553,LGA,13250
30387648,LGA,16725
30421981,LGA,15625
30423106,JFK,7785
30425416,LGA,20309
30439073,LGA,10470
30387820,LGA,15238
30565107,LGA,6213
30570342,LGA,17456
30577273,LGA,10987
30584992,LGA,11953
30387838,LGA,16421
30387856,LGA,16421
30387885,LGA,15283
30441489,LGA,15072
30442333,LGA,9231
30387916,LGA,16725
30387983,LGA,15283
30388011,LGA,15283
30388079,LGA,14334
30388225,LGA,14658
30593915,LGA,7208
30594172,LGA,7307
30627356,LGA,10886
30662063,LGA,16752
30388313,LGA,13250
30388528,LGA,16988
30447204,LGA,12408
30449111,LGA,13648
30465706,LGA,19941
30470947,LGA,6708
30388552,LGA,15332
30388587,LGA,15947
30388750,LGA,13832
30388999,LGA,15238
30675435,LGA,14486
30677434,LGA,10271
30685870,LGA,21677
30686973,LGA,15225
30389115,LGA,14837
30389147,LGA,15238
30389192,LGA,17190
30389280,LGA,17190
30389441,LGA,16725
30389608,LGA,14837
30392649,LGA,13338
30392780,LGA,13832
30474972,LGA,12177
30476455,LGA,12071
30477526,LGA,11784
30494093,LGA,17101
30499109,LGA,11729
30695144,LGA,12022
30699302,LGA,12546
30700892,LGA,10801
30702161,LGA,9974
30981877,LGA,11894
30999134,LGA,12568
31001555,LGA,13456
30717086,JFK,22384
30717527,LGA,10737
30718403,JFK,22224
30736279,LGA,16980
30702384,LGA,10841
31019621,LGA,13610
31023111,LGA,14141
31038331,LGA,13832
31038347,LGA,13832
31212456,JFK,10597
31212571,LGA,15144
31216136,LGA,10747
31216852,LGA,15451
30764476,LGA,12402
30766643,LGA,13085
30767659,LGA,13900
30769129,LGA,11784
31052694,LGA,11513
31053180,LGA,11513
31218310,EWR,25333
31223352,JFK,23325
31224224,LGA,11899
31231904,LGA,19163
31236046,LGA,18670
31057348,LGA,15185
30788330,LGA,14917
30793033,JFK,10967
30795672,LGA,20570
30801068,LGA,5359
30811789,LGA,10648
31255471,LGA,12869
31277426,LGA,20065
31290477,LGA,10786
31074354,LGA,3526
31084737,LGA,16725
31085028,LGA,16257
30822815,LGA,9380
30824853,LGA,12427
30842198,LGA,2989
31085213,LGA,14507
31085554,LGA,12103
31085679,LGA,13107
31292757,LGA,15020
31293625,LGA,13329
31301754,LGA,18991
30856398,LGA,14710
30875053,LGA,11020
31106666,LGA,13769
31311422,LGA,17368
31313105,JFK,6762
31313806,JFK,26793
31317744,LGA,12614
31322232,LGA,12682
31119799,EWR,25675
30915351,LGA,13016
31121209,LGA,23976
31127529,LGA,13286
31333074,LGA,11414
31339496,LGA,7598
31340666,LGA,14451
31127742,LGA,13496
30932236,LGA,13994
30937756,LGA,12773
30938864,LGA,3631
31136603,LGA,15208
31146186,LGA,3777
31150305,LGA,15735
31382465,LGA,17549
31406873,LGA,17196
31165085,LGA,20063
31188378,LGA,22471
31511563,LGA,15906
31513692,LGA,11196
31514475,LGA,19151
31530711,LGA,15966
31533518,LGA,16029
31201815,LGA,11865
31434819,LGA,15833
31435773,LGA,13432
31445273,LGA,6340
31457396,LGA,15466
31459394,LGA,12607
31466176,LGA,11844
31839994,LGA,11532
31539511,JFK,8542
31543246,LGA,10252
31549470,LGA,13432
31854564,JFK,8470
31856192,LGA,7699
31467888,LGA,12544
31473340,LGA,14675
31474431,EWR,32041
31474638,EWR,32019
32238694,LGA,13718
32241239,JFK,22682
31857472,LGA,11962
31859909,LGA,19980
31881052,LGA,18817
31564614,LGA,6072
31582797,LGA,13590
31584089,LGA,14463
31885991,JFK,7926
32241276,LGA,1274
32242139,LGA,16602
32292954,LGA,1981
31913609,LGA,19853
32306605,LGA,12876
31600379,LGA,18810
31602882,LGA,22040
31612381,LGA,13183
31614670,LGA,22376
31622448,LGA,10855
31623508,LGA,12187
31624317,LGA,13096
31626662,LGA,19951
31931665,LGA,22556
31932152,LGA,21831
31933373,LGA,19451
31934408,LGA,3027
31957975,EWR,24556
31663848,LGA,11085
31667621,LGA,13711
31668308,LGA,11409
31668461,LGA,11375
32327466,LGA,17905
32334635,LGA,17579
32336400,LGA,12380
32354513,LGA,14973
32364753,LGA,7427
31961126,JFK,14485
31978518,LGA,15223
31980794,LGA,14937
31670943,LGA,15531
31689618,LGA,18618
32381165,EWR,24210
32382542,LGA,22317
32383114,LGA,22344
32392636,LGA,10218
32400196,LGA,11412
32012464,LGA,3257
31697123,JFK,11585
31715312,LGA,14193
31717837,LGA,19251
31722021,LGA,9946
31726939,LGA,16725
32036822,LGA,14999
32037535,LGA,15320
32406935,LGA,19224
32448749,LGA,15646
32450788,LGA,11399
32463707,LGA,16068
32044146,LGA,10917
31732450,LGA,15943
31737653,LGA,13785
31758231,LGA,16455
31760509,LGA,11794
31760941,LGA,9791
32062843,LGA,10901
32081249,LGA,16522
32088018,LGA,9022
31794109,LGA,14463
31831929,LGA,16915
32095900,EWR,24516
32102590,LGA,14193
32494256,LGA,14407
32495242,LGA,15344
32495771,LGA,25902
32499495,LGA,18256
32501003,LGA,14174
32502180,EWR,24286
32520381,LGA,19613
32108317,LGA,16153
32137481,LGA,16954
32531409,JFK,12128
32541475,LGA,13399
32544596,LGA,19087
31834190,LGA,4463
32591286,LGA,6976
32607488,LGA,19091
32611458,LGA,20470
32611977,LGA,19427
32171100,LGA,14137
32189288,LGA,15110
32549155,LGA,13628
32552611,LGA,10702
32575528,LGA,4879
32616393,LGA,18613
32617384,LGA,18452
32618577,LGA,18764
32618640,LGA,18690
32619108,LGA,18752
32634041,JFK,14020
32636494,LGA,11706
32233982,LGA,5610
32234674,LGA,16725
32235802,LGA,17660
33423849,LGA,9499
32666534,LGA,16416
32669154,LGA,14714
32670456,LGA,15076
32589616,LGA,16504
32590674,LGA,12718
32933643,LGA,12581
32935473,LGA,4777
32940047,LGA,11398
32940382,LGA,11398
32943764,LGA,10602
33427025,LGA,14426
32670715,JFK,21716
32701542,LGA,7413
32705496,LGA,11991
32714790,LGA,14223
32721564,JFK,11201
32742238,LGA,17525
33439687,LGA,12655
33442531,LGA,14491
33448577,LGA,13762
33451456,LGA,19196
32959357,JFK,11772
32990477,LGA,12495
33005220,LGA,15033
33010488,LGA,13176
33012494,LGA,12318
32746895,LGA,15465
32790563,LGA,11526
32798710,LGA,14668
33467371,LGA,13434
32799550,LGA,14668
32801102,LGA,13168
32801214,LGA,14668
32809387,JFK,16550
33038705,LGA,9714
33055126,LGA,15393
33061311,LGA,19540
33491707,LGA,18011
33516105,LGA,14638
33521985,JFK,10372
33070946,LGA,12704
33094622,JFK,7831
33097219,EWR,23198
33101073,LGA,13391
33101286,LGA,17351
33127307,JFK,7714
33133494,LGA,12677
32820849,LGA,20177
32836242,LGA,15280
32842295,JFK,21828
32844072,LGA,2010
32845010,JFK,24261
32845331,LGA,14919
32845516,LGA,14733
33533601,LGA,15306
33534624,LGA,15177
33546854,LGA,12730
32847146,LGA,14660
32856048,LGA,16421
32857378,LGA,15025
32857674,LGA,14875
32858018,LGA,14871
33135950,LGA,19242
33138120,LGA,13976
33141938,LGA,16161
33155194,LGA,14291
33559960,LGA,14719
33560323,LGA,22237
33580893,LGA,15498
32865732,LGA,17650
32890299,EWR,25334
32894678,LGA,19112
32913140,LGA,19085
33580907,LGA,15546
33156370,LGA,19938
33162983,LGA,12630
33168922,LGA,17948
33169141,LGA,2397
33175415,JFK,25212
33180845,LGA,13416
33582776,LGA,14830
33589554,JFK,7246
32915763,LGA,20426
32923358,LGA,14056
32926070,LGA,16296
32926087,LGA,16296
33607399,LGA,17004
33214803,LGA,16778
33242348,EWR,19655
33611809,LGA,14166
33613736,LGA,20073
33632312,LGA,19553
33752082,LGA,5501
33765725,LGA,18658
33772218,LGA,14154
33776576,LGA,4583
33785477,LGA,11641
33820675,LGA,9499
33635511,LGA,12170
33269114,LGA,20413
33269801,JFK,8188
33271828,LGA,20831
33273859,LGA,16505
33642266,LGA,16125
33653706,LGA,13935
33823598,JFK,7818
33826205,LGA,14722
33829619,JFK,10451
33654747,LGA,15237
33660911,LGA,5793
33340151,LGA,11423
33346826,LGA,13197
33348910,LGA,6893
33664484,LGA,9228
33677607,LGA,21557
33683407,LGA,13206
33835992,LGA,19954
33849970,LGA,7121
33852604,LGA,22606
33853465,LGA,10750
33873570,LGA,23092
33684621,LGA,14647
33689653,LGA,24565
33387469,LGA,13642
34059931,LGA,14413
33689832,LGA,12315
33705274,LGA,14643
33873780,LGA,23965
33875614,LGA,11700
33877798,LGA,12778
33883497,LGA,15775
33883949,LGA,16762
33716043,LGA,14493
34072049,LGA,13536
33735398,LGA,18032
34337805,LGA,10667
34339330,LGA,15466
33907325,LGA,14668
33910078,LGA,12844
34340192,LGA,15422
34084359,JFK,12274
34087005,JFK,6974
34340357,LGA,10718
34343752,LGA,15169
34358402,LGA,16883
34362677,LGA,16478
33936370,LGA,19398
33937466,LGA,4735
33961505,LGA,11499
33974082,LGA,5869
34363916,LGA,11168
34114232,LGA,20020
34116575,LGA,12433
34118590,LGA,19794
34119451,LGA,14729
34123251,LGA,21474
34127215,LGA,12019
34136999,LGA,16725
34370526,LGA,10862
34384911,LGA,16725
33974640,LGA,6024
33974777,LGA,6159
33982630,LGA,16878
33989681,LGA,16537
33999874,LGA,5699
34384958,LGA,12445
34138042,LGA,17190
34142214,LGA,12543
34150118,LGA,10758
34169395,LGA,16725
34017965,JFK,26710
34022740,LGA,20980
34433947,LGA,23243
34172085,LGA,15976
34175118,LGA,15161
34181803,LGA,16252
34183108,LGA,15254
34197959,LGA,20649
34202651,LGA,14129
34468721,JFK,15119
34478311,LGA,17798
34051551,JFK,11725
34596961,JFK,11483
34600024,LGA,13272
34603173,JFK,25277
34604981,LGA,5001
34478719,LGA,11244
34480008,JFK,13176
34485317,LGA,14791
34485693,LGA,14791
34205576,LGA,11894
34206567,LGA,15325
34230593,LGA,12982
34231172,EWR,32182
34234215,JFK,10455
34253845,LGA,11603
34485694,LGA,14791
34485696,LGA,14791
34485697,LGA,14791
34485698,LGA,14791
34485699,LGA,14791
34485702,LGA,14791
34485742,LGA,13977
34487491,LGA,14172
34616078,JFK,12375
34620162,JFK,15262
34641992,LGA,10661
34651319,LGA,16776
34491852,LGA,14503
34491916,LGA,14503
34255449,LGA,14072
34256727,EWR,25126
34258883,EWR,23992
34272580,LGA,21881
34278935,EWR,24573
34279388,LGA,13230
34491918,LGA,14503
34493830,EWR,25560
34281515,JFK,25809
34287923,LGA,15875
34289855,LGA,13915
34313601,LGA,16175
34315737,LGA,30497
34510977,LGA,15731
34656064,LGA,9674
34659944,LGA,15682
34667590,LGA,10671
34670672,JFK,18454
34673353,LGA,14622
34517087,LGA,13519
34535182,JFK,15199
34537321,LGA,12499
34539406,JFK,15132
34542125,LGA,12148
34687035,LGA,5551
34705719,LGA,11499
34709283,LGA,11086
34718010,LGA,19220
34327434,LGA,11355
34335995,LGA,15333
34336135,JFK,6158
34337267,LGA,20065
34897863,LGA,15200
34542550,LGA,12004
34544360,LGA,13528
34568831,EWR,28772
34592979,LGA,15261
34592997,LGA,15412
34905459,LGA,10375
34907049,LGA,14339
34907354,LGA,17546
34907479,LGA,10265
34909026,LGA,21412
34909594,LGA,20295
34593016,LGA,14864
34737998,LGA,20065
34738463,LGA,10685
34741981,LGA,6975
34742861,LGA,20065
34745490,LGA,22367
34746284,LGA,12185
34593055,LGA,14864
35154803,LGA,14413
34784910,LGA,13047
35154913,LGA,14413
35155873,EWR,25932
34926055,LGA,12258
34971449,LGA,12852
34972982,LGA,12855
35166718,LGA,14169
34815470,LGA,17061
34819702,LGA,23082
35172393,LGA,22550
34974475,LGA,15465
34978738,JFK,9581
34980223,LGA,15421
34994129,LGA,14388
35183293,LGA,18546
35186258,LGA,13712
35186404,LGA,20072
35191797,LGA,13092
34998955,LGA,13122
35000464,LGA,13425
35005373,LGA,13032
35007394,JFK,23431
35012500,JFK,7316
35197500,JFK,15054
34844071,EWR,25243
34860207,JFK,11159
34863999,LGA,5570
35203931,LGA,15241
35222567,JFK,14932
35224560,LGA,6810
34866682,LGA,20806
34866786,LGA,14550
34866897,LGA,19259
34868859,LGA,12812
35025921,LGA,14165
35026161,LGA,14154
35038426,LGA,13751
35043094,JFK,7052
35045823,LGA,20296
35231370,LGA,13179
35231916,LGA,6989
35232819,EWR,30251
35235212,LGA,7313
35235326,LGA,11874
35076834,LGA,19133
35078721,LGA,17288
35081665,LGA,15568
35085826,JFK,9111
35423560,LGA,12098
35428996,LGA,13673
35430378,JFK,7274
35431400,LGA,16247
35454756,LGA,6605
35235379,LGA,7624
35236534,LGA,5594
35249458,LGA,12599
35254823,LGA,10569
35114037,LGA,13767
35258943,LGA,23074
35479956,LGA,14454
35490967,LGA,16878
35491909,LGA,18572
35493937,LGA,12865
35496842,LGA,20183
35267276,LGA,5576
35267302,LGA,5008
35120222,LGA,5980
35128367,LGA,15062
35136523,JFK,9585
35136809,JFK,9374
35269083,LGA,13014
35497497,LGA,17488
35509087,LGA,14404
35510876,LGA,14244
35511098,LGA,14229
35513883,EWR,30859
35147929,LGA,16663
35149019,LGA,15815
35149180,LGA,17509
35149282,LGA,15384
35149452,LGA,15916
35149540,LGA,11755
35149749,LGA,15898
35304260,LGA,6623
35310193,LGA,9806
35315339,EWR,30487
35324178,EWR,30735
35520176,LGA,10919
35523432,LGA,11806
35334728,LGA,12375
35154411,LGA,14413
35154668,LGA,14413
35683483,LGA,13478
35684442,LGA,12847
35354567,JFK,11078
35536969,LGA,13615
35539586,LGA,7780
35539856,LGA,7780
35369883,LGA,5505
35712515,JFK,6158
35713310,LGA,14360
35713334,LGA,14311
35716479,LGA,13205
35384123,JFK,6095
35387629,LGA,21507
35540158,LGA,7780
35540308,LGA,8093
35540417,LGA,7780
35545194,LGA,5820
35545434,LGA,15123
35545525,LGA,15464
35408266,LGA,13103
35719652,LGA,11310
35732634,LGA,24619
35766431,LGA,21971
35409445,JFK,5759
35422599,JFK,6331
35768873,LGA,14426
35774669,LGA,11182
35995460,LGA,19545
35545595,LGA,15041
35545650,LGA,14845
35546298,LGA,17970
35548721,LGA,12265
35569130,JFK,10958
35996222,LGA,19047
35998531,JFK,22367
36004196,LGA,7971
36036842,LGA,13514
35797866,LGA,15547
35806920,LGA,19579
35808578,JFK,14896
35822763,LGA,15563
35829570,LGA,13804
35837998,LGA,11755
35575345,JFK,11112
35579364,LGA,11719
35580609,LGA,15534
35581315,LGA,29699
35595727,LGA,10133
36063144,LGA,14891
35840564,LGA,6171
35840685,LGA,21238
35843321,LGA,12570
35863145,LGA,16218
35868549,LGA,12681
36080023,LGA,15337
35599507,LGA,19851
35600877,LGA,29689
35601251,LGA,29510
35603341,LGA,12571
35608098,LGA,14222
35614233,JFK,18463
36085870,LGA,15019
36101436,EWR,29016
36108534,LGA,14479
35875858,LGA,15495
35876828,LGA,3640
35878938,LGA,13286
35880719,LGA,15210
35893569,LGA,15633
35619073,EWR,26107
35646199,LGA,16990
35654798,LGA,16589
35655950,LGA,10196
36134670,LGA,13096
36137613,LGA,20163
35896695,LGA,14704
35898731,LGA,15545
35901159,LGA,15182
35906886,LGA,15142
35907916,LGA,3529
35914632,LGA,15131
35915030,LGA,17295
35917584,LGA,13042
35929196,LGA,18237
36145317,JFK,18241
36274279,LGA,6801
36300378,LGA,13084
36302523,LGA,14562
36147561,LGA,15563
35934018,JFK,9257
35938640,JFK,16178
35944106,LGA,15280
35962668,LGA,13440
36315759,LGA,16827
36315828,LGA,16725
36152646,LGA,24524
36197791,LGA,14893
36198348,LGA,21672
35969545,LGA,19175
36601199,LGA,15007
36322141,LGA,11518
36333124,LGA,16355
36354114,LGA,17693
36359662,LGA,19303
36370217,LGA,19607
36601571,LGA,15007
36603015,LGA,16477
36618017,LGA,11777
36629436,LGA,11502
36236022,LGA,14843
36379279,LGA,14575
36379292,LGA,14923
36392997,LGA,12809
36404568,LGA,12873
36236515,JFK,6313
36237732,LGA,14537
36404684,LGA,15343
36426788,JFK,8018
36632562,EWR,31187
36633354,LGA,19692
36633369,LGA,26071
36640931,JFK,7912
36239748,LGA,14537
36454717,LGA,15413
36455321,LGA,15593
36455649,LGA,15490
36456829,LGA,12726
36255541,LGA,14836
36260895,LGA,12986
36659812,JFK,11669
36660274,JFK,11619
36696860,LGA,15533
36698970,LGA,13102
36753879,LGA,15471
36267546,EWR,25901
36272957,JFK,5984
36477307,JFK,22832
36485171,LGA,3907
36485642,LGA,13860
36488148,LGA,17422
36489561,LGA,7814
36501387,LGA,15179
36513425,LGA,5996
36974600,JFK,17340
36975161,LGA,15590
36981285,JFK,12100
36762958,JFK,6346
36796156,JFK,16143
36803276,LGA,14764
36804299,LGA,13812
36813246,LGA,19333
36815318,LGA,12841
36998345,LGA,11020
36523682,JFK,8313
36525799,LGA,6735
37011601,LGA,15310
36561962,LGA,13181
36836336,LGA,22929
36838859,LGA,14976
36839214,LGA,14805
36839512,LGA,15142
36839873,LGA,14730
37019982,LGA,19005
37022153,LGA,21073
37023920,LGA,14500
37048087,EWR,31911
36571835,LGA,19965
36585314,JFK,17046
36593724,LGA,8125
37207174,LGA,14574
37053079,LGA,14922
36872628,LGA,15832
36875336,LGA,15509
36900144,LGA,18872
36906533,LGA,16546
37055580,LGA,8563
37055877,LGA,19898
36912362,EWR,28710
36914033,LGA,12751
36917552,LGA,16502
37056638,JFK,10629
37213303,LGA,16076
37215278,JFK,7986
37216159,LGA,5869
37218076,LGA,8871
37240374,LGA,18654
37057382,LGA,20805
37060250,LGA,22309
36945647,LGA,12377
37060607,LGA,22139
37074081,LGA,4711
37079197,LGA,14751
37082885,LGA,20453
37083736,LGA,12903
37085182,LGA,11932
37085302,JFK,18030
37086914,LGA,12071
37247512,LGA,20287
37250030,LGA,12078
37253565,JFK,11805
37254729,LGA,4918
37260475,LGA,6724
37262517,LGA,11352
37494611,LGA,10214
37528370,LGA,12157
37529321,LGA,24472
37093438,LGA,20972
37094204,LGA,15769
37094209,LGA,12984
37272016,LGA,16216
37282283,LGA,11576
37285128,LGA,16173
37288147,LGA,12072
37291686,LGA,15897
37094830,LGA,13387
37122162,LGA,14928
37532017,LGA,15878
37532987,LGA,13202
37536591,LGA,7160
37549695,LGA,15131
37552522,LGA,18860
37122437,LGA,15036
37122502,LGA,15177
37122566,LGA,15847
37132673,LGA,3502
37297049,LGA,20579
37297150,LGA,15964
37300621,LGA,5773
37300828,LGA,5958
37316929,LGA,12448
37138983,LGA,15157
37557533,JFK,10719
37561740,LGA,16808
37563342,LGA,12973
37563932,LGA,12987
37564878,LGA,15762
37585659,LGA,15645
37588246,LGA,15157
37589906,LGA,15349
37594699,LGA,8726
37317473,LGA,8294
37318064,LGA,6710
37319489,LGA,13058
37322150,JFK,7134
37322248,LGA,15211
37322632,JFK,9053
37325442,LGA,18654
37153544,LGA,15222
37329889,LGA,12772
37330856,LGA,3698
37332720,LGA,14076
37349383,LGA,14562
37182088,LGA,13387
37598410,LGA,11421
37598495,LGA,15895
37624494,LGA,17165
37627715,LGA,14970
37630258,LGA,14598
37630778,LGA,13518
37633552,LGA,11521
37634311,LGA,15017
37187163,LGA,12203
37187259,LGA,6085
37200571,LGA,11961
37361653,LGA,20890
37371179,LGA,20218
37397088,LGA,10857
37404277,LGA,16217
37807246,LGA,14562
37648875,LGA,14459
37688045,LGA,15040
37691827,LGA,15841
37696099,LGA,13020
37808381,LGA,14562
37809572,EWR,21704
37816237,LGA,6743
37818248,LGA,6568
37828655,LGA,14006
37424442,LGA,5104
37428856,LGA,5852
37443671,LGA,12089
37446470,LGA,19475
37447065,LGA,24629
37452873,LGA,9303
37842610,JFK,6866
37855573,LGA,12820
37705884,LGA,14030
37706099,LGA,19626
37706464,LGA,9152
37720576,EWR,24853
37720797,LGA,13407
37722378,LGA,15998
37723620,LGA,6625
37857475,JFK,10456
37862092,JFK,14381
37862550,LGA,3126
37462923,JFK,16634
37486474,LGA,15947
38134421,LGA,7160
37879131,LGA,10822
37729855,LGA,14264
37740667,LGA,11715
37750065,JFK,12356
37750997,LGA,13936
37887133,LGA,13842
37889951,LGA,15781
37890312,LGA,7311
37891200,LGA,3066
37908288,LGA,14924
37908313,LGA,15139
37909386,LGA,12869
38135970,LGA,9653
38150817,JFK,25246
38161096,LGA,14882
38161780,LGA,17940
38161818,LGA,15515
38164618,LGA,21901
38166035,LGA,18841
37779494,LGA,20907
37785816,LGA,13890
37798666,LGA,19274
38481169,LGA,7780
37914207,LGA,14453
37932566,LGA,11876
37937595,LGA,15657
37941349,LGA,13894
38486378,LGA,17014
38496782,JFK,15269
38513011,LGA,15415
38178779,LGA,16505
38186479,JFK,7478
38186786,LGA,18522
38217247,LGA,6208
38226783,LGA,21227
37942657,LGA,14562
37943502,JFK,12462
37943668,LGA,23624
37944508,LGA,18546
37944546,JFK,13027
38515796,LGA,8260
38519757,LGA,12856
38521231,LGA,11208
38522188,LGA,9511
38522224,JFK,9218
37971614,LGA,19222
38235141,JFK,10867
38236354,LGA,21250
38236463,LGA,11638
38239421,JFK,14520
38261496,LGA,6264
37984597,LGA,15129
37986967,LGA,21080
37988664,LGA,22687
38535656,LGA,21495
38542488,LGA,12593
38546708,LGA,12624
38547165,LGA,12619
37988953,LGA,21026
37989689,JFK,25088
38281533,JFK,18409
38284238,JFK,25222
38285454,LGA,21646
38291768,LGA,13639
38296895,LGA,4120
38299089,LGA,12925
37992636,LGA,12769
37993547,LGA,12809
38553463,LGA,12960
38559180,LGA,12891
38573589,LGA,11315
38575019,LGA,14721
38575482,LGA,12630
38584270,LGA,12959
38584439,LGA,12829
38020017,LGA,14727
38024356,LGA,15991
38316335,LGA,18771
38317957,LGA,20635
38323529,LGA,5903
38359468,JFK,11126
38600017,LGA,12983
38603451,LGA,14029
38609434,LGA,22289
38617525,LGA,9207
38617814,LGA,21254
38619451,LGA,8348
38623036,LGA,22343
38624089,EWR,30860
38048018,LGA,16616
38379068,LGA,11686
38385758,LGA,12607
38624335,LGA,12792
38624428,LGA,12638
38624439,LGA,10343
38624988,LGA,12808
38625166,LGA,12715
38625308,LGA,10317
38097887,LGA,12757
38390957,LGA,12595
38404770,LGA,16783
38413549,LGA,12211
38428035,LGA,21646
38437629,LGA,20464
38645543,EWR,34120
38645666,EWR,24530
38646409,LGA,1933
38664426,JFK,11154
38666081,LGA,13134
38670210,LGA,12960
38134394,LGA,18751
38674685,LGA,16759
38697036,LGA,19326
38778121,LGA,14092
38454938,LGA,14736
38456362,JFK,22249
38461525,LGA,13229
38462360,LGA,15225
38780110,LGA,12770
38799098,LGA,16418
38704688,LGA,15883
38707413,LGA,15774
38725189,EWR,21878
38747830,LGA,13479
38802035,LGA,10426
38469091,JFK,5866
38477712,LGA,11593
38480777,LGA,16637
38481108,LGA,15283
38811858,LGA,22298
38812729,JFK,15574
39023096,LGA,17640
39023376,LGA,17683
39023600,LGA,17652
39024243,LGA,17851
38817916,LGA,16467
38826956,EWR,28921
38827616,EWR,29575
39289019,LGA,16497
39299540,LGA,22697
39301619,LGA,13118
39302944,JFK,9636
39313969,JFK,9705
38831666,LGA,12873
38835934,LGA,11123
39024944,LGA,17900
39031849,LGA,11306
39033318,LGA,21293
39034248,JFK,10045
38839819,LGA,15118
38846563,LGA,14562
38849102,LGA,15402
38850758,LGA,13291
39036887,LGA,16078
39059931,LGA,13095
39074638,LGA,19488
39330170,LGA,20498
39332857,LGA,10450
39340734,LGA,19960
39345548,JFK,7857
39355943,LGA,21606
38866096,EWR,21212
38866268,LGA,18856
38871574,EWR,21180
38871661,LGA,15693
38875424,LGA,14076
39363832,LGA,5151
39380947,JFK,6097
39381034,LGA,20498
39081829,LGA,17365
39083120,EWR,22900
39083245,LGA,13935
39106226,LGA,10508
39113138,LGA,16768
39114171,LGA,5659
38879859,LGA,15433
38880744,LGA,15325
38900328,LGA,13528
38902678,LGA,13221
38908592,LGA,14597
39123850,EWR,29867
39125813,EWR,29161
39126741,JFK,10808
39128021,LGA,13935
39146442,LGA,15137
39149013,LGA,14289
39386691,LGA,29653
39395456,JFK,5958
39411592,LGA,10704
39413681,LGA,15412
38910508,LGA,14362
38924473,LGA,17279
38930954,LGA,16568
38931289,LGA,11721
38932995,LGA,21936
39435705,LGA,13562
39435760,LGA,13514
39435765,LGA,13895
38947926,EWR,16208
38954037,LGA,15343
39153457,LGA,13770
39169415,LGA,11933
39174155,LGA,11533
39176524,LGA,25390
39176548,LGA,21664
39177041,JFK,12405
39435773,LGA,13274
39435811,LGA,13477
39435835,LGA,13571
38956772,LGA,13606
38956793,LGA,13035
38956835,LGA,13119
38956889,LGA,12781
38975498,LGA,13014
39189765,LGA,12550
39191142,LGA,12873
39193812,LGA,10816
39194327,LGA,14632
39196417,LGA,13935
38978229,LGA,15561
38978429,LGA,17310
39449814,LGA,10963
39464655,LGA,10875
38980221,LGA,19685
38983890,LGA,21049
39483179,LGA,12745
39484704,LGA,14166
39485765,LGA,4395
38996102,LGA,19013
39199781,LGA,15512
39199816,LGA,16167
39229191,LGA,14558
39243894,LGA,15497
38997592,LGA,18519
39507366,LGA,11954
39507856,LGA,13025
39508474,LGA,13130
39517970,LGA,22981
39526252,LGA,10909
38999862,LGA,13965
39001725,LGA,18729
39253388,LGA,14012
39257912,LGA,6381
39269487,JFK,25201
39005390,LGA,15945
39016717,LGA,22696
39022484,LGA,17900
39526281,JFK,18239
39528624,LGA,12031
39531655,LGA,17433
39535241,LGA,10257
39535604,LGA,12825
39965266,LGA,11558
39969287,LGA,10482
39280356,JFK,12396
39820168,LGA,10118
39833359,LGA,4329
39839813,LGA,12725
39971399,LGA,10210
39535849,LGA,18435
39537097,LGA,4912
39537553,LGA,15357
39543637,EWR,30536
39553672,LGA,11720
40009594,LGA,13674
39849765,LGA,12789
39850284,LGA,12998
39858506,LGA,14174
40011270,LGA,12272
39554590,LGA,15584
39556673,LGA,16540
39559324,LGA,18285
40028007,LGA,13872
39860062,LGA,16775
39860155,LGA,15822
39860690,LGA,13656
39860936,LGA,13352
39861059,LGA,13206
39861127,LGA,13439
39861182,LGA,13769
40035713,LGA,11127
40040224,JFK,15321
39861293,LGA,13754
39861458,LGA,13773
39862209,LGA,15696
39866812,JFK,12341
39869406,LGA,14362
40047091,LGA,15283
39872100,LGA,15650
39878065,LGA,13432
39878087,LGA,15283
39878204,LGA,15283
39587759,JFK,16511
39598996,LGA,19174
39603229,LGA,13709
39603782,JFK,20627
39606161,LGA,11509
39610139,LGA,13945
39612224,LGA,20429
40062883,JFK,14895
40067442,LGA,10578
40068404,LGA,18155
40080502,LGA,14381
39878798,LGA,12446
39878837,LGA,13517
39879250,LGA,12958
39888686,LGA,15887
40083498,LGA,14068
40092387,JFK,10377
40092482,LGA,14420
39627703,LGA,17983
39627727,LGA,16879
39630152,LGA,22648
40095318,LGA,10451
40103744,LGA,10772
40107156,LGA,18781
39894957,LGA,11069
39896685,LGA,22210
39899915,LGA,12346
39903508,EWR,19070
39916681,LGA,18000
39919408,LGA,13185
39920610,LGA,13229
39634396,LGA,12814
39647259,LGA,9342
39651899,LGA,17556
39671310,LGA,14183
40137674,LGA,13489
39696136,LGA,15697
39699359,LGA,20077
39703272,LGA,10918
39717041,LGA,17929
39725627,LGA,13067
39921961,LGA,16645
39922049,LGA,16799
39922192,LGA,16854
40154152,LGA,19894
40158019,LGA,12373
39749416,LGA,12205
39749681,LGA,12080
39922527,LGA,16936
39922635,LGA,16781
39929061,LGA,13579
39930214,LGA,14655
40182687,LGA,13209
39767080,LGA,7461
39777590,LGA,9206
39781222,LGA,15756
39940831,LGA,15283
39950446,LGA,11957
39950578,LGA,13766
39951152,LGA,11552
40198915,LGA,5038
40203774,LGA,21819
40215699,LGA,16725
40223498,LGA,14857
40228352,LGA,19372
40674094,LGA,20404
39954574,LGA,14423
40447283,LGA,11368
40448201,LGA,13944
40454134,LGA,14668
40239419,LGA,14702
40239461,LGA,21050
40247800,LGA,14203
40261940,LGA,13276
40680003,LGA,12178
40681398,LGA,13651
40468300,LGA,14693
40474055,LGA,12236
40683527,LGA,18302
40491893,LGA,15460
40501316,LGA,8226
40264373,LGA,10401
40289316,JFK,16683
40292818,LGA,14850
40699072,EWR,17971
40301903,LGA,13071
40302589,LGA,15420
40304242,JFK,18204
40511239,LGA,11015
40529147,JFK,8912
40704904,LGA,15623
40316923,JFK,9934
40335341,LGA,11401
40721922,LGA,16827
40535865,LGA,17271
40725405,LGA,19197
40728239,LGA,12538
40731114,LGA,16716
40335381,JFK,16227
40335468,LGA,14419
40339942,LGA,2192
40344826,LGA,11523
40345364,LGA,12087
40734111,EWR,25514
40565556,LGA,15329
40576966,LGA,10913
40591061,LGA,23819
40736481,LGA,20239
40737415,JFK,16599
40739293,LGA,12706
40744843,LGA,22652
40748884,LGA,13178
40608762,LGA,6870
40611604,JFK,9118
40350292,LGA,10349
40376349,LGA,11778
40754270,LGA,15469
40756575,LGA,17771
40758693,LGA,21241
40759693,JFK,13170
40391410,LGA,15618
40396854,LGA,21593
40397243,LGA,10156
40399598,LGA,10670
40403927,JFK,15895
40405567,LGA,11446
40406049,LGA,15118
40424606,LGA,15754
40790813,LGA,7838
40794509,JFK,21998
40796348,LGA,22497
40660322,LGA,13174
40846105,LGA,10179
40861640,LGA,14184
40797425,LGA,25480
40797714,LGA,25426
40425172,LGA,15138
41023393,LGA,10219
41033943,LGA,6850
41036360,LGA,18789
40799715,LGA,13661
40816175,LGA,1907
40816977,EWR,35770
40869871,LGA,16893
40873601,LGA,16197
40873866,JFK,13211
40874667,JFK,13054
40824219,LGA,7396
40824301,LGA,11854
41047753,LGA,15340
41048681,LGA,18672
41069298,LGA,4660
40825740,LGA,21688
40887882,LGA,12469
40891496,LGA,12828
40843980,JFK,10432
41343124,LGA,17024
40896611,LGA,13202
40897658,LGA,14261
40900757,LGA,13590
41075946,LGA,20042
41078843,LGA,11002
41082801,LGA,14085
41107092,LGA,14173
41348789,LGA,15415
41352166,LGA,21665
41353712,LGA,13862
41354388,LGA,10535
41108306,LGA,10362
41109712,LGA,14106
41123624,JFK,6844
41124781,LGA,30392
41127989,LGA,14193
40905066,LGA,14993
40911813,LGA,10749
40912721,LGA,17811
40915004,LGA,10436
41365538,LGA,13883
41367371,LGA,12336
41369046,LGA,13898
41371194,LGA,13638
41373193,LGA,13972
41374977,LGA,9678
40922585,LGA,13017
40922899,LGA,12960
40926567,LGA,11797
40930849,LGA,6908
41146307,LGA,15570
41151871,LGA,14235
41173094,LGA,7419
41383676,LGA,19722
41395190,LGA,14908
41399557,LGA,10816
40944094,LGA,4595
40944374,LGA,14188
40946694,LGA,13935
41420151,LGA,11182
41175544,LGA,15063
41175790,LGA,22008
41178612,LGA,15649
41212093,LGA,15568
41215964,LGA,18546
41226843,JFK,19210
41425597,LGA,13743
41425624,LGA,13745
41430801,JFK,9378
41431376,LGA,23282
41234346,LGA,22751
41257755,LGA,15497
41258335,LGA,11499
41433498,LGA,14881
40952752,LGA,12400
40971681,LGA,12962
41433641,LGA,16436
41453338,LGA,25020
41454887,LGA,16409
41466873,LGA,12836
41472347,LGA,10808
41473245,LGA,13990
41474950,LGA,13945
41475250,LGA,13908
41484977,LGA,20512
41485666,LGA,17875
41262660,LGA,6427
41268569,LGA,13185
41274329,EWR,32006
41285370,LGA,14553
41289512,LGA,14100
41295029,LGA,15706
41295300,LGA,2040
41295524,LGA,21602
40992950,LGA,14910
41004775,JFK,12152
41007370,EWR,21263
41008859,LGA,11654
41009396,LGA,15372
41012815,LGA,19462
41494959,LGA,12448
41496552,LGA,19124
41502786,LGA,13632
41301073,LGA,13322
41321694,JFK,16788
41322723,LGA,11458
41323959,LGA,14715
41504521,LGA,21011
41506185,LGA,14166
41507050,LGA,14166
41021292,LGA,14870
41637801,LGA,14164
41642747,JFK,7624
41647808,LGA,16601
41527827,JFK,16861
41529631,LGA,10995
41531671,LGA,13968
41538377,LGA,12789
41552434,LGA,17957
41336712,LGA,14634
41959506,LGA,19575
41964371,LGA,13300
41976399,LGA,5910
41665066,LGA,10320
41666160,LGA,14875
41670159,LGA,15979
41681691,LGA,11439
41686149,LGA,11268
41564056,LGA,13256
41567947,LGA,10614
41568108,EWR,15428
41978804,LGA,18096
41997438,LGA,14463
41997469,LGA,14463
41997496,LGA,13698
41997533,LGA,16832
41585180,LGA,13935
41592296,LGA,11024
42002291,JFK,9962
41692454,JFK,6085
41710457,LGA,13951
41712212,LGA,21809
41712314,LGA,14315
41720005,LGA,16039
41593430,LGA,26513
41609145,LGA,16827
41614248,EWR,24316
42015560,LGA,13960
42015995,LGA,7269
42020878,LGA,12603
42022909,LGA,9958
42023090,LGA,10951
41634451,EWR,17225
41733738,JFK,18330
41746645,LGA,10893
41747413,LGA,11743
41749993,LGA,11153
42207141,LGA,11824
42219242,LGA,15984
42220001,JFK,25213
42220146,JFK,25340
41769297,LGA,13212
41770339,LGA,11960
41772235,LGA,17227
41786442,LGA,13755
41789758,LGA,12742
42023288,LGA,16668
42041277,LGA,10479
42049436,LGA,19664
42231473,LGA,13208
42245079,LGA,13229
42245107,LGA,13229
42249744,LGA,17198
42265787,LGA,11996
42058731,LGA,10410
42067285,EWR,24944
42082740,LGA,12114
42088954,JFK,16790
42097281,LGA,20153
41790722,JFK,12666
41799372,LGA,15664
41811144,LGA,22714
41816533,LGA,11664
41832407,JFK,9875
42273545,LGA,23258
42274209,LGA,13061
42274866,LGA,17677
42289549,LGA,12061
41840320,LGA,12242
41861321,LGA,14332
41867299,LGA,12451
42108317,LGA,15401
42108441,LGA,18096
42112149,LGA,14179
42112271,LGA,14600
42132039,LGA,14900
42303747,LGA,18869
42311578,LGA,20730
41889234,LGA,23714
41895103,LGA,12384
41908637,LGA,11430
42137790,LGA,8258
42154630,LGA,15010
42158612,LGA,25434
42159545,JFK,10470
42160230,EWR,25126
42332206,LGA,13206
42332401,LGA,13289
41909568,LGA,24968
41915430,LGA,24949
41934934,LGA,13874
41940501,LGA,12906
42360275,LGA,2067
42161973,JFK,8434
42194646,JFK,25216
42195148,LGA,13997
42473749,LGA,12186
42377787,LGA,23724
42379175,LGA,21707
42386569,LGA,21893
42389365,LGA,12573
42683130,LGA,14252
42688012,LGA,13800
42689810,LGA,15645
42690493,LGA,10622
42693824,LGA,5014
42389957,LGA,15443
42476362,LGA,14858
42486136,JFK,24275
42494731,JFK,7475
42495508,EWR,23876
42497920,LGA,12694
42498458,LGA,12335
42391932,LGA,13184
42402259,LGA,21615
42704243,LGA,15497
42726674,LGA,11621
42735065,LGA,11950
42735424,LGA,11932
42404526,LGA,16827
42404625,LGA,12996
42404665,LGA,12996
42498484,LGA,12244
42502510,LGA,13421
42504616,LGA,13103
42516466,LGA,10805
42404707,LGA,12996
42405152,LGA,17411
42406076,LGA,12221
42406399,LGA,15616
42410393,LGA,14133
42735863,LGA,11953
42738424,LGA,13515
42741138,LGA,6450
42745382,LGA,11780
42433863,LGA,6588
42438973,LGA,11093
42746488,LGA,14596
42757436,LGA,15497
42440198,LGA,19009
42529554,LGA,15586
42532821,LGA,17402
42535595,LGA,18320
42536123,LGA,21806
42444354,LGA,12463
42446225,LGA,17521
42449569,LGA,17959
42449656,LGA,11593
42769704,LGA,5046
42788958,LGA,12334
42789033,LGA,17422
42451008,LGA,13719
42467234,LGA,21966
42541688,LGA,23022
42567610,LGA,3877
42579881,LGA,14970
42582390,LGA,12009
42471990,LGA,13053
42472632,LGA,12731
42925669,LGA,12922
42584450,LGA,11753
42584572,LGA,20727
42586407,LGA,12666
42927800,JFK,21348
42795515,JFK,25688
42805340,LGA,12984
42806766,LGA,12996
42812068,LGA,10059
42927825,LGA,10913
42935766,LGA,12287
42935943,LGA,12332
42936229,LGA,12321
42936364,LGA,12332
42589526,LGA,14258
42596536,LGA,13415
42602038,LGA,13449
42938323,LGA,13277
42942408,LGA,12185
42817298,JFK,17050
42817699,LGA,12658
42818093,LGA,12861
42835727,LGA,13229
42835790,LGA,13202
42638833,LGA,14714
42640224,LGA,14324
42643177,EWR,28092
42645101,LGA,15212
42840583,LGA,20555
42841568,LGA,23910
42868646,LGA,16172
42868661,LGA,16296
42965074,LGA,13581
42970160,LGA,9976
42973039,LGA,8203
42973259,LGA,8208
42975689,LGA,7808
42871724,EWR,25813
42878514,LGA,13054
42880564,LGA,20413
42888442,LGA,12932
42670622,LGA,4773
42672172,LGA,14751
42981016,LGA,19643
42989102,LGA,13978
42989213,LGA,13800
42895670,JFK,21443
42913200,LGA,14665
42914015,EWR,21171
43289906,LGA,7027
42682391,LGA,14127
42682643,LGA,14273
42682747,LGA,14337
43061729,LGA,13572
43069280,LGA,15628
43077519,LGA,15411
42997858,LGA,10913
42999798,LGA,15191
43011293,LGA,16997
43012924,LGA,12240
43293457,LGA,15930
43303056,LGA,12179
43310098,LGA,15302
43310157,LGA,15106
43018237,LGA,10442
43096646,LGA,11413
43103808,LGA,10966
43104937,LGA,13300
43022519,LGA,4625
43032925,LGA,21572
43034172,LGA,12147
43123958,LGA,18427
43131502,LGA,16091
43132765,LGA,19180
43147403,LGA,25917
43310180,LGA,15040
43310275,LGA,15157
43310301,LGA,15167
43310986,LGA,15451
43311037,LGA,14938
43311186,LGA,15141
43311252,LGA,14922
43311287,LGA,15289
43311320,LGA,15114
43311409,LGA,15091
43038479,LGA,5950
43038779,LGA,6030
43042861,LGA,7006
43043180,LGA,16302
43043695,LGA,6053
43044085,LGA,7735
43044308,LGA,5224
43044458,LGA,5027
43315188,LGA,15135
43315235,LGA,14953
43315277,LGA,14924
43315319,LGA,15119
43315428,LGA,15450
43315528,LGA,15084
43315639,LGA,15415
43316108,LGA,15160
43317855,LGA,12325
43150520,LGA,4446
43152182,LGA,14997
43156881,LGA,13998
43161885,LGA,5272
43163186,LGA,14569
43054040,LGA,11486
43054170,LGA,13838
43336316,LGA,11355
43348178,LGA,12077
43354556,LGA,15443
43163750,LGA,14443
43170046,JFK,12506
43174785,LGA,18431
43174844,LGA,18314
43177809,LGA,14500
43185743,LGA,12542
43450191,LGA,5175
43451168,LGA,14129
43357020,LGA,17576
43357084,LGA,12352
43358518,JFK,18141
43364918,LGA,12383
43451371,LGA,17078
43197566,EWR,23938
43203702,LGA,13859
43211440,LGA,19793
43211533,LGA,19798
43211635,LGA,19801
43211802,LGA,19821
43213162,LGA,15658
43218562,LGA,18715
43220447,LGA,15320
43458250,LGA,12438
43468359,LGA,13266
43366411,LGA,8568
43371304,LGA,21725
43375941,LGA,4955
43376016,LGA,4886
43379017,LGA,9857
43379173,JFK,17636
43470278,JFK,8013
43477321,LGA,15208
43221088,LGA,15767
43230953,LGA,13944
43239496,LGA,11997
43247671,LGA,15162
43251184,LGA,18356
43251246,LGA,17958
43251356,LGA,18445
43251455,LGA,18339
43495869,JFK,8521
43381880,LGA,24020
43381881,LGA,24238
43387363,LGA,13118
43388055,LGA,18405
43497073,JFK,25898
43497107,LGA,16378
43498379,LGA,19135
43498999,LGA,14207
43251517,LGA,18084
43251669,LGA,18660
43251732,LGA,18136
43255573,LGA,9235
43259385,LGA,11617
43266587,LGA,14898
43267312,LGA,15110
43414885,LGA,16189
43499730,LGA,11687
43509173,LGA,19009
43518331,JFK,6536
43526370,JFK,15079
43530040,LGA,19233
43267372,LGA,15446
43268186,LGA,15448
43268369,LGA,15093
43268744,LGA,14903
43270798,LGA,15148
43271004,LGA,14924
43420963,LGA,15707
43421180,LGA,14423
43431973,LGA,14959
43433217,LGA,17433
43537431,LGA,15975
43547014,LGA,15677
43547204,LGA,15672
43725737,LGA,14399
43731306,LGA,13749
43553341,LGA,14816
43275029,LGA,4814
43275110,LGA,15261
43278897,LGA,6805
43986924,LGA,14993
43993168,LGA,22326
43997163,JFK,16978
43558653,JFK,9255
43595974,LGA,13063
43605445,EWR,22320
43742522,JFK,6665
43744465,LGA,19419
43747226,JFK,10730
43749311,LGA,13905
43751271,LGA,15504
44004162,LGA,12123
44012173,LGA,2999
44012767,LGA,12695
44014632,LGA,5953
44014809,LGA,12669
43611951,LGA,11177
43612639,LGA,7111
43615808,LGA,15073
43626965,LGA,17409
43770316,LGA,19416
43778304,LGA,19372
43785452,LGA,12203
44020205,LGA,10830
44033325,LGA,13850
44033794,LGA,13816
44035515,LGA,13258
44035724,LGA,14248
43652025,LGA,12096
43656521,LGA,17471
43788419,LGA,11446
43803118,JFK,25649
43806406,LGA,5140
43806992,LGA,4986
44040169,LGA,12726
44040868,LGA,18594
44048372,LGA,19671
44049457,LGA,14938
44059834,JFK,16512
44072324,LGA,15523
43667745,LGA,14552
43669374,LGA,13966
43688142,LGA,14426
43814549,LGA,15309
43817473,LGA,5007
43820337,LGA,4879
43820586,LGA,5200
43821239,LGA,16654
43831018,LGA,16891
43834804,LGA,11435
43701555,LGA,12222
44101621,LGA,16087
44102245,LGA,12436
44139096,LGA,16390
44149100,LGA,15534
43703359,LGA,13623
43714286,LGA,13048
43715460,LGA,14578
44350115,LGA,14916
44353711,LGA,4425
44164449,LGA,12956
44166880,LGA,13011
44183108,LGA,13279
44355095,LGA,16454
43844044,LGA,14257
43846580,LGA,2111
43847085,LGA,14500
43848101,LGA,7409
43856156,JFK,8256
43869863,JFK,18872
44377502,LGA,14860
44378348,LGA,10296
44189059,LGA,17660
44189839,LGA,13296
44191733,EWR,24000
44197064,LGA,20845
44211352,LGA,14286
43871113,LGA,22458
43878655,LGA,4777
43878868,LGA,12325
43888356,LGA,12996
43894383,LGA,13920
43895124,LGA,14195
44384403,LGA,11884
44393462,LGA,17097
44397304,LGA,24708
44248261,LGA,2669
44249049,EWR,24887
44251069,EWR,24510
44261110,LGA,14729
44261171,LGA,12996
44261202,LGA,17458
44402774,LGA,21464
43909885,LGA,14166
43928714,LGA,12641
43929087,LGA,13662
43937175,LGA,23780
44408295,JFK,11033
44415969,EWR,25054
44416142,LGA,16471
44432970,LGA,1361
43946617,JFK,9511
43947562,LGA,13559
43956795,LGA,22522
43957282,LGA,14445
43961545,JFK,11481
43969564,LGA,12026
44262107,LGA,13474
44277610,LGA,12297
44281187,LGA,14083
44282642,LGA,18625
44283460,EWR,25069
44288421,LGA,12385
44289364,LGA,14752
44303056,LGA,15995
44303641,LGA,16172
44440915,LGA,12544
44461963,LGA,15198
44466661,LGA,14259
44320456,LGA,14422
44320572,LGA,15126
44321572,LGA,13037
44321778,LGA,6210
44324396,LGA,11698
44340470,LGA,8913
45187777,LGA,18332
45189535,LGA,15292
43986314,LGA,2941
44635187,JFK,11080
44642468,LGA,20806
44643892,LGA,16320
44648831,LGA,8361
44475635,LGA,15969
44475971,LGA,14781
44476787,LGA,15200
44477235,LGA,14193
44478978,JFK,5253
44662666,LGA,19452
44663787,LGA,14073
44699042,LGA,10827
44486696,LGA,15635
44496053,LGA,18608
45192635,LGA,10983
45203126,LGA,15340
45205118,JFK,12395
45214975,LGA,15412
45216874,LGA,16690
44503706,LGA,10159
44505444,LGA,16271
44506417,JFK,18175
44506958,LGA,13969
44699326,LGA,21081
44711827,LGA,15749
44722548,JFK,8996
44747618,LGA,14065
44748353,LGA,14913
44749327,LGA,13604
44749512,LGA,14947
44769471,LGA,10684
44521574,LGA,11446
45222805,LGA,5225
45224180,LGA,2953
45224909,LGA,14391
45235972,LGA,3088
44521731,LGA,11491
44531911,LGA,9692
44532028,LGA,21145
44798876,LGA,19508
44799074,LGA,19841
44802224,LGA,19376
44804027,LGA,10014
44866024,LGA,18634
44558113,LGA,13216
44560298,LGA,19413
44575875,LGA,12869
45253125,JFK,21634
45261830,LGA,14337
45261941,LGA,14100
45267941,LGA,16572
45268111,LGA,17804
45270114,LGA,13984
44580169,LGA,14235
44902498,LGA,18734
44917765,LGA,14897
44938771,LGA,22569
44975642,LGA,13367
44594337,LGA,14182
44595136,LGA,12120
45270317,LGA,14128
45270476,LGA,13887
45270796,LGA,12591
45275194,LGA,13180
45277434,LGA,14902
45277537,LGA,15439
45282181,LGA,6462
45286461,LGA,17956
44631028,JFK,10877
44631766,LGA,12703
44631955,LGA,14654
45000320,LGA,3898
45001256,LGA,14421
45045785,LGA,15291
45067068,JFK,18605
45427869,LGA,13432
45440460,LGA,16068
45448589,LGA,12603
45449265,LGA,14551
45287978,LGA,12731
45303002,LGA,19576
45318765,LGA,16587
45327468,LGA,15500
45330395,LGA,14901
45449294,LGA,14186
45449426,LGA,14453
45075405,LGA,16110
45075497,LGA,20724
45086065,LGA,12861
45089241,LGA,14054
45089745,LGA,5445
45457047,LGA,14885
45460506,JFK,24624
45463342,LGA,13229
45341673,LGA,17093
45344367,LGA,17093
45345628,LGA,17093
45349876,JFK,16989
45466241,LGA,12499
45091742,LGA,11779
45099567,LGA,11817
45103929,LGA,19024
45114711,LGA,15483
45469752,LGA,11886
45471095,LGA,10591
45472312,LGA,12943
45479645,LGA,14786
45480128,LGA,15149
45138225,LGA,11178
45138618,LGA,12660
45138735,LGA,15649
45139002,LGA,6731
45143239,LGA,14901
45151029,LGA,13469
45157580,LGA,13231
45350372,LGA,15321
45362333,LGA,8858
45366428,LGA,11882
45368990,JFK,11236
45480607,LGA,14255
45481225,LGA,15141
45481240,LGA,15226
45482929,LGA,12499
45483048,LGA,15176
45484811,LGA,16428
45492275,LGA,14770
45380846,LGA,12495
45384737,JFK,12984
45396954,LGA,13432
45398984,LGA,15588
45399393,LGA,20443
45407980,LGA,17430
45493732,EWR,25646
45408614,LGA,7893
45409765,LGA,13432
45412157,LGA,12027
45414303,LGA,13687
45418350,LGA,15499
45420463,LGA,13432
45503836,JFK,10315
45164113,LGA,16890
45176673,LGA,15534
45599852,LGA,5029
45602209,LGA,3373
45609365,JFK,7662
45609412,LGA,12917
45505206,LGA,15153
45506170,LGA,12656
45527090,LGA,19116
45527936,LGA,18982
45623054,LGA,22379
45626554,LGA,20720
45634265,LGA,19862
45656925,LGA,11373
45425730,JFK,7641
45768094,LGA,14434
45775472,LGA,5420
45781965,LGA,14311
45783139,LGA,14148
45783587,EWR,35797
45783672,LGA,22267
45530370,LGA,19657
45530652,LGA,13259
45530663,LGA,13095
45530812,LGA,12884
45671894,LGA,11293
45673594,LGA,7005
45673803,LGA,13241
45530831,LGA,12841
45530901,LGA,12891
45530938,LGA,14436
45530985,LGA,14242
45797302,LGA,5172
45801851,JFK,24020
45809231,LGA,6161
45813469,JFK,26543
45815060,LGA,16747
45531339,LGA,13620
45531530,LGA,22946
45532748,LGA,13321
45682803,LGA,16448
45686011,LGA,14409
45687094,LGA,11921
45688536,LGA,20438
45688889,LGA,20642
45543400,JFK,18849
45547297,LGA,15631
45557629,LGA,12962
45689161,LGA,15794
45689199,LGA,13678
45689225,LGA,13945
45689293,LGA,13629
45690330,EWR,30790
45691383,LGA,14860
45829645,LGA,22394
45830845,LGA,14135
45834849,LGA,1727
45844343,LGA,17300
45846335,LGA,12887
45847112,LGA,15257
45850493,LGA,24565
45558214,JFK,21534
45561535,LGA,14180
45578810,LGA,16642
45578986,LGA,13032
45579953,LGA,14060
45579970,LGA,14112
45579985,LGA,14016
45580965,JFK,11104
45851431,LGA,3089
45860553,LGA,21298
45863833,LGA,14038
45865497,LGA,25848
45866168,LGA,26115
45878126,LGA,13371
45694688,LGA,13226
45697372,LGA,14966
45697674,LGA,20553
45697850,LGA,14956
45698750,LGA,20520
45699931,LGA,16369
45701998,LGA,19611
45705785,LGA,24748
45581221,LGA,14407
45581228,LGA,14651
45581273,LGA,12916
45581450,LGA,12640
45581457,LGA,12879
45581475,LGA,13403
45884646,LGA,10885
45894834,LGA,14038
45896593,LGA,20282
45591853,LGA,15069
45720236,LGA,10766
45721454,LGA,13944
45722884,LGA,14724
45723636,LGA,7565
45595551,LGA,14076
45595732,LGA,15188
45595850,LGA,14888
45595993,LGA,14948
45988097,LGA,6808
45990473,LGA,13216
45727008,LGA,11169
45733243,LGA,13602
45738048,LGA,15157
45738105,LGA,23363
45741437,LGA,19989
45897458,EWR,24909
45903786,LGA,11661
45906774,LGA,14996
45908302,LGA,12710
45909943,LGA,15267
45995828,LGA,16219
46006123,LGA,22704
46006972,LGA,14038
46007228,LGA,11607
45742729,LGA,11706
45747355,LGA,15144
45748772,JFK,16486
45750107,LGA,12936
45750319,LGA,13229
45752036,LGA,15152
45752068,LGA,13342
46025711,LGA,14947
45913437,JFK,6634
45914075,LGA,10797
45918592,LGA,16201
45919566,LGA,14802
45922753,LGA,11880
45926800,LGA,24363
45927831,JFK,8300
45930596,LGA,11050
45752087,LGA,10562
45752267,LGA,15428
45754166,JFK,10723
45754690,LGA,10736
45767847,LGA,14299
45767870,LGA,14171
46047742,LGA,11578
45933728,LGA,13578
45934464,LGA,14313
45943671,LGA,16254
45951602,LGA,3311
45952953,LGA,14038
45953196,LGA,14038
45954683,LGA,14038
45955183,LGA,21844
46054095,LGA,15000
45767904,LGA,14800
45767958,LGA,14414
45767972,LGA,13419
46193644,LGA,12802
46193714,LGA,13370
46194587,LGA,19758
46062116,LGA,12574
46067261,LGA,10659
45957861,LGA,7830
45969792,LGA,18056
45972391,JFK,12189
45976871,LGA,12388
46077274,LGA,16878
46195194,LGA,13008
46195333,LGA,12802
46195400,LGA,13402
46195854,LGA,13468
46202555,LGA,17363
46211796,LGA,14403
46088307,LGA,18584
45985395,LGA,12258
46381862,LGA,5402
46382691,LGA,15039
46393855,LGA,12341
46397667,LGA,16954
46102949,LGA,13887
46108000,LGA,16066
46212641,LGA,22014
46212643,LGA,22789
46214998,LGA,2986
46236500,LGA,16859
46237688,LGA,15012
46241495,LGA,15499
46241504,LGA,15585
46113778,LGA,14403
46401930,LGA,12244
46402076,LGA,12202
46414174,LGA,22344
46414339,LGA,11871
46415269,LGA,11416
46415505,LGA,13766
46417510,LGA,19372
46113799,LGA,14403
46113818,LGA,14403
46113841,LGA,14403
46115154,LGA,16016
46115358,LGA,12882
46115871,LGA,9852
46419119,LGA,15255
46419316,LGA,14181
46430844,LGA,12877
46432272,LGA,14958
46246632,LGA,11706
46262041,LGA,14972
46270554,LGA,13493
46275383,LGA,16073
46119792,LGA,14038
46120125,LGA,14038
46120337,LGA,14038
46127578,LGA,13408
46137867,JFK,25171
46278185,LGA,13917
46279853,LGA,15162
46280185,LGA,8582
46280898,LGA,18940
46143578,LGA,12356
46432776,LGA,14126
46435388,LGA,11596
46436269,EWR,25489
46436583,LGA,13956
46438870,LGA,20362
46444812,LGA,11935
46449888,LGA,12840
46450521,LGA,13213
46154815,LGA,3889
46314128,JFK,18554
46318416,LGA,15007
46319642,LGA,14833
46458377,LGA,20192
46461933,LGA,14724
46468503,LGA,8210
46470574,LGA,1805
46474689,LGA,14061
46480002,LGA,12996
46159103,LGA,25467
46160422,LGA,20522
46161668,LGA,21049
46169958,EWR,34137
46326722,LGA,14462
46326832,LGA,14036
46326889,LGA,14413
46326912,LGA,15249
46326981,LGA,14353
46327032,LGA,14373
46171697,LGA,16431
46480127,LGA,12996
46480144,LGA,12996
46480260,LGA,12996
46498576,LGA,12996
46179119,LGA,10913
46186886,LGA,13301
46192932,LGA,12802
46193134,LGA,12802
46193211,LGA,12802
46330099,LGA,13216
46330338,LGA,13253
46332804,LGA,12954
46334036,LGA,25405
46334141,LGA,14044
46193296,LGA,12802
46502639,JFK,13286
46510119,LGA,11505
46510270,EWR,22597
46527677,LGA,15108
46193401,LGA,12802
46193536,LGA,12802
46548617,EWR,20489
46535498,LGA,14341
46540733,LGA,15485
46540786,LGA,14862
46335178,LGA,12904
46336893,LGA,17566
46336910,LGA,13034
46350355,JFK,6418
46354423,LGA,14846
46354444,LGA,14936
46565079,LGA,11831
46566048,LGA,19403
46542631,LGA,15485
46542654,LGA,15485
46542773,LGA,12870
46601386,LGA,9622
46355720,LGA,6167
46356028,JFK,9894
46357397,LGA,15407
46375709,LGA,12976
46544231,LGA,13038
46546450,LGA,10454
46546926,LGA,14136
47000799,LGA,10758
46610764,LGA,15497
46640630,JFK,15466
46640912,LGA,13769
46787572,LGA,13405
46787942,LGA,13040
46788013,LGA,13378
46788207,LGA,13249
46788335,LGA,13289
46788551,LGA,12948
46788667,LGA,13335
46788718,LGA,12680
46644584,LGA,13671
46645146,LGA,14203
46646140,LGA,13194
47001322,LGA,11502
47009616,EWR,24585
47012155,LGA,11819
47023758,LGA,12930
47026093,LGA,11081
47031259,LGA,18835
46788841,LGA,13444
46788955,LGA,12610
46791050,LGA,12386
46791082,LGA,16087
46797479,LGA,14076
46667674,LGA,14463
46667694,LGA,14463
46667739,LGA,14463
46669233,LGA,16779
46671693,LGA,10538
47042470,LGA,20768
47042494,LGA,20768
47042517,LGA,20768
47044684,JFK,14645
47045396,LGA,15424
46672848,LGA,14789
46797938,LGA,12805
46798669,LGA,14144
46677269,LGA,13370
46689847,LGA,2104
47047419,LGA,13182
47048969,LGA,16087
47050312,LGA,16086
47050614,LGA,16087
47052682,LGA,14443
47052694,LGA,14843
46695446,LGA,19301
46705156,LGA,19491
46706175,LGA,12856
46833665,LGA,12661
46848948,LGA,14035
46851568,LGA,18425
46852193,JFK,25798
46854989,LGA,9516
46868917,LGA,12668
46873173,LGA,11758
46706771,LGA,14209
46712287,LGA,11666
47052701,LGA,22236
47052736,LGA,14456
47052885,LGA,12789
47052953,LGA,14553
47052971,LGA,14280
46715472,LGA,13170
46720587,LGA,14463
46881502,LGA,11690
46887704,LGA,15497
46887738,LGA,13698
46891080,LGA,7422
46892479,LGA,14170
46892658,LGA,14832
46725288,LGA,13216
46725493,LGA,13216
46727329,LGA,12684
46729395,LGA,12756
47076840,LGA,12499
47077578,LGA,12714
47078080,LGA,28261
47080388,EWR,24755
47097490,LGA,12785
47098575,LGA,15297
46729545,LGA,12788
46729678,LGA,12507
46894179,LGA,13738
46895055,LGA,13565
46895868,LGA,13705
46899354,LGA,12927
46900455,LGA,15448
46729892,LGA,12723
46729966,LGA,12505
47100985,JFK,14788
47101612,LGA,16565
47101625,LGA,16397
47106347,LGA,15695
47115606,LGA,12796
47120135,LGA,1964
46732594,LGA,24029
46737044,LGA,7070
46902179,LGA,13990
46913873,LGA,11230
46923243,LGA,10278
46926058,LGA,13287
46929299,JFK,26921
46943882,JFK,18453
46944839,LGA,11936
46737074,LGA,6816
46746791,LGA,15745
46751044,LGA,14111
46753919,LGA,12655
47141317,JFK,18307
47142595,LGA,15197
47152307,JFK,25505
47159537,LGA,12169
47162719,LGA,15033
47169578,LGA,13698
47169602,LGA,13698
46757310,LGA,15466
46971592,LGA,3408
46972585,LGA,12476
46973548,LGA,4360
46768272,LGA,14958
46773212,LGA,7237
47173334,JFK,18453
47175997,LGA,16401
47177315,LGA,15612
47179845,LGA,14382
47181087,LGA,21834
47181609,LGA,21937
47230196,LGA,16651
47239416,LGA,17380
47243424,JFK,6217
47250386,EWR,24742
47250831,EWR,24452
46987549,LGA,20182
46991303,EWR,19798
46992098,LGA,9952
46992656,LGA,13694
46999617,LGA,14440
47493324,LGA,14098
47496129,LGA,11526
47258482,LGA,8243
47183756,JFK,8306
47197021,LGA,7341
47267003,LGA,14257
47269867,LGA,14623
47272247,LGA,15662
47206059,LGA,8384
47210401,LGA,13698
47210461,LGA,13698
47210471,LGA,16651
47214900,LGA,16651
47276861,LGA,10413
47510694,LGA,21076
47518840,LGA,21664
47277456,LGA,13282
47281460,LGA,10234
47286267,EWR,24463
47537276,LGA,12370
47547297,LGA,18531
47551230,LGA,12191
47553112,LGA,14172
47577248,JFK,21744
47581594,LGA,13582
47582768,LGA,13472
47292906,LGA,21075
47293776,LGA,6446
47219783,LGA,15223
47223694,LGA,16787
47226137,LGA,8147
47848650,EWR,24631
47848693,EWR,24376
47858654,EWR,25155
47866275,LGA,11351
47295606,LGA,3920
47584587,LGA,14115
47596692,LGA,14774
47703518,LGA,14105
47706983,LGA,13866
47716158,LGA,10168
47720387,LGA,23944
47728714,LGA,16237
47313887,LGA,13198
47315577,LGA,13009
47316061,LGA,9677
47869412,LGA,18699
47869588,LGA,14549
47870168,LGA,20009
47874401,LGA,15538
47729102,LGA,13935
47737131,LGA,11757
47316320,LGA,15249
47316506,JFK,15061
47333781,LGA,16087
47887785,LGA,14402
47889158,LGA,15557
47890017,LGA,14959
47892276,LGA,12869
47900810,LGA,25300
47337463,JFK,16529
47341575,LGA,11154
47761307,LGA,13902
47767712,LGA,3490
47770897,LGA,12428
47773433,JFK,23780
47774203,JFK,23926
47783273,JFK,16499
47348298,LGA,4786
47355990,EWR,24011
47356141,LGA,15278
47356150,LGA,15426
47904246,LGA,11307
47906957,LGA,21427
47907266,LGA,21086
47921311,LGA,10651
47924038,LGA,15075
47933628,LGA,14558
47783561,LGA,13662
47795106,LGA,16375
47803501,LGA,13075
47803519,LGA,11352
47359500,LGA,13640
47373382,LGA,4803
47373389,LGA,12727
47373597,LGA,12986
47938375,EWR,30855
47939524,LGA,21641
47942202,LGA,16577
47944133,LGA,12386
47964241,LGA,13956
47808900,JFK,8555
47812540,JFK,9932
47825830,LGA,21556
47395232,LGA,13880
47396746,LGA,14187
47397326,LGA,13895
47402779,EWR,25585
47410952,LGA,12987
47412929,EWR,32144
47967099,JFK,25325
47968256,LGA,16813
47968434,JFK,25230
47974913,LGA,14982
47974969,JFK,14480
47975799,LGA,12490
47977116,LGA,6097
47421830,LGA,11989
47443009,JFK,9728
47832229,LGA,21596
47832340,LGA,16476
47833551,LGA,2935
47841969,LGA,15553
47842721,LGA,15100
47844167,LGA,16432
47444016,LGA,17071
47448046,LGA,15899
47448127,LGA,16953
47449728,LGA,10827
47451852,JFK,10969
47977634,LGA,19075
47982995,LGA,12529
47990503,LGA,12445
47993937,LGA,13844
47467110,LGA,14355
47846567,LGA,22017
47846577,LGA,15292
48055938,LGA,14011
48062301,JFK,6457
47472308,LGA,13967
47486539,LGA,13659
48083343,LGA,18307
48089766,LGA,18054
48095346,LGA,22757
48100776,LGA,14203
48100962,LGA,16241
47994751,LGA,23240
47996191,LGA,14886
47996705,LGA,12869
48011354,LGA,4422
48016092,LGA,21515
48017619,LGA,24296
48024678,LGA,20742
48029069,LGA,11339
47486935,LGA,19567
48103930,LGA,15250
48104025,LGA,13901
48109162,JFK,17112
48110470,LGA,19883
48111149,JFK,18434
48030596,LGA,13878
48042018,LGA,10164
48045041,LGA,15172
48266114,LGA,18910
48266140,JFK,15547
48270362,JFK,7648
48279821,LGA,15948
48404504,LGA,13085
48416088,LGA,15563
48423570,LGA,14944
48111511,LGA,11205
48121041,LGA,14946
48124602,LGA,15604
48128688,LGA,12059
48282693,LGA,15025
48295887,LGA,16338
48130923,LGA,24011
48133291,LGA,11003
48133569,LGA,7335
48134826,LGA,15123
48134893,LGA,17917
48135717,LGA,14980
48137711,LGA,14473
48137872,LGA,12162
48427492,LGA,20918
48430489,JFK,11063
48440192,LGA,16604
48444133,LGA,9910
48300185,LGA,12066
48304015,LGA,15287
48316162,LGA,14567
48316241,LGA,15175
48139155,LGA,16216
48142110,LGA,22540
48143746,LGA,14911
48146527,LGA,16022
48316249,LGA,14157
48316258,LGA,15157
48316284,LGA,14061
48445362,LGA,16927
48449621,LGA,9802
48452927,LGA,16699
48456241,LGA,16437
48463531,LGA,5427
48463899,LGA,2975
48317954,LGA,14378
48318184,LGA,14235
48323889,LGA,18703
48326902,LGA,13493
48328710,LGA,14306
48331524,LGA,10871
48159314,LGA,21078
48168657,LGA,13727
48170918,JFK,10078
48181694,LGA,11740
48182954,LGA,15237
48470766,LGA,24837
48483049,LGA,14509
48489975,LGA,12163
48493122,LGA,14149
48503504,LGA,11056
48334556,LGA,12737
48341938,LGA,14522
48344749,LGA,14413
48344963,LGA,14248
48345047,LGA,14391
48345099,LGA,12877
48345227,LGA,14451
48214743,EWR,24659
48215693,JFK,9116
48216778,LGA,18808
48229606,LGA,22601
48230852,LGA,12824
48230897,LGA,16014
48345447,LGA,14222
48520815,LGA,21536
48527525,LGA,12427
48528952,LGA,12074
48559980,LGA,14542
48356312,LGA,13725
48357548,LGA,12085
48360362,LGA,3579
48231063,LGA,15762
48233657,LGA,13157
48247577,LGA,12786
48365708,LGA,20524
48367018,LGA,12402
48562814,LGA,14356
48562902,LGA,14147
48563315,LGA,14468
48566707,LGA,19916
48569389,LGA,14399
48585070,JFK,9174
48586222,LGA,13790
48367351,LGA,14068
48253767,LGA,4759
48255368,LGA,15171
48255427,LGA,15919
48257064,LGA,12038
48627687,LGA,14978
48380523,LGA,10929
48587319,LGA,13770
48587320,LGA,13656
48587324,LGA,13591
48587330,LGA,13716
48587331,LGA,13780
48587332,LGA,14310
48587333,LGA,14146
48382101,LGA,20826
48383636,LGA,11541
48383760,LGA,15601
48639298,JFK,5677
48654449,JFK,13087
48658249,LGA,15452
48658534,LGA,14576
48659103,JFK,14785
48661185,LGA,10772
48672660,LGA,16918
48587864,LGA,12594
48601052,LGA,12853
48601560,LGA,13119
48601706,LGA,13439
48601811,LGA,13111
48602128,LGA,13422
48602260,LGA,12816
48602318,LGA,13022
48602370,LGA,13113
48399663,LGA,14464
48402078,EWR,25478
48612262,LGA,25287
48867046,LGA,14633
48674402,LGA,12007
48674893,LGA,12877
48676981,LGA,16699
48679571,LGA,14230
48682927,LGA,16096
48871242,LGA,19561
48879282,LGA,15335
48886891,LGA,23692
48699809,LGA,3469
48707741,LGA,7891
48720514,LGA,13067
48731947,LGA,21704
49060074,LGA,20738
49072113,LGA,17631
49074308,LGA,13065
49074726,LGA,13360
49074929,LGA,14422
48920995,LGA,21964
48733636,LGA,14600
48735024,LGA,14911
48735040,LGA,14911
48735062,LGA,14911
48736649,LGA,6271
48921786,JFK,9694
48922519,LGA,15243
48933117,LGA,16052
48936915,LGA,13138
49077488,LGA,17828
49081266,LGA,14201
49088129,LGA,14520
49089324,LGA,14563
49089376,LGA,15406
49089414,LGA,15544
49089488,LGA,15179
49089500,LGA,15216
49089513,LGA,15562
48939444,LGA,7551
48940172,JFK,8584
48942624,LGA,13800
48740080,LGA,18776
48740096,LGA,15722
48741152,LGA,15728
48742328,LGA,17884
48752329,LGA,12992
48758785,EWR,26241
48758887,LGA,13094
48764611,LGA,12015
48767472,LGA,7780
49089574,LGA,14944
49089583,LGA,14595
49089593,LGA,14733
49089605,LGA,14575
49089633,LGA,15257
49089728,LGA,15497
49089734,LGA,14952
49089753,LGA,14980
49089760,LGA,14535
49089771,LGA,14570
48943038,LGA,19689
48943933,LGA,18778
48944147,LGA,18841
48955719,LGA,12916
48956711,LGA,13909
48959254,LGA,16630
49089796,LGA,14598
49089859,LGA,14558
49091621,LGA,12871
49092035,LGA,15168
49092042,LGA,12942
49092069,LGA,15466
48767648,LGA,12693
48768760,LGA,7686
48782140,LGA,18307
48783563,LGA,14308
48786590,JFK,20747
48787510,LGA,15348
48789001,LGA,21837
48959628,LGA,13933
48972837,LGA,14094
48978779,LGA,8095
48981222,LGA,18849
48982956,LGA,22236
48983218,LGA,21609
48802079,LGA,25699
48804279,LGA,18196
48805587,LGA,14298
48805600,LGA,14304
48807455,LGA,14351
48983715,LGA,21742
49092077,LGA,14498
49092089,LGA,14540
49092101,LGA,14619
49092125,LGA,15237
49094153,LGA,14542
49099507,LGA,15319
49111268,LGA,22630
48984579,LGA,21660
48989849,LGA,16012
48810846,LGA,16162
48811129,LGA,23218
48989915,LGA,21724
48992874,LGA,20503
48994025,LGA,11292
49113280,LGA,14493
49114251,LGA,19736
49115431,LGA,3826
49124533,LGA,14508
49124837,LGA,14307
49124976,LGA,14696
48996689,LGA,12199
48823509,LGA,14738
48825622,LGA,14077
48828204,LGA,14680
48845751,LGA,13209
48846698,JFK,14837
48848322,LGA,15668
48848698,LGA,15587
48848891,LGA,15585
48998267,LGA,22199
48998616,LGA,17548
49002584,JFK,11622
49003714,LGA,13490
49125584,LGA,12822
49125621,LGA,13265
49126425,LGA,13642
49126896,LGA,13089
49127236,LGA,15023
49132815,LGA,12790
49011831,LGA,15559
49013421,LGA,14388
48849201,LGA,15364
48860567,EWR,30330
49193889,LGA,21138
49199952,LGA,13091
49207819,LGA,3534
49208965,EWR,30959
49014923,LGA,18090
49016783,LGA,18857
49018761,LGA,13447
49019237,LGA,18606
49022805,LGA,8042
49024100,JFK,9895
49026948,LGA,6748
49211825,LGA,16391
49218440,LGA,15821
49225568,LGA,13950
49226616,LGA,12143
49228776,LGA,12858
49241398,LGA,12728
49136477,EWR,28227
49142923,LGA,21951
49145365,JFK,7814
49149598,LGA,11076
49152970,LGA,14446
49157025,LGA,15724
49157424,LGA,8714
49158456,LGA,15500
49029323,LGA,11915
49030865,JFK,24070
49039026,LGA,10563
49041803,LGA,13313
49042509,LGA,12976
49044299,LGA,12938
49159986,LGA,10928
49169710,LGA,17115
49172890,LGA,7667
49174756,LGA,17540
49175978,LGA,14506
49046539,LGA,14410
49046672,LGA,13707
49241564,LGA,13190
49243212,LGA,14439
49244215,LGA,14572
49245482,LGA,4594
49246673,LGA,14533
49247483,LGA,20692
49247694,LGA,17098
49054182,JFK,10247
49059730,LGA,14081
49177425,LGA,12878
49177819,LGA,19473
49179008,LGA,17395
49179068,LGA,15848
49190919,LGA,16437
49402750,LGA,13440
49249517,LGA,17791
49256890,LGA,12976
49258364,LGA,16475
49258856,LGA,13443
49259071,LGA,13694
49259253,LGA,13578
49612318,LGA,12968
49613696,EWR,24276
49617920,LGA,12664
49403099,LGA,15919
49404022,LGA,13703
49420553,LGA,6146
49421625,LGA,14445
49422746,LGA,14556
49627000,LGA,22736
49260138,LGA,12642
49270284,LGA,14435
49273047,LGA,21143
49274169,LGA,16498
49627248,LGA,22667
49629345,LGA,12214
49636298,LGA,14519
49638183,LGA,15364
49425803,LGA,15495
49426040,LGA,19568
49436100,LGA,14265
49441284,LGA,10457
49639535,LGA,6738
49286428,LGA,19846
49287294,LGA,13190
49288693,LGA,19714
49290383,LGA,12907
49294132,LGA,16085
49294534,LGA,15665
49645125,LGA,15443
49646649,LGA,16785
49648091,LGA,10393
49651889,LGA,14790
49652245,LGA,14462
49653467,LGA,13850
49299232,LGA,19730
49315958,LGA,18804
49316728,LGA,14505
49317436,LGA,14093
49319626,LGA,7930
49320836,JFK,11172
49322333,LGA,16042
49325044,LGA,15511
49442994,LGA,12992
49443360,LGA,23718
49447343,LGA,19341
49447624,JFK,11241
49447923,LGA,10079
49448292,LGA,14556
49451418,LGA,13827
49460071,LGA,13708
49658095,LGA,18594
49669315,LGA,5449
49684216,LGA,15956
49690753,LGA,15033
49690878,LGA,12577
49691549,JFK,17785
49462266,LGA,15535
49470050,LGA,14553
49470218,LGA,14263
49470374,LGA,14089
49475002,LGA,12501
49483226,LGA,18558
49328408,LGA,12725
49336931,LGA,12022
49341125,JFK,13905
49341459,LGA,14010
49341497,LGA,13993
49346114,LGA,3803
49346405,LGA,15228
49348879,JFK,7915
49692590,JFK,16102
49692782,LGA,18178
49693252,LGA,15116
49698767,LGA,14203
49350342,JFK,8202
49351323,LGA,13786
49364284,LGA,15513
49367371,LGA,14510
49377270,LGA,12989
49377278,LGA,12989
49701947,LGA,14556
49702148,LGA,14990
49702711,LGA,17307
49487853,LGA,18700
49491879,LGA,12501
49512718,LGA,14052
49524149,LGA,22381
49528207,LGA,18952
49705160,LGA,12869
49705923,LGA,14003
49707129,LGA,12442
49708212,LGA,13456
49378714,LGA,17063
49380403,LGA,16796
49384376,LGA,13761
49388478,LGA,14169
49391040,LGA,13755
49532423,LGA,10231
49533981,LGA,19251
49534641,LGA,14134
49535251,LGA,10972
49538059,LGA,18535
49713396,LGA,13677
49713996,LGA,18110
49716213,JFK,15413
49551756,LGA,19474
49563078,LGA,14827
49563531,LGA,13894
49730558,LGA,14952
49733510,LGA,12438
49809595,LGA,5551
49811796,JFK,10568
49813829,JFK,6843
49814851,JFK,10557
49815039,LGA,14719
49834604,LGA,10799
49835977,LGA,19105
49733992,LGA,11974
49734537,JFK,24381
49735553,LGA,13036
49738307,LGA,15772
49567184,LGA,11632
49568874,LGA,13971
49579941,LGA,13785
49584983,LGA,15338
49752230,LGA,7695
49752320,LGA,12639
49754187,LGA,11807
49840515,LGA,15406
49856007,LGA,12347
49860773,LGA,12311
49756756,LGA,11184
49767880,LGA,18137
49590996,LGA,12572
49591825,EWR,24534
49593677,LGA,15750
49596032,LGA,15761
49607441,LGA,17162
50032602,LGA,15335
49770362,JFK,9914
49770554,JFK,24243
49770573,LGA,13338
49771515,LGA,14479
49861555,JFK,11311
49863599,LGA,16630
49871065,LGA,13276
49872358,LGA,14142
49873851,EWR,24671
49877263,LGA,14804
49775120,LGA,10654
49776485,LGA,22491
49777208,JFK,15525
50034823,LGA,15256
50044566,LGA,15654
50045106,LGA,13332
50046726,LGA,12662
50047337,LGA,15479
50048410,JFK,25645
50051141,EWR,21531
50053083,JFK,8278
49779563,LGA,11026
49792300,LGA,15991
49792328,LGA,16472
49881509,LGA,10294
49895566,LGA,12609
49899440,LGA,7383
49901647,LGA,17391
49902236,LGA,12416
49906500,LGA,13211
50229513,LGA,8660
50054553,LGA,18608
50056629,EWR,25916
50060985,LGA,15064
50067437,LGA,14668
50070357,LGA,14447
50070650,LGA,12612
50084513,LGA,19658
50230523,LGA,10882
49910031,JFK,12750
49910561,LGA,14571
49916027,LGA,15112
49920227,LGA,12886
49921619,LGA,12836
49923953,LGA,12626
49926303,EWR,25616
49926780,LGA,25237
50231445,LGA,12279
50232312,LGA,11486
50240781,LGA,12149
50087383,LGA,15500
50102924,LGA,16545
50243854,LGA,19608
49927058,LGA,10070
49927153,LGA,8289
49931452,LGA,12517
49934233,LGA,12076
49938794,LGA,11601
49942554,LGA,14128
50245157,LGA,12540
50257676,JFK,18751
50260476,LGA,15610
49946463,LGA,15022
49949577,LGA,10818
49951454,LGA,12473
49951702,LGA,16101
49958366,LGA,16282
50273161,LGA,14180
50105157,LGA,19526
50105297,LGA,16049
50106057,JFK,9167
50114549,LGA,14209
50114718,LGA,11088
50115342,LGA,25098
50116921,LGA,12997
50126048,JFK,10048
50282803,LGA,11375
50287920,LGA,11906
50288333,LGA,14779
50288716,LGA,14261
50288808,LGA,10488
49964381,LGA,11785
49968296,LGA,17994
49978761,LGA,10602
49980221,EWR,24572
49980476,LGA,4509
49986878,JFK,16767
49987009,LGA,22761
49987096,LGA,15687
50291345,LGA,15516
50307683,LGA,13146
50309122,LGA,14599
50309369,LGA,12286
50132114,LGA,12791
50132200,LGA,12106
50133133,LGA,15702
50133389,LGA,15696
50133987,JFK,21471
50136462,LGA,5489
50145063,LGA,5642
50147460,LGA,14130
50310472,LGA,15276
50323999,JFK,17584
50325603,LGA,12696
50148604,LGA,13211
50152840,LGA,10291
50154380,LGA,15889
50154480,LGA,12612
50165885,LGA,15078
49996255,LGA,11489
50000106,LGA,14423
50001583,LGA,15577
50005702,LGA,15588
50012899,LGA,7309
50014718,LGA,13123
50017683,JFK,13466
50027063,LGA,13026
50335735,LGA,15332
50338291,LGA,14977
50348283,LGA,14646
50348687,JFK,17541
50350784,LGA,6850
50357364,LGA,14997
50421355,LGA,13548
50423127,JFK,13380
50427075,LGA,17613
50434100,JFK,25643
50437750,LGA,20779
50438495,LGA,13652
50169444,LGA,16393
50170583,LGA,17850
50172690,LGA,17408
50177212,LGA,2096
50181296,LGA,11704
50184806,LGA,24294
50197398,LGA,14166
50357770,EWR,36473
50357851,LGA,22443
50359042,LGA,12137
50361433,LGA,11446
50197603,LGA,13443
50210952,LGA,15853
50213868,LGA,10487
50363428,LGA,12064
50439191,LGA,10679
50439347,JFK,9538
50444487,LGA,13723
50444902,LGA,13819
50447076,JFK,23983
50448458,LGA,8128
50373097,LGA,10750
50373395,LGA,18336
50377243,LGA,13145
50379952,LGA,22200
50217850,LGA,15295
50218172,LGA,18125
50218259,LGA,14481
50229406,JFK,9391
50634330,LGA,15062
50634369,LGA,15108
50634986,LGA,14091
50380856,LGA,1363
50381056,LGA,19886
50454030,LGA,15754
50455183,LGA,18703
50464753,LGA,4602
50464835,LGA,4616
50467092,LGA,4041
50473264,LGA,13602
50475919,LGA,11182
50476420,LGA,12741
50480214,LGA,15915
50382110,LGA,15392
50394984,LGA,15533
50398446,LGA,15765
50403442,LGA,12960
50403831,EWR,35632
50636537,LGA,14211
50637542,JFK,11584
50638762,JFK,22296
50639364,JFK,5979
50640505,LGA,14871
50643073,LGA,12018
50643599,LGA,3451
50488088,LGA,13938
50490000,JFK,23724
50490073,LGA,13558
50490369,LGA,14200
50496178,LGA,22184
50497636,LGA,22888
50403963,LGA,13124
50408339,LGA,11174
50416793,LGA,14424
50416941,LGA,16455
50654283,LGA,18609
50654386,LGA,10529
50657075,LGA,16242
50657826,JFK,12172
50526392,LGA,3287
50535149,LGA,14969
50535731,LGA,13287
50540716,JFK,11466
50788937,LGA,13295
50793014,LGA,15346
50793849,EWR,36367
50661588,LGA,17307
50669306,LGA,15481
50672817,JFK,24574
50673172,LGA,15226
50675195,LGA,15516
50679257,LGA,13175
50681515,EWR,37509
50795444,LGA,15298
50545664,JFK,15697
50546202,LGA,15702
50547429,LGA,12616
50549001,LGA,12284
50550783,LGA,11218
50551102,LGA,11783
50795818,LGA,23571
50797765,LGA,18575
50802956,LGA,10940
50806836,LGA,25406
50807495,LGA,14239
50684236,LGA,22983
50685019,LGA,21732
50685274,LGA,22853
50687637,LGA,10817
50692596,LGA,13437
50697485,LGA,11722
50698344,LGA,13946
50698997,LGA,19982
50552044,LGA,11409
50552494,LGA,10963
50552681,LGA,11140
50552859,LGA,10977
50554478,LGA,29757
50564872,LGA,13091
50808284,LGA,14413
50809342,LGA,11868
50813895,LGA,9905
50822826,LGA,24563
50826322,LGA,14797
50831816,LGA,9143
50699494,JFK,4690
50701850,LGA,14775
50702408,LGA,14787
50702550,LGA,14787
50704666,LGA,19875
50706815,LGA,14795
50706878,LGA,3780
50707891,LGA,14180
50568691,LGA,13687
50574468,LGA,10336
50575615,JFK,8578
50583386,LGA,22108
50586925,LGA,3098
50588332,LGA,20085
50593578,LGA,14733
50593873,LGA,15310
50594529,JFK,16502
50595710,LGA,5344
50596016,LGA,10430
50831853,LGA,6885
50833394,LGA,19540
50840675,LGA,19900
50844104,LGA,23768
50850599,LGA,14972
50851753,LGA,4363
50614701,LGA,14819
50619651,LGA,14787
50622095,LGA,15346
50623654,LGA,12925
50634288,LGA,14971
51001407,JFK,6586
50709185,LGA,25275
50710947,LGA,12637
50720125,JFK,9839
50724280,LGA,13716
50728845,LGA,12479
50729758,JFK,16206
50731544,LGA,14469
50853546,JFK,9620
50854532,LGA,15516
50862774,LGA,25654
50866798,LGA,11764
50740601,LGA,14317
50743177,LGA,12072
50744270,LGA,14178
50744441,LGA,13800
50745200,JFK,24487
50749649,LGA,11417
51001908,LGA,12376
51001957,LGA,8700
51003836,LGA,10214
51008529,LGA,14334
51008582,LGA,13332
51013625,LGA,13250
50871220,LGA,14844
50873910,LGA,15148
50874018,LGA,14542
50755431,LGA,15947
50755857,LGA,11582
50762178,LGA,13207
50764841,LGA,30473
50769055,LGA,14525
50874085,LGA,18536
51014536,LGA,12877
51019131,LGA,14787
51023350,LGA,15372
51023989,LGA,11141
51023991,LGA,11307
51024266,LGA,15938
51025107,LGA,21366
50875290,LGA,7269
50875520,LGA,23709
50877802,LGA,12786
50879115,LGA,11767
50769070,LGA,14276
50775933,LGA,14187
50778696,LGA,15894
50782009,EWR,32531
51227641,LGA,12590
51228351,LGA,13262
50888320,LGA,15320
50890282,LGA,18237
51035025,LGA,21501
51037782,LGA,14856
51040846,LGA,11859
51042544,EWR,31933
51045369,LGA,15684
51058734,LGA,14556
51059180,LGA,13692
50892818,JFK,15149
50897694,LGA,14669
50898831,LGA,15880
50899124,LGA,15757
51230660,LGA,14681
51232872,LGA,3632
51233737,LGA,14911
51235989,LGA,14595
51241506,LGA,13654
51243376,LGA,22544
51246356,LGA,13757
51248654,LGA,18645
50900377,LGA,19017
51059798,LGA,13469
51061698,LGA,20392
51064101,LGA,22410
51064493,LGA,10291
51068516,LGA,18101
50912283,LGA,16778
50913395,LGA,14534
50918485,LGA,18741
50921324,LGA,11929
50925457,LGA,12232
51081964,LGA,16476
51083869,LGA,21617
51101034,LGA,16084
51109929,JFK,18325
51119388,LGA,5732
51121141,LGA,14111
51251317,LGA,10310
51257815,LGA,15959
51260918,LGA,12980
51262232,LGA,11361
51262978,LGA,15203
51263392,EWR,24466
51265152,LGA,20735
51265207,LGA,15075
50925570,LGA,15297
50942618,LGA,15638
51265906,LGA,15690
51267133,LGA,3571
50943154,LGA,8590
51143643,LGA,15063
51143675,LGA,23963
51145379,LGA,10304
51149917,LGA,11944
51150521,LGA,13187
50953084,LGA,15246
50957892,LGA,10817
50958541,LGA,13959
50961550,LGA,11528
50971404,LGA,17880
50975371,JFK,7791
51165082,LGA,12675
51166991,LGA,13469
51169564,LGA,12508
51174632,EWR,19266
51175460,LGA,13553
51175938,EWR,20303
51176539,LGA,19033
51279306,LGA,11640
51279896,LGA,11267
51281056,LGA,13183
51283129,LGA,13550
51286547,LGA,25532
51290734,LGA,8605
50977430,LGA,15142
50982593,LGA,15078
50982601,LGA,13484
50991222,LGA,21119
50992996,LGA,11839
51305818,LGA,24873
51306036,LGA,12869
51307052,LGA,19163
51321125,LGA,18152
51321191,LGA,11657
51327110,LGA,15639
50994682,LGA,18916
50998578,LGA,19166
51000097,LGA,15751
51195082,JFK,17914
51195659,LGA,15415
51196272,LGA,15675
51196476,LGA,14958
51197475,LGA,2455
51198851,LGA,17430
51205263,LGA,2275
51421349,LGA,9620
51345893,EWR,16588
51346279,LGA,13408
51350836,LGA,11573
51356492,LGA,13695
51429497,LGA,8891
51434147,LGA,13263
51439915,LGA,16149
51441187,JFK,5536
51205592,LGA,10118
51211344,LGA,22149
51212669,LGA,15717
51215712,LGA,21069
51226268,LGA,10334
51444991,LGA,16387
51445783,LGA,17293
51447515,LGA,13440
51449212,LGA,23951
51357616,LGA,1855
51358202,LGA,22475
51361023,LGA,12039
51363890,EWR,24296
51364003,LGA,20518
51367149,LGA,15613
51383927,LGA,13629
51386433,JFK,11029
51387550,LGA,11753
51450548,LGA,20265
51623333,LGA,22066
51636415,JFK,11292
51637875,LGA,15501
51639195,LGA,23191
51639443,LGA,21689
51639873,LGA,15034
51640258,LGA,21491
51451368,LGA,13468
51454723,EWR,31341
51455566,LGA,11238
51455941,LGA,11325
51455950,LGA,11702
51461593,LGA,17106
51387723,LGA,24276
51389174,JFK,6447
51391054,LGA,8261
51391555,LGA,24820
51402678,LGA,11182
51407096,EWR,24694
51464250,JFK,9668
51465312,LGA,11301
51466826,LGA,23015
51467306,EWR,31302
51653479,LGA,20697
51662471,LGA,14988
51664307,LGA,13455
51664813,LGA,22268
51667245,LGA,22253
51670402,LGA,25409
51670813,LGA,15501
51470664,LGA,6017
51471374,LGA,11040
51471445,LGA,12766
51411254,LGA,14957
51411625,LGA,2088
51782007,LGA,15027
51783037,EWR,36222
51789106,LGA,14623
51791648,LGA,12272
51791962,LGA,12009
51482510,LGA,13328
51483825,LGA,12579
51485535,LGA,11735
51486881,LGA,20662
51487553,LGA,11405
51493315,LGA,11909
51670947,LGA,15501
51680457,LGA,20296
51682883,LGA,14720
51684534,LGA,15554
51685104,JFK,24164
51685477,LGA,21927
51691170,JFK,18219
51699905,LGA,12599
51494382,LGA,12379
51498194,LGA,15947
51503294,LGA,13443
51792172,LGA,12202
51793102,JFK,9040
51796945,LGA,13765
51799070,LGA,14581
51804543,JFK,15386
51804585,EWR,18380
51818793,LGA,21752
51825274,LGA,14874
51826933,LGA,12755
51702923,LGA,11937
51704149,LGA,12877
51709109,LGA,17422
51507287,LGA,16079
51509581,LGA,16056
51517634,LGA,15246
51519926,LGA,18925
51714960,LGA,12462
51715178,LGA,12462
51715205,LGA,12239
51720274,LGA,12501
51721119,LGA,12599
51721133,LGA,12501
51519947,LGA,23835
51826952,LGA,14549
51827299,LGA,1150
51828187,LGA,3927
51836707,LGA,12969
51839530,LGA,15900
51840664,LGA,12921
51862472,LGA,14291
51863390,LGA,7371
51522141,LGA,13725
51534246,LGA,13577
51534404,LGA,4723
51538601,LGA,14304
51539646,LGA,13410
51542838,LGA,6848
51866726,LGA,15786
51868126,LGA,11937
51868685,LGA,9508
51868745,LGA,9456
51868809,LGA,9401
51870855,LGA,15351
51724883,LGA,15649
51725222,LGA,15649
51726180,LGA,11763
51726376,LGA,7721
51727396,LGA,13563
51560696,LGA,14258
51561670,LGA,14883
51565221,JFK,6522
51888947,LGA,8940
51888990,LGA,9394
51889016,LGA,9508
51570734,LGA,15439
51734038,LGA,7493
51735848,LGA,12813
51740604,LGA,12232
51740739,LGA,13190
51742352,LGA,7060
51744329,JFK,15125
51745454,LGA,12580
51575637,LGA,12840
51580102,LGA,11436
51582710,LGA,13443
51889577,LGA,9489
51889674,LGA,9147
51905886,LGA,16976
51585959,EWR,15805
51592852,LGA,15061
51753768,LGA,14738
51755775,LGA,20760
51762694,LGA,19857
51764436,LGA,15436
51764485,LGA,18970
51765447,LGA,19994
51603968,LGA,13831
51608080,LGA,21195
51608497,EWR,15948
51610857,LGA,12599
51768775,LGA,21205
51772649,LGA,14084
51774310,JFK,25543
51613018,LGA,13021
51614134,JFK,15737
51907134,LGA,14816
51907246,LGA,15018
51907281,LGA,14792
51907377,LGA,15018
51913352,LGA,14596
51915213,JFK,11038
51917088,LGA,19180
51917224,LGA,13380
51615709,LGA,15694
51619252,JFK,24803
51619634,LGA,15135
51619751,JFK,21976
51620955,LGA,17506
51621362,LGA,18741
51621583,LGA,14551
51777608,LGA,29404
51781289,LGA,12211
51961227,LGA,14291
51977461,LGA,18560
51978202,JFK,13293
51621590,LGA,17515
51621735,LGA,17398
51621907,LGA,16628
51622613,LGA,15288
51920836,LGA,25363
51927775,LGA,7271
51927795,LGA,14122
51929057,LGA,13880
51933590,LGA,17251
51934249,LGA,15179
51939606,LGA,16667
51940555,LGA,14265
51622736,LGA,15434
52169355,LGA,6487
52169754,LGA,16459
51980527,JFK,23272
51980770,LGA,11121
51980852,JFK,18446
51985589,LGA,10193
51986202,LGA,10341
51987241,LGA,15553
51987334,JFK,20025
52169805,LGA,15798
51945222,LGA,14821
51945257,JFK,18530
51948208,LGA,2240
51950079,LGA,12172
51955482,LGA,10856
51956352,LGA,8132
52169886,LGA,16682
52170063,LGA,15865
52170623,LGA,15249
52172527,LGA,15018
52172540,LGA,15018
52172548,LGA,15018
51957818,LGA,6694
51960731,JFK,14477
52354591,LGA,2304
52360862,JFK,13851
52365494,LGA,10856
52365660,LGA,26417
52366169,LGA,22378
52001672,LGA,14820
52002141,LGA,13650
52009700,LGA,15018
52011240,LGA,2823
52013393,JFK,6470
52019272,LGA,15254
52021432,LGA,15879
52025707,LGA,15557
52184522,LGA,15061
52188420,LGA,14375
52367339,JFK,13822
52367668,LGA,11222
52368136,JFK,13648
52368832,JFK,13790
52368962,LGA,17006
52369054,JFK,13822
52372037,LGA,16966
52372247,LGA,11607
52190454,LGA,18967
52191839,LGA,28938
52194261,LGA,8005
52026028,LGA,16629
52031750,LGA,15765
52039176,LGA,15552
52041617,LGA,15674
52059533,LGA,20566
52060325,LGA,16933
52062263,LGA,13994
52209121,JFK,10785
52211971,LGA,14711
52219116,JFK,10130
52219943,LGA,13670
52062993,LGA,14000
52075215,LGA,10338
52075647,LGA,13989
52076178,LGA,9992
52084225,LGA,12907
52085221,LGA,14946
52380858,JFK,15339
52381790,LGA,4430
52382837,LGA,11371
52384047,LGA,11185
52388002,LGA,12391
52389360,LGA,10383
52221919,LGA,12572
52223600,LGA,14082
52226410,LGA,15790
52229417,LGA,15061
52231166,LGA,15061
52231615,LGA,14943
52233258,LGA,13024
52399609,LGA,13519
52399899,LGA,14148
52404588,LGA,7557
52405277,LGA,19093
52407383,LGA,16194
52235688,LGA,15391
52240531,LGA,14891
52089998,LGA,19876
52095695,LGA,13678
52101440,LGA,14051
52102524,LGA,15542
52105294,LGA,19651
52105349,JFK,7281
52107496,LGA,13324
52109956,LGA,16796
52110070,JFK,8164
52246989,LGA,10844
52251326,LGA,13418
52408941,JFK,17723
52411201,LGA,13620
52417096,LGA,14166
52417197,LGA,23790
52418045,LGA,10742
52419044,LGA,9042
52421812,LGA,22897
52253807,LGA,16908
52258307,LGA,12444
52110071,LGA,11535
52114771,LGA,13600
52125718,LGA,15380
52126679,LGA,22521
52128548,LGA,11904
52128553,LGA,19636
52128775,LGA,20817
52131795,LGA,10376
52132742,EWR,30352
52262568,LGA,15039
52267290,LGA,30210
52267684,LGA,13762
52426248,LGA,24456
52427297,JFK,14992
52427990,LGA,10516
52435248,LGA,13216
52440958,LGA,12357
52441335,LGA,17955
52443892,LGA,5526
52444758,LGA,13657
52451077,LGA,18383
52271041,LGA,12874
52280572,JFK,5754
52281259,LGA,13097
52283472,LGA,10806
52283675,LGA,13463
52142843,LGA,20547
52143943,LGA,15767
52145241,LGA,22316
52149565,LGA,15138
52153731,LGA,15436
52154854,EWR,26107
52286333,LGA,11306
52286422,JFK,9296
52288075,LGA,21076
52451281,LGA,17574
52455685,LGA,23376
52459126,LGA,6726
52466688,LGA,16680
52471756,EWR,23975
52472350,EWR,20221
52476530,EWR,36216
52481960,LGA,12873
52300094,LGA,19479
52162163,LGA,15061
52163880,LGA,25586
52164877,LGA,9018
52164915,LGA,14562
52165147,LGA,15447
52165228,LGA,14000
52166223,LGA,12662
52167873,LGA,20532
52304392,LGA,15156
52307085,JFK,18387
52307807,LGA,13705
52487784,EWR,25114
52490036,LGA,11407
52491515,LGA,14808
52492041,LGA,11295
52492455,LGA,21554
52500005,LGA,11231
52500799,LGA,13129
52508207,LGA,22658
52316185,LGA,15445
52317592,LGA,13358
52318271,LGA,16149
52168422,LGA,1602
52168496,LGA,16457
52168525,LGA,16445
52168779,LGA,16615
52534882,LGA,12972
52535430,LGA,15137
52548658,LGA,13082
52551120,LGA,14952
52320080,LGA,5087
52508496,LGA,14462
52509268,LGA,19521
52514819,LGA,16220
52517517,LGA,11518
52551973,LGA,14986
52552429,LGA,15102
52552638,LGA,14790
52323876,LGA,13800
52324031,LGA,13799
52324341,JFK,14876
52324528,LGA,13463
52329966,LGA,14765
52527440,LGA,13894
52534281,LGA,14787
52534815,LGA,14786
52615451,LGA,22177
52617173,LGA,14150
52618225,LGA,8992
52618390,LGA,17503
52618396,LGA,12373
52618610,LGA,15498
52350901,LGA,13690
52353508,JFK,18453
52553725,LGA,15264
52354363,JFK,13132
52634243,LGA,15647
52635900,LGA,14937
52636880,JFK,21431
52637377,LGA,14787
52637973,LGA,8983
52781681,EWR,31127
52782607,EWR,31153
52788498,JFK,12916
52791162,LGA,21453
52554380,LGA,10381
52555884,JFK,12784
52557797,LGA,21432
52561467,LGA,11457
52562444,LGA,11167
52570981,LGA,14822
52793095,LGA,9263
52639158,LGA,20184
52651961,LGA,11448
52654519,LGA,17052
52656590,LGA,13928
52659735,LGA,14046
52795397,LGA,13750
52795626,LGA,17093
52797203,LGA,15875
52799338,LGA,17001
52801190,LGA,14166
52804286,LGA,19691
52807490,LGA,13443
52578551,LGA,10693
52578966,LGA,19133
52582634,LGA,14637
52585129,EWR,16130
52586577,JFK,23631
52664308,LGA,5991
52665729,LGA,7716
52666694,LGA,14497
52668079,LGA,16428
52670276,LGA,15553
52671855,LGA,10938
52672732,LGA,8346
52674546,LGA,11066
52675191,LGA,12121
52688154,LGA,12835
52822823,LGA,10858
52823884,LGA,10512
52824025,LGA,11498
52593299,LGA,17061
52593554,LGA,13411
52599501,LGA,23880
52600890,LGA,19668
52607337,LGA,17569
52824389,LGA,11061
52689535,LGA,13906
52690310,LGA,14009
52691176,LGA,13687
52692555,LGA,5156
52700537,LGA,15128
52700622,LGA,19259
52701221,LGA,11174
52702018,LGA,1269
52703094,LGA,14855
52826514,LGA,14758
52826943,LGA,27149
52827359,LGA,3373
52830424,LGA,10147
52833897,LGA,15690
52609953,LGA,14359
52610408,LGA,12140
52611423,LGA,4733
52611526,LGA,16025
52611770,LGA,15114
52613594,LGA,11254
52614426,LGA,14095
52834116,LGA,16165
52703852,LGA,5279
52705563,LGA,24709
52705960,LGA,24954
52706726,LGA,17130
52714650,LGA,12590
52716416,JFK,22507
52718388,LGA,17374
52721803,JFK,12182
52836962,LGA,15218
52838667,LGA,11072
52839619,JFK,11053
52839743,LGA,14139
52842129,EWR,21705
52842845,LGA,12835
52843726,LGA,17742
52846635,LGA,21351
52721824,LGA,22338
52731161,LGA,11196
52731316,LGA,11329
52731419,LGA,11031
52732645,LGA,16896
52737799,LGA,31426
52744634,JFK,8374
52747790,LGA,14670
52926435,LGA,15563
52930589,LGA,21122
52934351,JFK,26641
52934401,LGA,12328
52941331,LGA,23272
52947788,LGA,15879
52948831,LGA,11875
52952799,LGA,12645
52854012,LGA,8891
52854992,LGA,12407
52855420,LGA,12430
52857463,LGA,12527
52858606,LGA,6530
52749770,LGA,11222
52749784,LGA,11222
52749804,LGA,11222
52753023,LGA,10486
52754282,LGA,21535
52755364,LGA,11796
52755449,LGA,24010
52953940,LGA,14991
52968839,LGA,14274
52969085,JFK,16941
52971091,JFK,10469
52972242,LGA,12547
52861365,LGA,19040
52861792,LGA,14801
52862058,LGA,19858
52868962,LGA,12819
52977888,LGA,15649
52982901,LGA,13826
52993669,LGA,6436
52995360,JFK,25543
52997244,LGA,14013
52869658,LGA,12172
52755593,LGA,14938
52755763,LGA,7285
52756284,LGA,21159
52756850,LGA,11332
52757238,LGA,15170
52761116,LGA,6153
52766414,LGA,17196
52769186,LGA,13355
52871655,LGA,12397
52879829,EWR,36499
52882662,LGA,17386
52883668,LGA,16066
52884956,LGA,17533
52885971,JFK,7921
52886556,LGA,11122
53011236,LGA,18230
53012005,LGA,16400
53021262,LGA,3287
53022508,LGA,15097
53022671,LGA,15078
53023798,LGA,16561
53025816,LGA,11683
52894094,LGA,13890
52771412,LGA,11222
52772214,LGA,17093
52772578,LGA,17093
53109044,LGA,20798
53110748,LGA,11453
53111559,LGA,14398
53116201,LGA,4815
52901227,LGA,15428
52906284,LGA,14167
52916520,LGA,15780
52916582,LGA,15784
53027258,EWR,21562
53030482,JFK,7402
53031902,LGA,12548
53032375,LGA,12828
53032542,LGA,12854
53032739,LGA,13394
53043735,LGA,4378
52920789,LGA,14644
52921783,LGA,11682
53117856,LGA,19859
53118209,JFK,14888
53120519,LGA,19370
53122420,LGA,11852
53123360,LGA,12226
53123361,JFK,14780
53126131,LGA,16043
52922566,LGA,23918
52923303,EWR,31038
53045130,LGA,17093
53045250,LGA,17093
53045283,LGA,16351
53045316,LGA,17093
53045446,LGA,17093
53045512,LGA,17093
53047016,LGA,12562
53047254,LGA,12504
53047664,LGA,11344
53221519,LGA,8050
53126188,LGA,13008
53127153,LGA,12854
53128684,LGA,14203
53130521,LGA,13668
53130809,LGA,13891
53130902,LGA,14419
53132475,LGA,14852
53132818,LGA,16331
53133025,LGA,14981
53222519,LGA,19482
53223918,LGA,23018
53050789,EWR,31014
53050810,LGA,10459
53050999,LGA,21415
53051081,LGA,12410
53051231,LGA,16380
53051569,LGA,11555
53054858,LGA,12697
53057885,JFK,8574
53229531,LGA,13514
53135888,LGA,6984
53143687,LGA,13828
53145833,LGA,18077
53148906,LGA,13817
53149000,LGA,13812
53236575,LGA,7742
53058438,LGA,13901
53060702,LGA,22040
53071607,LGA,12488
53073848,LGA,15138
53079605,LGA,3423
53149771,LGA,13683
53150114,LGA,13901
53150335,LGA,13949
53150444,LGA,13735
53150639,LGA,13757
53150648,LGA,11222
53150666,LGA,11222
53150820,LGA,14020
53150923,LGA,13868
53240079,LGA,15162
53242466,LGA,16104
53249946,LGA,15336
53250816,LGA,11081
53080602,LGA,23291
53081378,LGA,14237
53088652,EWR,24233
53095529,LGA,13441
53251757,LGA,17981
53256987,LGA,17041
53257905,LGA,15260
53151188,LGA,13660
53151407,LGA,13878
53151823,LGA,29806
53155237,LGA,19355
53155469,JFK,11507
53161679,LGA,17796
53260928,LGA,11643
53261632,LGA,1585
53364824,LGA,12986
53373979,LGA,5743
53375640,LGA,12716
53379658,LGA,11036
53381376,LGA,15716
53384134,LGA,9846
53262764,LGA,1529
53263395,LGA,1152
53170821,LGA,18272
53171838,LGA,13353
53173426,LGA,12965
53180695,LGA,17338
53188172,LGA,13067
53263629,LGA,1445
53267116,LGA,13532
53270564,LGA,13944
53384575,LGA,13205
53385771,LGA,14404
53386606,LGA,14952
53400412,LGA,23257
53402699,LGA,22898
53403946,LGA,6271
53280628,LGA,11968
53282903,LGA,7292
53286280,LGA,10484
53287361,LGA,14009
53189912,LGA,11164
53191182,JFK,11689
53191232,JFK,11689
53192744,JFK,11516
53194567,LGA,9743
53194676,LGA,15392
53408117,LGA,10845
53409435,LGA,11848
53410702,LGA,17256
53410940,LGA,15178
53412410,LGA,20087
53413454,LGA,7554
53414148,LGA,19684
53292101,LGA,13800
53292725,LGA,9493
53202170,EWR,37854
53204406,LGA,25051
53211837,LGA,6443
53213847,LGA,16438
53215556,LGA,20411
53215623,LGA,13919
53216577,LGA,14540
53294328,LGA,15650
53294652,LGA,19396
53296353,LGA,10660
53415549,LGA,15004
53417238,LGA,15119
53418934,LGA,20423
53420671,LGA,13543
53422309,LGA,22974
53299304,EWR,22556
53299373,LGA,16476
53300313,LGA,7527
53306350,LGA,14656
53425369,LGA,10845
53429873,LGA,10002
53309419,LGA,6724
53311697,LGA,13627
53219891,LGA,20029
53495710,LGA,19371
53496227,LGA,21196
53498315,LGA,13775
53501342,EWR,31680
53501732,LGA,15643
53502758,LGA,14406
53503106,JFK,8931
53505044,LGA,15332
53313409,LGA,17148
53315072,LGA,1403
53317759,LGA,12204
53320871,LGA,13262
53320872,LGA,12889
53436872,LGA,15842
53437547,LGA,13589
53441894,LGA,15516
53442786,JFK,14013
53448680,EWR,29172
53450489,JFK,12611
53453680,JFK,9422
53511447,LGA,13443
53512290,LGA,15716
53512507,LGA,12046
53515102,LGA,12582
53516635,LGA,21186
53523753,LGA,14203
53524397,LGA,15624
53326519,LGA,15671
53328559,LGA,14702
53330115,JFK,14702
53335766,LGA,15028
53340131,LGA,18602
53527603,LGA,2313
53528553,JFK,12556
53531890,LGA,13970
53538132,LGA,17098
53542590,LGA,20547
53542641,LGA,13716
53340147,LGA,18212
53457920,LGA,22017
53458499,JFK,13573
53462276,LGA,14100
53464092,LGA,13425
53465589,LGA,14586
53467848,LGA,18961
53471515,LGA,12862
53343701,LGA,16718
53346269,LGA,12915
53349532,LGA,14463
53349734,LGA,14463
53353569,EWR,33473
53471519,LGA,13299
53472533,LGA,12943
53475354,LGA,12206
53480206,LGA,4892
53484201,LGA,5028
53355572,LGA,11066
53544002,LGA,14442
53544214,LGA,15515
53544686,LGA,25633
53544739,LGA,13722
53545175,LGA,18706
53545394,LGA,17816
53555701,LGA,14579
53560560,LGA,11884
53560986,EWR,32184
53356951,LGA,10456
53357250,LGA,11164
53358037,JFK,17612
53608551,LGA,13140
53489130,LGA,5329
53489560,LGA,14860
53491341,LGA,11648
53491480,LGA,14179
53494300,LGA,11895
53494944,LGA,18270
53728290,LGA,12876
53562029,LGA,7418
53569871,LGA,5329
53572597,LGA,5499
53573536,LGA,19130
53615384,LGA,12670
53623779,LGA,12551
53626202,LGA,11173
53628816,LGA,20562
53574404,LGA,4710
53574876,LGA,5072
53584914,LGA,4400
53587623,LGA,22127
53588172,LGA,14247
53588627,LGA,14414
53739963,LGA,18692
53740410,LGA,4992
53741142,LGA,11831
53741603,LGA,22535
53742866,LGA,10974
53630203,LGA,33324
53630220,LGA,15540
53630655,LGA,15974
53743242,LGA,15065
53746978,LGA,14203
53751903,LGA,14893
53753273,LGA,11320
53754167,JFK,18520
53755563,LGA,10793
53756457,LGA,13862
53633058,LGA,1574
53633109,LGA,13151
53633241,LGA,12997
53590037,LGA,14173
53590193,LGA,13907
53590832,LGA,14270
53593168,LGA,15039
53593362,LGA,14382
53594181,LGA,12657
53594675,LGA,16276
53594793,LGA,18277
53634502,JFK,6538
53636623,LGA,22167
53644375,LGA,13892
53646749,LGA,19484
53596672,LGA,13123
53601751,LGA,5761
53602634,LGA,13562
53603216,LGA,13520
53603321,LGA,13464
53603421,LGA,13443
53603491,LGA,13434
53603574,LGA,13456
53603682,LGA,13348
53604779,LGA,13446
53604923,LGA,13410
53756834,LGA,19624
53759746,LGA,13965
53766143,LGA,15321
53770530,LGA,7302
53771167,LGA,2955
53772655,LGA,16223
53650203,LGA,14678
53653438,LGA,11302
53656900,LGA,13962
53658866,LGA,21043
53605076,LGA,13327
53605090,LGA,20606
53605625,LGA,13407
53606101,LGA,13173
53606452,LGA,13481
53606617,LGA,16153
53606895,LGA,12237
53607099,LGA,14016
53607569,LGA,13745
53661970,LGA,17072
53662451,LGA,14575
53666929,LGA,13534
53773701,LGA,6721
53773839,LGA,4394
53774579,LGA,20397
53781715,LGA,19621
53784778,JFK,10876
53784825,LGA,13364
53786119,LGA,11262
53786333,LGA,10865
53786471,LGA,24423
53793402,LGA,13665
53675152,JFK,22241
53676368,EWR,36236
53607959,LGA,13998
53608127,LGA,14428
53850682,LGA,2302
53850746,LGA,19158
53858082,LGA,13967
53861294,LGA,14011
53862013,LGA,13713
53682017,LGA,13678
53683669,LGA,16005
53689694,LGA,15847
53689938,LGA,16080
53795503,LGA,8837
53796187,LGA,13105
53796341,LGA,16061
53796775,LGA,19511
53798235,LGA,19673
53801158,JFK,9164
53802072,JFK,8427
53806496,LGA,13318
53809708,LGA,13512
53693128,LGA,10387
53693977,LGA,12873
53863561,LGA,18841
53864193,LGA,19709
53864330,LGA,19638
53869676,JFK,9718
53874130,LGA,13748
53874529,LGA,13748
53874828,LGA,15128
53696990,LGA,9993
53699054,JFK,16177
53699744,LGA,17297
53809925,LGA,13512
53810195,LGA,13512
53810255,LGA,23743
53700256,LGA,16339
53875417,LGA,14833
53875921,LGA,12946
53875935,LGA,12805
53875954,LGA,14986
53876346,LGA,6048
53879568,LGA,14428
53701060,LGA,37073
53703509,LGA,19177
53812386,LGA,13512
53813081,EWR,21814
53814025,LGA,9760
53815424,EWR,24693
53816858,LGA,15307
53817954,LGA,14144
53817985,LGA,15869
53823703,LGA,12032
53826433,LGA,14986
53704110,LGA,11295
53708171,LGA,12502
53882491,LGA,14935
53886001,JFK,9494
53890468,LGA,19729
53891639,LGA,20981
53892659,LGA,18368
53893056,LGA,21138
53709387,LGA,13513
53719446,LGA,15631
53720201,LGA,11839
53830757,LGA,2268
53831146,LGA,15794
53831670,LGA,18554
53831766,LGA,13471
53832868,EWR,20599
53840594,JFK,14747
53845422,LGA,12339
53720606,LGA,14400
53722444,LGA,14830
53722560,LGA,14051
53893384,LGA,13621
53894411,JFK,22943
53895180,LGA,14376
53900513,LGA,15900
53903662,LGA,15374
53723870,LGA,11652
53725725,LGA,11611
53725779,LGA,23310
53847813,LGA,15983
53848694,LGA,14157
53849102,LGA,18430
53850635,LGA,26626
53725805,LGA,10445
53726439,LGA,14019
53726935,LGA,11611
54108451,LGA,16888
54109419,LGA,20326
53903785,LGA,15060
53904032,LGA,13264
53909238,LGA,11361
53909434,LGA,13885
53915505,LGA,19035
53916899,LGA,19087
54114542,JFK,10480
54115612,JFK,10209
53980069,LGA,16466
53980416,LGA,16206
53981147,LGA,17106
53988526,LGA,23235
53988568,JFK,23770
53988773,LGA,23197
54117644,LGA,13897
54122624,LGA,12490
54129391,LGA,25326
54129568,LGA,13751
54131340,LGA,9353
53920517,LGA,7525
53933376,LGA,13598
53934304,LGA,13098
53935712,JFK,10965
53937868,LGA,20616
53938859,LGA,10591
53939162,LGA,10591
53992539,LGA,9084
53994947,LGA,15534
53999738,LGA,14184
54001498,JFK,20500
54002531,LGA,15235
54003147,LGA,29503
54003481,LGA,14130
54132661,LGA,12501
54136634,LGA,13671
54136738,JFK,5523
54137553,LGA,15364
54140633,LGA,13035
53939267,JFK,9475
53939453,LGA,10591
53939534,LGA,10591
53939745,LGA,10591
53939828,LGA,10591
53939843,LGA,10591
53940686,EWR,31140
53942042,LGA,15151
54144015,LGA,11222
54004046,LGA,14243
54004374,LGA,16369
54004596,LGA,16465
54005271,LGA,13429
54007743,LGA,9359
54013154,LGA,15413
54018489,LGA,15746
54018763,LGA,11611
54144455,LGA,14597
54146364,LGA,12027
53953891,LGA,10756
53958813,LGA,13516
53967226,LGA,11531
53967245,LGA,13997
53967351,LGA,20149
53970600,LGA,19376
53970830,LGA,19397
54148158,JFK,21732
54160031,LGA,14434
54161007,LGA,14796
54019918,LGA,20353
54020186,LGA,17106
54021730,LGA,17162
54022749,LGA,20418
54028410,LGA,15443
54032723,EWR,33103
54032853,LGA,14627
54162906,LGA,14540
54163608,LGA,3967
54163789,LGA,14760
54163912,LGA,14612
54164357,LGA,14819
54164587,LGA,14186
53970914,LGA,20318
53970963,JFK,14008
53971055,LGA,9532
53971111,LGA,25226
53971403,LGA,14624
54242854,LGA,12027
54243072,LGA,12037
54243687,LGA,11067
54245109,LGA,11260
54245163,LGA,12701
54245594,LGA,15491
54036658,LGA,14068
54038902,LGA,15045
54039046,LGA,16538
54042480,LGA,10649
54045965,JFK,11363
54049778,LGA,10591
54049940,LGA,10591
54050176,LGA,10591
54164726,LGA,18690
54167112,LGA,14785
54169005,JFK,7680
54050549,LGA,10591
54050973,LGA,10591
54051067,LGA,10591
54051259,LGA,10591
54051352,LGA,10591
54173093,LGA,18361
54179594,LGA,16409
54245960,LGA,12504
54246235,LGA,12539
54246425,LGA,12804
54247180,LGA,11560
54247733,LGA,14658
54258024,LGA,12879
54258718,LGA,12490
54260194,LGA,12085
54180355,LGA,11975
54181198,LGA,16110
54183564,LGA,10969
54186567,JFK,8805
54193168,LGA,16781
54260674,LGA,11223
54262388,LGA,12734
54262883,LGA,12971
54263436,LGA,12578
54263674,LGA,12695
54263886,LGA,12772
54264164,LGA,12874
54264262,LGA,18264
54264944,LGA,24815
54065958,LGA,15302
54067905,LGA,20544
54068602,LGA,22548
54068618,LGA,9799
54069349,LGA,15692
54193549,LGA,10010
54194995,LGA,12193
54195597,LGA,16782
54196350,LGA,16960
54196744,LGA,16723
54196777,LGA,16857
54196947,LGA,16847
54197051,LGA,16791
54197179,LGA,16769
54070767,LGA,14229
54071410,LGA,14925
54083128,LGA,5579
54093527,LGA,13820
54093824,LGA,25098
54101952,LGA,15716
54276494,LGA,14331
54281443,LGA,18945
54281603,LGA,18997
54291034,LGA,13981
54291234,LGA,13889
54292164,LGA,14294
54294086,JFK,9006
54295682,LGA,24623
54295697,LGA,24691
54197182,LGA,16795
54199296,LGA,11037
54206877,LGA,13358
54210471,LGA,19061
54210998,LGA,21613
54211784,LGA,3580
54302784,LGA,14683
54303003,LGA,12683
54303183,LGA,14742
54303623,LGA,14768
54304065,LGA,16796
54304382,LGA,15767
54307163,LGA,10739
54307170,LGA,10785
54102963,LGA,11126
54103419,LGA,21751
54104181,LGA,19391
54108028,LGA,17615
508095992839347917,JFK,14789
509021288759072717,JFK,7448
509912694780678266,JFK,14795
511554590284267375,EWR,29480
513695012431520567,LGA,10877
54213367,LGA,12515
54214433,LGA,16191
54214666,LGA,6132
54217724,LGA,10927
54220873,LGA,19834
513923548156770577,EWR,28396
515036044381761823,EWR,28878
515270964752201497,EWR,30486
518689109208853861,LGA,15959
522425855620716170,EWR,23944
54226057,LGA,12620
54314301,LGA,17025
54315055,LGA,13930
54318636,JFK,8722
54318921,LGA,14901
54319024,LGA,11430
54227270,LGA,5906
54230938,LGA,14026
54238053,LGA,15177
529157103042604647,LGA,21068
529737934145319533,EWR,29437
532108412257110742,LGA,23534
535565578084281184,LGA,12931
535581626561206870,LGA,12640
535752107419422529,LGA,10915
54238875,LGA,14203
54240974,LGA,15338
54242006,LGA,12330
548016857794352761,LGA,29832
54326605,EWR,32068
54328203,LGA,13342
54334216,LGA,11199
54338345,LGA,14412
54341162,LGA,14890
54342351,LGA,16569
54342792,LGA,14943
54343089,LGA,25530
54344557,LGA,21073
548041570921178790,LGA,13998
548058061023756340,LGA,10707
548511865075106092,LGA,14013
537808541086146067,LGA,9745
539084025529334382,LGA,16887
539742633266082757,LGA,12560
539900905376069260,LGA,14193
540399699729264340,LGA,12235
548559882209685166,LGA,32527
54344780,LGA,22945
54351519,LGA,17187
54351650,LGA,17834
54352197,LGA,15425
54353571,LGA,8147
54355778,LGA,13853
548672572096028312,LGA,12493
541449474530378012,LGA,4640
541838334174119591,LGA,13602
541840861640055585,LGA,13602
541841229631087312,LGA,13602
548826190789392066,LGA,12523
548963764109682390,JFK,6964
549026772417423162,LGA,2395
549194883005854692,LGA,13230
549264345064528625,LGA,9918
549275003907405309,LGA,14746
549362079534421010,LGA,16500
54357934,LGA,14787
54364623,LGA,14235
54376286,LGA,10679
54392381,LGA,17884
54395062,LGA,10793
54395760,LGA,11277
54397475,LGA,10645
549418712123925136,LGA,18620
549465289587099130,LGA,14591
542239053789372886,JFK,15424
542600943912847794,LGA,8084
542640652151641703,LGA,24203
542677269372360032,LGA,10909
542681386076586696,LGA,14729
542747072792865853,LGA,19458
542765936993178756,LGA,14074
542856379990916626,LGA,5271
542897168768814229,LGA,14519
550026488081973881,LGA,14745
497221656953912856,EWR,28624
499228785781795835,LGA,12397
501404598925361958,LGA,22219
502235608092478513,JFK,14751
502887119852002992,LGA,14238
505665954041199093,EWR,25321
506753378825712040,LGA,15323
555035387107768750,LGA,10874
550135601428139032,LGA,20033
542959954217251648,JFK,7405
543373265235326762,LGA,15516
543491929592827552,JFK,9912
543635425943076778,LGA,13424
543706507891143003,JFK,19295
544401457419857074,LGA,13974
550410803871292045,LGA,15612
550555428777442357,LGA,14521
550618527775379687,LGA,23123
550741674554463731,LGA,10912
555036643800097019,LGA,10874
555038069440891496,LGA,10874
555040866773492377,LGA,10873
555056971119508988,LGA,14981
555073510443058547,LGA,19457
555159034896034407,LGA,13499
555171202368184293,LGA,16954
555253571958535908,LGA,17478
555610543409267205,LGA,13478
550786709610206712,JFK,13849
550841600859360458,LGA,13225
550845920087869266,LGA,16208
544867022494251692,LGA,18971
544998650078746770,LGA,15069
545050187717763060,LGA,21491
545090914375173479,LGA,20602
545163157468611464,LGA,4339
545552773407024467,LGA,10456
545563697666112561,LGA,3728
545653384677866355,LGA,11875
550905294962321318,LGA,13956
550923487986078016,EWR,26112
550924397505635837,LGA,20442
551334234415439458,LGA,19099
551445523938181140,LGA,4313
555687828315016864,EWR,15707
556247091679540869,LGA,4001
556365927024053098,EWR,24340
556680269479602024,JFK,7871
556960737995069310,LGA,10751
557031472849294373,LGA,14339
557214768983156460,LGA,6766
551494862092193850,LGA,3818
551497141931129148,LGA,10365
546256455955963923,LGA,13041
546263114511633831,LGA,13421
546407517674976443,LGA,6878
546438376359380052,LGA,12233
546489197632602270,LGA,15486
546555949054231567,LGA,14530
546689834460719148,LGA,6013
551846781913884240,LGA,12609
552042242548350696,LGA,20376
557308562445321576,LGA,12621
557486369436961003,LGA,19535
557509075015430163,LGA,1747
557912715961485952,LGA,24716
557953921538656336,LGA,13358
557974776402309577,LGA,13753
552075850942208488,LGA,15358
552087932017334952,LGA,20518
547058790481548248,LGA,15558
547086501522814424,LGA,10198
547150124220387168,EWR,25685
547219823037006318,LGA,21719
547793067593304321,LGA,12496
547797787916616213,LGA,15676
552094356450388612,LGA,20468
552098297559362978,LGA,14642
552113158032353754,LGA,14066
552148250523188165,LGA,20375
552174943582511016,LGA,20523
552208563699318844,EWR,16825
558191886076090391,LGA,11161
558191951714926846,LGA,10875
558306500468820859,LGA,2263
558310482962197626,LGA,12984
558374435893895678,LGA,12241
558575557122330909,LGA,15073
552211233896015720,LGA,18721
552738484785957570,LGA,15501
552782382741181875,LGA,2398
552798012536553490,LGA,7145
547820238225408462,JFK,11813
547998622525410778,LGA,12001
548006572647649285,LGA,30043
563007560084567383,LGA,13546
563148000514980908,LGA,8242
563246706811573391,LGA,19814
563268292006599316,JFK,11131
552804519831447428,LGA,19706
552819087046615521,LGA,12656
552839358870025051,LGA,20437
558666686049436599,JFK,9788
558732520907162146,LGA,16068
558746223707426780,LGA,15716
558874976542597786,LGA,17488
558941566399441638,LGA,15370
559485519806458663,LGA,21571
559544054895092780,LGA,18410
559572983981929450,LGA,21585
552972547593855946,LGA,13606
563561579325525118,LGA,15399
563687425156513173,LGA,10251
563690104682126377,LGA,10263
563719467035680846,LGA,10784
563728723224510265,LGA,10769
563737087590348053,LGA,12749
553005121220644891,LGA,19183
553029238283466076,LGA,14596
553424076777304679,LGA,15907
553429976605273304,LGA,14571
559586504917827345,LGA,17902
559592743617283842,LGA,21469
559643918547951479,LGA,8439
559671382972443261,LGA,14765
559730944824545082,LGA,17729
560093947389451205,LGA,26918
560149197063785531,LGA,11935
563814027308620995,LGA,20485
563878450144014953,LGA,15435
564229280225504107,LGA,10747
564274377974292757,LGA,12170
564281474587681881,LGA,26542
554125687285092457,LGA,8305
554272057299642031,LGA,19641
554283191774753015,LGA,11724
554590833584755715,LGA,20128
554785184147676671,LGA,14802
564332364431245843,LGA,15015
564392277073018712,JFK,12801
564542318120486446,LGA,14012
564546597596686694,JFK,8794
564602108695275173,JFK,7314
564602702188075826,LGA,10468
560205663949770570,LGA,15069
560224400703639699,LGA,25167
560239229723612016,LGA,12714
560241529792006404,LGA,16178
560612212665776305,EWR,24355
560746623203080695,LGA,14013
554951330810060879,JFK,23812
555005271135605811,LGA,21531
555025453219071978,LGA,10874
555028278236378188,LGA,10874
555030246357854273,LGA,10874
555034459812571155,LGA,10874
569557641370592374,LGA,15028
569581554159922370,LGA,15809
564682824371493121,JFK,9107
564779036975389184,LGA,11071
564807913864754690,LGA,19838
564844435225916025,LGA,16729
564924380211338644,LGA,20137
564973275397535318,LGA,15986
570034665527308088,LGA,14422
570116660574405617,LGA,13506
570119178313367609,LGA,13506
560823556149262684,LGA,12204
560922841979568080,JFK,10148
560997011642218304,JFK,13263
561056459074470843,LGA,5529
561411694369629388,EWR,31456
561438111914086714,JFK,17643
561580874092383695,LGA,12804
570120222538996261,LGA,13784
570195549062750609,LGA,12031
570203804646855967,LGA,7048
570205745497904256,LGA,6609
570208020443569412,LGA,18418
565112303079121006,JFK,16624
565114924350358637,LGA,20426
565173112445230681,LGA,12107
565177389638327305,LGA,19202
565233874502784851,LGA,12863
565352945991314340,LGA,21654
570245065716823858,LGA,10396
562139098992282665,LGA,10484
562228465268570725,LGA,13611
562316603338483299,LGA,13911
562418047487826132,JFK,13515
562718405196083742,EWR,33898
562884903457128974,LGA,10765
562907819641129672,LGA,21359
570289761234523888,LGA,15257
570305497537981707,LGA,11761
570313162895244824,LGA,11344
570496731191437257,LGA,12183
565773369515481713,JFK,16497
565932625780175955,LGA,15392
566029911248687183,JFK,9305
566095342748806780,LGA,13923
566099298837722354,JFK,6581
566115227830033854,LGA,7837
566119623093680636,LGA,6877
571047174375999004,LGA,7070
571047830548495957,LGA,7037
571048519257374044,LGA,6716
576093855337848259,LGA,22539
576217808263109182,LGA,4207
576554964542755713,LGA,8012
576645744639819051,LGA,10922
576650068700400424,LGA,13653
576779694848403067,LGA,19609
576895620697427204,LGA,15228
571085392689494584,LGA,20633
571141289630267262,LGA,15988
571202858982575120,LGA,20602
571533506242496688,EWR,24709
566548245549224932,LGA,19985
566763086373559560,JFK,9991
566770293194580846,LGA,13468
566793905975010808,LGA,15877
567166736329761635,LGA,15599
567257583731577667,LGA,13131
567569597445331901,LGA,13987
568049789197012466,LGA,15785
571584519885225281,LGA,11955
571598171738337849,JFK,22229
571725114860159505,LGA,12122
571766238245027554,LGA,7847
571775114354808335,LGA,7857
568179775239963391,LGA,11386
568270572432528148,LGA,14179
568511583610564835,LGA,13506
568678991620780735,LGA,14447
576997675656254818,LGA,17531
577164177523405787,LGA,23266
577187306174934665,LGA,3967
577353418726528790,LGA,15897
577528145632005017,JFK,8129
577568858041619516,LGA,18791
577638418323881838,LGA,10497
571784186153729853,LGA,7891
571787380140782204,LGA,6769
571799455601186486,LGA,7148
571805879005480127,LGA,8182
571916281271663365,LGA,18854
568772914092580222,LGA,9824
568782483385919603,LGA,15065
568804282571008048,EWR,32623
568889960851600487,LGA,15257
568912566505799424,LGA,15442
569183451383157192,LGA,22777
569489053139938853,LGA,18860
569546404049883549,LGA,13886
577657240307522892,LGA,24423
577671424155519066,LGA,20053
577684671946039020,LGA,11735
577717132178906992,LGA,11105
577857477164670474,JFK,9072
578099444956394228,LGA,14103
578100862597124078,LGA,14380
571977872591258118,LGA,21610
571983284291918685,LGA,12925
572326237669668984,LGA,13785
572326531219816196,LGA,15204
572328741163521340,LGA,13506
572329024533412656,LGA,12876
572366166013701340,LGA,19225
578113779579494301,LGA,15501
578122976308702760,LGA,7506
578327925011346119,LGA,22327
578338335733827926,LGA,23274
578423657057251360,LGA,6521
578430230117365467,LGA,12099
572484660497450512,LGA,11308
572530913771194520,LGA,21896
572546257431058646,LGA,10946
581858374016685042,LGA,20333
582035740622571978,LGA,8330
582099168237779070,LGA,12840
582137289665171294,LGA,4211
582240067190821159,JFK,11022
582466438103477967,LGA,28699
582478029279386383,LGA,10663
582525816928227231,LGA,14934
572547486242459152,JFK,8530
578445066626711411,LGA,7272
578592072056483887,LGA,12107
578656399549614123,JFK,9774
578769192318564193,LGA,13699
578771193995873617,LGA,15878
578814651253110076,LGA,15501
572612125615500056,EWR,30937
572620870722180872,LGA,23064
572714852622616657,JFK,7430
572733089973738908,LGA,22867
573004455033653038,LGA,14758
573291593605259333,LGA,21395
573610185765083286,LGA,14930
582626681889558744,LGA,11441
582678773466303522,LGA,18014
582817278861712149,JFK,10253
583018303401434498,LGA,11641
583029260519350121,LGA,16725
583136653599213378,LGA,13553
583261334774123938,LGA,15445
583312696230574640,LGA,10874
583316946369555057,LGA,10874
573737351748791309,LGA,20693
578897008704988139,LGA,14519
578923571089407152,LGA,25453
578946747998659752,LGA,25453
578977880199483445,LGA,11413
579513654453597247,LGA,10711
573778791400513725,LGA,13506
573937970477329055,JFK,9135
583318124446202798,LGA,10874
583318937810048085,LGA,10874
583319794962810365,LGA,10874
583320859572486216,LGA,10874
583325206900651137,LGA,10874
583327900385039624,LGA,10873
583428565614956095,LGA,13899
574069389069400131,LGA,13346
574111905696387981,LGA,5685
574562832846093413,LGA,21221
574586117293355737,LGA,14729
579543533372210260,LGA,10049
579605285222029528,JFK,7498
579679370505962821,LGA,18236
580013014809987573,LGA,15639
580155764329845254,LGA,15137
580204728935308567,LGA,12192
580221270316789820,LGA,15204
574603442936137674,LGA,15501
574757974742325254,LGA,12353
583791786268204937,LGA,10845
584053658746490241,LGA,1606
584100149741768240,LGA,12496
584108904096805948,LGA,17941
584110672069834078,LGA,3875
584464841351499309,LGA,12249
574783901288734397,LGA,6614
574789756800906492,LGA,6677
574797503001569338,LGA,6593
575123973920036701,LGA,13901
580271592654434952,LGA,15017
580327989332197053,JFK,9010
580476325425880145,LGA,14378
580480407893927850,LGA,3911
580589040494696466,EWR,24336
575167991874744304,LGA,13976
575177553813624922,LGA,10912
584631850749087164,LGA,10898
584674468204558690,LGA,12947
584833406345340639,LGA,12353
584843453194315608,LGA,12612
584903103239670051,JFK,22077
575262161943675844,LGA,19312
575296507654359448,LGA,18696
575323635538805522,LGA,16087
581146598600431139,LGA,22490
581204831879275676,LGA,20059
581276193109315899,JFK,9836
581411547269622388,LGA,11029
581427869630920755,LGA,19916
581703896020442376,LGA,15823
581707845699487740,LGA,22671
575377822891771622,LGA,3875
575410155636588388,LGA,18976
575932751809366069,JFK,18415
594978188146529787,LGA,15496
585116610819537455,LGA,16418
585116748406863439,LGA,15785
585291307421718603,JFK,5280
585362461929487447,LGA,25035
585382126083893704,LGA,14779
585393510573578069,LGA,19907
585415117916198725,LGA,15747
585421591267602334,LGA,15773
585485781418964904,EWR,14847
594978227209109001,LGA,15552
594992794630052260,LGA,12604
595046810022277356,LGA,16477
595491366424087670,LGA,13602
581756065537386664,LGA,13944
581804203112075143,LGA,15777
581828450067457846,LGA,14575
588748105671065001,LGA,15191
588970063349178677,JFK,16603
588971722304912342,LGA,24619
589077888822822507,LGA,10360
589197973220202667,JFK,17723
586029013505140144,LGA,17240
586244870263367585,LGA,5258
595528055387349071,LGA,16979
595543365276878517,LGA,16252
595613559093932418,LGA,10254
595652970230241413,LGA,18527
595656476182329187,LGA,15942
589598122351179060,LGA,19847
589746507763311188,LGA,14801
589855151621795399,LGA,11987
589857043016769966,LGA,11338
590040648193371393,LGA,11111
595879031780542616,LGA,14168
587034845529468111,LGA,3465
587207524120016838,LGA,15116
587606395719069171,LGA,12018
587615709441605979,EWR,32516
587632543526103568,LGA,26616
587659571869719096,JFK,15654
587842332142199671,JFK,26914
596165065028890644,LGA,16761
596203731563582651,LGA,12224
596361949342437513,LGA,8016
596413252706204441,LGA,14407
596413302681259342,LGA,15233
596869190484509912,LGA,14198
590041263854398620,LGA,19655
590157685038987810,LGA,3129
590390648297717410,JFK,8831
590422201407835236,LGA,15252
590484773612652071,JFK,16649
590493898611831944,LGA,11860
596946485985538229,JFK,26136
588211929863905201,LGA,15743
588263591786868588,LGA,13937
588273937819990870,JFK,8652
588288327470809159,LGA,14814
588433935054614821,LGA,15804
588550970022904542,LGA,12489
597013333352448220,LGA,13139
597077746482427681,LGA,12488
597087942704646402,LGA,12760
597293762881765844,LGA,19750
590541486540140894,LGA,19263
590543805794852854,LGA,10370
590551081727585539,LGA,10170
590595341992355609,LGA,14005
590714165817961123,LGA,7799
591168265331519350,LGA,14420
591317872598386976,LGA,21873
597304555711876002,LGA,15201
597752885764924164,LGA,13797
588559469616617641,LGA,12602
588562529196152934,LGA,12174
588627515187957928,LGA,13030
601395300140040942,LGA,15308
601400178545759728,JFK,14723
601410914087072537,LGA,16460
601436798783503804,LGA,24576
601450993668834041,LGA,14002
601621921556384429,LGA,14327
597775417684775967,LGA,16740
597885471876205835,LGA,10753
591322358832287390,LGA,18622
591340911912499423,LGA,17062
591427135680545574,LGA,19790
591485868352836863,JFK,6323
591525078289936163,LGA,15766
591632776960108670,LGA,16694
591883582403156068,LGA,16529
597938230465576741,LGA,14065
597970057292470584,LGA,2041
597980544989694525,LGA,13198
601643366462947554,LGA,14496
601684518197356654,LGA,15994
601690867947727847,LGA,19513
601809481239819914,LGA,15654
602018638543355450,LGA,15821
602019372802508438,LGA,19389
602029215213888162,LGA,19389
602759934255145305,LGA,11193
598371691339736940,LGA,15265
591969184938312703,JFK,12372
591982694850524774,LGA,10734
592160838482377458,LGA,14573
592174108387820078,LGA,14005
592231928282119554,LGA,13908
592466368246789831,JFK,9950
592529354391161532,LGA,13833
592573997737825938,JFK,6045
598418961025528178,LGA,13797
598423415434781224,LGA,13797
598428972310981226,LGA,13797
598451687067310074,LGA,13797
602763112123283056,LGA,11193
602780849247393930,LGA,10761
602791797587630510,LGA,16518
602823682550416384,LGA,11193
602827356114645635,LGA,11193
602829257111124533,LGA,11193
602831381226115612,LGA,11193
598456006209498021,LGA,13797
598459577490449094,LGA,13797
598488193327054398,LGA,13797
592616778784585873,LGA,15602
592679984594951626,JFK,9953
592736448808176674,LGA,5198
592770456978707178,LGA,12652
592893183768538881,LGA,10015
592914921857097651,LGA,3328
598499099324319670,LGA,13797
598503098845264438,LGA,13797
598507858224426373,LGA,13797
598600568938104304,LGA,15390
598713051061239312,LGA,21556
598923105171759382,LGA,14013
598928506031816181,LGA,15997
599017022512024975,LGA,19036
599077997645477697,LGA,16635
592923226218573943,LGA,15869
593310907721075575,LGA,11572
593322347340602809,LGA,15469
593539441379982570,LGA,19759
593539645856888063,LGA,10914
602833605446123047,LGA,11193
602847514991741383,LGA,16032
602928733998502439,LGA,11244
602952577502027312,LGA,11797
602971370945279067,LGA,14215
602989716661668567,LGA,22578
603053165683406487,LGA,15665
603083900088109982,LGA,20679
603145399437635044,LGA,12729
599114974037879224,LGA,11088
599163855232485384,LGA,15940
599189337686133352,LGA,14449
599256513633250977,LGA,5119
593628573423529888,JFK,10842
593684843078544142,LGA,6163
594108734920583369,LGA,18631
594159308931470808,LGA,15422
594168710234003387,LGA,13416
599411803159805553,LGA,17127
603288724410012895,JFK,6384
603315506762043698,LGA,12276
603323604235900959,LGA,12130
603516984683399236,LGA,14586
603858956459000309,LGA,10689
599452961415418542,LGA,19024
599466894517671462,LGA,9780
599780130229041931,LGA,6372
599806687631020705,EWR,32443
594235684678364310,LGA,21070
594240338554500815,LGA,14625
594278892712646603,LGA,23262
594364901323939440,LGA,15891
594686068974696323,LGA,13833
594686502384672497,LGA,13833
594808092992638358,LGA,12180
594818355675207868,LGA,18614
599857800756664388,LGA,15638
599906169922777608,LGA,22633
599992429950840153,LGA,14199
599992807763168166,LGA,14446
604213081528050189,LGA,14168
604274785806949333,LGA,15704
604574846282012598,LGA,16736
604623136540022796,LGA,19113
604977398783818024,LGA,15903
604979090670594317,LGA,9504
605035448454706797,LGA,12559
605051948071435121,LGA,16117
605057284037163093,JFK,8023
599993984917025377,LGA,15211
594914131275091113,LGA,22246
607841201085063007,LGA,15995
607857571989965974,LGA,13181
607933688375392709,JFK,17527
607945532912774703,LGA,12439
608065350562145555,LGA,5178
600011341366442097,LGA,14166
600013989830559229,LGA,11472
600113695273260585,LGA,10970
600263116064127765,LGA,15060
605090421306435930,JFK,15002
605153978187086750,LGA,15068
605300020193610016,LGA,6464
605583991244171226,LGA,13541
605677493735522649,LGA,13627
600516115073736856,LGA,12232
600705397043965626,LGA,11193
600953895762341350,LGA,19576
608073586104603179,LGA,5198
608153789298309501,LGA,11774
608316367002672662,LGA,13332
608484199640101037,LGA,13663
608609524765569811,LGA,14448
608618639198821844,JFK,17941
601189303598379053,JFK,11184
601344149069397462,LGA,19237
608671468736291174,LGA,11363
608754282841359168,LGA,5215
601383847863781109,LGA,15204
601387378295632609,LGA,15435
613045587854720391,LGA,14683
605720639370929870,LGA,4640
605734646204848683,LGA,6154
606366094972532271,LGA,20007
606406524027500438,LGA,10019
606502008318501202,LGA,15219
606544996803495153,LGA,12337
613098581353641369,LGA,16276
608829370155852978,JFK,18313
608832957622750076,LGA,15476
608840004988738509,LGA,6553
613169372456144088,LGA,12788
613199633140677112,LGA,17057
613230113020408121,JFK,18426
606690225420596522,LGA,8261
606961940356841317,LGA,21238
607145426901839341,JFK,21454
607202437461817180,LGA,15431
607328822575142192,LGA,1106
607334009809889875,LGA,2146
613266153587015491,LGA,10919
613295222944590211,JFK,6191
613429806262281723,LGA,1300
613606685400763792,LGA,18916
608883254672780320,LGA,16265
609219525346430851,LGA,14647
609235605449086737,LGA,9047
609238880596760919,LGA,8737
609278205075943432,LGA,7882
609374779504415266,LGA,15043
609425709203864417,LGA,13505
609485334617648116,LGA,10879
613625022147622040,LGA,14620
613649143663298138,LGA,14380
613658945946121900,LGA,19549
613798700673277733,LGA,14149
607527880077351661,LGA,19972
607696246279491997,JFK,20567
607787384382455500,LGA,14203
607837648463076810,LGA,20210
618973131846384024,LGA,15778
618994191723179959,JFK,6670
619263844054027323,JFK,12111
613807325009015175,LGA,21916
613808562601795981,JFK,23570
613809022021280612,LGA,20990
613811655392005198,LGA,13336
613840699365840579,LGA,12509
609956068365812790,LGA,15474
610212395047524279,LGA,16904
610313074951797337,LGA,12568
610397447841855110,LGA,17287
610414224153337918,LGA,17530
610418835243217843,LGA,17417
610424024716164801,LGA,17393
610745546680973191,LGA,14649
613842278291796082,LGA,4657
613948541551662793,LGA,14566
619266532102143496,LGA,16713
619354374288622502,LGA,15454
619381766727404134,LGA,18390
619471347276644775,LGA,1968
619493228177621291,LGA,16610
619496242599733097,LGA,14698
619504021677189809,LGA,15653
614008463885442204,EWR,31805
614321790165772374,LGA,14088
614412564467355649,LGA,14568
610891800789188590,LGA,29006
610971500647041917,LGA,16469
610995636848918433,EWR,35995
614440509928289280,LGA,3180
614471078556109773,LGA,14252
619523165838380933,JFK,8839
619523534073453300,LGA,19163
619598201001500398,LGA,11038
619762115206375738,JFK,10617
619968653451288600,LGA,15721
620091110736498694,LGA,12733
614509099548801376,JFK,15418
611391968391044777,JFK,25071
611470894386067928,JFK,6794
611736171410366121,LGA,12758
611783256714909948,LGA,18172
612093137295248455,JFK,18212
615043660276866260,LGA,14014
615118262419946816,JFK,12093
615147103937720079,JFK,9436
615180685247297195,LGA,11961
620127898324451424,LGA,11332
620385164597679213,JFK,5702
620428760444478344,LGA,21969
615395641198034052,LGA,12296
615432684761025204,LGA,12829
615846408980719554,JFK,7230
615904441638758447,LGA,22197
612146795311921850,LGA,11357
612178257211694119,LGA,20866
612228203284776025,LGA,18593
612235967341730418,EWR,33592
612288987277395824,LGA,17128
612338884237506055,LGA,16327
612409930265187755,JFK,6702
612872711453169565,JFK,15690
612888390919914838,LGA,5325
616045163495228503,LGA,18469
620569593739163094,LGA,11940
620578868328318638,LGA,14231
620830412189713603,LGA,12890
620919324221630458,LGA,10758
621000144783155024,LGA,19982
621581270186251413,LGA,22088
616441439987634743,LGA,8194
616579900837775210,LGA,14939
616588223686232585,LGA,18803
616867664648376188,LGA,12844
621692324553291873,JFK,15420
621763568649914469,LGA,13778
621880905850087827,LGA,15479
617108139243397475,LGA,26568
612945509331555870,LGA,12861
612991065549809752,LGA,10334
624197678735957167,LGA,14978
624399238774557651,LGA,12471
617276903379514004,LGA,20870
617339277916579641,LGA,14594
617348066884967902,LGA,12286
617440782709168418,LGA,16357
622282373326580697,LGA,13501
622289283359247413,LGA,13507
622350469075907189,LGA,16023
622355656173465587,LGA,15276
617478786022109124,JFK,15279
617499038697675576,EWR,33629
624564459912553577,LGA,20963
624585985635107552,LGA,13391
624632015335254608,LGA,13804
624652602355764943,LGA,13981
624662381318884072,LGA,13451
624668883011039248,LGA,13560
617871935670392856,LGA,10179
617976469167890423,LGA,14429
617996666218494904,LGA,19126
618023128301471110,LGA,9916
622356173587527197,LGA,15276
622356627526404589,LGA,15276
622602193403700800,LGA,15892
622622320675898463,LGA,16095
622647238390881096,LGA,13538
622852689794634047,LGA,15867
618029927103390496,EWR,30442
618136830609238321,LGA,11501
618137879433124876,LGA,8872
624678118491722763,LGA,13530
624687753142583669,LGA,13796
624694699394680598,LGA,13801
624695997934785475,LGA,19788
624804271494857253,JFK,13760
625101948280782536,LGA,10021
625120941568839885,LGA,11686
618155488881850494,LGA,6854
622852964134031818,LGA,14679
622853236242589115,LGA,15721
622853578857500280,LGA,15721
622853930405575823,LGA,15721
622964050408357805,LGA,19661
623082106605347836,LGA,7093
618184915139767958,LGA,10927
618282597619443456,EWR,30096
618390733290143782,LGA,18609
618451653506979162,JFK,14847
618599774783838639,LGA,9569
618694402413486023,EWR,33658
618708161953854098,LGA,19600
618731819301540593,LGA,22392
625130804427996264,JFK,8829
625134192873905720,LGA,22729
625137784525256492,LGA,12920
625206952539862808,LGA,9011
625327900692074881,LGA,16405
625395041557538907,LGA,17577
625396851096244118,JFK,21476
625470772596139920,EWR,32523
625506869650504874,LGA,18078
618792015114033966,LGA,10746
623087251740124065,LGA,18667
623185525340790807,LGA,10285
623311353812146045,LGA,7813
623316905566055675,LGA,20851
623514517668546155,LGA,15332
623657977519782139,LGA,20427
618832316866966127,LGA,12903
618842603796198772,LGA,19345
625519191136597349,EWR,31968
625559308859723672,EWR,34018
625575155202250468,JFK,26359
625575587655149391,LGA,13445
625607057280802438,LGA,15500
625792034614526869,LGA,15283
625794540207537013,LGA,15742
623763533917886225,LGA,19449
623812432062401934,LGA,6345
623869990777003378,LGA,13198
623882710917814272,LGA,16832
623911914751029129,EWR,26898
623922493793823954,LGA,20160
623930544541593281,JFK,8786
625945305310477544,LGA,18360
625949325513875956,LGA,20560
626368815819350675,LGA,23593
626742288830983894,JFK,9821
626767327976025919,LGA,16808
623939702676372002,JFK,23494
632551534039863241,LGA,11665
632586631810442130,LGA,11588
632608899902231779,LGA,16869
632632066789092268,LGA,7808
632726981512238069,LGA,10728
632752608177110815,LGA,6000
633113362893109950,LGA,17368
633114777738202849,LGA,14729
626813836065046331,JFK,11869
626940120481689338,LGA,5837
627005307194527586,LGA,11665
627028314789354917,LGA,4321
627075354277215363,LGA,6463
627209317291505870,LGA,9688
627209991370408129,LGA,9808
627371470100795624,LGA,14875
627380994474321106,LGA,17681
633115105120193759,LGA,15204
633168575271694958,LGA,10447
633318450007507030,LGA,21368
633321495378275269,LGA,20990
633492364636824182,LGA,22169
633741921038906371,LGA,10845
629608042637648455,JFK,14990
627445495897026917,JFK,14626
627553930119405271,LGA,21792
627768301668465642,LGA,19167
627897706345600965,LGA,16079
628054598742623877,EWR,33887
628138206727405883,LGA,18611
628375857871186931,LGA,21388
629663355074558569,LGA,15377
629728707925098234,LGA,9021
633930221689532784,LGA,13456
633939380745222351,LGA,20105
633956160953215663,LGA,12403
633968806284955396,LGA,11435
633977351927953398,JFK,24934
633986809547076584,LGA,14253
634033315397058152,LGA,10331
634035217889553523,LGA,13931
629738067148149172,LGA,10285
629785812320853020,JFK,8828
628382340509109222,LGA,15781
628769873559199151,JFK,23321
629036001404946530,LGA,24127
629040494057779296,LGA,19599
629099709887557109,LGA,16561
629828621166494625,LGA,22533
629937865335706536,JFK,10035
630127601876610614,LGA,14509
634276902012072709,JFK,25071
634543701516019054,LGA,15283
634696594171846190,LGA,13797
634737185619080084,JFK,18752
630134452451645197,LGA,18768
630149949140915081,LGA,18728
630337719111556566,LGA,12630
630424920231712059,LGA,14883
630457543628889239,LGA,15479
629196150330969487,JFK,22334
638208932898066716,LGA,14186
638274411802977958,EWR,30065
638375695955118228,LGA,21083
638405806968345946,JFK,16973
630494641216712852,LGA,15744
630499749987945658,LGA,10485
634743259855202791,JFK,10298
634898625226634059,LGA,14873
634996589413630576,LGA,15464
635125760914245990,LGA,17036
635301868080561725,LGA,19266
635349981223517857,EWR,25169
630501828250730546,LGA,14076
630539037367901963,JFK,21013
630550882860410542,LGA,15293
630606368063091272,LGA,14737
630782288962640020,LGA,11273
638411614489556367,LGA,13982
638451573988709495,LGA,16872
638452467910880184,LGA,12413
638454791738509873,LGA,13733
638593187408318846,JFK,23696
638943669371529428,LGA,12796
630863953200294159,LGA,13833
630864416509205724,LGA,13332
630866621074508493,LGA,19889
630921135487536795,LGA,10108
630962489899690048,LGA,20186
635383523425875590,LGA,13629
635406284291901953,LGA,14977
635420521327405738,LGA,17539
635446393352142475,LGA,22149
635474429874721360,LGA,15589
635484369090867609,LGA,19884
635574615894942412,LGA,19582
635617204486061688,LGA,17152
635840098829073925,LGA,12908
630988343816913041,LGA,14896
631097874868219629,LGA,30515
631149892014601626,LGA,12242
631297971412473276,LGA,17352
631410769451035402,LGA,16523
638965000463155963,LGA,7879
639259145023364485,LGA,7583
639317233046143765,LGA,3384
639375848801087010,LGA,15086
639540429317887373,LGA,11034
639549197073947929,LGA,14679
639664591087069915,LGA,17287
631700434097171960,LGA,9492
631736560411380264,LGA,13820
631782880451117310,LGA,11416
631823229287186669,LGA,17293
631838483322074518,EWR,30415
636051632523341934,LGA,13833
636167593975534277,LGA,11592
636216578068395468,LGA,24090
636274456676328779,EWR,30251
636384130950359856,LGA,12138
636748829958680554,LGA,21950
636750580304250017,LGA,20253
631869038931868233,LGA,18537
631893185455656817,LGA,11704
631940481660435023,LGA,13702
639694558611399338,LGA,11198
639705836870039306,LGA,13902
639772463912396637,LGA,10923
639920141110609277,LGA,20937
639943977146307117,LGA,6863
639986041202943450,LGA,15565
639987961838040881,LGA,16674
642882282666809517,LGA,7802
636801605735543805,LGA,17669
636873795592113226,LGA,12348
636944681866019204,JFK,18365
636959724917638564,JFK,12011
636974759066296574,JFK,18388
637041914856524482,JFK,18719
642948543237637972,EWR,33516
643036839521359188,LGA,17581
643292338531013503,LGA,10484
643309952273240997,LGA,10845
643319222792682565,LGA,12526
640028812820854472,LGA,17079
640148680845711037,LGA,7031
640159275260186822,LGA,15410
640270260790083804,JFK,11304
640366504429539829,LGA,10746
643399667682678297,LGA,5871
637524390360273018,JFK,14101
637634357376846351,LGA,21522
637660091350480104,LGA,15604
637744816439999158,JFK,11967
643410103404182626,LGA,14263
643420063748562514,LGA,15104
643468329339124241,LGA,18052
643471736626808139,LGA,17912
638044371366059533,LGA,14997
638186562751522999,LGA,15721
648552533965336949,LGA,13804
648587804094088553,LGA,19757
643473669546971313,LGA,17684
640443472855597440,LGA,14655
640476155541307345,JFK,18479
640508290069155758,LGA,13561
640546114975692688,LGA,12954
640550903674715854,LGA,15642
640553844980086309,LGA,21466
640577546507007342,LGA,10608
643478753128785623,LGA,17560
643479175182355349,LGA,17644
643878224920282752,LGA,11350
643975067258502855,LGA,23773
644053798396895113,LGA,15060
640612171111039003,EWR,24486
640698584228535894,LGA,23256
640717537442605608,LGA,13751
641072234133563797,LGA,16173
641128802903031792,LGA,18741
641209854002197271,LGA,15312
648592683552031495,LGA,1345
648624892795898509,JFK,11331
648626938629605757,LGA,19018
648686501635596386,LGA,18166
648732550651285115,LGA,12010
648733914773975406,LGA,14470
648767260782957609,LGA,11796
648775559661516156,LGA,21131
648857359350164301,LGA,13250
649075074887124641,LGA,13438
644156882646200864,JFK,18210
644176324966821813,LGA,11085
644202319559232710,LGA,15671
644311938371273827,LGA,14522
644371190094658863,LGA,22018
644391116758129571,LGA,20420
641407498918275357,LGA,14362
641443656520012132,LGA,3511
641503239935717251,LGA,11376
641503565693174262,LGA,12391
641753911937668445,LGA,30043
641863227870851745,EWR,16056
644608008451518771,LGA,13699
644818373615039359,LGA,29920
644845156231451666,LGA,15481
649107665318683109,LGA,7291
649110754016519016,LGA,19078
649129686097497520,LGA,17014
649171234457483387,LGA,11244
649174647761073124,LGA,10636
649185211357475650,LGA,12086
649192796335835527,LGA,11422
649196902646021083,LGA,19034
644893239131306705,LGA,17927
644940552640814865,LGA,15892
644996126447510028,LGA,15573
645056913089000891,LGA,18236
641928038476344706,LGA,18114
641930068984421251,LGA,11200
641966849143161975,LGA,8368
642004894846322446,LGA,10456
642060325365353277,LGA,14787
642193534164032936,LGA,14868
642204005625892887,LGA,10620
642617234993807538,LGA,16012
649243480456322528,EWR,25749
649265769107676530,LGA,19547
649265807138349981,LGA,17158
649266764109046867,LGA,14674
649267754730612723,LGA,23636
645315165254782741,LGA,13670
645426662953840812,LGA,16862
645446410837726780,LGA,25137
645666659875635272,LGA,11735
646115947890871926,LGA,14509
642755693102173459,LGA,15699
642778580946457478,LGA,17256
642779491628382351,LGA,21341
651629086666838151,LGA,21685
651634314032635229,LGA,20706
651640728974046766,LGA,13943
651729832349920816,LGA,15013
646116286313431627,LGA,15661
649344196401364433,LGA,23834
649361804801721027,LGA,17206
649396817211747108,LGA,15910
649423203553367743,LGA,12331
649470584792583345,LGA,25446
649493072234819209,LGA,7799
649522948140887617,LGA,13006
649701695006936118,LGA,14090
646234869189160847,LGA,15808
646258324909440669,JFK,9350
646290906877998095,LGA,14736
646325822391260382,LGA,12060
646371982877063378,JFK,11031
646397294912944159,LGA,7669
646665510489708708,LGA,7495
652172745279262844,LGA,15731
652209616641745176,LGA,18668
652279676468280165,LGA,18913
652765195663334252,LGA,12499
652933534451877293,LGA,13541
652937345632974037,LGA,11107
652943524305648321,JFK,16834
652993992835732991,LGA,14178
647125962319558621,LGA,12703
649814577876399920,LGA,8761
649819721923399503,LGA,19593
649907962236132573,LGA,26058
649930539132835017,LGA,7688
647142881824370304,LGA,16675
647221355173490472,LGA,4294
647266787507443295,JFK,6666
647623852337935394,LGA,20243
647670913385420699,JFK,6242
647705805867409740,LGA,12630
647713196690082967,LGA,5198
653015092633711688,LGA,27268
653033565392375865,LGA,11609
653115959913997889,LGA,10794
653121626548977499,LGA,12683
653258474247952642,LGA,14675
653295261335760706,LGA,15784
653295592214768980,LGA,20709
647725378677755778,LGA,5699
649952179707636731,LGA,7705
649958810437390374,LGA,7793
649965690762945524,LGA,7706
649968161200990873,LGA,10474
649968169559996381,LGA,8097
650038079521479637,LGA,17264
647754438721915924,LGA,19731
647827764669965037,LGA,7799
647871864272863224,LGA,14888
647995381932475686,LGA,10890
653436475529853186,JFK,14755
653462989981755151,LGA,19381
653507297797336134,LGA,14119
653536694333017814,LGA,13815
653538289455674361,LGA,14045
653607125944399593,LGA,10686
647997237954609900,JFK,6943
648002347981302350,LGA,20868
650091090835962950,JFK,23317
650118088095149287,LGA,15627
650138361418935954,LGA,12884
650139894928176912,LGA,15298
650156553358311474,LGA,7563
650481967750264191,LGA,14961
650494137473244378,LGA,19730
650657373008534596,LGA,13922
650682583711603866,LGA,1575
650956611349081780,LGA,15060
648033676238017128,LGA,17072
648077091113308243,LGA,12192
648339852314068317,LGA,11789
648364867651197829,JFK,12776
653909555821012638,EWR,26344
654030106559187690,LGA,14203
654073673847797610,LGA,18681
654206843986971609,LGA,12108
648377407209324860,LGA,12057
648415349853084453,LGA,15350
648487968072894005,LGA,15663
650969850624566810,LGA,14855
651141070866801705,LGA,15009
651315208890296394,LGA,16764
651338556174245862,LGA,20616
651379369974834329,LGA,15780
651383983309519498,LGA,11707
651405001634350671,LGA,10412
651449714253705996,LGA,15600
648501530742752063,LGA,2909
648543338159103074,LGA,13855
654213698930297417,LGA,14999
654236650153476579,LGA,25225
654272694167633113,LGA,14987
654274540781636364,LGA,15008
654361482306091105,LGA,15937
654369142722453169,LGA,16719
656289993889198021,LGA,13602
656290328418228490,LGA,14729
651495086718522145,LGA,14191
651497507012443462,LGA,8057
651564440114113277,LGA,11232
651587873612601114,LGA,13409
651593916026998398,JFK,22490
651615646478624151,LGA,14492
659997673906063358,LGA,18479
660029898282117215,LGA,12450
656292512767358715,LGA,15009
656388033574218797,LGA,23125
656394974994716619,LGA,25776
654402388376149877,EWR,21756
654403670398653419,LGA,14745
654412686701270062,LGA,19769
654499264267120637,LGA,19382
654528694889785621,LGA,15400
654544771425247916,JFK,22057
656418876163642889,LGA,21291
656439552095891153,LGA,14783
656480577099546545,LGA,11413
656571870851532866,LGA,25461
660042195395876548,LGA,12042
660052120631955356,LGA,9230
660056513559633413,LGA,17775
660082095537116529,LGA,12254
660143703289707879,LGA,15377
660204875025359364,JFK,16135
660299931863349952,LGA,14361
660299946944611779,LGA,25078
660310667265628435,LGA,10285
656572443194920483,LGA,25771
656613711417727477,LGA,15551
656619145059845047,LGA,15525
654558158981000200,LGA,16026
654625640417543306,LGA,18475
654726207711039975,LGA,16562
654949802542096801,JFK,15979
655057865614543377,LGA,10940
655061924755781969,LGA,15529
655084915447823076,LGA,18984
655119049254518736,LGA,19372
656984227698035180,LGA,10748
657007491901880680,LGA,19653
660449497312289132,LGA,12791
660464226861212827,LGA,4716
660621871798289009,LGA,15047
660645047444775206,JFK,12635
660801366565819095,LGA,10393
660806119289637869,LGA,15566
660878177372429228,LGA,9426
657114792493776062,LGA,15667
657125083842330352,LGA,15887
657148208532648393,LGA,15847
655136103348782329,LGA,11515
655144931255799849,LGA,13490
655155221993894189,LGA,11761
655205438300291534,LGA,10022
655238160094915460,EWR,29982
655241486161179082,LGA,11208
655339007497638499,JFK,17966
657161625137901422,LGA,16578
657441930493975647,LGA,12499
657450415752189395,LGA,14110
657831597044910300,LGA,14017
661051689303484701,JFK,12499
661072300808739106,JFK,12604
661082174673264411,JFK,12235
661124761175705523,LGA,17148
661147139425587430,JFK,6634
661149465260974604,LGA,5456
657836649849238363,JFK,6820
657945772316259432,LGA,19625
657962221012628823,LGA,11017
657985069638694860,LGA,23748
655565090602020122,LGA,12941
655584355247194106,LGA,11975
655606853429815213,JFK,8036
655655590735199413,LGA,11706
655733624096905947,LGA,8855
664497748383780160,LGA,7857
664513250478584875,LGA,11713
661404047684581697,EWR,30452
661414349506912943,LGA,13828
661507166274157667,JFK,9896
661552460178932280,LGA,11344
661571589480416747,LGA,11344
661582521798525657,LGA,11961
661630205577243354,LGA,5671
658476893753152665,LGA,15360
664572843276859586,LGA,16004
664579373936408809,LGA,14461
664633132220977386,EWR,24949
664636711297826137,LGA,14361
664786138147954127,LGA,6400
658545811833091501,LGA,14400
658567847166417444,LGA,4735
661706684975350438,LGA,4151
661713782277628102,LGA,22803
661730417858478185,LGA,7812
661781799902754847,LGA,14937
661782930987139565,LGA,20779
662194644295415176,LGA,9494
662225821326078046,JFK,7960
658652034156317401,LGA,17032
658658419167402439,LGA,12481
658680445829252719,LGA,11344
664858490982848128,LGA,7003
665096684159385562,LGA,24264
665138527790480004,LGA,10015
665156020477225426,LGA,12699
665194268205617883,LGA,13592
665207224147437182,LGA,11540
658698666358924862,EWR,36220
658760978030704860,LGA,12884
658772827164292906,LGA,15526
658778407325963223,LGA,4992
662322807381323149,EWR,31838
662324653098427815,LGA,11158
662468221101298052,LGA,6262
662475127673634015,LGA,13447
662719849289901468,LGA,15107
658797762075613569,LGA,15305
658840248450586454,JFK,13062
665216186202601911,LGA,21568
665261673918293920,LGA,7676
665312789712426381,LGA,14031
665409290103351494,LGA,15360
665683449975313297,JFK,12496
658848031386457087,JFK,24531
658852188801289401,JFK,18488
658872910949576878,LGA,21238
662908139346389329,LGA,11536
663185874925783688,LGA,15233
663619511043068535,LGA,14678
663621928284719005,LGA,19799
663649634317192434,LGA,13552
665824099468566235,LGA,11535
665857667645966460,LGA,12210
665881240261196973,LGA,11895
665937856862413383,LGA,14546
665957060402579185,LGA,20160
665980631217887084,LGA,11597
659192804246853527,LGA,10989
659260971295206222,LGA,22429
659310625338344733,LGA,16012
659318499793428434,JFK,25518
659329592070542766,LGA,11193
663697610236716834,LGA,15513
663718440837696429,LGA,11956
663802664162665250,LGA,18025
663812250075043786,LGA,20877
663833979768493524,LGA,17524
664069026786529219,LGA,18437
664131650504538216,LGA,15784
666022943667475224,LGA,21383
666039859586324230,LGA,4193
666452158465930957,LGA,21038
666482362855955099,LGA,20714
666546073287471564,LGA,11429
666553660571847932,LGA,10620
666647240323900209,EWR,31150
666687689202133264,LGA,11782
659420459502596346,LGA,10710
659422624325644314,LGA,10710
659483103190871635,LGA,17950
664255702585134531,LGA,15520
664357173915207634,JFK,12613
664375845830898773,LGA,8740
664390826805768659,LGA,14584
664397229263148421,LGA,15007
669064816219867515,LGA,11994
669124977887839244,JFK,22075
669305594749936462,LGA,21313
659506943405862911,LGA,20326
666705065274020115,LGA,11103
666720978502253554,LGA,11383
666757974043019449,LGA,19929
666928089924200608,LGA,16997
667193462423431721,JFK,18717
667260564999109254,EWR,25947
667322847280708223,LGA,15429
667347787528220620,LGA,10773
659524468137662241,LGA,6774
659528166968284441,LGA,12967
659631472910843766,LGA,9059
659786580883647183,LGA,8696
667379768469874498,LGA,11637
667503501751137216,JFK,15245
667539668193564442,LGA,21531
667681707929418857,LGA,12606
669389148056543438,LGA,4768
669434958503706800,LGA,17022
669462162306456780,LGA,5446
669488239177845173,LGA,4763
669491267862682923,LGA,12590
669514968467200932,LGA,15516
669517161697427565,LGA,17047
669586810357581963,JFK,7234
659895773898892978,LGA,16577
659898672803776629,LGA,16729
659898991484098598,LGA,14723
669720939119467877,LGA,14546
669726309815956918,LGA,18527
669881612090048281,JFK,15325
669975637538940388,LGA,20709
659962127827331285,LGA,17265
673339628005219034,JFK,16502
668015611171512819,LGA,14012
668072542591926094,LGA,20553
668101492405958388,JFK,7384
668184500955261231,JFK,9425
668235574980359823,LGA,15072
668246733213442620,LGA,12627
668265663179820153,LGA,15380
673371494715317188,JFK,10298
673400435299130792,LGA,14224
673722620349844470,LGA,16280
670113209169345300,LGA,15388
670165785509109009,JFK,15768
670239788354887215,JFK,10121
670258225097904745,LGA,19462
670291854273683571,LGA,21555
670294489555303282,JFK,15714
673763196022491865,LGA,10845
673765667567431243,LGA,13669
668306085348412545,LGA,14925
668336778831639835,LGA,17793
668782753074319290,LGA,16336
668784032759232580,LGA,16200
673784924326195986,LGA,9997
673786603652497562,EWR,30086
673798856558999445,JFK,11568
673803763328291112,LGA,15057
673811142418548144,LGA,13282
673811223486765639,LGA,13524
673811265484009501,LGA,13847
673811286668342935,LGA,10140
673832429183322395,LGA,11858
670325129117711026,LGA,7504
670329573323739442,LGA,7798
670343762862892910,LGA,9496
670347356576318038,LGA,15313
670375952726446648,EWR,21710
670401205229303119,EWR,21561
670433084394073293,LGA,23622
670508782333755778,LGA,16744
670528666075637080,LGA,15431
673832833253700135,LGA,13841
673853471795094745,LGA,9898
668867522409494045,LGA,4978
668902093131935246,LGA,13583
668902255426418000,LGA,13791
678710313922536057,LGA,11806
678788359112415515,LGA,11448
678794291818450722,LGA,15241
673865940435507299,LGA,10508
673873192225899360,LGA,10091
673874846826602871,LGA,12526
673891949409493355,LGA,10115
673945070295033994,LGA,13937
673978775729099603,LGA,12607
674000890781448536,LGA,7227
674009411610783803,JFK,8896
674040603017953502,LGA,12561
678851274729740778,LGA,16250
678853457233224820,LGA,7096
678876863179024660,LGA,17271
678919180976813127,LGA,16256
678955228217767382,LGA,17763
678968165461368245,LGA,15740
679083434084759443,JFK,14777
670578061835591281,LGA,11807
670760245146901007,LGA,14966
670797178397299587,LGA,17441
670869996943190290,LGA,13837
670870838934272298,JFK,7876
671034927249204257,EWR,33958
671053676457324655,LGA,15856
671093035569281358,LGA,14462
674043655320352871,LGA,19385
674117411689401093,LGA,13937
674289725303082989,LGA,3367
674524605711151888,LGA,21084
679119267864920124,LGA,21281
679558822608911685,LGA,15654
679604722787295688,LGA,6709
679610066679499298,LGA,12701
674573762284442785,LGA,14646
674641911507626377,LGA,22288
671123801706291795,LGA,10015
671188401549574869,LGA,5826
671197809028227677,LGA,6088
671595380930437038,LGA,13618
671650608187114753,LGA,18763
671658213452240171,LGA,14897
671717284247808828,LGA,13464
671719926157001801,LGA,16618
674900479261224037,LGA,13039
675147298695151692,LGA,14659
675489669821327713,LGA,11491
675637354003240171,LGA,10015
679639039552683894,LGA,15596
679669067993743821,JFK,16919
679674057718086634,LGA,8913
679702021882633653,LGA,25604
679737864262116907,EWR,26369
679750050214460766,LGA,15328
679789376101116375,LGA,16732
679793888125076039,LGA,17793
679810163377737065,LGA,11444
679820840001432631,LGA,12575
675765317337436091,LGA,10845
671732447545454504,LGA,13470
671745578734344543,JFK,23504
671757203904977852,LGA,11344
671831802785282113,LGA,10015
671852433528637182,EWR,21677
671900378304577311,EWR,28144
671904924954937418,JFK,16182
671988286121132662,LGA,16585
675894671648952785,LGA,10484
675959117355164668,LGA,14864
676078765992325073,LGA,11117
676206857756954751,LGA,23012
679857043553287443,LGA,13335
679903477039048830,LGA,16280
679987510857371972,JFK,12081
680280955847184022,LGA,20383
680330991490808518,LGA,13158
680341463529754504,LGA,11174
680360485707632968,LGA,15655
680442938388437436,LGA,5623
680477646462919105,LGA,20445
672289464526690179,LGA,13759
672291117149229775,LGA,17612
672459717259106879,LGA,14033
672500835605671640,LGA,15042
672522014124319806,LGA,15219
672527145784967504,LGA,14437
676691150991486082,JFK,15287
676705749178508791,LGA,11286
676709338551896783,JFK,24347
676731522676199403,LGA,16833
676737279656757218,EWR,30651
680484863680480626,LGA,12569
680506283244593374,LGA,12592
680527395305587176,LGA,4318
680550539811300085,LGA,21145
680557505870104482,EWR,24683
680563059050396133,JFK,15488
680586350161738984,EWR,30454
680609560461132351,LGA,15476
676778209945329666,LGA,15342
672584509447841012,LGA,17999
672679520595641012,LGA,14401
673065585750527297,LGA,15588
673102765757221060,LGA,12182
673171576876246023,LGA,13407
673213798306719028,LGA,24127
673259519238099266,LGA,17552
673302194338130414,LGA,22878
676802005388260537,LGA,19469
676810214656585436,LGA,28505
676955867231155817,LGA,2493
680847139950470129,LGA,4124
681025139336985246,LGA,10793
681095875381595879,EWR,29557
681164404044413348,LGA,11117
681183272731076396,LGA,12629
677064038629345796,LGA,17267
677140188770256698,LGA,5519
677152319340682750,JFK,14680
683326142665670776,LGA,16671
683349159262420204,LGA,9903
683368120186220988,JFK,8196
683521188198131996,LGA,17886
683523642121128796,EWR,29276
683756499047497194,LGA,14248
677408866265433530,LGA,2319
677481616825247069,JFK,24767
677538041688162695,LGA,17981
681210158470081528,JFK,17946
681296327139376370,LGA,15609
681340518773187020,LGA,14774
681380028722476177,LGA,18629
681504125966887847,LGA,4261
681520430140459985,LGA,4261
681533496702991847,LGA,4261
683832772356785161,LGA,11133
683855848444214769,LGA,13105
683856808253507761,LGA,14983
683909861921823774,LGA,12894
683917359584827882,LGA,17131
683927980325010111,LGA,15929
683996557814541468,LGA,19399
684032725886785671,LGA,13853
684038725769965643,LGA,13376
684039950274738818,LGA,15172
684061540597852601,LGA,12956
684167152890227720,JFK,10228
677666479277771695,JFK,15554
678035888016921335,LGA,5913
681548825618098245,LGA,4261
681609393472185980,LGA,12391
681730243323738679,LGA,12606
681805560172871680,LGA,5795
681942422763550516,LGA,12962
682011038406152082,LGA,17618
682535527513924139,LGA,11251
682569640765881074,LGA,15488
678213347614482633,JFK,16905
678216792904885634,JFK,12005
678299990425384008,JFK,12098
678307673647236628,LGA,12698
678320552070670465,LGA,16199
684333733159579768,JFK,6426
684335173772455036,LGA,10301
684342030838981455,LGA,10724
684380893411439779,LGA,11124
684533628871857518,LGA,10031
682641202868881015,LGA,12931
682739715009522200,JFK,7563
683226302696572362,LGA,19774
683259855400881147,LGA,3740
686948308860858742,LGA,12455
686956328127294822,LGA,13909
687143636484310713,JFK,24864
687213757947864332,LGA,19530
678331335413405358,LGA,20409
678437875562130185,LGA,14469
691912167824183117,LGA,14560
691916839536951122,LGA,14425
684598459983753356,LGA,12203
684685929473485562,LGA,13995
684753116716834893,LGA,11344
684777616434180638,LGA,16433
684788720978219067,LGA,15379
691948132177132137,LGA,12038
691963044801266991,JFK,10257
692027859282829341,LGA,14832
692075948348759261,JFK,5795
687351522421269786,LGA,7314
687561322939099711,LGA,13414
687654908406137989,LGA,25639
687698474968214276,LGA,15995
688347307752642589,LGA,13102
692125334129380493,JFK,10408
684815654246207718,LGA,15507
684818345183889619,EWR,15913
684845666675241305,LGA,12408
684918328617783376,LGA,12311
684960054251261950,JFK,8913
685107881527039066,LGA,13332
692154261804082226,LGA,5225
692185719708852412,LGA,14429
692194279143080319,LGA,14927
692200007832969582,LGA,14479
692217645174890864,LGA,15678
692252792758522886,LGA,14898
692345486097351709,LGA,14451
692378138313449984,LGA,14521
685395980170030260,LGA,15534
685457110179966644,JFK,25449
685479595715868125,LGA,18980
685557273719009254,LGA,14425
685585785808625737,JFK,20105
685588304301383800,LGA,15322
685623166091060477,LGA,16257
685666561879713046,LGA,15479
685669351584584501,LGA,14633
685676699427435848,LGA,14622
688439859259240086,JFK,9640
688475381592613781,LGA,5241
688500937567104673,LGA,5489
688602835794547518,LGA,11854
688696272821787483,LGA,6219
688995040218369146,LGA,4706
692387294521905195,LGA,14859
692387706860229243,LGA,14647
692387808563178909,LGA,14864
692599752789657674,LGA,19451
692641654304732985,LGA,21393
692677118136223825,LGA,19652
692677180661715061,LGA,22021
692700316570921760,LGA,21468
689043579053364669,LGA,1734
689090528824596886,LGA,15035
689097846834777912,LGA,10762
689168899782649267,LGA,10504
689295463908141843,LGA,6799
689338762468533158,LGA,14140
685706917487823608,JFK,16300
685726194938497987,JFK,16250
686081419344249200,LGA,14084
686088987656857863,LGA,10563
686165744322965219,LGA,17360
686167351012894994,LGA,20639
686188355262073294,LGA,17118
686224538952004466,LGA,6345
692726447958336704,LGA,21419
692759176797642090,LGA,21567
692810208844929987,JFK,13520
692813905111173363,LGA,19966
692931991563879774,LGA,15141
693291705293690136,LGA,11992
693332520080553680,LGA,8478
689759067944171480,LGA,12115
689860101947398104,LGA,6966
689890425467758374,LGA,10721
689892790771456013,LGA,11507
689915773903422973,LGA,13139
693451056866395915,LGA,13935
686325667143369470,LGA,24945
686417098893252591,LGA,17419
686850958889728569,LGA,18878
686913481730758774,LGA,10367
686946682932820685,LGA,15453
693452603520851951,LGA,15530
693492812081694815,JFK,6881
693567361025762253,LGA,14131
693619339991699741,LGA,12550
693681944305880340,LGA,17013
693682129068012891,LGA,11861
690026595251511990,LGA,19861
690028967517364430,LGA,14138
690036302901424615,LGA,12152
690037658614567343,LGA,11308
690070364410526409,JFK,20310
690231158885167522,LGA,16707
694012875906713942,LGA,13577
694024141571245527,LGA,15001
695575113098792324,LGA,13270
695587837737576376,LGA,12590
695645035940802712,LGA,20294
695685012481775604,LGA,24822
695688904235544228,LGA,15146
695742749164895552,LGA,12135
695755456324715761,LGA,12156
694085224169979111,LGA,12176
694207890420253457,LGA,13343
694208483636229401,LGA,13534
690456760581628693,LGA,11119
690475685515719489,LGA,19440
690537802369649949,JFK,22585
690552616328239393,LGA,17672
694248076453511420,LGA,20231
694261490272490565,LGA,16055
694277163270989131,LGA,14424
694387559588416753,LGA,13242
694405510672672330,LGA,12963
695757611557146564,LGA,11785
695779291962525074,LGA,11961
695793844031730151,LGA,22896
695817663464762787,EWR,23952
695923766308374088,LGA,11029
696203267090675587,LGA,24040
696408170720458028,JFK,11573
694730806676379784,LGA,16707
694769596180562086,LGA,12737
696453300870035307,JFK,6086
696460039951904084,JFK,6130
696522438499806958,LGA,5146
696558738505882577,JFK,24651
696607933704936182,LGA,5146
696614683123032785,LGA,15862
696616459846609727,LGA,15663
696618978992271885,LGA,5146
696620581974515556,LGA,16340
690787676906691363,LGA,9686
690789292617238611,EWR,15261
690814821959585555,LGA,12605
691109892839269230,LGA,15368
691161893025139013,LGA,18717
691169735744906187,LGA,18526
691173081458173580,LGA,12387
691255376289428094,JFK,11007
694859929654131083,LGA,13997
694859987865921785,LGA,14897
696623677328852773,LGA,15964
696811607506823150,LGA,12707
696897568852506833,LGA,15220
696897885891595504,LGA,17552
694897398595994504,LGA,11760
694902191509735869,LGA,12220
694928981372858824,LGA,14792
694930103507598445,LGA,14696
694958372781022948,LGA,20421
697155684676038214,LGA,13644
697162273018281181,JFK,5797
697216048380406500,LGA,7485
697369019894201104,LGA,13551
691255512367890158,JFK,11007
691270986280465661,JFK,7590
691287196886058167,LGA,13345
691362988978008446,LGA,15068
691414042580306814,LGA,13895
691440340919194195,LGA,11122
691523395653351965,EWR,36069
691569646575996680,LGA,14609
691653368293101718,LGA,15624
695060989831158809,LGA,3779
695135968242041566,LGA,4617
695343343573591644,JFK,8389
695447606081906268,LGA,5800
695488688975869568,LGA,14008
691676460109271194,LGA,15696
691684916095150541,LGA,16334
691767025683358245,LGA,16906
691811914823074708,LGA,14835
691865820282757967,LGA,14525
691905182126336286,LGA,14420
699900472291364183,LGA,16052
695515249027746508,JFK,15998
695539871397026127,LGA,11193
695544287663396890,LGA,11193
697714446235246853,LGA,11602
697719311988590720,LGA,19361
697768254837542779,LGA,4931
698083825440599492,LGA,19503
698089546533464498,LGA,6004
695571491830508727,LGA,10382
705090791379955493,LGA,15320
705092395335030529,LGA,11319
705093546823502977,LGA,15298
705098036070886749,LGA,14695
705164127784347385,JFK,25337
700000812390093269,LGA,28164
700003119167999746,LGA,15601
700064775616824780,LGA,11005
700088418861058994,LGA,12827
700111269108709591,LGA,14417
700146181833846394,LGA,14650
700246592261412587,LGA,14652
700541785124718676,LGA,11901
705279229767442266,LGA,12819
698371147649198204,LGA,15716
698398472027614415,LGA,14462
698419852045609952,LGA,12410
698451569987978758,LGA,13050
698473836731921553,EWR,29989
698652438608360566,LGA,17363
698665597836185143,LGA,24584
705299351835293272,LGA,13506
705306134462780216,LGA,13691
705320706869030009,LGA,13668
705384795679376315,LGA,13588
705389873738014950,LGA,19126
705397728780327740,LGA,18527
705424352499354914,LGA,18552
698672087827554947,LGA,20374
698690204501230734,LGA,15728
698690678897268945,LGA,12744
698726604633974540,LGA,17686
698812600923000746,LGA,19244
698893427097590418,LGA,16205
698952060530193546,JFK,5536
699081955951522189,LGA,13332
700568844878553081,LGA,13253
700586064334508163,LGA,12146
700629595665616550,LGA,17206
700656334389279385,JFK,5624
700690819241202734,LGA,18522
700702850623136200,LGA,10277
700731410900565809,LGA,18920
700777447801988252,LGA,12400
700819811164895055,LGA,16729
700850368069608837,LGA,18333
705438631142622558,LGA,18552
705444904455940964,LGA,18552
705701235826157421,LGA,13215
705712753930029428,LGA,16501
705903037541353700,LGA,14315
705938583194518339,EWR,20146
700855290806384555,LGA,19419
700871408306613219,LGA,14578
700888293266225258,LGA,15662
700893842468034810,LGA,15968
700962934143319603,LGA,10997
701279449329328106,LGA,19280
701301328743911799,LGA,20319
701321715853254012,LGA,12002
705960660317173546,LGA,22843
705983605034112203,LGA,14542
699168737421368390,LGA,15066
699189080597169915,LGA,21034
699219056401621013,JFK,14080
699238002983385662,LGA,9152
699239642948521140,JFK,5895
699287688809132434,LGA,24373
699354979403842297,LGA,6113
699383408601565388,EWR,15594
706103073370158062,LGA,12168
706367279048593468,LGA,4873
706489590710398823,LGA,13274
701327529930434947,LGA,13837
701343273401697008,LGA,13837
701345962006300397,LGA,13415
701352651977610667,LGA,13837
701389905710753121,LGA,13027
701401510655012752,LGA,17066
701478587424915639,LGA,12156
701504561702033782,LGA,14541
701628011751305103,LGA,2163
706670190539378189,LGA,13488
699498492683663177,LGA,15402
699799295716034636,JFK,6864
699862597447371397,LGA,11475
699867644911279327,LGA,12016
710390925155739661,LGA,19231
710726635217898143,LGA,10601
710743600315683032,LGA,14186
706749317126636033,LGA,19240
706785767610887259,LGA,13552
706948802191867977,LGA,13699
706995781271751600,LGA,13951
701924156799918023,LGA,14498
701981073507216587,LGA,15247
702005190750685766,LGA,16974
702011787477127477,LGA,13278
702015743416166619,LGA,14734
707176930993535300,LGA,11867
707250744053305867,JFK,22229
710763466304966408,LGA,20942
710826296034073493,LGA,15367
710878298179390241,LGA,17313
710890195983972232,LGA,14826
710897185427371328,LGA,11774
711043549546928169,JFK,10442
711099239733543956,LGA,21320
711477188594962909,LGA,10434
711501151642222800,LGA,19886
711610182466435235,LGA,11381
707545277974486775,LGA,25877
707776965375863518,LGA,8625
702051927069357008,JFK,23118
702151892808700267,LGA,19585
702151942322613794,LGA,19658
702182051146913189,LGA,6957
702234705476101326,LGA,16333
702360768619906155,LGA,16538
707951038061444439,JFK,8243
707958114252508497,JFK,17406
708005695505462051,LGA,18596
711630267993788729,LGA,13605
711637483502170664,LGA,15077
711820084444046096,JFK,24562
712191801514007811,LGA,11452
712203688268700761,JFK,14048
712211225378154664,LGA,16650
712211756060399505,LGA,15803
712234090137382640,LGA,17089
712259421592289934,LGA,5730
708072093129700898,LGA,15463
708126097161266393,JFK,12869
708204769870618920,JFK,9092
708233950807009909,LGA,10862
708495014350230261,LGA,5003
702747529352284354,LGA,17307
702953973018419988,LGA,11702
703477777113329774,LGA,15008
703482585590551120,LGA,17629
703673081008153191,LGA,7563
704187120309184131,LGA,10827
708553815454088469,LGA,14429
708593748254632873,LGA,13888
704255897463350082,LGA,14586
704369158423712706,LGA,11535
704441295872491081,LGA,14032
712271296660203021,LGA,16098
712281667658704072,EWR,15420
712285563313632501,LGA,13513
712317270824038988,LGA,25518
712377668023114014,JFK,9614
712795713817372750,LGA,24091
713008213144612817,JFK,13188
713136715421041302,LGA,6228
713185241032100746,LGA,14427
713214108006823555,LGA,21355
708784876021513580,LGA,10858
708808138924351782,LGA,11224
708883217066615089,LGA,15640
708991049578397838,LGA,10691
704509709325061320,EWR,23881
704584079874764058,LGA,13176
704603985956988065,LGA,20045
704784534051457441,LGA,12996
704856393767697728,LGA,14138
704897605995886312,LGA,22604
704924951363219080,LGA,31306
704925015465957888,LGA,2238
709322814736031533,LGA,15833
709322845715748398,JFK,9709
709359790734858050,LGA,19711
713214379982079823,LGA,10825
713238888940954995,LGA,25048
713252716801514128,LGA,19144
713297417910028754,LGA,15032
713556504588749227,LGA,11575
713690174109417452,JFK,14641
713696585074780233,LGA,3723
709364398556175620,JFK,10017
709370156914396553,LGA,11118
709375379081321949,JFK,10040
704960933715417604,LGA,1883
705004710308579542,LGA,19087
715330674852310027,LGA,13882
715331215192876668,LGA,13882
715332535821520790,LGA,13882
715332697833872098,LGA,13882
715338931943461004,LGA,14545
709533840920714673,LGA,15960
709538422466881714,JFK,17464
709989735145005464,LGA,4429
710109513630547162,JFK,15015
710165384487980305,JFK,17216
710185881341802225,LGA,5640
713742380592686364,LGA,20088
713834359204438567,LGA,13662
713836647349232871,JFK,15020
713920711978791782,LGA,19548
714000161449042513,LGA,17447
714287337671664534,LGA,14734
714326525468073992,JFK,16540
714368791106415814,LGA,20936
715350310635388569,LGA,13164
715396870203139220,JFK,16674
715397508249778602,LGA,16847
715486791878836690,LGA,10212
715501176123029895,LGA,12025
715579236224105612,LGA,15577
715656179412377243,LGA,16173
715656999511634651,LGA,12727
710330070838976659,JFK,23265
710385179558087687,LGA,18704
710385606950283114,LGA,16169
720301145851339224,LGA,7009
720488795152405211,LGA,10907
720499956736661192,LGA,17466
715842881002822241,LGA,10290
715843557995962569,LGA,15166
715969830545996246,LGA,13063
716141628555857031,LGA,24268
716359039183246493,LGA,15654
714474551539929407,JFK,9715
714494752693308199,JFK,25269
714525070567154089,LGA,6931
714525159374684074,LGA,6855
714527517050377664,LGA,13574
714527856020761530,LGA,13834
714527931805091670,LGA,13198
714528028978107172,LGA,13834
720505365691423669,JFK,7337
720634340601945336,EWR,24168
720710154234486243,LGA,14091
720734674577622946,EWR,24282
720788233766408840,LGA,19438
714528356937191116,LGA,13834
714528519763158457,LGA,13834
714528682440070396,LGA,13834
714528842855635500,LGA,13826
714567353707182889,LGA,11300
714646922500528314,LGA,13702
720862992345912073,LGA,16378
716487547165088716,LGA,6719
716518412795445502,JFK,22142
716560648283336637,LGA,22967
716577023762617548,JFK,10311
716579970852567086,JFK,10428
716606118813933853,LGA,2183
716819070349981256,LGA,15649
716924236838890483,LGA,7709
720896670635654011,LGA,17132
720940670470827692,LGA,15850
720984712450297572,LGA,23413
714820895011326478,LGA,10015
714936072143571657,LGA,10978
715016585645632744,LGA,10015
715019792407184814,LGA,10015
715020931107317711,LGA,9630
715023902393711266,LGA,16339
715129818689885030,LGA,20118
721000569241610344,EWR,29901
721009702892259433,EWR,20679
721135809916651324,LGA,4183
717197794672647065,LGA,11382
717220830029391123,JFK,8676
717373799370447236,LGA,16369
717434452159962692,LGA,18657
717557610336262134,LGA,20940
717934854636856044,LGA,9008
721215691788584480,LGA,15762
715268612092343760,LGA,8243
715330304780837039,LGA,13882
724258438851833345,LGA,14675
724285069714184078,LGA,3417
724285328464936245,LGA,3363
724442948593741619,LGA,17948
724478427910818191,LGA,19857
721339316862852742,LGA,11223
717948583679772145,LGA,6586
717989014406445763,LGA,14447
717989379478373538,LGA,13150
718031653455200639,LGA,13612
718037328155265207,LGA,10985
718045777713069841,LGA,12779
718113626026834032,LGA,23448
721612728001471389,LGA,12277
721733540827419505,LGA,13845
724511815615022203,LGA,21927
724513783589902461,JFK,12731
724517724355614663,JFK,12203
724518292928075902,LGA,13633
724535783876553795,LGA,12010
724547158315559722,LGA,13533
724635668635496527,JFK,17385
724687619261429246,LGA,4007
724712165452391439,JFK,14820
724719197235678837,JFK,14733
721751344187456272,LGA,18737
718333714865500745,JFK,11341
718346128793838109,JFK,10550
718389176579416848,LGA,14001
718680878969125336,LGA,15717
718760700475330223,LGA,17406
718789323133836515,LGA,21178
718814212312265324,EWR,29692
718872680332254558,JFK,5914
721846250448319952,LGA,11260
721869934612599931,LGA,24000
721904195594487495,LGA,6234
721912126539392246,LGA,21366
721917164353135853,LGA,20710
721927508792405981,LGA,15199
724727129214369671,LGA,14858
724835120949186187,LGA,16018
725073741505940799,LGA,13301
725088224980807119,JFK,23602
725115492238831030,LGA,14949
725127683573391265,LGA,21874
725174632104784756,LGA,10392
725201256638546056,LGA,22012
725207627976588501,LGA,21448
718911506276427092,LGA,14464
719054235443116316,LGA,10367
719058422411140581,LGA,20542
719062366977533285,JFK,26784
719099870887169579,LGA,2965
719127902147162360,LGA,5686
721959611016208603,LGA,14301
722174109497563429,LGA,12002
722303686947165307,LGA,18268
722328771203163875,JFK,6419
725211850843486191,JFK,7640
725243436882376244,LGA,13064
725253395449891146,LGA,12996
725265752067758226,LGA,14163
725267821235974034,JFK,13202
725279153695249377,LGA,13022
722416737381606975,LGA,14105
722449899271854422,LGA,16096
722492556613373205,LGA,14611
719132295331082716,LGA,14352
719236297825192290,LGA,12232
719285097117124253,LGA,15220
719285408977754914,LGA,17169
719358307043508558,JFK,16805
719424749652587023,LGA,14817
719495891698342037,LGA,17143
722621339681261744,LGA,15981
722667459085480621,JFK,15157
725284817891446470,LGA,13259
725374269862818359,JFK,15459
725482656106188093,LGA,15193
722724523887446094,LGA,9768
722748515511570066,LGA,14658
722764556457111282,LGA,12829
722788537831890600,LGA,10009
719520596476855202,LGA,10497
719593216551653075,LGA,19291
719778089121701138,LGA,16127
719995268388951520,LGA,15557
720072722198622483,LGA,11731
720182762767765576,LGA,16649
725591176014925644,LGA,20023
725792455364919003,LGA,15814
725792742255312604,LGA,14238
725832343729707990,JFK,9438
725966967587357427,LGA,14464
725981859408433983,LGA,9025
723029810986239533,LGA,12948
723141727755088232,LGA,17343
723290057134167937,JFK,9798
726679319187119772,LGA,20768
726691054073114790,LGA,2736
726795202821831233,JFK,8138
726871477775738378,LGA,15338
726911215820092470,LGA,15760
726980561418178924,LGA,17564
726998314453788976,LGA,2069
723312573019470197,LGA,6174
723322724964202008,JFK,10331
723326004107290023,LGA,14810
725986142193287056,JFK,10855
726018745632954909,LGA,6473
726026082789429635,JFK,18374
726038186245781989,JFK,18537
726051328615599170,LGA,14209
726057650522445330,LGA,14209
726064730287611587,LGA,14209
726065035073784943,LGA,14209
723396979906254244,LGA,13233
723404316908135712,LGA,3201
723456435927632001,LGA,23628
726070710428229569,LGA,14209
726074123553985535,LGA,14209
726077999015035223,LGA,13220
726080284648377138,LGA,14209
726080714216367305,LGA,14209
727002652481662101,EWR,20870
727067452156246364,LGA,25793
727094584087324095,LGA,17301
727094751882208933,LGA,17108
727195003556962655,LGA,17011
727195064267167304,LGA,17031
727312631524178549,LGA,14364
723486009288550240,LGA,12977
723822033416473918,LGA,11816
723861207309008728,LGA,11844
723878111397724292,LGA,15512
723956849520711622,LGA,14630
724100094009004913,LGA,18841
724108112790458125,JFK,10233
727329511774515361,LGA,13375
727393508691090676,LGA,20768
727393620129250709,LGA,17174
727394016312534644,LGA,20768
727439577532735416,LGA,15094
727457092217293467,LGA,21301
727496523979033427,LGA,16512
726112702825047806,LGA,6180
726119851349364741,JFK,24675
726146340579191842,LGA,15742
726191136045733121,LGA,14189
726205107648048166,JFK,14691
726219384836980038,LGA,16585
724164762115465599,LGA,12700
724176268503296364,LGA,13046
724176305399511436,LGA,12718
730986962526556970,LGA,15315
727563616843537662,LGA,14209
727563795390098633,LGA,14209
727563987822777761,LGA,14209
727602214221214247,LGA,10010
727635111550428709,LGA,13834
727734064500278359,LGA,2231
727832613571928027,LGA,20239
731214915263523282,LGA,1584
731237194552561506,LGA,14095
731276005376621259,LGA,14675
726344889201919789,LGA,13869
726412384135678928,JFK,16882
726469632450695613,LGA,15422
726505320137651736,LGA,12245
726579130880945632,LGA,14702
726626309889942397,LGA,11617
726667728496451227,LGA,17940
736143192475629940,LGA,12496
731279097670482626,LGA,10961
731342456361090851,LGA,26702
731363063067597348,JFK,13132
731375908393497665,LGA,13574
731712826444841903,LGA,13837
731729526869469898,LGA,14380
731784525862689115,LGA,22658
728085702664098904,JFK,11985
728160311581420967,JFK,22928
728193530651281929,LGA,18659
728283927534298491,LGA,6217
728324579254521292,LGA,15431
728469995983065455,LGA,10351
728795847476708926,JFK,6758
728898265855426177,LGA,20848
731800309107118826,LGA,11974
736148738990041271,LGA,14428
736216304989788040,LGA,16031
736216685759993219,LGA,11562
736306604387468764,LGA,16023
736313238393733602,LGA,15982
736330645469694030,LGA,1920
736420734072697799,LGA,4731
736427204561194184,LGA,8786
736446347557912709,LGA,5469
736462450819335206,LGA,2934
731820184781162841,LGA,17206
731852946981388150,LGA,11453
731903556064617611,LGA,15473
728959740839453264,LGA,19494
728974638707556180,LGA,13357
729000632141002581,LGA,11538
729009942205510892,JFK,10314
729011132612075891,LGA,11591
729020850035785862,LGA,11769
729079841065362453,LGA,19929
729093021465019177,LGA,1650
731940007156884626,LGA,11516
732015468917137084,LGA,14634
732081188915968486,LGA,18590
732109804589016317,LGA,21811
736479219797807190,LGA,18292
736678331800252109,JFK,25634
736732701163914761,JFK,10765
736883715878353399,JFK,9377
736935741903228510,LGA,16211
736935903731706713,LGA,14875
736937979271475200,LGA,17923
736965655445471779,JFK,10040
732407002362979676,LGA,10875
732412230246403599,JFK,13047
732499499283055968,LGA,10416
732530709907169836,LGA,10416
729096618222905266,LGA,19405
729125823009270662,LGA,2033
729185297231443131,LGA,14645
729559350454124966,LGA,15000
729567707956628031,LGA,19891
729610276083038542,LGA,14937
729721629145505897,LGA,10421
729745044802488456,LGA,21081
732575553845138314,LGA,3549
732676772301128352,LGA,12917
736985875740793560,LGA,16211
737015982193204327,JFK,10244
737077373962465110,LGA,25214
737130536861792516,LGA,11898
737188583474491405,JFK,13230
733181162645786973,LGA,11614
733203158811776159,LGA,16998
733219724258180821,LGA,11344
729790014222031318,LGA,12195
729814772008750766,LGA,11890
729851683107334670,LGA,13417
729851909412860042,LGA,13645
729882104428326289,JFK,13416
729901170307417800,EWR,33979
730146657324424694,LGA,14382
733422980036577408,LGA,23824
733643513468176349,LGA,10988
733771384971943418,LGA,20674
737373064682765825,LGA,16075
737474142949878796,JFK,17019
737535736317180074,JFK,8880
737539992975231292,LGA,14470
737567109090743244,LGA,10638
737616938369086269,LGA,14209
737647813122514311,LGA,11137
734033945493294651,LGA,7323
734060738824589056,LGA,15317
734088502582394286,JFK,8757
730151695984674528,LGA,14382
730320770789117629,JFK,8272
730322098122161810,LGA,13519
730384944915172215,LGA,14570
730397424509623614,LGA,10806
730539617976108809,LGA,7339
730574439705544433,JFK,8146
730620209721699066,LGA,12600
734137973420177752,LGA,8012
734146997394470152,LGA,8073
734154018348711412,EWR,23401
734167560905310417,LGA,15433
734217966968048115,LGA,15517
734218369429025853,LGA,15626
737718519546722846,EWR,19710
737853468116887919,LGA,18901
737873907630409682,JFK,7259
737877918821333784,LGA,11928
738550730671307518,JFK,11175
738594574645655257,LGA,11015
730806224413736320,LGA,13633
740654894919684749,LGA,16140
740725192615343242,LGA,21957
740743485713081436,JFK,7915
740805106520747832,JFK,5834
741178664950324853,JFK,10451
741203384678717076,JFK,7794
741224200594669992,LGA,12590
734234083570975359,LGA,15712
734241935990286841,LGA,12725
734299289826981049,JFK,15923
734505370282762658,LGA,14203
734508389359559075,LGA,10845
734632429122941216,JFK,6519
741243111598984805,LGA,12590
741258879565847173,LGA,20733
741259529129879788,LGA,14765
741260126908890860,LGA,28382
741287817783270966,LGA,14189
741304412879165092,JFK,8211
741304743431862990,LGA,14150
734670689144946957,LGA,12973
738673555884916721,JFK,23191
738962214400586787,LGA,4168
739023711602043484,LGA,18048
739112539830946258,LGA,21212
739195121853682695,LGA,14943
734682208263244829,LGA,18080
734711419793571699,JFK,10358
734738222848364398,LGA,14068
734810929658737801,LGA,19682
734846747989529693,LGA,6989
734856159054967893,JFK,9405
739232719991932583,LGA,15736
739314926079159676,LGA,17089
739315499050884201,LGA,17089
739333866230665371,EWR,28924
739353430791373395,LGA,18888
739670023874151238,LGA,14091
739758265100844130,LGA,13937
739776077107508523,LGA,5073
739776411733999088,LGA,10950
741407967250747313,JFK,14536
741416829933711693,LGA,11867
741531697395335107,JFK,8400
741630536336437867,LGA,17262
741730313598556488,LGA,14376
741855432786425988,LGA,12590
735286735702558767,LGA,16878
735423541309079837,LGA,14875
735531096154997193,LGA,24913
735551051888273909,LGA,14645
741856106447591515,LGA,12590
741867669405328335,LGA,12590
741904760414691668,LGA,15047
741951889226170199,LGA,13937
741962066446182403,LGA,12590
741962324502200158,LGA,12590
741971895925871723,EWR,16363
735612595906525217,LGA,13693
735631763810679610,LGA,11728
739834417351177521,LGA,20091
739895361417621462,LGA,13206
739933686932667572,LGA,15315
740118115021378182,LGA,17008
740362442397130150,LGA,12245
740405625762067517,LGA,19786
740414959590827579,LGA,12590
740430164115683052,LGA,13937
735638043453159182,LGA,10718
735740047616638963,LGA,9696
736049653083835769,LGA,13890
736050174167790500,LGA,19352
740446516694389016,LGA,13937
740514885087653391,LGA,12590
740581159062231033,LGA,15747
740606284690310306,LGA,13937
742105070935395430,LGA,14551
742224718214908605,LGA,14568
742232031742777766,LGA,14169
742244640792040119,LGA,21939
742246741289035376,LGA,14455
742246964097639508,LGA,14109
736067616889139930,LGA,10416
736084795061799206,LGA,10416
736086215467906691,LGA,10416
736089644757189679,LGA,10416
736091766551385632,LGA,10416
736114514393186916,LGA,15971
742550372170721908,LGA,21647
742567489503884321,LGA,7089
742579079773788872,LGA,17650
742687873762810307,LGA,17439
742712860134731702,EWR,24898
742714386869902245,LGA,16670
736131273924020245,LGA,11251
736133252972764787,LGA,12503
736139385311072356,EWR,30182
740630623928708556,LGA,15628
744733352328495344,LGA,12747
744749403071337881,LGA,12016
744770529833440564,LGA,13628
744796548590277337,LGA,10543
744829750133256721,LGA,14556
744865550787331092,LGA,18573
748738181686866655,LGA,16108
748776693953354467,LGA,13006
742715813437890794,LGA,12552
742782792117753136,LGA,17453
742846569646585640,JFK,14975
742998749453434439,LGA,11359
743022845874791243,LGA,18681
743030219130463392,JFK,15600
743044126030965291,LGA,10188
748994847204919928,LGA,12914
744906774156280600,LGA,11515
744908934921683014,LGA,11515
744909621163671206,LGA,13997
744932142269775261,JFK,13318
744935000442450119,LGA,21809
745051425164634863,LGA,19385
749139083726291164,LGA,6897
749278370480262289,LGA,6408
749445915164605594,LGA,17916
749494745811966615,LGA,13840
749496803777210350,LGA,8249
749791080990625595,LGA,15739
745300371158355608,LGA,12295
745377464961599841,LGA,12087
745555272015423459,EWR,36377
745627039931945103,LGA,12575
745632549952601244,LGA,15844
745640311964628437,EWR,34331
749791392549026619,LGA,15739
743048167676584395,LGA,16445
743144725581158434,LGA,15383
743405374131206258,LGA,15848
743407453043625683,LGA,10965
743430766348459803,LGA,24347
743552965365692523,JFK,22696
749808742967848139,LGA,11967
749994404489872607,LGA,15383
749995208680067786,LGA,15653
750023199243457494,LGA,18175
750063210457454544,LGA,16122
745647050744624708,LGA,2914
745688948281946847,LGA,1318
745717159444274973,LGA,4433
745751296696283337,LGA,12727
745755112076050280,LGA,17971
745881711855691249,JFK,15093
746104322016171774,LGA,15342
750101014637158472,LGA,12540
744111974490993924,LGA,10398
744159480269945189,LGA,15967
744215016935384966,LGA,15261
744233285959436628,LGA,15176
744254980057484501,LGA,12737
744262493550796218,LGA,15176
744278325880141330,LGA,10408
744290969874871062,LGA,5952
750300147069701577,LGA,6417
750477267798699634,LGA,16946
750494588662372881,LGA,17673
746116888957090177,LGA,12725
746284414276369998,LGA,15630
746314309007431370,LGA,20401
746373585663654569,LGA,15983
746448940630442819,LGA,13614
746609415323932939,JFK,10988
750505282907380667,LGA,17120
750531394025062547,LGA,11739
750593780976204297,LGA,20038
750630709509833993,LGA,12267
750710871111682947,JFK,8032
744307258225953765,LGA,3267
744359014870528272,JFK,5963
744362529094004795,LGA,11528
752908864541788629,LGA,16369
752921953355238932,LGA,21007
752979158791929975,LGA,7700
753356086346283078,LGA,21286
750723710285471751,LGA,24801
746667852407531509,JFK,10775
746831602893009488,LGA,15342
746852890077275772,LGA,19666
746896926309492595,LGA,13498
746925705111006704,JFK,11244
750753904000998400,LGA,16066
750835631234831601,JFK,11158
750848976700866789,LGA,18793
750878732923935980,LGA,15330
750897244570425014,JFK,10085
750900533440778103,JFK,14857
750914635345448241,JFK,6313
753529524355833512,LGA,21798
753574482609407847,LGA,1473
753584699878284731,LGA,17442
753625625566767209,JFK,15124
753925994443114374,LGA,6797
754134478242726210,LGA,15449
754261198080724775,LGA,14883
754303014491958884,LGA,12527
754305296891617366,JFK,11059
750934716608055913,JFK,6313
750938225856054796,EWR,31943
747005133469053153,LGA,10925
747020141188283669,LGA,18085
747024222007908598,LGA,16849
747034634993520165,JFK,10088
747128578147440471,LGA,14853
747270118567165916,EWR,31342
750941542611047167,JFK,6313
751003075015712590,JFK,17099
751033566635378285,LGA,11265
751197861486680304,LGA,15342
747271541986706190,LGA,15960
747281464541904800,EWR,31352
747286094460461568,EWR,31652
747698059198507352,LGA,11823
747718813171243776,JFK,10994
747722195492393579,JFK,11040
754330591139720659,LGA,17117
754389618036593839,JFK,10048
754396050080864336,LGA,16670
754446798370738102,LGA,23153
754495019590401182,JFK,10247
754531862309177538,LGA,6140
754532333314771606,LGA,15527
751264243680317608,LGA,16170
751266564043593979,JFK,14503
751321782606558940,LGA,6618
751327449938511809,LGA,11183
751359271785565868,LGA,15450
751398972746724429,LGA,14307
754581485916391724,LGA,19895
754604578608166118,LGA,11582
754619431849960594,LGA,11469
754705050508576196,LGA,2143
754903813460937923,JFK,11607
754912501009020897,LGA,19965
747788176671061849,LGA,14535
747795788052579372,LGA,13115
747811979906699962,LGA,15599
748008078823445006,LGA,15864
748057680426693490,LGA,15645
748470011797003577,JFK,8243
751497620345877714,EWR,33710
751527152443176010,LGA,14407
751544681082578652,LGA,11352
751560271396048113,LGA,15314
751590253777641465,LGA,14524
751699636457395715,LGA,9161
751733068317841365,LGA,19218
751800577747138674,LGA,12754
748493536087479146,LGA,3156
748515135755016899,LGA,21882
748515700543196083,LGA,12486
748531874860758183,LGA,15650
748649452367589640,LGA,15901
756650222823891886,EWR,25879
756660534724054097,LGA,21857
754964975725392895,LGA,19731
754970276793406798,LGA,12968
754979566412995800,LGA,13932
754983216992524823,JFK,22762
755105772226825440,LGA,13115
755220737964381713,LGA,16729
752069608196724586,LGA,15342
752070179119385505,LGA,14079
752124019330703900,LGA,19250
752124066836971423,LGA,14708
752124417745502491,LGA,14921
752169617765852622,LGA,12822
755221394406142242,LGA,5827
755236868074533450,LGA,5936
755267697122482301,JFK,4826
755286460663638372,LGA,14235
755330629607514553,JFK,10488
755335551291898531,LGA,19707
755386389542198187,LGA,12764
752296738753328187,LGA,11078
752385716565938223,JFK,5764
756737882259334268,LGA,24206
756886660277220330,LGA,23072
756936791389874192,JFK,9980
757033482728119535,JFK,5871
757149473920319178,JFK,5735
757228774711849799,LGA,6855
752408572450230364,LGA,4906
752408660870357666,LGA,20251
752514414550683953,LGA,11014
752544464812293243,LGA,14082
752655228754167475,LGA,15701
755389547492464436,JFK,20938
755634418778749809,LGA,10051
755673708679842154,LGA,14486
755719193573695714,LGA,18105
755778466825526669,LGA,9221
752655549882355544,LGA,15986
752731434443749551,JFK,9095
757254022509601488,LGA,15077
757277022393109416,LGA,16025
757305191807288850,LGA,16408
757363398086716298,LGA,11969
757406296840445291,LGA,14516
757429076597893284,JFK,12736
757723885731661028,LGA,10845
752831071821066645,JFK,6633
760993455681450466,LGA,19372
755784207238872851,LGA,9980
755798852926375070,LGA,9920
755808864708679787,LGA,11746
755833845116246629,LGA,13198
755863550672124721,LGA,3864
755864309002645553,LGA,4270
756017911613112955,LGA,17089
761060573991467805,LGA,1045
761081163993833414,LGA,16630
761092020586433990,LGA,10459
761095696161301825,JFK,6543
756315002691618118,LGA,24356
756336742747682834,LGA,15739
756337045983238037,LGA,15739
756339762760284119,LGA,14085
756340118753059733,LGA,14085
761354793682533629,LGA,14203
757862019875580464,LGA,24052
757883032406289882,LGA,11478
758170978075093624,LGA,15482
758599843151404829,LGA,15415
758797764317871954,LGA,15635
761440964551045378,LGA,15807
761570023840746147,LGA,3859
761590468027663159,LGA,11539
761613693125925496,LGA,14397
761616212974802622,LGA,20778
761662359690165216,LGA,18131
758848341186428053,LGA,14305
758898382905849482,LGA,19383
758954422050271170,JFK,16336
758972902973903245,LGA,10218
759230767767830325,LGA,19323
759312159547321270,LGA,12233
759327196556438457,LGA,14906
761666718123905227,JFK,7502
756375120285261731,LGA,14989
756540536210360087,LGA,11183
756541905302646211,LGA,24595
756592509277510240,JFK,17504
756606060975862828,LGA,21809
764028832460585546,LGA,14192
764032078303262106,LGA,15299
761689185301754299,LGA,19570
761701570805304167,JFK,15046
761751218620391134,LGA,12544
759395448327677517,LGA,13920
759510323619765888,LGA,13975
759566158217194391,LGA,23830
761811422193396844,LGA,11881
761826648238187131,LGA,17750
761999092943530652,LGA,15353
762106384516079291,LGA,15993
762108355757780127,LGA,15752
764160445270416334,JFK,10956
764204323992384659,LGA,20052
764320625295108312,LGA,15771
764451400540955575,JFK,7119
764496621716415694,LGA,17260
764509534515516743,LGA,5620
764575349543735915,LGA,16912
762235443968582234,LGA,8656
762241527257255051,LGA,12533
762261553288615353,LGA,16970
762286860548970446,LGA,19450
759618126064467893,LGA,7011
759629483491978223,LGA,12628
759644640471449248,LGA,7020
759988921323877489,LGA,11827
760025165140763703,LGA,14813
760067389876708923,LGA,10516
760086536368275287,LGA,10780
760094078662401363,LGA,13289
760108051671400285,LGA,13168
762312160651089421,LGA,14651
764578441677175829,LGA,11015
764580020630815374,LGA,11757
764627669435933018,LGA,22616
764649300374679192,LGA,15302
764766608238216047,LGA,14430
764818957705842595,LGA,11516
762330782833633074,LGA,15453
762354667794020777,LGA,11297
762355634788904537,LGA,11401
762384139940705802,LGA,16970
762388975585026394,LGA,18769
762416913912153218,LGA,29776
760108593429302062,LGA,13218
760173471824448206,LGA,11925
760190109240680941,LGA,11443
760251269720096205,LGA,4311
760265299629196416,LGA,14787
760316248704941154,LGA,14745
760316567719628232,LGA,9880
760370608843977331,EWR,23926
760377148896746634,LGA,16019
765017453608235245,EWR,25631
765087818851158191,LGA,25001
765111841001584233,LGA,13447
765118844676212785,LGA,12595
765148667899215063,LGA,15040
765179360601952018,LGA,13607
765223964875173585,LGA,16025
765229505754817003,LGA,13099
762429245666943839,LGA,16970
762433518245016623,LGA,15285
762458991784656327,JFK,10277
762474821456521478,LGA,16970
762480481580735660,LGA,16809
760425876057039109,LGA,3784
762482097617218325,LGA,16970
762485685708703023,LGA,16970
762491072924707955,LGA,16970
762507882453765581,LGA,2587
762526483701320413,LGA,12501
762544570846570665,LGA,12810
765281056980264511,LGA,13035
765298130099351811,LGA,13978
765327602416869056,LGA,19268
765375246553212456,LGA,11879
765481781441556146,LGA,15955
765673625786204864,LGA,15721
765807287945552082,EWR,31938
762545840532397617,LGA,18871
760808327741861820,LGA,5526
760831577880022251,JFK,10550
760861533251417597,LGA,13837
760914208844849955,LGA,16544
760926154938891092,LGA,23921
766666580976923296,LGA,13220
766667822562345128,LGA,13220
766668331526893858,LGA,13220
766668848962262872,LGA,13220
762771313461890024,LGA,4736
762771372362453042,LGA,4749
765955236862257442,LGA,11344
765990025204967594,EWR,30525
766064842518858109,LGA,13194
766065140823310125,JFK,13882
766096086063180068,LGA,12044
766096522634607786,LGA,14371
766120603819225358,LGA,13144
762777419274013912,LGA,12186
766677884307151479,LGA,11302
766684927171631153,LGA,23159
766760101825533808,EWR,32351
766778023016290813,LGA,20821
766779185445709749,LGA,15060
766811967495913594,LGA,11796
762779684841584616,LGA,15342
762780213003267628,LGA,14464
762828738412800593,LGA,19035
762880885741148037,LGA,15261
763044587478989128,LGA,13498
766139255133320100,LGA,15698
766143851141113634,LGA,12730
766154411511432669,LGA,13721
766185201488093082,JFK,7615
766186374255566430,JFK,6455
766247328646786093,JFK,6858
766254098303221820,LGA,10912
763058020165928394,LGA,14530
763058485614035011,LGA,13976
766867327829311890,LGA,18064
766907082203833190,LGA,33076
766992440128844738,LGA,21395
767231878009646886,LGA,19311
767276831498620840,LGA,14209
767279084872407625,LGA,14209
767290620459168544,LGA,14209
763095935495869214,LGA,13244
763123027753258600,LGA,13273
763125103285604216,JFK,12154
763186374158969600,LGA,15426
766278199081581936,LGA,5425
766544218723906199,LGA,11877
766586863150065296,LGA,14209
766587009305607706,LGA,14209
766587114043547494,LGA,14209
763256920991512311,LGA,3557
767300934500983246,LGA,11612
767307630876781717,LGA,14209
767310025267486207,LGA,14209
767310482416550068,LGA,14209
767335930771824747,LGA,15883
767379256896961469,LGA,19159
767521098040013680,LGA,16323
763697427169274946,LGA,12803
763731966740220241,LGA,15123
763765859890748763,JFK,14227
763886348952916913,LGA,7495
766587876480102462,LGA,14209
766588749535982004,LGA,14209
766590908640895287,LGA,12044
766594780937959861,LGA,14209
766595242178997406,LGA,14209
766602572542480306,LGA,20837
763910718510137075,LGA,19979
767836915829700237,LGA,12742
767916549446056034,LGA,17521
767916883499342445,LGA,17354
767919812132267159,EWR,23848
767964650933745121,LGA,14209
767965856588216036,LGA,14209
763948654655084485,LGA,15689
763998145997517182,LGA,11306
766651417455076043,LGA,13220
766651458567614309,LGA,13220
766655006057705213,LGA,10937
766657348274802404,LGA,13220
766659572645882524,LGA,13220
764009535010619872,LGA,15684
770834159010679789,LGA,5893
770898598733119665,LGA,17767
770939745976357312,LGA,10230
767967646552010782,LGA,14209
767969220192009842,LGA,14209
767971386549024470,LGA,14209
768008444039086418,LGA,13674
768051515089387007,LGA,8065
768054125640023806,LGA,11687
768055416816530644,LGA,13523
770949487661505259,LGA,11094
770951877817471110,LGA,17859
766659920133646601,LGA,13220
766661542029355467,LGA,13220
766662851061257667,LGA,13220
766663775895314891,LGA,13220
766665056551945374,LGA,13220
766666152927296927,LGA,13220
773899230684455375,LGA,17592
770972261780417799,LGA,11819
771020423813768188,LGA,10973
771087689598980035,LGA,15315
768239303625460600,LGA,4080
768276890212217152,LGA,16757
768282087563056680,LGA,16757
768344399966300030,JFK,7597
768367747340818549,LGA,21834
771201666879112794,LGA,15169
774038870783382384,JFK,15188
774049935883707009,LGA,24752
774062557680188919,LGA,19004
774084891829212376,LGA,23535
774129193889231826,LGA,17954
774157814612040502,LGA,15229
774466175446212322,JFK,22303
774620728248082420,LGA,5650
774639072103641181,LGA,22736
771202794766986015,LGA,5697
771229480785827254,LGA,15313
771248576049582925,LGA,15077
771270809241656242,LGA,19805
771499666300242340,LGA,13513
774653715893913056,LGA,15184
774669212621922223,LGA,13787
774720286543224436,EWR,25027
774741244725477536,LGA,21759
774761471642616124,LGA,10855
774766839213283130,LGA,17984
774778034807808122,LGA,13899
774802408005054624,LGA,14024
774826768451201686,LGA,6120
771591241885965586,LGA,14013
768469248929332207,LGA,19269
768858775491753050,LGA,16095
768911582117670134,LGA,15576
768962003786730102,LGA,18773
769042912138905521,LGA,22219
769061333176336685,LGA,21447
769077902215531520,LGA,22053
769203788648758537,LGA,5175
771740206890969653,LGA,5682
771780727594397330,LGA,12806
771814619000188761,LGA,11354
771817036951495110,LGA,15209
771870136610057169,LGA,7216
771918390264300599,LGA,14938
769423344734549749,LGA,14704
769524991917527110,LGA,14800
769596899906615913,JFK,9191
769771789526487395,LGA,13502
769798916111101444,LGA,14109
769820904680056494,LGA,11377
770130015451026213,EWR,15835
774843999742350040,LGA,14430
774847138346502224,LGA,16591
774997494059685168,JFK,11837
775141157558032530,LGA,15352
775328752462827141,LGA,22111
775347520118311909,LGA,19775
775370554168722901,LGA,17798
771962449581256963,LGA,20941
771967712456918474,EWR,30824
772002179366812090,LGA,12948
772003410329132579,LGA,17572
772163145887336030,LGA,5893
772198560326818270,JFK,13510
772234088877834938,LGA,21188
772279462487875919,JFK,11159
775404417497255085,LGA,14146
775404906098039775,JFK,10408
775408101743191192,LGA,14122
775408494394003987,LGA,14085
775492348920244062,LGA,12074
775598595236474968,JFK,9782
775671824116090617,LGA,10096
770201033720908424,LGA,23409
770285871397233955,LGA,15727
770288951055858979,LGA,19940
770290214254588951,JFK,14534
770337906744143594,LGA,15050
770483747373569378,LGA,24507
772304450747416511,LGA,13301
772388654659113138,LGA,17229
772490456980779766,LGA,14209
772492532636629319,LGA,14209
772534152702839580,LGA,14209
775966284146509182,LGA,6506
776027620120107434,LGA,15222
776028553290709192,LGA,21084
772544063239377923,LGA,20905
772582741069585344,LGA,14209
772582827254717471,LGA,14209
772582961050465003,LGA,14209
772583089773437359,LGA,14209
770566178748431390,LGA,10938
770626111287655384,LGA,14226
777662577507681372,LGA,19682
777686245168591491,LGA,5114
777760571218948460,LGA,3595
777772607597688935,LGA,21125
777819432822411458,LGA,15752
778012050970810608,LGA,16577
772583096454227135,LGA,14209
772583145283456636,LGA,14209
772583173495353742,LGA,14209
772583284030848410,LGA,14209
772596782067442622,LGA,12678
772607042480055880,JFK,8453
772683159414917117,LGA,18062
776057468351287439,LGA,15850
776058905828707468,LGA,13646
776072363078619431,LGA,14506
776103242936974883,EWR,30649
776129453363109091,LGA,15601
776152317850229170,LGA,13447
776156499497617272,LGA,16378
776250907335139310,LGA,19392
772725658656025875,LGA,16847
778012566509598679,LGA,17412
778058244021786510,LGA,22865
778085332786348581,LGA,16853
778207541912919166,JFK,15021
778211862154488577,LGA,12088
778240985641311700,LGA,14441
772730056277365796,LGA,23413
772756968091149678,LGA,15060
772767421017560337,LGA,15841
772921509916924055,LGA,15164
772924691509673607,LGA,12408
773015666203783850,LGA,10503
773044313856212611,LGA,10911
776267527494946591,LGA,25922
776332812095106464,LGA,12729
776525177219948145,JFK,13510
776615878891313388,LGA,12876
776620930082932920,LGA,12939
776685513171440422,LGA,11970
773100393141445120,LGA,11085
773106803371262601,LGA,14209
778372032945748991,LGA,11389
778441097353195696,LGA,9947
778457317754893437,LGA,12411
778471998312533603,LGA,11477
778572000129057354,LGA,12627
778574542530282444,JFK,7321
778961842180097549,LGA,14586
778969671431878921,LGA,18821
779010937952266773,LGA,25540
773107581377335705,LGA,14209
773109547703733522,LGA,16428
773117291811272451,LGA,14209
773155078509233940,LGA,14209
773156080339112883,LGA,14209
776738128391277021,LGA,12841
776759187442679676,LGA,11634
776812321278978993,LGA,12714
776958081437989970,JFK,16102
776975856045992795,LGA,11373
776989156532266496,LGA,11318
777210105036572525,LGA,15570
777403051452968837,LGA,13041
773171759933099248,LGA,12445
779054083848267105,LGA,16853
779062833521269078,LGA,16853
779066714362553158,LGA,16853
779090854871808720,LGA,11389
779115268981528799,LGA,20798
779482597825709997,LGA,17465
779776296413227357,LGA,16670
773214568696699034,LGA,19902
773237631431486588,LGA,21125
773283704607466865,LGA,15806
773305417769982471,LGA,12778
773411792567687344,LGA,10318
773451116846213530,LGA,24628
773602850831222324,JFK,12384
777428711682463144,LGA,13024
777430853925468516,LGA,6816
777439966917556755,LGA,11890
777522182326623385,LGA,14152
777522603710150946,LGA,10651
777547471265399608,LGA,16670
777563851225513973,LGA,6008
777572930730588568,LGA,19533
773726954569381317,LGA,11258
779785361288282366,LGA,13650
779805772745559832,EWR,16463
779849998311560128,JFK,7705
779947890561437735,LGA,5092
779973859525247404,JFK,13955
780006096308383874,JFK,10876
780012544575763338,LGA,13866
773826216180195039,LGA,14239
786557479422953962,EWR,31458
786561442853576095,JFK,13510
786567164909772806,LGA,10912
786689028697613402,EWR,30280
780226637180973739,LGA,12172
780330742819725859,LGA,13172
780355358535644053,LGA,5007
780363355344579209,JFK,8430
780367558387044721,JFK,8634
786704154938363139,LGA,13381
781837617897194814,LGA,14041
781851253728798676,LGA,6445
781921444998908083,LGA,19438
781949645524311249,LGA,19066
781958828895172889,JFK,23597
781968768297440066,LGA,11900
786813064665583652,LGA,12946
786813426813213019,LGA,15342
786813705384661274,LGA,12002
786824512560943945,LGA,18490
782300583829333108,JFK,16963
782404014855199852,LGA,12002
782422485359542853,LGA,20405
782595339625590679,LGA,12667
782602259984951279,LGA,12773
782661008019550832,LGA,15306
782837059423533942,LGA,7826
780560899891607462,LGA,16030
780793386308713533,LGA,18337
780873794976431657,LGA,12290
780897141519639753,LGA,19796
786895030497240792,JFK,21963
786915040612156936,LGA,9118
786944318902153348,LGA,19765
786986645361368404,LGA,11680
787003220376895637,LGA,15060
787065483397206331,LGA,11313
787169234885074235,LGA,12623
787197176717299032,LGA,16429
782868550918058550,LGA,22095
782932651604019354,LGA,9243
783197230697315653,LGA,16832
783291200468768256,LGA,14546
783305472099181331,LGA,16803
787238307521673198,LGA,14882
781070167326135184,LGA,11955
781179155479529903,LGA,14811
781241825396822509,LGA,5992
781242816348905832,LGA,14360
781311253609661076,LGA,21507
781353493483293571,LGA,15594
781354257177220014,JFK,9796
787322546345191716,JFK,13510
787547046845187866,LGA,14915
787550427791648461,LGA,14153
787564313404336491,LGA,16569
787590858545007533,LGA,15213
781387162275319892,LGA,25102
781400979774367017,EWR,36202
781447553772633220,LGA,10823
781688772983269636,LGA,13055
781689525335094212,LGA,15345
787639567025687909,JFK,9319
783324749766796882,LGA,13404
783350966806640141,LGA,22503
783387491435863626,LGA,1671
783420775267244079,LGA,11106
783522420840578469,LGA,14659
783603959542380666,LGA,13297
783615162751617942,LGA,13504
787857735797161138,LGA,22110
787866935649635640,LGA,11523
787917881988426164,JFK,13510
787927073413255581,JFK,9762
787999065887227438,LGA,15428
788055270949292372,JFK,13510
781761125235738936,LGA,21629
781800348872823259,LGA,18517
781804244104102364,JFK,10413
791243921943197302,LGA,11556
791250597874813492,LGA,7244
791289377443396780,LGA,18241
791325232039728302,JFK,11061
791362835878118534,LGA,14155
788070664074856714,JFK,13510
788192708878691930,JFK,10054
788232571811385805,JFK,9232
788247508204883788,LGA,15342
783619413754613935,LGA,13635
783623234937280854,LGA,13649
783995604151732967,LGA,12272
784006807530911630,JFK,16287
784023302325164605,LGA,12788
784124479509853993,LGA,13811
784155384180596269,LGA,10568
784294277993627702,JFK,24241
784672458205813555,LGA,16005
784739684946519089,LGA,16607
788328674800030171,LGA,23569
788465505169839820,LGA,14478
788512025481953001,LGA,22556
791371524330750277,LGA,14155
791460584187166313,JFK,10990
791539646807027059,LGA,16137
791547385152000202,JFK,9983
791870872637565318,LGA,16056
791899211876811806,LGA,17909
788623244188373762,LGA,15849
788636784435692945,LGA,10484
788691798582721345,LGA,21647
788972847900260034,LGA,7132
784777365560010842,JFK,13983
784796714161686484,JFK,5984
784864404356521208,LGA,11163
784908269976623770,LGA,11626
784913772644779819,LGA,21757
784992346056177689,JFK,14568
785307189248622614,LGA,11720
785362965883004752,LGA,17216
789029499490692194,JFK,9477
789199307199774305,LGA,22413
791933017132228878,LGA,11038
791961034657424212,LGA,7211
792014763599128593,JFK,6959
792016520538275128,LGA,14155
792034633163081131,JFK,9927
792036426612454316,JFK,10283
792071572004799347,LGA,11916
789257430540589759,LGA,10464
789315594016470303,LGA,15619
789446125370099615,JFK,23467
785403855673751437,LGA,11523
785411909264885705,LGA,6605
785441392943528281,EWR,32261
785477500044951072,LGA,13450
785499763795327535,LGA,13450
785573790051977844,LGA,15199
785579879561981885,LGA,22202
789818156626793452,LGA,13258
789829147997054743,LGA,14779
789835463760764236,LGA,13378
789847148265694934,LGA,13434
789850979080614897,LGA,13247
789857234658564657,LGA,24777
792084481792213383,LGA,18846
792127771538948078,JFK,13511
792134666827224780,LGA,19671
792154227101270228,LGA,11709
792250086445040724,LGA,18735
792261106552376426,LGA,14404
792299596251716571,LGA,14888
792424049442672164,JFK,13510
792762785362533299,LGA,12582
792766482547093509,JFK,9346
790040738335583345,LGA,25984
790110712110282257,LGA,12939
790126950595547841,LGA,15811
785601696900959075,LGA,11961
785614258641560502,LGA,16241
785637169517267565,LGA,11665
785688352714247316,LGA,14984
785740793749619403,JFK,9420
786136894869462302,LGA,20465
786149074369437257,LGA,20714
786153051297683129,LGA,13421
786178301572408675,LGA,14785
786219293800411819,LGA,13612
790133329816336743,JFK,9890
790333576079499985,LGA,14880
792775101360784896,LGA,13450
792793758746280508,LGA,16363
792797538929761246,LGA,13918
792827337331390990,JFK,9534
792894603379980524,LGA,21680
793061028524792296,LGA,6131
793077319627619018,LGA,20742
793077855709558476,JFK,21362
793305335027186680,LGA,15342
790526078204876288,LGA,15262
790527792300128395,LGA,12385
790530143812144447,EWR,30293
790545997885341824,LGA,29534
790681115900703507,LGA,20978
786291775348380922,LGA,21893
786335345121370277,LGA,14634
786339755153004626,LGA,21940
786351045272502197,LGA,22135
786353625151565474,LGA,23078
786453675169924255,LGA,30751
795884298288771635,LGA,12398
795905156272901704,LGA,19801
793305971249108991,LGA,13216
793306261107429606,LGA,13340
793357092847219703,LGA,20366
793436180551697640,JFK,15672
793439340837320926,LGA,13109
793446715018744491,LGA,12855
793471885965153009,LGA,14352
793539365815167335,LGA,20819
790682390329571283,JFK,15434
790689611092002953,LGA,11189
790690458373831288,LGA,13600
790823862952309361,LGA,22568
790946338212660871,LGA,13220
790946345719115749,LGA,13220
791089336676417488,JFK,7236
796202435145665961,LGA,15879
796272831722011455,LGA,23590
796277675829638670,LGA,12937
796292950336850099,LGA,13396
796330819102964562,LGA,12774
796332140450277332,LGA,22988
796353306275323092,LGA,16288
796409313475568477,LGA,19692
796476069779619310,LGA,10467
791171438144825999,LGA,16366
791190542412304547,LGA,15243
793551771063195015,LGA,13767
793638699862272241,LGA,11611
793641370570289731,LGA,11296
793689430315525053,LGA,5666
793771032739364362,LGA,20188
793966927729526052,LGA,18414
794071520594124768,LGA,10290
791200059474381820,JFK,23257
791224387772379947,EWR,23155
800070641926361952,LGA,19751
800109577943565836,LGA,25553
800130194293808699,LGA,12428
800175630360727966,LGA,13889
794225336036117914,LGA,14935
794381586846683007,LGA,22735
794387732348122664,LGA,14483
794987266231440933,JFK,15307
795110369832936703,LGA,13889
795129805832705812,LGA,12900
796476747136417108,LGA,15219
796485344365174116,LGA,12037
796500157243909076,JFK,10927
796542718936118514,LGA,16816
796552836624415606,LGA,5613
796586843818916029,JFK,10562
796596570478214970,JFK,8884
796660992700511337,JFK,16242
796927511764767418,JFK,14832
796960449374949639,LGA,17354
800225555580524286,JFK,20334
800437249525223935,LGA,14209
800545475384736198,LGA,18439
796973015167154994,LGA,21591
796973696740712786,LGA,13889
796986371882195221,LGA,21591
796987227532480934,LGA,13331
796988135828055611,LGA,21591
796990125497199971,LGA,21591
796993840883802349,LGA,21591
796995020441290618,LGA,21591
797057069968168424,LGA,6621
800605709572753708,LGA,14645
800617377856014420,LGA,7211
795151139193872895,LGA,19984
795186991590914531,EWR,24814
795583668655544147,LGA,12202
795588259233400373,LGA,15462
795600421725758974,JFK,6888
795672952188987474,LGA,9997
800621544990660790,LGA,14384
800634656799444071,LGA,20052
800708511583015736,LGA,6621
800738837396327435,LGA,15276
797161677213334866,LGA,12268
797187969473896429,LGA,12227
797294766825705391,JFK,16023
797348073045001503,LGA,15424
797532770024273727,LGA,15341
797577207386252643,LGA,14345
797663637249431951,LGA,12148
800784650035007772,EWR,17436
800819591071273776,LGA,20367
800860095602948972,LGA,14787
795728060620513850,LGA,16459
795748488553923191,LGA,15122
795767361445130827,LGA,10437
795852263648517470,LGA,12561
795853601050162136,LGA,15353
804468188565214896,JFK,6067
804582918613581571,LGA,14494
800922424201638568,LGA,6241
801004802797774782,LGA,19843
797697023367597587,LGA,13972
797749636813293902,LGA,13612
797846717846008314,LGA,17115
797894095534905728,LGA,11429
797925670643058117,LGA,1876
798032385826364846,LGA,21635
798070055983611922,LGA,13867
798082812604809443,LGA,17133
798085838750475432,JFK,5658
798131035300073974,LGA,4506
801010874739650352,LGA,19785
801014523878814505,LGA,19484
801017993216537396,LGA,17468
801220797184122272,LGA,15204
804598390996343328,EWR,33628
804926135676472773,LGA,11089
805063753072151438,LGA,16095
805097623277517080,LGA,10053
805158793007109841,LGA,12217
805261820765910707,LGA,19060
801221322748639232,LGA,12016
801221855341256765,LGA,12016
798205651004437942,JFK,25991
798371719775859479,LGA,13198
798465931580249330,LGA,19953
798469969945221754,LGA,15791
798499291435284270,LGA,14336
798552098675454820,LGA,18554
798792308049527521,LGA,12725
801272264539187903,LGA,6727
801304229514196754,LGA,15834
801395317970759425,JFK,17114
801447078817471585,JFK,12495
801466561343424271,LGA,9791
805262340426539445,LGA,9003
805276856761237522,LGA,15256
805277288619637431,LGA,22850
805288292321801605,JFK,9764
805289943135390763,LGA,13300
805356815376500120,JFK,13062
801474015810755017,JFK,11387
801478784227176336,JFK,11947
798797430485788840,JFK,12230
798842120936899682,LGA,15336
799170991396680986,LGA,11370
801500063199279538,LGA,14235
801606628280383620,LGA,19614
801683077873210778,LGA,11000
801688678773662248,LGA,15057
801711929496391506,LGA,20052
805725215071886985,LGA,15105
805805963320996000,JFK,14536
805863165104844779,LGA,11380
805889615351241471,LGA,14640
806060163730588111,LGA,5925
806208335662808362,LGA,15342
801749842377802394,JFK,15298
801897907943056134,LGA,17837
801935804758714918,LGA,16687
801950962536207360,LGA,15348
802000625835644351,LGA,15342
806208895285808888,LGA,17412
806209199376610940,LGA,12794
806370638489893295,LGA,13883
799298437148913940,LGA,12974
799406556818678045,LGA,11265
799414421319259127,LGA,9976
799440231073284274,LGA,5302
799478806479524557,LGA,24354
799513237725073820,LGA,21133
799530813091808684,JFK,16699
799545397069606750,JFK,8031
799731614530696207,LGA,5640
802039755779496218,LGA,16211
802134195320486104,LGA,16637
802147501398480596,LGA,15203
802150073896104961,LGA,11885
802222492461534171,LGA,12763
802293068136903179,LGA,17755
799928647325845976,LGA,15457
800044092477945905,LGA,17109
800054352598593965,LGA,14456
808627859776945520,LGA,13973
808628037194879729,LGA,13169
808628302996990115,LGA,13181
808628304855649271,LGA,13127
806454044338089289,LGA,14745
806496948572480124,LGA,14286
806497435675144223,LGA,14286
806559695552186402,LGA,12697
806593875700297041,LGA,15296
802408047891912894,LGA,17785
802469165911414491,LGA,13426
802528180126158845,LGA,11147
802587549750267128,LGA,7197
802646882034233358,LGA,15342
802687894128187641,LGA,17793
802701696358654675,LGA,21628
808628348851918075,LGA,13937
808628438347816708,LGA,13625
808628534079968724,LGA,13154
808629336659570094,LGA,13675
808629343999219473,LGA,13975
808629391209329400,LGA,13418
808629522066886810,LGA,13410
808629563338473159,LGA,13970
808629644846116021,LGA,13405
808629727441761020,LGA,13673
802852592911003580,JFK,13464
802877326807090745,LGA,30696
808629897642520802,LGA,13673
808629899486594865,LGA,13103
808629974245769898,LGA,13679
808630105620176598,LGA,13973
808630199296631199,LGA,13981
808630277447023911,LGA,13281
808630375571933404,LGA,13283
808630467328402208,LGA,13289
808630550223421071,LGA,13654
806772034013586078,LGA,11104
806807540134759323,LGA,11406
806814059542619975,JFK,7773
806899252911679312,LGA,21650
807000904173339945,LGA,11500
802886228752307356,LGA,15925
802950550955708551,LGA,14511
803019506754857519,LGA,9974
808630713892978799,LGA,13276
808630794075602246,LGA,13423
808630883049503411,LGA,13266
808631031500163292,LGA,13912
808631322516608776,LGA,13340
808631333908940933,LGA,13640
808631435183179517,LGA,13583
808631713116748676,LGA,13424
803036473552203166,LGA,3166
803122432860577324,LGA,11336
803150657798963011,LGA,23011
807275444865070916,LGA,7695
807283953535151481,LGA,13982
807299063858848749,LGA,15643
807367783300252781,LGA,15927
807467054653213959,LGA,12121
807573829682972166,LGA,13290
807723813200018804,LGA,15364
803382479124958259,LGA,19559
803488091392976613,LGA,25535
803552386184741557,JFK,20857
803581871339287715,JFK,20995
803590362118464501,JFK,20984
808631814620049469,LGA,13676
808631861903365769,LGA,13652
808631954436702819,LGA,13676
808681126216283038,LGA,12503
808720738631007169,LGA,15121
808833553841121814,LGA,15957
808885374393371918,LGA,14311
809348379579209580,LGA,12208
803593741698056609,JFK,21129
807826416863866703,JFK,24532
807919911088300640,LGA,13918
807945843450389326,LGA,12139
807957188943197036,LGA,18143
807993496907237876,JFK,9859
808048450412493213,LGA,12532
803725152355903109,LGA,5949
803900033218779798,LGA,15916
803909163389869172,LGA,15879
804311125437360407,LGA,13669
809427195635289424,LGA,1479
809457478921671235,LGA,15298
809503558229015441,LGA,11670
809518045636653120,LGA,10789
808188195062982853,JFK,16539
808296073504455291,LGA,19080
808386228706904148,LGA,16245
808466217693273962,LGA,15247
808466571599498269,LGA,15947
808570671122929101,LGA,18312
808624705090281349,LGA,11166
808627685964930371,LGA,13953
811561120935198520,LGA,13362
811589415141588632,LGA,15907
811605866541468809,LGA,1728
811616685470196321,LGA,16304
811638251522261624,LGA,16060
811691110854757146,LGA,11577
811710519478869780,LGA,8085
810121182812488899,JFK,20600
810211455758594295,LGA,22044
810241752295430773,LGA,14212
810401147741395709,LGA,16428
810426522723187669,LGA,6704
810446395831534876,LGA,14996
810755302125055085,LGA,17473
810755623656405604,LGA,15721
811784480371839660,LGA,17737
808627778501508750,LGA,13696
815228833904226428,LGA,21945
815302297449439868,JFK,8723
815404839996804257,LGA,14810
815406323850393403,JFK,10310
815577430055279289,LGA,15739
815792550504150908,LGA,13993
811794915460622851,JFK,14419
811811665116059750,LGA,21667
811860734658089258,JFK,10749
812142220944834128,JFK,6469
810759129656828106,LGA,4438
810774276186071072,JFK,9168
810830041327117144,LGA,16042
810830154939980866,LGA,17331
810864321033852866,LGA,6080
810871681374370809,LGA,15424
812180797633934277,LGA,6181
815891316205624928,LGA,13626
815905515940429741,LGA,8242
816157784605639443,LGA,16319
816171035608966135,JFK,10500
816182291434872215,LGA,13942
812363361679077941,LGA,13794
812364312949019978,JFK,5963
812515079646741128,JFK,15816
812525039857019552,LGA,15200
812595351840904723,JFK,5963
816198935601828467,LGA,13294
816222714338964212,LGA,9736
816320941221100049,EWR,30656
816631469133589049,LGA,20581
816646508081887906,LGA,13893
816753648317535998,LGA,15510
816768813156134404,JFK,13922
811090179019174805,LGA,12947
811100013407497294,LGA,25270
811104333421246935,LGA,17034
811117815315882021,LGA,3091
811131528679964756,JFK,5755
811452732576174040,LGA,15022
811503738270440757,LGA,10679
811509208342037066,LGA,13008
812619518792931382,LGA,7171
812649282770207903,LGA,12669
812650377737473108,EWR,23593
812824433682429889,LGA,15342
812888118606679527,JFK,5747
812891874403369462,LGA,21077
811516531230788102,LGA,10670
811518818275491545,LGA,16577
811520842318764028,LGA,13227
819586023258001487,LGA,12472
819611500532619287,LGA,13544
819711620719566358,LGA,18673
819761922178142776,LGA,19745
820157543740584290,JFK,5790
816783428767938211,LGA,5549
816848131067274281,LGA,15037
816918519230676255,JFK,22152
816988342858515999,LGA,15199
816993818031596566,LGA,24173
817035992237456061,JFK,8234
817229143963095637,LGA,16017
817246542999315934,LGA,12996
812942450524640668,LGA,3763
812960706146211564,LGA,15274
812963637210021030,LGA,3662
813080654981727113,LGA,14381
813087117074496388,LGA,14334
813179182445362705,EWR,37675
813641968666191978,LGA,14343
817337173977098818,LGA,10508
817402844618103366,LGA,14835
817413068766513902,LGA,29432
817419227535954823,LGA,24331
817490864743448479,LGA,10498
817540327186766705,JFK,16639
817571435911571082,LGA,10184
820166028658823579,LGA,14050
820269361113262338,LGA,16003
820361475735199804,LGA,12262
820391438673266629,LGA,10059
820400240250706265,LGA,4222
820545553376050082,LGA,8323
820620549803913919,LGA,17271
813643267419061734,LGA,14199
813644062830607785,LGA,14145
813647055281162664,LGA,14506
813699540556853516,LGA,13759
813699649442418444,LGA,13759
820671459392875676,LGA,11307
820866532149885436,EWR,33485
820973617127079733,JFK,10816
821008630461119661,LGA,14286
821019243721350862,LGA,13951
821019725341194896,LGA,10747
813699890174846244,LGA,13759
813700036702759694,LGA,13759
813700131988722555,LGA,13759
817580985819220523,LGA,15017
817650219257594527,JFK,23114
817890817475549196,LGA,15342
817891489793125737,LGA,13513
817955264395137862,LGA,20606
817989481842751653,LGA,10487
818063842815793153,LGA,16464
818082696608058770,LGA,14286
813700178841582736,LGA,13759
813700254399959987,LGA,13759
813700326001228334,LGA,13759
821020138220358249,LGA,10747
821027441104935897,LGA,13937
821029707655831334,LGA,14286
821030948961436015,LGA,13937
821031571738778785,LGA,13951
821031760388969580,LGA,13951
813700607153501046,LGA,13759
813700748758406957,LGA,13759
813700878957374342,LGA,13759
813700902189641448,LGA,13759
813700910308163425,LGA,13759
813700923615597690,LGA,13759
818087759889734860,LGA,14286
818090794671877501,LGA,14286
818099336473939614,LGA,13265
818113264111815180,LGA,12722
818117820760322238,LGA,14286
818118331588449510,LGA,14286
813700999695743209,LGA,13759
813701095604735279,LGA,13759
813701182063614934,LGA,13759
821034110666008939,LGA,15200
821034451604729575,LGA,13443
821035041004824848,LGA,13443
821037493315566324,LGA,13951
821039716685433489,LGA,13951
821042511119924424,LGA,13951
821045754911305756,LGA,13951
813701258122616967,LGA,13759
813723668254003862,LGA,16315
813784922457452129,LGA,13734
813793851865030503,LGA,18001
818119556081729494,LGA,14286
818123992750150461,LGA,14286
818124366423505608,LGA,12895
818125827182233766,LGA,29562
818179625602858926,JFK,26588
818209290472580619,LGA,20070
818211569486005441,LGA,20509
818227802719333778,LGA,24030
813795604614689001,LGA,14607
814035938732105780,JFK,9678
814140499041386815,LGA,10634
821073821703888212,LGA,15567
821496587955779196,LGA,14203
821620096485245785,LGA,19749
821621850839464367,LGA,14784
821678072574201886,LGA,13400
821694666164845198,JFK,13840
821745411929728188,JFK,22631
814152362544321220,LGA,16938
814152493798462336,LGA,14153
814152878553377349,LGA,13954
814153223490009645,LGA,16778
818273690583791382,JFK,9793
818343840653731944,LGA,11521
818367829841705210,LGA,12404
818785714339118256,LGA,13418
818852366357722810,LGA,22819
818879228507700705,LGA,21924
819298965203188593,LGA,10217
814647963271155402,EWR,35960
821812150063956321,LGA,18093
821872067238466790,EWR,34202
821890279132867622,LGA,19064
821903125413746583,LGA,12719
821903428567245708,LGA,19227
821912872421792536,LGA,20436
822188649801139573,LGA,12946
814665504437654778,LGA,12547
814741679869275205,LGA,11948
814892634456211326,LGA,15794
815120807794894299,LGA,13575
815148194323194736,LGA,21328
822220386913710892,JFK,8518
822381092426074362,LGA,19205
822383556854983290,LGA,15461
819412869698280943,JFK,15777
819414242602084580,EWR,15696
819507461872359629,LGA,15176
823349333746787093,LGA,12542
823353128006666274,EWR,19318
823357651013487120,LGA,15283
824835446046541942,LGA,12981
824846750512618687,LGA,22165
824893192236456425,LGA,13253
824997515300157532,LGA,14911
822384074004886757,LGA,19222
822516214222849642,LGA,13226
822551687278405345,JFK,9014
822558617844543273,LGA,14082
822562635742641880,LGA,7946
822597665094988187,LGA,7108
822627637431135533,LGA,5241
822658910988915901,LGA,12663
822706296375987906,LGA,19177
822707124118259327,LGA,14982
823377990550060379,LGA,15966
823392763573738506,LGA,15571
823403018504800609,LGA,13389
823406575491358222,LGA,16838
823416365857983355,LGA,15211
823424973232990714,LGA,14623
823439230480225108,LGA,12815
823456614151897188,LGA,14538
823475329896774330,LGA,12687
825104177467949534,LGA,14307
825247324039186969,LGA,9927
825394549344382800,JFK,11918
825404242518614691,LGA,18777
822728503736189326,JFK,11184
822759892870461459,LGA,7471
822778389069736671,LGA,7776
822928524915128534,LGA,17761
823162870267898572,LGA,20485
823240139168836992,LGA,11222
823268495658074188,LGA,10782
825477784904207437,LGA,20491
823481564766373076,LGA,14544
823497836432683079,LGA,14550
823499295842099216,LGA,12674
823533625613996196,LGA,15665
823799350649037613,LGA,13231
823801547229200571,LGA,13270
823802490232227719,LGA,13207
823814510650049791,LGA,20395
823846058822740902,LGA,20323
823873279680543477,LGA,15838
823892595257100057,LGA,7782
823919993371756124,LGA,17598
823952971853742254,LGA,14433
823957834958768027,LGA,14859
823967185013463654,LGA,13947
823980443835339124,LGA,14602
825961541772527159,LGA,12851
828902282045207588,LGA,14737
828921231509400639,LGA,13484
828923867578229929,LGA,13484
828943044984014984,LGA,9991
828975443887378700,LGA,4708
829004570141942872,LGA,17651
829050984090492960,LGA,11358
829139485988087913,JFK,6542
829141633548661267,LGA,18516
825968755994219686,LGA,14286
826005317265632784,LGA,18936
826088902144797735,LGA,14286
823993957815916168,LGA,19459
824002783527215478,LGA,12687
824011222162507231,LGA,11698
824019592196865018,LGA,3365
824020651172625704,LGA,14400
824027183533763671,LGA,16110
824043361946855010,LGA,14558
824061685139152766,LGA,14593
826094504335640745,LGA,14286
826119476162676963,LGA,15474
826143163900874973,LGA,16616
826156647361541326,LGA,13409
826173276386825040,LGA,17239
824070818784226501,LGA,15235
824108080864720053,LGA,14495
824137752947298282,LGA,13034
824147186167780504,LGA,14478
824158611517383045,LGA,12788
824184435065961691,LGA,14611
824207931155452360,LGA,3100
829412640299033842,JFK,17995
829588915244027854,LGA,25744
829674893757424818,LGA,6429
829707243638137134,LGA,19002
829749170373167728,LGA,13911
830074407524805248,LGA,17922
830074416009533879,LGA,16051
826179887903185453,LGA,10358
826207656666256839,LGA,15775
826261336861117040,EWR,24471
826289502008928314,LGA,11238
826294884471865993,LGA,10938
824218029309043587,LGA,13551
824243317827217594,JFK,11003
824311609636415604,LGA,15107
824316796061727879,LGA,13017
824327659189660889,LGA,14813
824505288280530137,LGA,13494
824534556141352442,LGA,14392
824577227307374478,LGA,12883
824581370085361147,JFK,5284
826301711151025362,JFK,11539
826324925710643890,LGA,14930
826453415903291508,LGA,11817
826470917092943853,JFK,11807
830168647098232618,LGA,16925
830243073885397256,LGA,24557
830351042822418501,LGA,22522
830355450769846735,LGA,9974
830381769674857235,LGA,3893
830527470253057745,LGA,15072
830610321913691030,LGA,17082
830634705984116989,LGA,14953
830647567231017102,LGA,15073
826490298309242331,LGA,11146
824642500642437382,LGA,5573
824651086289952929,LGA,13471
824655023444498473,LGA,18001
824659055427131007,LGA,13471
824679086783355249,LGA,15031
824686093613308495,LGA,15550
824695090652114564,LGA,11940
824695228802740606,LGA,12975
826626089794986454,LGA,19225
826770129027843748,LGA,13484
826787661243638037,LGA,13484
826789265612203414,LGA,13484
826791045908778765,LGA,13484
824700906411010143,LGA,12644
824706664345603007,LGA,14612
824708897502231070,LGA,13198
824723283087430170,LGA,14576
824736120120911591,LGA,14510
826816052014979983,LGA,18158
826953587228902015,LGA,3365
830656153550799267,LGA,14409
830675617804023987,LGA,14616
830676060189560494,LGA,11819
830682282357157632,LGA,14620
831063643941032636,LGA,1754
831071199689672078,LGA,10000
826954611754394920,LGA,13371
827002640925575966,LGA,3206
824749079501370777,LGA,16735
824752784171698084,LGA,14561
824773807735374874,LGA,14145
824780355637263365,LGA,12805
824789430249331702,LGA,13460
824800297869336058,LGA,13096
824811980486472568,LGA,12767
833930218211281670,LGA,14286
827375358691225325,LGA,13762
827423328399331714,LGA,19427
827423858824146634,LGA,10831
827438472468771617,LGA,10716
827442154457479957,LGA,10761
831167886889726935,LGA,11595
831215011193019352,LGA,25310
831287359195264999,EWR,33622
831315209017124521,LGA,11048
831345651987770923,LGA,10266
831397199080648683,LGA,11749
831408392595434781,JFK,6826
831527649339027569,LGA,11832
831617257461187003,LGA,12499
827459282145425543,LGA,10801
827462961830020987,LGA,10775
833935565445361923,LGA,15376
833971342027321234,LGA,16915
834025705865865629,LGA,9062
834135838650148296,LGA,29900
834211463376372321,LGA,13150
834674710327656289,LGA,7332
827528753744692614,LGA,13907
827550514589263945,LGA,14960
827550929803566942,LGA,10732
827637596661542309,LGA,11988
827664801029126722,LGA,14082
827670335196395931,LGA,13150
827691914693479588,LGA,14297
827798633571141179,LGA,12191
831739059877804982,LGA,15751
831750401259376735,LGA,15187
831755209225161600,LGA,15392
831871731252762706,LGA,13575
831877664353048825,LGA,26196
832116320078489581,LGA,7737
832495545734122740,LGA,12996
827836215881086208,LGA,13910
834778581270347052,LGA,13706
834792528293666440,LGA,15968
834818502256471453,LGA,13624
834851134880546221,LGA,20565
834856584078486542,LGA,12732
834898684259417407,LGA,13169
834949788293241118,LGA,15536
835034745398769498,LGA,19614
835084945814496465,LGA,18063
835091050665213129,EWR,21366
828084046100883383,LGA,15775
828152028875658486,EWR,23287
828341400250381876,LGA,14742
828351902692226657,LGA,24364
832521423146425469,LGA,14286
832527577617424055,LGA,13443
832588755686473265,LGA,16255
832635508980051174,LGA,5505
832687086291691082,JFK,10056
832706800108379129,LGA,11641
832731539351646902,LGA,10595
828379893246126050,LGA,17822
828468031489975936,JFK,6243
835469828197383326,LGA,22772
835628809880515514,LGA,17704
835694570564388515,JFK,10596
835746654919179374,JFK,15685
835838690863724345,JFK,8737
835879999990852486,LGA,15128
835923623157525975,LGA,16848
835928798451571206,LGA,16777
828516904142959209,LGA,11757
828797602316326682,JFK,22861
828849279205396178,LGA,14561
835934696620291215,LGA,17095
836106623462339161,LGA,16845
836109742135678312,LGA,18990
836110322731098202,LGA,18990
836118007460273820,LGA,17031
833310434929138937,LGA,13779
833367086111730401,LGA,4621
833385295456880593,LGA,6174
833458528952634774,LGA,14745
828892761093335605,LGA,13484
837805409340962721,LGA,14430
837852270134939044,JFK,27143
837888270806369904,JFK,26321
837909730353865269,LGA,8741
836120656034901766,LGA,18990
836120834301143556,LGA,18990
836121760362411323,LGA,16790
836126872335757274,LGA,18990
836129981914196311,LGA,18990
836143712015846264,LGA,17074
837943422499844318,LGA,12957
837954385452241019,LGA,6777
838047023330162496,LGA,15390
838047027381953926,LGA,15379
838056713765994438,EWR,25005
838140438684301140,LGA,9902
833459635350821137,LGA,7875
833469190636161184,LGA,19419
833472723526637676,LGA,19491
833553765502450102,LGA,14584
833588625708953989,LGA,19390
833871341556397892,EWR,30909
842077360551879392,JFK,14035
842094104708757026,LGA,15072
842118935122565420,LGA,5976
838140921544263409,LGA,10147
838141198693830649,LGA,10007
838218404811254111,LGA,16637
836149853009345396,LGA,12570
836217704130033621,JFK,6684
836251283404712012,LGA,12600
836260974611821702,JFK,9426
836291707199025319,LGA,12418
836329016202899281,LGA,11282
836392619479597624,LGA,7715
836435885170591095,JFK,9423
838318413207505639,LGA,15485
838321552121170735,LGA,12918
838394397813629156,LGA,14167
838395550207777533,LGA,14167
842154812552617797,LGA,11698
842270334846674618,LGA,11515
842303573357572989,JFK,14566
842332006598538904,LGA,19118
842654095670281349,LGA,17230
842691777475545064,EWR,37998
842693421738271534,LGA,12406
838395592635084674,LGA,14167
836505598393075125,JFK,26079
836823818517192081,LGA,12655
836909205162247606,LGA,23258
836929065600380921,LGA,14070
836969659440950649,LGA,15643
837020791066932572,LGA,13272
838396200639462555,LGA,14167
838396258978907145,LGA,14167
838397208918790811,LGA,14167
838397235092710954,LGA,14167
838398014030428314,LGA,14167
838398909112953315,LGA,14167
838398942008603733,LGA,14167
838399571553368478,LGA,14167
838401104644859332,LGA,14167
837029221074776517,LGA,12640
837067530170726009,LGA,13774
837108131763380339,LGA,13507
837149679437985752,LGA,24429
837213410815312557,LGA,15787
837553678722454357,LGA,19470
837566909774970014,LGA,17053
837568127506532853,LGA,17053
837568954273931987,LGA,17053
842710704051634071,LGA,12558
842724427498164965,LGA,14020
842725190103388713,EWR,25870
842737477080675783,LGA,18743
842755346079535776,LGA,14288
842763254864969121,LGA,17808
842776676158517297,EWR,37300
842790326832860482,LGA,20330
842802021893434513,LGA,20345
838401736384901161,LGA,14167
838420711435488755,LGA,13319
838435059333997811,LGA,23166
838475540075168335,LGA,14606
838643680804220913,LGA,13301
838864017534757170,LGA,15497
839002442072975085,LGA,12811
837570147831223278,LGA,13274
837590494379094798,LGA,12369
837596213891828121,LGA,11740
837601171260417968,LGA,7038
837615861348802891,LGA,11515
837637518064498209,LGA,15316
837666970450706079,JFK,9117
837677241873217389,LGA,13047
837698762818158615,LGA,10838
839011785416234767,LGA,14086
839016996293180615,LGA,11304
839034010728630188,LGA,18294
839138896528698210,JFK,8672
839158506527320267,LGA,6919
842859220033081539,JFK,6359
842876131443629692,LGA,15098
842923312130748655,LGA,14288
842978126440326634,LGA,16983
843026966136839934,LGA,12179
843041198653798373,LGA,4036
843067632656304283,LGA,20565
843120641045897604,LGA,18257
843182778674338264,LGA,17457
843260927484263191,JFK,16673
839214509166617431,LGA,11383
837710549549184416,JFK,25040
837729407448901485,LGA,24100
837753949170835159,LGA,15725
837800636838438304,JFK,26506
846019068928133440,LGA,7568
846159021680447362,LGA,13288
846162633162567022,LGA,17650
839331256860792652,JFK,22396
839363985423930842,LGA,15710
839373823395998459,JFK,9197
843397008430876455,LGA,14106
843420472067241296,LGA,14430
843421506658841795,LGA,13223
843433367407788343,LGA,14109
843468602620951565,LGA,11494
843487553292371210,LGA,12747
843522384418926967,LGA,12610
843566843959251599,JFK,11362
843579161660140499,JFK,25279
843604153165005184,LGA,14288
839415800079955074,LGA,15221
846357775746150075,LGA,13270
846382535724977704,LGA,16852
846426507440770607,LGA,6380
846450091131794279,LGA,21055
846483577749999772,LGA,12762
846524013295393960,LGA,17142
846546411200661715,LGA,11515
839728752538060549,LGA,17305
839814083143454171,EWR,15454
839832783319798273,JFK,17043
839890870797460528,LGA,14155
843636324402955937,JFK,24711
843637443120669075,LGA,12723
843639399638398264,LGA,14137
843665683615037862,LGA,20683
844016394264859192,LGA,14860
844017044001139450,LGA,11408
844017048694252681,LGA,12246
844029641961371023,LGA,14507
839904583057491087,EWR,15652
846574892613212583,JFK,10959
846586911099384637,JFK,11159
846587639339097812,JFK,10878
846588200975991761,JFK,10890
846590675323805869,JFK,10906
846635199398720517,JFK,9323
846649168437586864,LGA,14897
846649972533138229,LGA,15159
846650210494283864,LGA,15017
846820283724677140,LGA,11744
840040983573141067,JFK,5948
840073360095363711,LGA,21002
840185619302876324,JFK,10298
846927779366533939,LGA,15909
846954471654735419,LGA,11470
846973595051672684,LGA,17044
846980678788058333,LGA,14935
846996887188956947,LGA,13462
846997594331753366,LGA,14673
846997756027374861,LGA,14095
844045896754574247,LGA,12095
844243178408061665,JFK,7827
844259563928803490,LGA,22521
844299534820696669,LGA,11515
844467180001617592,EWR,31461
844704808236548087,LGA,14668
844847979722007663,LGA,22009
840868276915949369,LGA,21386
841160224790717487,LGA,24079
841290111633455074,LGA,14961
841292661317496577,LGA,14477
845041278365372205,LGA,11770
845209255123786924,LGA,18197
845212590532301127,LGA,15383
845223334521579003,LGA,15008
845309991878712816,LGA,18342
845498300976332882,JFK,9977
845527050253596944,JFK,4609
845549971133257062,LGA,8844
846998028506317248,LGA,14095
847060268481987785,LGA,16348
847073826029422248,LGA,15026
847074245784350188,LGA,15106
847087780844574910,LGA,15018
847088264340785190,LGA,14889
847088716587790052,LGA,14878
841300394500737442,JFK,21568
841313992614806016,LGA,12821
841411699665185569,LGA,16831
841416582693430357,LGA,10440
841529572949852894,JFK,7484
845560218300355960,JFK,16316
845673513670510598,LGA,11515
845739414386723045,EWR,30787
845774618918742817,JFK,9782
847095858274228094,LGA,10322
847102011520679894,LGA,14995
847103411295151523,LGA,21591
847104056413213162,LGA,15030
847109091829310539,LGA,21591
847111592468506161,LGA,21591
847113109243256072,LGA,17125
847113408334252715,LGA,21591
847114373874850420,LGA,21591
841536197790389488,LGA,11515
841959017859906169,LGA,15221
842055611883190347,LGA,19166
852231888519393589,LGA,20604
847115675515322373,LGA,21591
847117939267245013,LGA,21591
847275579020579828,LGA,11515
847276077259113716,LGA,11515
847276083866577520,LGA,11515
847330895220128568,JFK,16198
847350869830035151,LGA,13520
852293809096264492,LGA,15885
852308974299854597,LGA,12783
845820996652390697,LGA,16844
845846218230382008,LGA,30270
846012692245520589,LGA,17005
847906896880399387,LGA,7458
847907277684435044,LGA,14991
847914604605420267,LGA,14665
852359140114169638,LGA,6379
847386759152293390,LGA,18320
847466013022342204,LGA,18325
847601654133805278,LGA,14203
847617675503248401,LGA,11515
848015889649001582,LGA,8910
848016474539459585,LGA,8818
848016516513859179,LGA,8842
848063156347741909,LGA,8934
848080152090891276,LGA,8855
848080360692448777,LGA,8751
848081973688682867,JFK,5556
852835857036904951,EWR,32691
852861045942692034,LGA,15211
848092180307734416,LGA,14803
848096536616781570,LGA,9628
848096577738722997,LGA,10343
848110183986168498,LGA,8876
848110289480552133,LGA,10282
848127304112491553,LGA,9606
848127498966265828,LGA,8966
852884650232682299,LGA,14201
847645121415435614,LGA,12388
847655639426494365,LGA,9590
847655996659849184,LGA,10341
847660310915905721,LGA,10666
847763623244057702,LGA,7360
847832723985425443,LGA,6570
847855209945591399,LGA,17286
847858962645131056,LGA,7282
853028685326156511,LGA,12850
853129844194650967,LGA,19970
853297381076137114,LGA,14385
853394785192534016,LGA,15220
848404919151240985,JFK,5293
848416944928326419,EWR,29128
848434404988665136,LGA,13262
848458045522763649,EWR,24118
848571829871964537,JFK,15577
848627681349272330,LGA,13433
848639150774171406,LGA,15285
853395099537494702,LGA,14381
853397682106333181,LGA,10889
847869591414278117,LGA,7301
847871751646907604,LGA,13869
847892495602190847,LGA,13484
847893904007149152,LGA,13484
847896617602380673,LGA,13484
856641660722719100,JFK,13414
856651933812762904,LGA,2703
856674365271587414,LGA,12767
856735434937708938,JFK,10074
853640628931786609,LGA,12302
853652057537718017,LGA,15663
853681987994867643,LGA,15471
853708485423716426,LGA,12753
853724218862614772,LGA,14509
848648275744932650,LGA,29021
848688887881823440,LGA,12668
848700499893494953,LGA,18176
848902677120579848,LGA,5435
849089372266891592,JFK,9245
849141207957610737,LGA,11655
849159989403541622,JFK,22625
854263144503416151,LGA,14238
854263401766388076,LGA,12695
854291865963468254,LGA,15082
854361894828191891,LGA,11912
856790465100420535,JFK,9667
856843124617214103,LGA,18267
856853589450059363,LGA,18522
856885310810415292,LGA,11321
857039314350675881,LGA,14070
857062198263789456,LGA,13324
857079026453430439,LGA,5675
854422829531546024,LGA,14237
854439069631231361,LGA,2073
849199148002707818,LGA,15813
849315412913343353,LGA,16139
849355298615771362,LGA,15131
849458722007621708,LGA,10938
849766949872596187,LGA,14281
850000058467889828,JFK,4597
854453201801767998,LGA,14882
854462861008883615,JFK,11349
854486627998924274,JFK,10573
854487874068144448,LGA,15728
854515598479768654,LGA,14643
854520205864838749,LGA,15191
857118576611621658,JFK,8089
857127509054830487,LGA,19176
857137247614597916,LGA,18332
857168594847563363,LGA,13450
857216097977521005,LGA,12568
857341470604785256,LGA,18960
857417526155184478,LGA,17932
857422905691998850,LGA,7967
854539302563899435,LGA,15488
854544231756347666,LGA,15461
854904674304723636,LGA,20314
850068604258737442,LGA,17252
850082047929987986,EWR,32918
850200906094037889,JFK,17787
850663853879529531,LGA,17809
850753223914821548,LGA,4327
850779973183129128,LGA,15267
855169787137770665,LGA,16496
855233330415172667,LGA,17364
855278854719325501,JFK,13491
855287462356191079,LGA,14423
857576331544501191,LGA,11273
857869072143873415,LGA,20663
857881360655894278,LGA,16911
857920249258512670,LGA,11334
857981626958643059,LGA,13809
858062545028044267,LGA,14406
855351057254313403,JFK,13344
855374496026412013,JFK,13263
855566840627585401,LGA,19440
855598725483695879,LGA,11487
855633038154233030,LGA,10452
850813236031594023,LGA,18401
850926985725345985,EWR,25272
850956416012110188,LGA,11833
850972829284174961,LGA,20428
850994914110684147,LGA,11955
851268870316740374,LGA,13425
851431022872884050,JFK,23529
855666316990018916,LGA,19269
858187104921136513,JFK,10729
858197365700453988,LGA,17405
858207672407178675,LGA,6085
858226550408323497,LGA,16478
858347373190592469,LGA,15713
858349085245822284,LGA,16494
858363213045151752,LGA,15495
858375248220142360,LGA,16118
858375339865080486,LGA,15775
855668327946765991,LGA,20326
855690998868030307,LGA,10688
855705447881368204,LGA,11180
855858117414211119,LGA,17164
855951770337839321,LGA,26520
855961894411260875,LGA,14402
856249316379328038,LGA,11736
858399512890496136,LGA,16194
858399593452569222,LGA,16113
858407042370719206,LGA,16122
858407311840630098,LGA,16250
858679273196045423,LGA,10501
858692736399542780,LGA,15918
858697692672545141,LGA,14755
858708323647967485,LGA,13903
851448591738600547,LGA,13450
851703525774434254,LGA,18154
851725083326094710,JFK,10427
851748434941515981,JFK,9184
851923089381776992,LGA,16725
852041223399275274,LGA,10570
852055362497766950,LGA,10654
856256646708066759,LGA,15157
856334958557419965,LGA,15051
856336581177236867,LGA,20191
856382292926202871,JFK,16893
856469032632992649,LGA,13800
856506863490306029,EWR,29014
856524140333584118,LGA,11324
852058233566906557,LGA,10242
852097762131147029,LGA,5518
852153991789569715,LGA,12380
852216245968244426,LGA,14130
860633567026070430,LGA,14433
856617809936726317,LGA,13230
858736119167717150,LGA,25506
858742884623844884,LGA,24658
858763587774457966,LGA,18041
858782177517024951,LGA,15212
858818652549978819,LGA,14866
858883993478311814,JFK,15242
859119320795456114,LGA,13979
859155756002790635,LGA,14248
863733005126162178,LGA,10942
863746617249208195,LGA,14974
863837770757500365,JFK,10355
860735021598007671,LGA,12830
860788937069153064,LGA,16142
860820994316209596,LGA,11572
860858621419051293,JFK,6267
860909296421311500,LGA,3314
860931776707434916,JFK,5779
860932964024906492,LGA,22884
860957832109972386,EWR,21431
863952239676350529,JFK,5426
863970120056671899,JFK,14601
863994418425862340,LGA,6749
859156243688052974,LGA,12172
859215377591012167,LGA,14964
859272312597021667,LGA,15429
859277415032066601,LGA,15286
859466754634415752,LGA,14837
859474530990564004,LGA,13694
859496187360678479,LGA,15265
864065069541988795,LGA,15034
864120969128195666,LGA,10574
861015405984233526,LGA,15452
861092301997126583,LGA,7035
861178335307696212,LGA,19746
861322572787764783,LGA,12172
861323064956564179,LGA,15332
861425260494982827,LGA,17389
864414440563027383,JFK,4214
864513603417867938,LGA,20949
859501218380850887,LGA,15971
859655761459922191,LGA,10519
859664945143080328,LGA,19206
859676226888260227,JFK,6952
859771139425703476,LGA,11016
860004609328968821,LGA,10692
860170703368011018,LGA,11259
860171140269043383,LGA,17440
860219417695095744,JFK,8724
864544711186559776,JFK,15234
861473992704197120,LGA,16027
861493265720598213,LGA,6990
861535916944778039,LGA,15369
861536458476957519,LGA,13003
861584964614132041,JFK,5029
861588807272031658,LGA,11282
861625396155486382,LGA,19847
864683250052604503,EWR,33639
865171499991948256,LGA,10152
865230549026339190,LGA,3604
865335974410390719,LGA,23918
860241816039531223,LGA,14376
860268952074614380,LGA,15914
860346316409953113,LGA,13813
867508048947886657,LGA,14745
867626578080817403,LGA,22020
867919344637537365,LGA,14988
867919399958973067,LGA,14988
867959795483328509,LGA,15215
867964370199094869,LGA,14442
865479841102912873,LGA,24346
865486116964150164,JFK,6710
865605175906629028,LGA,19716
865787534997394407,LGA,19869
861663857199612878,LGA,19019
861664397936882613,LGA,11111
861711118861248957,LGA,20749
861766175836746276,LGA,15086
861772055508285344,JFK,16909
861919045907837234,LGA,7030
862112728668106871,LGA,14327
862113467860818869,LGA,15093
865791593782195807,LGA,19690
865792496837867420,JFK,6198
865795436428289529,LGA,19710
868137929514017172,LGA,10346
868140173684117848,LGA,13813
868140563222071942,LGA,13710
868301476668541813,LGA,9813
866020391538719699,LGA,20027
866098267798992244,JFK,12388
866110317260988889,JFK,12510
862194409755167348,LGA,15977
862268458010507312,LGA,14893
862301260631895369,LGA,11531
862309799594851931,LGA,11222
862309807710272679,LGA,11084
866409594143336866,LGA,19889
868371733941482281,LGA,11670
868473331674573987,LGA,14988
868473957746347198,LGA,14988
868474504131813527,LGA,14988
866504897024300729,LGA,14826
866505935950430131,JFK,17002
866518628279065718,LGA,11594
866646143317431123,LGA,17016
866726967608392853,LGA,17000
868481232111468253,LGA,14988
868482354378987768,LGA,14988
868484441612518606,LGA,14988
868484804603018635,LGA,14988
868487134584210865,LGA,14988
866773461643841206,EWR,33541
862309823830890433,LGA,11222
862309841720454551,LGA,11222
862309850904527778,LGA,11222
862336728395638313,LGA,10591
862341303159465325,LGA,14400
862353124565646661,LGA,15010
862392240139597676,LGA,15710
866859234391760001,JFK,6106
866871393206664939,LGA,14988
868527466537394663,LGA,14988
868569804607766610,LGA,17093
868570078307759732,LGA,17093
868570296963582156,LGA,17093
868570518187338432,LGA,14334
866874329989815095,LGA,14988
866874879095710559,LGA,14988
866879808438077475,LGA,14988
866879869677043120,LGA,16591
866880327681411530,LGA,14988
866882294421227568,LGA,14988
862396248650036781,LGA,19291
862431286345139805,LGA,13038
862530950184425505,LGA,11356
862558605624506287,LGA,11051
862624693922580366,JFK,10811
862648661131276981,LGA,14577
862664998185425084,LGA,5705
862665135567530067,LGA,7417
866885193880964214,LGA,14988
866891013587486904,LGA,14988
866893898265506686,LGA,14988
868654090727822887,LGA,11227
868720800559640520,LGA,13484
868721078168588591,LGA,13484
868739989021856196,LGA,11662
868765638450836099,LGA,15761
868766002052094233,LGA,13950
868788073943141532,LGA,20809
866894584627739096,LGA,14988
866899461988989385,LGA,14988
866900662760031357,LGA,11517
862911460310554685,LGA,13327
862998268756294318,LGA,24303
863050508170022913,JFK,6834
863050698597928761,LGA,13929
863058844114415836,LGA,13991
863065516209820888,LGA,14225
863079371414230030,LGA,4885
866901933910222481,LGA,14988
866902716333087268,LGA,14988
866904168446551174,LGA,14988
866904771582830776,LGA,14988
866906923479426707,LGA,14988
866907254132381431,LGA,14988
866980963931403533,LGA,12717
867079122495231528,LGA,14988
868904239886488014,LGA,14809
869071959276932930,LGA,14988
869073628135619552,LGA,17151
869077062866866899,LGA,14988
869077725263004665,LGA,14987
869078428809938880,LGA,14988
867404878141992486,LGA,9865
863079784164472885,LGA,14329
863086394921757756,LGA,21924
863089350951779284,LGA,14787
863109165918400715,LGA,15460
863124089220260072,LGA,18125
863144823566273407,LGA,22517
863149230242102130,LGA,14543
867448908138953559,LGA,20449
867503961112419494,LGA,19151
870212853386092000,LGA,13743
870319787566373067,LGA,12964
870420092221946863,LGA,12526
870499041182642630,LGA,16790
869096015147085503,LGA,14988
869097722209167249,LGA,14988
869098581072857578,LGA,14988
869105498664146552,LGA,14988
869106083744671982,LGA,14988
869112668142050508,LGA,14988
871071720172614762,LGA,12014
863218871949482286,LGA,19795
863368962371246498,LGA,12899
863594130425703140,LGA,22128
863615264380782152,LGA,19458
863670264173228640,LGA,22185
874469617099566229,LGA,17354
874704133332727362,LGA,11429
874892322289038312,LGA,20172
871075934437189983,LGA,17335
871090697729762049,LGA,20970
871106244770990826,LGA,18873
871115043844246546,JFK,23449
871148039667443773,EWR,33829
871154085124580402,EWR,32711
869113519668634826,LGA,14988
869156231243048170,LGA,14389
869252028633520647,LGA,14988
869351964326385706,LGA,19158
869434362358340890,LGA,13270
869436219398511813,LGA,14383
869485537018723078,LGA,17906
869517168278341365,JFK,17703
871162499986291750,EWR,32778
875223366460944377,LGA,8775
875230304910055828,LGA,18164
875308067901552609,LGA,7876
875357207348852810,LGA,7898
875397670499949808,LGA,14426
871200484656283015,LGA,18443
871253261417955380,LGA,10979
871264661238205649,LGA,13398
871418642369055707,LGA,14704
871580459593329391,LGA,12846
871619561329335050,LGA,15767
875402584193811191,LGA,6362
875412715888417388,LGA,12993
875426090400369943,LGA,23443
875461933837332140,JFK,8045
875559783557211358,LGA,11667
875563738026069726,LGA,15516
875638047484129213,LGA,15254
869545990885002095,LGA,11094
869611205356082975,LGA,14868
869681711796123936,EWR,33633
869724433981873555,LGA,15880
869735621781020516,LGA,14575
869914087181379816,JFK,6420
870029861826839677,LGA,12958
870114342679438920,EWR,28761
870204063188789346,JFK,5755
877978259455712594,LGA,13833
871658809501519241,LGA,10903
871663274448137972,JFK,8320
875891572389398656,LGA,14286
875944208628783437,LGA,19195
871690724659514256,LGA,9060
871694470132446535,LGA,10416
871703040677169039,LGA,10416
871704761882387574,LGA,10416
871714936110930463,LGA,7953
871715183170311780,LGA,10416
871715898393504185,LGA,10416
871751061108347115,JFK,5584
878152671005832472,LGA,15231
878171494064928543,LGA,7876
878174846329432963,LGA,15262
878183485143735782,LGA,18465
878236716768082152,LGA,13991
878248054168336219,LGA,24235
878323950122469426,LGA,13653
871803798146386577,LGA,13924
871915107924718633,LGA,10527
871920706861738130,LGA,11084
875953820603062687,LGA,20718
876035886247602169,LGA,15059
876082187462403683,LGA,14277
876183083761892060,LGA,16211
876235231260401337,LGA,14503
876235378836442155,LGA,14572
876241332493385854,LGA,13515
876256546845874342,LGA,16726
876266328795403242,LGA,14180
871933212421118004,LGA,11505
871947516587211409,LGA,20157
871968806619646326,LGA,16843
878324692505211060,LGA,13642
878330334269238127,LGA,24955
878336991435374403,LGA,17941
878341490265135146,LGA,14146
878344866337191031,LGA,13908
878345911258968289,LGA,13874
878348575480539546,LGA,8001
878484956150776375,LGA,14628
871990853610302281,JFK,8142
876282504475875674,LGA,11647
876347715276058077,JFK,7723
876614264590071419,LGA,14095
876614541042696364,LGA,14095
876664384815230551,LGA,11679
872353328761318419,LGA,13837
872354212473704575,EWR,19177
872364633069066620,LGA,20153
872401912531202162,LGA,15370
872433134615415805,LGA,12968
872437778753078941,LGA,12963
878486010112549434,LGA,18183
878489096899268968,LGA,16994
878493181649245779,LGA,16540
878504836455661519,JFK,15141
878578926841233712,JFK,16807
878849112452892406,LGA,3525
872484146849792661,EWR,32100
872614266621442181,LGA,17104
876684928497405876,LGA,19705
876713339623757524,LGA,11286
876799791104516669,LGA,14419
876801663993159168,LGA,11510
876897059725496601,LGA,14460
876960001305787820,JFK,25035
876976573490909729,LGA,12782
872649906150203058,LGA,8495
872682429699521331,LGA,20264
872684583358280151,LGA,20264
872955687554776108,LGA,12168
873042603262132939,LGA,1505
873086414676039507,LGA,12026
878854857984940867,LGA,17537
878904671193875855,LGA,8004
878982336794289506,LGA,12480
879007455354395494,LGA,16233
879030966933509043,LGA,11216
879107190027413874,LGA,14904
879109717689809490,LGA,11408
873110287064843178,LGA,22227
877021428085946807,EWR,31861
877259522989056749,LGA,14095
877260115601894218,LGA,14095
877378924316197141,LGA,21577
877469016958154685,LGA,13720
877470034896814851,LGA,22143
873116037507590509,LGA,16895
873144717960029601,LGA,13046
873155515991837871,LGA,9528
873180723841124206,JFK,11575
873190321112437979,LGA,16049
873229797733918189,LGA,22198
879133274958780696,LGA,16346
879190235208239772,LGA,12219
879212821256418790,JFK,10074
879268108054440691,LGA,10983
879575087369763316,LGA,15057
879595534130604151,LGA,14830
879597341691428191,LGA,14830
879598543920060217,LGA,14830
879604089705082068,LGA,14272
877508466982043920,LGA,13183
877518268818132302,LGA,14463
877582036495470050,LGA,19501
877589150859074278,LGA,16818
877594518474201118,LGA,11103
877602226028132663,LGA,16974
877620974568653457,LGA,15165
877621410232403938,LGA,11489
877622101671250640,JFK,9093
877638836723394886,LGA,12456
873267481107160615,LGA,14339
873339273052877065,LGA,13464
873344317841191519,JFK,6250
873392253229649061,LGA,19301
873413181470892642,LGA,14756
879619982852256438,LGA,16049
879659947435780030,LGA,9855
879677345725701125,LGA,16912
879848302925367431,LGA,7762
879940798328309722,JFK,9260
873430115241136891,LGA,12981
877662117836015219,LGA,11422
877731639504424119,LGA,13424
877753061864919643,LGA,14185
877760791836546905,LGA,18509
877830748057150507,LGA,24166
881866129472923133,LGA,20951
881870312319382422,JFK,6424
881879693631214968,LGA,10687
873460455740000460,LGA,15628
873814186773464575,LGA,18506
873916511344650748,LGA,6086
881951052718448493,LGA,13021
882071689229714801,LGA,15395
882119743442916140,LGA,14830
882132074210475324,LGA,14830
882480223677449587,LGA,12249
882495408207604385,LGA,20021
882504391136032815,LGA,11224
879999605697157564,LGA,12946
880072783308872650,LGA,19726
880434490437032841,LGA,11648
880465322920413746,LGA,24232
880473158416436159,LGA,24193
880478634300478161,JFK,7041
880492416678821473,LGA,8848
880510542191070587,LGA,13015
874094083624913235,JFK,10772
874129511957862751,LGA,17219
874179378603271215,LGA,20825
874183848767785412,LGA,21557
885799158715550569,LGA,18064
882522731362408989,JFK,8788
882549893727590653,LGA,13362
882618716699429897,LGA,15349
882669707179436133,LGA,16527
882736540898192296,LGA,15655
882757009539519244,LGA,19383
886122778021873283,LGA,18688
880514548120222566,LGA,18563
880643090819651668,LGA,23994
880691318152067000,LGA,14169
880704288932050723,LGA,11805
881138796238866594,LGA,14608
881201185244371657,LGA,14599
881238250671860482,LGA,7710
881270779058567244,LGA,22233
881292682362497953,LGA,11240
881322086488888673,LGA,11098
886123144988031902,JFK,27073
886123153961243035,JFK,26330
886123877714493336,JFK,26501
886123887345983404,JFK,26320
886124063208895750,JFK,26289
886132465591212134,LGA,4692
882786552465189061,LGA,19287
882800080322962362,LGA,14257
882854676538619391,EWR,31946
883013921802455774,LGA,17354
883065285259132179,LGA,16241
886171838266304235,LGA,22399
881332060506998108,LGA,17025
881361770950607277,LGA,7792
881373748568820077,LGA,23219
881384171635357208,JFK,16650
881414660645896635,LGA,8120
881425150946671667,LGA,16103
881805988134105830,LGA,12218
881806004898184580,LGA,17508
886219533084350581,LGA,16049
886265109629501124,LGA,11951
886310753075905123,LGA,6755
883112096841319366,LGA,9598
883164965771621514,LGA,12558
883176015603021693,LGA,18622
883178181130435692,LGA,18990
883182374074172374,LGA,18990
883193158224666341,LGA,15339
883193188438720142,LGA,14229
883201159097081081,JFK,9494
886337532266112789,LGA,15298
886348642949589350,LGA,16216
881815895437767923,LGA,15136
881850516071417144,LGA,14693
889473480615870803,LGA,6599
889475251699831134,LGA,6349
889476110467771648,LGA,6907
889501469587544100,LGA,6368
889501516298878961,LGA,6897
889554072794418595,LGA,6659
886380153672699150,LGA,16049
886380461999835299,LGA,16049
886417469102966234,LGA,16446
883208966932456255,LGA,14204
883228628192098878,LGA,14006
883256609907065715,LGA,14249
883269987968352585,LGA,13931
883280862128730137,LGA,14654
883284982119955539,LGA,15298
883285676623233005,LGA,12748
886439728772953526,LGA,20707
886492710478314470,LGA,6254
889554354331086133,LGA,6651
889566425818179772,LGA,6635
889566540064154051,LGA,6754
889566654051073571,LGA,6561
889592904643916548,LGA,6680
889593759763836175,LGA,6640
889594088646234583,LGA,6644
889622988320548425,LGA,13833
886529699184775747,EWR,24939
886601349653370745,LGA,12124
883314441140091588,LGA,13954
883329066226448215,LGA,14056
883376890472012193,LGA,14424
883404921227567663,JFK,7628
883443215051312945,LGA,9790
883536914437057720,LGA,16556
886733352930840953,LGA,11288
886759118206964183,LGA,13833
886759599511427720,LGA,13785
886852236283389257,LGA,7952
886856156430249385,LGA,15115
889641086503997936,LGA,16476
889742723078950861,LGA,21157
889820911115998667,LGA,17185
889881699353298612,LGA,19982
889923075890414378,LGA,14298
889985943152089806,LGA,11634
890024618549880298,LGA,19009
886939753063835891,JFK,7529
886941255592981941,EWR,16704
886959702750763340,LGA,16650
883607653341164621,JFK,12927
883767800069660956,LGA,21268
883799106556646619,LGA,16241
883865094666339873,EWR,25464
883896500051204160,LGA,13130
883955753472122104,LGA,13388
884114210754372592,JFK,17738
884120983442669856,LGA,16989
886960046624888196,LGA,11873
886986524185344876,JFK,17745
890071098609522032,LGA,15041
890116632523721018,LGA,13425
890348069961375415,LGA,19941
890421229308814399,LGA,18513
890443345054045797,LGA,12031
890493280151398769,LGA,12943
890578160748025477,LGA,15580
886987512886191216,LGA,13639
887154685365791917,LGA,7640
887160291832994336,LGA,14886
887257857262565594,EWR,37946
887538229003915742,LGA,16728
884182701924143689,LGA,20642
884315775213323321,LGA,14059
884645853457591358,LGA,8575
884661357873554269,LGA,24548
884716836263283661,LGA,7481
884717759824402312,LGA,19471
884721612951593494,LGA,11864
884797357819808676,LGA,21606
884851071791030135,LGA,4344
887604599187144034,LGA,23611
890865451922227760,LGA,20947
891259523090721267,LGA,14438
891373162949637205,LGA,15377
891379236454192350,LGA,19054
891403684596430333,LGA,17219
891410283784110559,LGA,8048
887670440630106247,LGA,11892
887698137449826556,LGA,11618
887752876011773990,LGA,18990
887825283612121065,LGA,18387
887888251157143883,LGA,14288
887917763854717245,JFK,10330
891532159853891550,JFK,9690
891570929224045266,LGA,10223
891581211418572151,LGA,12206
891826372390355580,LGA,8916
891954955953617483,LGA,16216
884852367757897872,EWR,24839
884857952376173026,LGA,12871
884927631933563971,LGA,9518
884977596472621491,JFK,10643
885214491668212823,LGA,14787
885532193980405410,EWR,35719
885620360659925308,LGA,6473
885677795587208186,JFK,12473
885691427528707438,LGA,7640
885730568928410536,LGA,11882
885741019242581636,JFK,24698
887939034837879097,JFK,16147
887946742552972349,LGA,8629
888097439041063087,LGA,15564
888140728520503018,LGA,13833
888141481251242147,LGA,14203
888141810408582652,LGA,12794
888158663695997803,LGA,12634
891972022242665951,LGA,12934
892031805528633128,LGA,9726
892063550476731196,LGA,15357
892074447721012381,LGA,9313
892079701167817777,LGA,10558
892089187412452932,LGA,13115
892107625748375934,LGA,7075
892153575639889577,LGA,14410
888253861914052883,LGA,9968
893612274665070055,LGA,9971
893630966117525428,LGA,13244
893642577224806699,JFK,20998
893683257073499708,LGA,15416
894060385873877940,LGA,14427
894089586985952896,LGA,11433
894195367256167429,LGA,20951
888318454888684639,LGA,14043
888340361696224224,LGA,12717
888385005019472825,LGA,11106
888393397093662974,LGA,15214
888426985116704427,EWR,24417
894236663009316679,LGA,11971
894286712932651698,LGA,14097
894301369025750490,LGA,13944
894303627800187949,LGA,13073
894322542386341043,LGA,15212
894462428130958221,LGA,12482
894500003651727444,LGA,13473
892163187280345537,LGA,15522
892205665073544010,LGA,8102
892234896229665553,LGA,11063
892277263570627452,LGA,15626
892640365984237716,LGA,13935
892649108042423190,LGA,10565
892682416283989783,EWR,26808
892744680973419764,LGA,14367
888464832995798968,LGA,19872
888515846857730382,LGA,3480
888551200498958434,LGA,11350
888668264357618033,LGA,11050
894736262481713316,LGA,13807
894778231614694246,LGA,12968
894783088681425080,LGA,12611
894883521311487624,LGA,20754
888689436431655225,LGA,13743
888955844898354270,LGA,14222
892777186576928585,EWR,34021
892945902800833733,LGA,18736
892968676280864546,LGA,25159
892982419216339428,LGA,24350
893129836556260443,LGA,22783
893178433399302391,LGA,17322
893242869143203735,LGA,12268
888977225467358710,LGA,14248
888991884573051686,LGA,14808
889230306877998461,LGA,19201
889324274258344955,LGA,14977
894909051395582827,LGA,11172
894940206642444945,LGA,11520
895007080264023582,JFK,7220
895166281363796536,JFK,18008
895502673828974285,LGA,15438
895547053633648514,LGA,22852
895681617796889995,LGA,20223
895721582994627963,LGA,21576
889335002923209336,LGA,19638
902301984135743401,LGA,19406
893384294866390910,LGA,12093
893419014177589726,LGA,19158
893468101723043768,LGA,13234
893539889281697061,JFK,21777
893591304959077092,LGA,13682
893599521724577751,LGA,12166
898425696243041784,LGA,15670
898450531679969199,LGA,15810
902455878427288307,LGA,12801
902459784093602977,LGA,18345
898535197012301519,LGA,20741
902634222332941527,LGA,14095
895798141173646301,JFK,15832
895829139047810776,LGA,11304
895849504534728870,LGA,3021
895852155449630100,LGA,16373
895959960269467013,LGA,26877
896178972601608711,JFK,9544
896185778425447968,LGA,15140
902718214390417979,LGA,19488
902809383437129274,LGA,13833
902812569692548885,LGA,13833
902909472855857287,LGA,11529
902910536148547320,LGA,3482
898746552381581282,LGA,8807
898755613660028115,LGA,13557
898762908764470763,LGA,16201
898817174383059616,LGA,6711
898833379500155456,LGA,6608
898846217831725424,LGA,6555
898904640609152150,LGA,19125
902920099477213654,LGA,14905
902927650985371940,LGA,13370
896396385687132511,LGA,17304
896444436938739154,LGA,18074
896467430216714455,LGA,11259
896504117378380893,LGA,19104
896547434400061834,LGA,9129
896569389103548178,LGA,11345
902933858180439366,LGA,14155
902938170390156566,LGA,14155
902939115237127744,LGA,14187
898986216952301480,LGA,6806
898986457722079943,LGA,6337
899000055105472340,LGA,6585
899019461092822487,LGA,6737
899019513347024196,LGA,6749
902949521262955460,LGA,15546
902949768567349631,LGA,13405
903013004337597541,JFK,9457
903025741591233106,LGA,12243
903027129454197865,LGA,20874
896651631960934014,LGA,13509
896939245238848955,LGA,23450
897089711642898827,LGA,12334
897096495164150615,LGA,22308
897112860184859342,LGA,14662
897171274730049643,LGA,16012
897188303018264214,LGA,8972
897190757952784023,LGA,14015
903052654757256299,LGA,13568
903067025276062014,LGA,12722
899019587397699911,LGA,6564
899030143126289346,LGA,6743
899034823249263016,LGA,14403
899119632256906495,JFK,10721
899205328206948365,LGA,13621
899303829992786945,LGA,13048
899314293384838218,LGA,10528
899326733086710972,LGA,14390
899437938846343113,JFK,15175
903068061959225269,LGA,9628
903105549597436717,LGA,21720
903456647456152357,JFK,14365
897191045434321961,LGA,16307
897323444335573582,LGA,16509
897366772582089952,LGA,11132
897441590874788617,JFK,9097
897596420535159358,LGA,21162
897622871165711966,LGA,13940
897671789573838437,LGA,12565
897773635353382964,LGA,8199
903472266941997664,LGA,17412
903472612170930563,LGA,17412
903497169182793234,LGA,19354
903518091869585200,LGA,10641
903532779992444851,LGA,8719
899752796158016647,LGA,14224
899872776956071144,LGA,5295
899892308740180470,LGA,14972
899915234353462972,LGA,18690
899921833554830653,JFK,15561
899938894250085681,JFK,15561
899955635638086571,LGA,20534
899973821755358897,LGA,11173
903538481180018263,LGA,13036
903598948687604703,LGA,14376
903694272951730564,LGA,14394
897861455839507683,JFK,11302
897889938438817775,LGA,12600
897949174044168754,LGA,5184
898032158839073557,LGA,15837
898047985441174541,LGA,9206
898077144962515384,LGA,21086
898139541091550572,JFK,6048
898322310635830570,LGA,16173
903726654705656695,LGA,13260
903808034491004746,JFK,12964
903864583526616433,LGA,14499
899998186405504538,LGA,14740
899998468425557259,LGA,14880
900031651019083404,LGA,14635
900036861618829572,LGA,11374
900041352632676461,LGA,10930
900095243340236823,LGA,13166
900161726918924857,LGA,14125
900168323603616154,LGA,19490
900210961874346857,LGA,19754
903872405831157824,LGA,11060
903935533025871679,LGA,3502
903935606382398001,LGA,29661
904960548681723189,LGA,14208
904968514528702932,JFK,19031
904997635657518046,LGA,18158
905010317935337932,LGA,14830
905023548703341313,LGA,14830
904259895461635228,LGA,19768
904276013705839099,LGA,14113
904286092272787383,JFK,5806
904332116672992001,LGA,10232
904414164220627959,LGA,13328
905026117716678420,LGA,14830
905031073149861760,JFK,15449
905036120342141202,LGA,14830
905070033065803206,JFK,7539
905077900484113845,JFK,17275
905083864275613467,LGA,21000
905109354552786380,LGA,13826
900301067012439683,LGA,18620
900438606900160902,LGA,18846
900523198699096632,LGA,12356
900538735735963320,LGA,11205
900574988513659456,LGA,15025
900694366864703170,LGA,19703
900756762692073591,EWR,22443
900845159348542811,LGA,6878
900895229439907113,LGA,10800
901353931813750670,LGA,13877
901545811560679267,LGA,10274
904418500045894711,LGA,11722
904438966406791286,LGA,20026
905109367857877985,LGA,13826
905109893390620903,LGA,13826
905110024550239748,LGA,13826
905154913221917061,LGA,12031
905162558268637063,LGA,14478
904523946643334652,LGA,15545
904524100106225881,LGA,15545
904524223667771043,LGA,15545
901609055054730360,LGA,15258
901659428219334853,JFK,18647
901715413113833978,LGA,21637
902105607895566798,LGA,20461
902141236113014829,LGA,19063
902177470076989986,LGA,5001
902190686960271673,LGA,14978
904535168405115188,LGA,14162
904535302708188130,LGA,14162
904535398460438459,LGA,14162
904536587376482157,LGA,14162
905162619499931370,LGA,14478
905162681257368690,LGA,14478
905162750000710410,LGA,14478
905162795487112368,LGA,14478
905163090388472898,LGA,14478
905163280994842495,LGA,14478
905163832396660379,LGA,14478
904537540621885048,LGA,14162
904539804821875705,LGA,18158
904540367562348011,LGA,18158
905163888060112243,LGA,14478
905163982379737775,LGA,14478
905164331540083948,LGA,14478
905164860097591140,LGA,14478
905164935043078475,LGA,14478
905165012097606645,LGA,14478
904541267271833455,LGA,18158
904568307426790068,EWR,25491
902193682087373578,JFK,10777
902208295121798734,LGA,11268
902225058371011638,LGA,13888
902274036912133963,JFK,8274
908718589831607250,LGA,15965
908758734185174325,LGA,14292
908765271587049834,LGA,12082
908782132165679917,LGA,15142
904585380099402394,LGA,8723
904639583559716185,LGA,16276
904891464938130487,LGA,22505
913349521354135175,LGA,16447
905210320377721966,LGA,10519
905243732881843633,LGA,11337
905310919641298879,LGA,21544
905319514083503911,LGA,16297
905397583719001081,LGA,18953
905636887650555871,LGA,18828
905651319684253457,LGA,21840
905821067093280628,LGA,11804
905916927242175062,LGA,22000
913351479875441973,LGA,5772
913357578641557854,LGA,5549
913430766168314982,LGA,5477
908782153040474165,LGA,15138
908902110868808889,LGA,12986
908911613377383627,JFK,10895
908972998408255760,LGA,15647
909349194222367057,LGA,15824
909363784337919136,LGA,15824
909374871119358865,EWR,36503
909413687382641860,LGA,14899
913517936554777822,LGA,17412
913518239659716460,LGA,17412
913556196684767548,LGA,14347
913649203847330084,LGA,12686
913651309025783642,LGA,12846
905998253119152699,LGA,22154
906405971128285143,LGA,9355
906585491077215836,LGA,16030
906602360602163043,EWR,36304
906708901829665684,LGA,2173
906749194277796837,LGA,7593
906769734194982627,LGA,14717
906795104264452299,JFK,18290
907088727200673307,EWR,24413
913664880261753635,LGA,15633
913913652945789065,LGA,11405
909492443054363122,LGA,11694
909549411811489192,JFK,5923
909624529045715360,LGA,11896
909635911978899986,LGA,22772
909946357885285259,LGA,12036
910081455813892137,LGA,17879
910115731942105916,LGA,16421
910116681468508560,LGA,21081
913925496138986779,LGA,14978
913979499533324610,LGA,12495
907164433967781820,LGA,13837
907247040132055762,LGA,14352
907252516607023149,LGA,14126
907302757092037662,LGA,22544
907356347496873739,LGA,12495
907422793177630168,LGA,22445
914503982420675976,EWR,22932
907528228019359587,LGA,25051
908013610996843306,LGA,12839
910134978538777354,LGA,16410
910153012037513121,LGA,16422
910216180478477144,LGA,12020
910235084008240665,LGA,13272
910291003643099196,LGA,11145
910329559700258482,LGA,17195
910554926647877661,LGA,5544
914651482170510192,LGA,18061
915094903960790848,LGA,15277
915099393883550173,LGA,13332
915099832149081162,LGA,17650
915111198552800309,LGA,16581
915143478128199331,LGA,13443
915164113918525424,LGA,12601
908067468230875350,LGA,21111
908168226182126434,JFK,13982
908179761746967863,LGA,19252
908514518240064800,LGA,11271
908634322847816388,LGA,19105
908674065556198820,LGA,19968
908677070021981560,LGA,12763
908678306945938969,LGA,15954
918518905939693392,LGA,13079
910771154080515905,JFK,10527
910786394092056437,LGA,19444
910836081162496898,JFK,14768
910869080951174846,JFK,9074
910949023374171399,LGA,10579
911059653094636598,LGA,23039
911382296831667776,EWR,21341
911540975483008852,LGA,6191
915195382103435091,LGA,1881
915407246442130302,LGA,15192
918519185390900058,LGA,17412
918656390074238033,JFK,10879
918665614477414731,EWR,16501
918838993806282033,LGA,17417
918887902897937374,LGA,11222
918922755663096850,LGA,11628
915450692103842238,EWR,23956
911756533429812789,JFK,5820
911813271676603698,LGA,15669
911833783853119078,LGA,4832
911890555720855466,LGA,15062
911987755597201939,JFK,10165
912003079437996551,JFK,10714
915485774792788806,LGA,12155
915780736371404768,LGA,17725
915810628947572057,LGA,14191
915896747275039057,LGA,5871
912119017271777009,LGA,12846
912119694048610928,LGA,13019
912145313916489812,LGA,14186
912149898639905036,LGA,19517
912158210133915666,LGA,22209
912190924391215062,LGA,17259
916141533448157977,EWR,22928
919079290929930876,LGA,16496
919116471135457824,LGA,16240
919116887602916479,LGA,16370
919383845592883891,LGA,20910
919387125442548941,LGA,17633
919391026829825331,LGA,10573
919518849494471990,LGA,20815
916584033110679167,LGA,9937
912198154257146118,LGA,14350
912239943387317373,LGA,14285
912258745235745245,LGA,14114
912263310611858508,LGA,13328
912294324411562584,LGA,19895
912310416167011471,LGA,13175
916821110812610124,LGA,13675
916854231447228894,LGA,4599
916908855321033088,LGA,15371
919625176319452795,LGA,20702
919698648386324448,LGA,19643
919742181611245740,LGA,21842
919794429341881622,JFK,8864
919827882552409032,LGA,24170
919843433071590384,JFK,8787
920068592892731269,LGA,16173
916935346150480085,LGA,15646
912333987362017752,LGA,12932
912355868324493373,LGA,12889
912372424580941879,LGA,10713
912396732617862267,LGA,13215
912401924564160654,LGA,14041
912510376402451395,EWR,24561
917234029357675052,LGA,23823
917260113030074428,JFK,15789
920069373723972214,LGA,17412
920103826004223083,LGA,18990
920109678115048743,LGA,13975
920175418961824665,JFK,9192
920192085939852814,LGA,13615
920194483850422892,LGA,10912
920235590947471498,LGA,15863
917280232416284960,LGA,10670
917297550127335549,JFK,8177
917361372686579525,LGA,11236
912598957771766169,LGA,15126
912717631989480956,LGA,15396
912839143978682230,LGA,20045
912954461491294373,EWR,27225
913100388817665332,LGA,15416
917375093575662322,LGA,13995
917490319184727650,LGA,15912
920281729367862507,LGA,14722
920321982003015564,LGA,16878
920323389045711545,LGA,16878
920324956955905116,LGA,16878
917508855013718799,LGA,14170
917521967079126177,LGA,11740
917633322049671093,LGA,6776
913227757411567414,LGA,12842
913323222250021583,LGA,5707
913341921156977472,LGA,5717
923184176938855691,LGA,16522
923197559312516663,LGA,13326
923207690874951698,LGA,13943
923241683452324279,LGA,13558
923280110640372934,LGA,20218
923284967585951633,LGA,11349
917885222415016226,LGA,16173
920396587945791656,LGA,14811
920867558233350907,LGA,13531
921243805509585892,LGA,16776
921319100095468260,JFK,9669
918080641424602526,LGA,20104
918089480833410085,LGA,20035
918130735715171123,LGA,20674
923387293801507759,LGA,4805
923399719873002840,LGA,16425
923501259774537600,LGA,14826
923815513633030246,LGA,10288
923822272026545791,LGA,10679
923860359383615657,LGA,10967
923900704452428974,LGA,18203
923919849792767637,LGA,21647
918141090813487912,JFK,18378
918158720284859176,LGA,10970
921390228920922351,LGA,11862
921643385169345805,LGA,13711
921731972122044707,JFK,18121
921754895372312797,LGA,18673
921836496570677529,LGA,16859
918299351414917573,LGA,6191
918355450872351634,LGA,11058
923926316808811245,LGA,16878
923932984833086904,LGA,13656
923936039109338882,LGA,16878
923974573909245693,LGA,11648
924001872239136033,LGA,14423
924096046403534301,LGA,24065
924124016591986136,LGA,14944
924510090567827314,LGA,13443
918366430524968270,LGA,21218
918367184813940843,JFK,18300
918388866035115888,EWR,23447
921973637699062776,LGA,15496
921985740130193871,LGA,15838
922205182778485353,LGA,14659
922380180116140037,LGA,15352
918404144849811197,LGA,15578
928135852681483836,JFK,15216
924522673156896830,LGA,15824
924523082287697779,LGA,15824
924663408638450361,LGA,16094
924666864724020545,LGA,20173
924755008538247849,LGA,14745
924768162233456430,JFK,9579
928143028684103281,LGA,22724
928150949438055792,LGA,7495
928203844965377896,LGA,5942
928358388994326377,LGA,10643
928394724531306431,LGA,13712
928436525828395953,LGA,6259
922488751273363648,LGA,12582
922527181364298444,LGA,7655
922531986743506039,LGA,15671
922544917728869201,LGA,15897
922570487743691267,LGA,23293
922665961458727772,LGA,15639
922748405120763971,LGA,11872
922763290425504533,LGA,20979
928500961130701633,LGA,24145
924803898227764218,LGA,11525
924865714349459795,LGA,14156
925233576688659924,LGA,10164
925243479022156915,LGA,12168
925287509500728814,LGA,12274
925307278101325712,LGA,14155
925308290525929449,LGA,14155
925309296990217157,LGA,14155
925332909222963253,LGA,14716
928513545611321046,LGA,24145
928632961796271539,LGA,11480
928901300696495576,LGA,17229
928984413131741043,LGA,14928
929040557409885468,LGA,10902
929041589928050032,LGA,10902
929084397482773644,LGA,15283
929111862514004700,LGA,11172
923119089004402776,LGA,19265
923173058644795452,LGA,15824
932865847860645621,JFK,22231
932886366776445764,LGA,11021
932893071035345056,LGA,19365
933199939452228087,LGA,15172
933229024126753803,LGA,10691
933237475965833822,LGA,13503
933280384834396281,LGA,16878
933281852150198942,LGA,16878
925428913494853629,LGA,13826
925429595379758670,LGA,13826
925430526243206196,LGA,13826
925469920044846942,LGA,14901
925671449931187449,JFK,6362
925724714155045793,LGA,13296
926036116549614478,LGA,12486
929162167006449291,LGA,15227
929211353348584512,LGA,20664
929253135206315104,JFK,18082
929287811121217114,LGA,24140
929478160790239391,LGA,14485
929584624748362659,EWR,21505
933284844176319963,LGA,16878
933317858671778853,LGA,16049
933401156085324658,LGA,21558
933401164471711683,LGA,13443
933636516515446771,EWR,26595
933765874985398884,LGA,16173
933904777683447370,LGA,13801
926073967935452311,LGA,24965
926080195432822204,LGA,10781
926108401326308497,LGA,18036
926278118317339832,LGA,22815
926312864566891761,EWR,25149
926452997548084866,LGA,24607
929679138005881467,LGA,25789
929747780149785100,LGA,13274
929862356918731434,LGA,11838
929952582669707937,LGA,13516
929953648424077129,LGA,19276
929978463825862773,LGA,16650
930018778505413057,LGA,14411
930277168378143041,LGA,18862
933915462295022784,LGA,14213
933971768939004094,LGA,14754
934031903795021680,LGA,15813
934053688724269328,LGA,16201
934097609926046006,LGA,14645
934100065088277596,LGA,19009
934107469692156357,LGA,14728
934260446716517894,LGA,7991
934275770858075149,LGA,10424
934319323648560151,LGA,19649
930373816996318448,JFK,10443
926458270520965380,LGA,18444
926462289092721802,LGA,24303
926728872918912348,LGA,15471
926751884700611434,LGA,10119
926845982059795936,LGA,14969
926906090238117671,JFK,6790
926919329132078879,JFK,6615
926987680896723420,LGA,11633
927065431332544499,JFK,9479
927117024608875847,JFK,9287
927136297904368080,LGA,10216
930566199035367009,LGA,14514
927348564034443687,LGA,12172
927348854814354483,LGA,12172
927353218349068481,LGA,15220
930597320286325642,LGA,17457
930648551063213028,LGA,12214
934380588192051215,LGA,20624
934473612721421418,LGA,15519
934508694446219093,LGA,16200
934510271997172189,LGA,16173
934510577919777737,LGA,16173
934644132328153054,LGA,18305
930936774595626756,LGA,5149
930936926471139471,LGA,5858
930937060232117710,LGA,5101
927425874394304949,LGA,21070
927531075448899720,LGA,15673
927552764907318502,LGA,15700
927590286255504925,LGA,16878
927594477555340305,LGA,16878
927751966043550944,LGA,15481
934719220450807878,LGA,15310
934762743705655820,JFK,10771
934862979955950523,LGA,14748
935027213162316016,LGA,19472
935323497276063033,LGA,15351
935495799688132900,LGA,15964
935522748480485575,LGA,14396
931043537485163386,LGA,2200
931061652669166300,EWR,25257
931216252915282640,JFK,9279
931346599700737114,LGA,18858
939096788299135432,LGA,16878
939099210247604680,LGA,16878
939121148158704051,LGA,15938
939153752933491126,LGA,19122
939268446662227135,EWR,33063
939387800231178042,LGA,11619
939431170319588496,JFK,12971
931710465335446145,LGA,12633
931737583727167257,LGA,14038
935537402485139223,LGA,12241
935632781765410277,JFK,17062
935641323037716462,LGA,15526
935839383979445801,LGA,15193
935914641942789255,JFK,8931
936124309654742052,LGA,4008
936130644061300986,LGA,4982
936138035059084534,LGA,3927
931754909794665307,LGA,12754
931755371526339724,LGA,15867
931952361611331402,LGA,11619
931997212799351474,LGA,17023
939707381622763018,LGA,14411
939751910723746071,LGA,13992
939756457237944916,LGA,18108
939782042054648737,JFK,10267
939848665473909823,LGA,16805
939887136280503228,LGA,14791
939911859297240587,LGA,20001
940156629413345648,LGA,15712
932036061742273027,LGA,15877
932061950917066464,LGA,12828
932099943499845547,LGA,23966
936142626413916074,LGA,5088
936242589592828906,LGA,10003
936314153892811228,LGA,12200
936835828064696598,LGA,24432
936959756283937973,LGA,14147
936999803098368312,LGA,24354
937020395675326839,LGA,24429
937049149080504982,LGA,12134
937088272013890054,EWR,27975
932509525705477060,LGA,19652
932513881802567497,LGA,19652
932517702484463490,LGA,19652
932519451454057903,LGA,19652
932522047518865082,LGA,19652
932523901255607390,LGA,19652
932526628996295140,LGA,19652
932554388157652889,LGA,15501
932568622035093929,LGA,15501
940279919668139029,LGA,11838
940458538795223834,LGA,12133
940503370317405352,LGA,15712
940528776781272234,LGA,23937
940626615274426464,LGA,13321
940643437829841859,LGA,19031
940702861177012798,LGA,19343
940756653452768403,LGA,9919
941135917318610188,JFK,15405
941212639695756797,LGA,14166
932570206848068680,LGA,15501
932578265767796981,LGA,17629
932593024559764862,LGA,15501
937116425864902491,LGA,14651
937574445578039112,LGA,13456
937613406225556655,LGA,14711
937671047490491835,LGA,15064
937708024938552088,LGA,16129
937842682975806831,LGA,9090
937873431653897161,JFK,10527
937880575429081454,LGA,7250
932597060367349114,LGA,15501
932658646851116915,JFK,18181
945036621241359838,LGA,13684
945140514192291758,LGA,14126
941250501472266329,LGA,17992
941267689993150302,LGA,20888
941268454474275765,LGA,19219
941340717491101017,LGA,15836
941401018286124164,JFK,8576
941526822234794548,LGA,12978
941557907167199278,LGA,13837
941593392429578588,JFK,16824
941905097912157160,LGA,19152
945143380838777358,LGA,12650
938280108235737499,LGA,11525
938426319639302623,LGA,17988
938529516572780694,EWR,21173
938542600432469649,LGA,17236
938652341400092973,LGA,15497
938857402335841220,LGA,15135
938959654340995163,LGA,13146
945418448033609833,LGA,16253
945433153175759001,LGA,5168
945554007778292101,LGA,15117
945589888997232644,LGA,15159
945602409561819512,LGA,14186
942015991579055232,LGA,13110
942039635983891486,LGA,11688
942107749155144577,LGA,19902
942119359731768484,LGA,16057
942183608740173414,LGA,15415
942263483606516515,LGA,19263
942296039625766543,LGA,21307
942394186707379939,LGA,4978
945753993360829251,LGA,15378
939052842960441956,LGA,22865
939052940054958263,LGA,13657
939093570322682514,LGA,16878
950633540058086852,LGA,12408
945823283305739634,LGA,1474
945869533082985700,LGA,15700
945943800810865099,LGA,20629
946191121459066867,LGA,14488
946251498631212313,LGA,12128
946447856386514031,EWR,19672
950729153375366077,LGA,15142
950760354634472980,LGA,16880
950789058125970114,LGA,12051
950811986764896643,LGA,23100
950848677535894971,LGA,14694
950857524230310407,LGA,3651
950945548518671288,LGA,15816
950960023109020864,LGA,12421
950977050079855273,LGA,5816
942577089963887749,LGA,11828
942625772911401128,LGA,13154
942710768503037353,LGA,20846
942733581675934093,LGA,9923
942751602060214384,LGA,18828
942787222654669024,JFK,6012
942789916504865346,JFK,10282
942866549062627160,JFK,9224
947081553406544914,LGA,20895
947101073823190038,JFK,5654
947184015001854560,LGA,8302
947225543055638970,LGA,14195
947227242982589922,JFK,22917
947312309893755569,LGA,11359
947338824749890014,EWR,30897
947357514213752269,JFK,15174
943228744483186066,LGA,11609
943339716195685741,LGA,15824
943355475316082705,LGA,20911
943360194879720562,LGA,11169
943371238701435307,LGA,13528
943407090207252431,LGA,14727
943419084180379025,LGA,13384
947382440952465575,LGA,15498
947406723156322893,EWR,31021
951283938469772317,LGA,13262
951290001212126600,LGA,14678
951379563230528793,LGA,23907
951553196276318579,JFK,13865
951571743611145829,LGA,18961
952213620811085307,LGA,13657
952230046768622631,LGA,13657
952235385988026953,LGA,13657
947506677820065380,JFK,16420
947708237377081975,LGA,14797
947748255892941763,LGA,23193
947751330348815891,LGA,1505
947812293105229520,LGA,14943
947814065586984234,LGA,6844
952282208649608234,LGA,13657
952394433494138725,LGA,12332
952403908081009301,LGA,13657
952408460558400002,LGA,13657
952417627193014787,LGA,13658
952430344707624082,LGA,13657
952440321735513154,LGA,13658
952444280211995537,LGA,13657
943448404698310515,LGA,13489
943454489635225050,LGA,13875
943532117931729388,LGA,14745
943562811506042858,LGA,12407
943707153287511998,JFK,13054
943780020325684092,LGA,4814
943789666349337789,JFK,8300
944236621599209077,EWR,30767
944241745269749895,LGA,14979
947942898178043576,LGA,16562
947990637125132193,LGA,12605
948073089435542820,LGA,13875
948074897183249086,JFK,16189
948154615971768276,LGA,17627
948160046984994544,LGA,20281
952451857525858755,LGA,13657
952455301934953242,LGA,13657
952465726593503508,LGA,13657
952468798459016382,LGA,13657
952471368632957564,LGA,13657
952473552453018401,LGA,13657
952792704677899527,LGA,11457
948380746612788025,JFK,22726
944831938640547421,LGA,18968
944840863824995866,LGA,15326
944898365098168917,LGA,13841
944912791363398658,LGA,14999
944912962440670211,LGA,14999
944920536775536702,LGA,15131
954409858822364497,LGA,5746
954416106078461534,JFK,8864
948529812205693771,LGA,15324
948566915733303630,LGA,16154
948571500147013460,LGA,17301
948583956858487097,LGA,14346
948641738106703685,LGA,12372
948686702143302519,LGA,10147
948842213174120198,LGA,16320
948965851476384808,JFK,10363
952798329936840147,LGA,15811
952824969723825832,JFK,6954
952829600740335989,LGA,15518
952878493728030140,LGA,15665
952984142614272420,EWR,23944
953082621778685235,LGA,14095
953092713442237503,LGA,17612
953102865275048099,LGA,12494
953206229223459043,LGA,12337
954431936531898557,LGA,15385
954811174828138756,JFK,22403
954968669432641550,LGA,19194
954977821157428078,LGA,15298
955021520281902760,LGA,9266
955034667956489782,LGA,14526
955050227421369755,LGA,14045
949015083661627174,LGA,12263
949203092352821304,JFK,16503
949211575885214022,JFK,17177
949224321229263998,LGA,12663
949234336228113845,LGA,19343
955102598808666581,LGA,12747
955168568146763274,LGA,12747
955641002931211440,LGA,13941
955641708252700384,LGA,14659
955642047468711045,LGA,14723
949251364400329401,LGA,11022
949264702916929713,LGA,11671
949265372729570235,LGA,13092
953374339819644784,LGA,15950
953391145939365107,LGA,11160
953551779964382496,LGA,14987
953648370950219232,LGA,14722
953676633258858896,LGA,12084
953709683318097157,LGA,8158
953728610532190232,LGA,13368
953749709894151239,LGA,22246
953828756330090292,LGA,14562
949268359066422850,LGA,13092
949274358936897763,LGA,13092
949277070616892307,LGA,13092
949280014906858915,LGA,13092
949282062861822755,LGA,13092
949284629071808523,LGA,13092
955648648399082078,LGA,15283
955696793185611740,EWR,20485
955757854520890146,LGA,7285
955770350166622194,LGA,10135
955794046126735510,LGA,15422
955801266390516689,LGA,15986
955842473362618091,EWR,30721
955899560315923046,LGA,21244
949288691549168003,LGA,13092
949400303873290231,LGA,14077
949486536388006369,LGA,5287
953831266529128673,JFK,14861
953873085836036385,LGA,14339
953884582009992940,LGA,15225
954013635793717147,JFK,10614
954203854664822839,LGA,15166
954215732943587985,LGA,14186
954215877577072004,LGA,13739
954239000010599102,JFK,17990
954283379414654919,LGA,13770
949729555472891578,LGA,13602
949902736506232978,EWR,38054
955982807488068454,LGA,15010
956116282739680488,EWR,29229
956315593100013830,LGA,16976
956572242219688781,LGA,3872
956637921456579090,LGA,22043
956673432204758423,EWR,20223
949940706376643143,LGA,15987
954298098284771504,LGA,13528
954299772270320483,LGA,13718
954300939099227966,LGA,13839
954305781860517709,LGA,13808
954307423551946038,LGA,13733
954307563027422794,LGA,16896
954322057643536426,LGA,13732
954330013939237910,JFK,8864
954338450548949071,LGA,14240
950088048554818503,LGA,14745
950110666381625817,LGA,17493
950150663573223073,LGA,16914
950168592361022132,LGA,11646
957076524269538819,EWR,20422
957180843002831029,LGA,5168
957256229805799881,LGA,11839
957270452215143039,LGA,13268
957303156931207604,LGA,16710
957362915117972428,LGA,14635
957417213711130957,LGA,16720
950316243638576156,LGA,14849
950613063933116818,LGA,12641
963116369097877691,LGA,23182
954363583010781575,LGA,13393
954370729256029436,LGA,13758
954376322754844300,LGA,13386
959360376980857230,LGA,13530
959483358389401109,JFK,20880
959487132458696940,LGA,11160
959488755369970428,LGA,13951
963153880177022920,JFK,23554
963159451615470070,LGA,15765
957425381814766097,JFK,6320
957484574310360183,LGA,19218
957768545886397531,LGA,12202
957818857975204814,LGA,14813
957840105436009773,LGA,15632
957935036050907650,LGA,15082
957945358641843537,LGA,19269
957946390155047482,LGA,15138
959516896569152304,LGA,11098
959526760678891421,LGA,13808
959602807291281436,LGA,14962
959603104962841960,LGA,15748
959667125949545689,LGA,14937
959700743851454721,LGA,13553
959745656323099608,LGA,4909
959946117705023825,LGA,11877
960106439790909562,LGA,7306
960123989588215141,LGA,13575
963369737715683373,JFK,10237
963371797604061344,JFK,14914
963568680727420431,LGA,13550
957967655576972781,LGA,13444
957968867778010709,LGA,12837
957997561762518256,LGA,5507
958019510453136553,LGA,14847
958148812089033219,LGA,24721
958174385917394679,LGA,11754
958259665696602114,LGA,13396
963627843672912854,LGA,13054
963676412262803693,JFK,10797
963696212258651543,LGA,14002
963719859916841872,LGA,11384
960252148706511680,LGA,11294
960258169135210648,JFK,8310
960284822920196092,LGA,15549
960353377119642101,LGA,25233
960369879026294496,LGA,1200
960483610886728736,JFK,14899
960565066505033598,LGA,6662
960792992041170317,LGA,15101
960802474144312739,LGA,13983
963733623334681051,LGA,25128
963743118811741225,LGA,20960
963752814816200902,LGA,20960
958430408164791754,LGA,14439
958483783087820252,LGA,15091
958558125469831900,LGA,5556
958610073245715978,LGA,20350
958668457048548195,LGA,16912
958668503625039193,LGA,15613
958668605542635977,LGA,16049
963753922876932895,LGA,20960
963771864938788099,LGA,11200
963775739081591184,LGA,12590
960803210657433132,LGA,13983
960804652550437543,LGA,13983
960805353810541341,LGA,13983
960806463378408324,LGA,13983
960806774951498739,LGA,13983
960807174486368490,LGA,13983
960807923889705033,LGA,13983
960808430254177727,LGA,13983
963782690020202626,LGA,13421
963789422666124992,LGA,12590
963804208409308950,LGA,13876
963806755084027377,LGA,14667
963814714581341839,LGA,16794
963876905178785865,LGA,15267
963880900259575583,LGA,15239
960808465837278006,LGA,13983
960808925444839986,LGA,13983
960809504670641684,LGA,13983
960810042194803796,LGA,13983
960810722415414213,LGA,13983
960813601139525414,LGA,13983
960813984253928172,LGA,13983
960814393147089142,LGA,13983
963888047601554678,LGA,16685
963889303393518087,LGA,15150
963898358315700969,LGA,15283
958735792873026478,LGA,18169
958835117292862482,LGA,13041
958891583704104591,LGA,12999
958909593719491638,LGA,22460
958940970927847507,EWR,23064
958972019916575251,EWR,24017
959209642509325824,LGA,18377
959308487644032372,LGA,1740
963914944993129500,JFK,10729
963924328426517775,LGA,15712
963998015345188306,LGA,16448
964121383827414786,LGA,14258
964125398757840958,LGA,19115
964235915747817963,LGA,18846
959344147221723685,LGA,10897
959359870617219142,LGA,13890
965830246757892252,LGA,15652
965831407638620348,LGA,14922
965836734967050413,LGA,14510
965903065559481280,LGA,18073
965972728839907811,LGA,12584
965992693591250810,LGA,16783
965995992034672989,LGA,13421
960822410559368357,LGA,11637
960863548264366915,LGA,14208
960863554272994859,LGA,14153
960869046954167399,LGA,13378
960870128916074588,LGA,20840
960875317288334604,LGA,14322
960883666210378517,LGA,14785
960901063510719919,LGA,19097
960955897399366037,JFK,7474
960986775414264835,LGA,18164
964420907082026117,LGA,19747
964428733563892675,LGA,13311
964438667689318197,JFK,4822
964449748366461485,LGA,15342
964490043156249684,LGA,15608
966007202301299080,LGA,17610
966015814531483475,LGA,12601
966021427249868810,LGA,22915
966053705670125310,LGA,13637
966075614879803673,LGA,19831
966077154092000207,LGA,6058
966077910106063326,LGA,14260
966141894035636477,LGA,6058
966526373755872916,LGA,15272
964580862175553321,LGA,18185
964663362266512518,LGA,20058
961033156841573782,LGA,15262
961040467494189722,LGA,10190
961102840821453179,LGA,15343
961219465029002448,LGA,3897
961527622157301522,LGA,11835
961583712267369586,LGA,15532
961712378933765607,LGA,19889
961734517987231970,JFK,5884
961818212559589191,LGA,10010
961836418495370418,EWR,30583
962189814042077806,LGA,14522
964766056473184169,LGA,8115
964872115077685352,JFK,7366
966639031314684792,JFK,11705
966708656281258288,LGA,19301
966732971872955190,LGA,23686
966740091055327436,JFK,17893
966775673600386645,LGA,10513
966776877776043465,LGA,12673
966821144198085863,LGA,14100
966874541313648251,LGA,15022
966917087282735307,LGA,12993
967417239150226565,LGA,11403
964872185290069168,LGA,17159
964981942801450068,LGA,12016
962288502694718934,LGA,19150
962361429254113252,LGA,16519
962485786688871927,LGA,13664
962535551214838738,LGA,19505
962541812307943926,LGA,17669
962791720021643770,LGA,10195
962939782996570342,LGA,10917
962941722185189247,LGA,10917
965033404639076969,LGA,14435
965072157099213665,LGA,12172
965075188819910365,LGA,17169
965075551050725927,LGA,14248
965075878880346855,LGA,14248
965116437418404522,LGA,13250
967536405500579160,LGA,17740
967572040503577303,JFK,14995
967637028883999741,LGA,31400
968043184639361760,LGA,17866
968052518875387461,LGA,15351
968090367625068114,LGA,19674
968117958661367161,LGA,15064
968132719457085471,LGA,17818
968138190116958758,LGA,18194
962998923901128884,LGA,16638
963013022002239624,LGA,10917
963017194270461755,LGA,10917
963018858907397944,LGA,10393
963035416697714200,LGA,20687
963038831435657022,LGA,16626
963046100751973782,LGA,19975
965160360662831113,LGA,20388
965292515062423473,LGA,13439
965319537209564235,LGA,24698
965350569769330663,LGA,21715
963048078029205948,LGA,18954
963050321235273887,LGA,16763
963052675248418723,LGA,28043
963053029284213047,LGA,17239
963066386070131161,LGA,16637
963085620841841358,LGA,16860
965370066480069051,LGA,11800
965474127659977246,LGA,11603
965505333713118531,LGA,5244
968146040275203709,LGA,17665
968158472503477954,LGA,12442
968165379716775028,LGA,13954
968232639190407327,LGA,15345
968246016505554438,JFK,18559
968278843988039212,LGA,4679
968356497739578739,LGA,16408
968479961934034963,JFK,13764
968598106754507577,LGA,13006
965519387874358648,LGA,15060
965519397068939795,LGA,14795
965706328966754098,LGA,15654
970072934238390539,LGA,14548
970107108782228634,LGA,14509
970213432972312352,LGA,13929
970248007829272555,JFK,17136
970314665699856874,JFK,27070
970314946666010164,JFK,5271
970318365895422240,LGA,10863
970364193542146289,LGA,15824
970394774041225066,LGA,20238
965709350570453289,LGA,15283
965709633075349012,LGA,15669
965709977898767387,LGA,14679
965816156178565916,LGA,11428
974125072212125485,LGA,15315
974227248765395489,JFK,4169
968796501661082781,LGA,10897
968819722669063441,JFK,11774
968870682060442981,LGA,18912
968888543324752321,LGA,15478
968909763063437946,LGA,15460
968921608892347832,LGA,20338
968922429264222420,LGA,19316
968943326386341222,LGA,17342
974333058451776793,LGA,15487
974391601107624428,LGA,21274
974595688545830503,LGA,4803
974768925562616199,LGA,13983
970433469370775501,LGA,15022
970497589664733128,JFK,15653
970513355093049469,LGA,12119
970554818362587457,LGA,11136
970653078127575418,LGA,5003
970818556729760468,LGA,12774
970956880456551340,JFK,14307
971014919312107685,LGA,3096
974896319454328448,LGA,13522
974927953560232331,LGA,7394
975104119329939624,LGA,15064
975138959448456465,LGA,11106
975203627957797239,JFK,12453
975273537094295498,LGA,12878
975282423991954507,LGA,19641
968961111636531690,LGA,13474
968982002561156213,JFK,7452
969020047281643924,LGA,17471
969035784970111373,LGA,20846
969046191401522947,JFK,12417
969083574093441615,LGA,16483
969127796395247392,LGA,5754
969429540603462926,LGA,20959
969450944687841104,LGA,11468
971017228077053672,LGA,6167
971101887044988474,LGA,12798
971248186527312092,JFK,5457
971269555409003026,LGA,8094
971574348597854706,LGA,21224
971594939474655781,LGA,9285
971653733668334227,LGA,4134
971748602940958727,LGA,15473
971852833016548288,LGA,18441
971862308015568674,LGA,10981
975395203298072020,LGA,14749
975423767784306410,LGA,15790
975443645021222998,LGA,20960
975446337136486679,LGA,20960
975528787109367099,LGA,13704
975557781301854322,LGA,10715
975568948675780399,LGA,10714
975709423503449198,LGA,12639
969458692398111487,LGA,20960
969461391626046879,LGA,20960
969462426603921243,LGA,20960
969463803755237494,LGA,20960
969471972225907553,LGA,14976
969477419980535733,LGA,14139
969514008107126414,LGA,7089
969521494667176747,JFK,15569
969527055763631540,LGA,10252
969546377878285001,LGA,15481
975897434407302403,LGA,19633
975923866742134317,LGA,19508
976134439875101380,LGA,4854
971907111940311957,LGA,17182
971930833189858191,LGA,13663
971985344645165863,LGA,10496
972008124482098468,LGA,14711
972325698235775364,LGA,17166
972377389533980113,LGA,16013
972443650532062896,LGA,10533
972573127714248461,LGA,13997
972617212028384644,LGA,11659
972690287530826962,LGA,14502
976147002498798097,LGA,13408
976176076070338913,LGA,9989
976190720830064747,LGA,11806
969558852641361621,LGA,15825
969625326040173764,LGA,12887
969626098881522361,LGA,13166
969626917135027888,LGA,13368
969639647663628867,LGA,16304
969644867825232122,LGA,15515
976213593216792398,LGA,14497
976288891069593330,LGA,4870
976290086007012652,LGA,11806
976682170530405163,LGA,16641
969672999368896556,LGA,16660
969675031818823854,LGA,18027
978973668995905832,LGA,14498
978979276292267330,LGA,15824
978981767053187155,LGA,15824
978987017382878565,LGA,29377
978996864491722615,LGA,11844
979000835943861278,LGA,15429
972740017700582747,LGA,2515
972801737981857762,LGA,2650
972805172969056732,LGA,2385
972841979416428333,LGA,10695
972994895711627601,JFK,5195
973050743642447559,LGA,14655
973186910160545391,LGA,5244
973200600534337339,LGA,15840
973202272068906394,LGA,16222
973230446767851762,LGA,16618
976766563716249181,LGA,21314
976784386743786662,LGA,9957
976804722089314968,LGA,9979
979002417804365971,LGA,15824
979005462869962985,LGA,15429
979006571228615807,LGA,11216
979007107482059702,LGA,15429
979007950925577135,LGA,15429
979045197515800591,LGA,15429
979046337046011452,LGA,15429
976898757702361060,LGA,4746
976932497784891034,LGA,13669
973238404538275285,LGA,15070
973323507723677110,LGA,14969
973328245446103672,LGA,14107
973354135681593503,LGA,17223
973363318660197175,LGA,10903
973364593745898968,LGA,10455
973379136714119879,LGA,17153
973383462086039008,LGA,16024
976938289851058532,LGA,13961
977510333611168866,LGA,15443
977566062648075863,LGA,13505
977575903579108702,LGA,13489
977580929666714335,LGA,10979
979047140389966042,LGA,15429
979047996638552491,LGA,15429
979061108613895849,LGA,2676
979172812932060651,LGA,11804
979452911734968222,LGA,15238
979453621750662155,LGA,15655
979559714970976139,LGA,14016
977616206126385574,LGA,14084
977616731845565164,LGA,10770
973430263558977428,LGA,12920
973435848249028533,LGA,13984
973460201660073637,LGA,23365
973498059843152493,EWR,31317
973742322678721966,LGA,16204
973834338009694848,LGA,10347
973877376052421518,LGA,15261
973880434381835546,LGA,18035
973899385540744661,LGA,13157
973925725405824793,JFK,7088
977626278939345924,LGA,22778
977629654218303000,LGA,10730
977653299500768416,LGA,15022
977732692492896948,LGA,12644
977754993026073103,LGA,14202
979575159251278222,LGA,11588
979673238990239197,LGA,5174
979702194042540335,LGA,4703
979784664536319800,LGA,25628
979809968248456618,LGA,4821
979841425635125625,JFK,13829
979902979221942739,JFK,13654
977767444513453396,LGA,15650
973926823669823710,LGA,4429
973954372095741069,JFK,25590
974036792425507586,LGA,5103
974046667971083306,LGA,13955
974059099437963900,LGA,17530
974067561235430226,LGA,11806
974085137535602566,LGA,10433
974106237995487073,LGA,15146
974111912547734871,LGA,14895
974119318572120161,LGA,17024
977788959206970815,LGA,14795
978012430499715954,LGA,15247
978186823944588985,LGA,12429
978187771536597634,JFK,15034
979972287079085757,EWR,37990
980015069757960171,LGA,15711
980227435509794627,LGA,17802
980358054626464376,LGA,13035
980408563480059112,LGA,1055
980481734816658340,EWR,17911
980573611700193360,LGA,14335
974121272902331394,LGA,14551
983261804912264665,LGA,11222
983263064441073410,LGA,13575
983263497821159174,LGA,13575
983328825961116508,LGA,8471
983429000121858386,LGA,16743
983463043413515218,LGA,13864
983486077767415410,LGA,11772
978191817244397875,LGA,11434
978281778523334764,LGA,16306
978360232982713232,LGA,11806
978390068201449135,LGA,5309
983922315853342765,LGA,13111
983946677656066462,LGA,13558
984058456651479331,LGA,14875
984117615632554961,LGA,13299
978403972159622065,LGA,5321
978416401199367195,LGA,10406
978443139173660339,LGA,11298
980578515043030225,LGA,5126
980581231424651455,LGA,5368
980597457970566165,LGA,12798
980616260826796990,LGA,12879
980617449810787175,LGA,13337
980619476220059126,LGA,12639
980619551933164508,LGA,13302
980619691545526997,LGA,12663
980648904106993469,LGA,6575
978506040990799416,LGA,17296
978561260920834118,LGA,17412
978647529811129540,LGA,7476
978911600123510961,LGA,14710
984125807958212444,LGA,20960
984127388387318348,LGA,10601
984129955873097270,LGA,20960
984132532393018457,LGA,20960
984160359805858722,LGA,13428
984190096737619872,LGA,4307
984193535742296747,LGA,8728
984206531397675136,LGA,8595
984257537434970040,LGA,12407
978925745429168294,JFK,11643
978939555511615677,LGA,15848
978950134453137205,LGA,13247
980767574007808177,LGA,17144
980902455209107285,LGA,15283
980902982129959017,LGA,13473
981022462655996345,LGA,15548
981054110042468664,JFK,7165
981066808825911979,LGA,10464
981104669203817777,JFK,6129
981183733840544000,LGA,5470
978953048200290110,LGA,13713
978960020569385321,LGA,13641
984278704291135597,LGA,18944
984543466066489761,LGA,14203
984544006571517301,LGA,14679
984544319725518768,LGA,13024
984544663293142439,LGA,15238
984547070140734431,JFK,7108
978961717573021371,LGA,15375
978962051986018048,LGA,23067
978968341543041417,LGA,13916
986934194112064725,LGA,18788
986960461220624070,LGA,16620
986964417175400412,LGA,18545
987034292790632065,LGA,14729
981215096714560429,LGA,17145
981238829775031305,LGA,14388
981244920997760223,JFK,6029
981373391931970516,LGA,24212
981390554747685223,EWR,24546
981430516942515827,LGA,20679
981872762549819929,LGA,14993
981904996886257439,LGA,12812
987053145441509416,LGA,15429
984665381826134150,LGA,20960
984667555924799835,LGA,17349
984669584272464560,LGA,20960
984670477924074027,LGA,20960
984671810028101771,LGA,20960
984673166695575558,LGA,20960
984675312100441360,LGA,20960
984676295568733978,LGA,20959
984694782799715654,LGA,15824
987082797213735421,LGA,15361
987157188477759486,LGA,21526
987496705890384286,LGA,15725
987646006992781950,LGA,16102
987646116404974436,LGA,15178
987691107353734787,LGA,4645
987711623534708163,LGA,4627
984725303384646166,LGA,13357
984843626459844191,LGA,13390
984845128438726829,LGA,15532
984877132975580649,LGA,25665
984905638210475309,LGA,7775
984942864285850958,LGA,20398
984953691868171314,LGA,9772
985018927664356222,LGA,21255
987716283276855584,LGA,20704
987717105504020235,LGA,4200
987735186033425429,LGA,4734
981936893723440768,JFK,10715
982130899713091667,LGA,17765
982172393543000727,LGA,18165
982214382636326896,LGA,15745
982516022152861124,LGA,14919
982522383091784018,LGA,14696
982692088582914751,LGA,24061
982774754418503647,JFK,5157
987744404359869281,LGA,16912
987749282672916874,LGA,15622
987755360515824960,EWR,37592
987760982489385340,LGA,17875
987767833411348082,LGA,11431
987774238584422591,LGA,4788
987822447995244830,JFK,9234
982781191690938081,LGA,15345
982787887777810293,LGA,7154
982809251824941366,LGA,20251
982812964885848793,LGA,11705
982829571535281244,LGA,20679
982833752250568153,LGA,15295
982893705254038962,LGA,6587
982900189767439245,JFK,11444
983167691286253890,LGA,15338
985020705862714485,LGA,13408
985029421339482762,LGA,20617
985167005975036518,JFK,7677
985326372803136953,EWR,31360
985390832322641472,LGA,14928
985398033818297264,LGA,13724
985419547082037217,LGA,13274
985522671568178417,LGA,18507
987909203001078451,LGA,20580
987993224753303867,JFK,11229
988345754563311046,LGA,11279
988399943121784926,LGA,14966
988421679105576353,LGA,15756
988427745443522408,LGA,17134
988430419589767756,LGA,14925
988441125143566860,LGA,13659
985552887552298229,LGA,18608
985628208911468189,LGA,4726
985630795755726806,LGA,4458
985662110222623555,LGA,5016
985669478516380608,LGA,15713
985688634102569248,LGA,14413
985784657564256643,EWR,29380
985788471270013441,LGA,14804
988530577928351800,LGA,10617
990592779149941085,LGA,12786
990612003882729490,LGA,11610
990686048687376526,LGA,9947
990686461634169656,JFK,12090
990703873253686034,LGA,12665
990723330952862828,LGA,21006
990723645034323101,LGA,21127
990743032897097952,LGA,15929
990746491630045838,JFK,12597
988565130972118914,LGA,15458
988588059461179985,LGA,15563
988593784744831395,EWR,23701
988598692790659887,LGA,16465
988627190607740969,LGA,18991
988687066020965190,LGA,18879
985788761158310211,LGA,14882
985918833272545229,LGA,14813
986037545160311597,LGA,15345
986076857672094234,LGA,17077
986263425862656510,LGA,14946
986267218100121538,JFK,22098
986289413069791144,JFK,15994
988726158732291458,LGA,18026
990798417345656604,LGA,13729
991236862659991689,LGA,21819
991257665855152119,JFK,22464
991297220927356270,LGA,13388
991301559931083002,LGA,12556
991327800721394622,LGA,22300
991329695425304733,LGA,13274
991331083909142924,LGA,21744
991609130902323876,LGA,13929
988749669169080603,LGA,6571
989012589841358531,LGA,12743
989037008922411531,LGA,18047
989038927149794222,LGA,14248
986317428628645989,LGA,10896
986356192177709501,JFK,8191
986771708420366603,LGA,15416
986777423260444075,LGA,12510
986778683331694713,LGA,15261
994767238822016447,LGA,18407
994790963393975466,LGA,17423
991623222460717625,LGA,21376
991650900538829555,LGA,10531
991835854516739801,LGA,19769
991935440389894408,LGA,8816
991981287604308290,LGA,8828
991991358246446446,LGA,25233
991996408319576802,LGA,8711
991997896317744699,LGA,5218
989067965054662105,JFK,13465
989078677343719958,LGA,11867
989080014313685695,LGA,13775
994791500371567444,LGA,15947
994791843427497764,LGA,15947
994794812600733748,LGA,15485
994795054239159286,LGA,13785
989145105968736289,LGA,13505
989188722816855766,LGA,18049
989225979064990280,LGA,17894
989238448217747057,LGA,18488
989273077282515810,LGA,18986
992001643293387249,LGA,8618
992018520500411232,LGA,13020
992033931066536338,LGA,12385
992230363412129175,LGA,10759
992285225039563541,LGA,13565
992288056003104934,LGA,7120
992585887716684545,LGA,10731
992758163619203613,LGA,13362
989328318542771011,LGA,18403
994795378830070956,LGA,13785
994795699457716646,LGA,13785
994796226657433970,LGA,13785
994854380472617594,LGA,13284
994873849149042851,LGA,13986
994893884507627446,LGA,16029
989334284225183279,LGA,10501
989390687371386754,LGA,18296
989413512272421322,LGA,20679
989455238513058578,LGA,15185
989716756428423660,LGA,14248
989774262575745021,LGA,11345
989810820624097194,LGA,6209
989819090451455318,LGA,7617
989912074263222430,LGA,15816
992814196429281613,LGA,14730
992917500054796096,LGA,10865
992970965790772607,LGA,14286
992974980287590415,LGA,13438
992986905033951226,LGA,14247
992989780812562339,LGA,14187
993345539227815562,LGA,14665
993376816759109537,LGA,15712
989939161066242708,LGA,10750
995017065620198504,LGA,13210
995017187155167022,LGA,5516
995023832490126330,LGA,5495
995095494292465041,LGA,14861
995132747994090209,JFK,22157
995134334362357919,LGA,14611
995136216928862979,LGA,20750
990034714176173488,LGA,15532
990109588121547826,JFK,11944
990134031876195574,JFK,11961
990321527568171660,LGA,15157
990321876462067634,LGA,15769
990420260648778710,LGA,15017
990518462652857065,LGA,8862
995516149051503639,LGA,18769
995541786379684806,LGA,15276
995683781967427706,LGA,20112
995686208234684657,LGA,19785
995731222790857879,LGA,24841
990528204399198792,LGA,10405
993465561394161427,LGA,24185
993530015229616900,LGA,10607
993531470666901837,LGA,10607
993534425755321958,LGA,10607
993535856412256026,LGA,10607
993537989352329160,LGA,10607
990544420615365923,LGA,13702
1000023148920376325,LGA,14883
1000041661179181846,LGA,13962
1000103124244467969,LGA,10516
1000114407765528259,LGA,24716
1000126313762418098,LGA,14741
993539392518088768,LGA,10607
993540230282587422,LGA,10607
993554226277677368,JFK,12372
993563148062414056,LGA,21586
993587808279005316,LGA,17154
993602358246276944,LGA,11545
993647929569558279,LGA,21538
993701958252290515,JFK,9741
995750644114020164,LGA,21033
995884756639416846,LGA,20914
995941212621416043,LGA,16024
996348915145118561,LGA,15631
996349061926855284,LGA,13929
996349291341530695,LGA,8170
1000637485791641900,LGA,20525
1000637914058448005,LGA,13445
1000691832643780415,LGA,11312
1000697739867775924,LGA,21433
993726764319807393,LGA,10654
993740332378198800,LGA,15673
993753874316344578,LGA,15702
993759176942173865,LGA,13557
993794008162433901,LGA,10636
994149040515763700,LGA,16025
994196156227828711,LGA,10918
1000734250823805720,LGA,14678
1001166370551563656,LGA,21405
996361712072301966,LGA,14251
996659251355170013,EWR,29939
996688489279727538,LGA,14353
997093934680613043,LGA,7722
997175010827752885,LGA,10053
997293739861552181,LGA,18609
997432199888717593,LGA,26627
997434971292281828,JFK,24135
997705730507242413,LGA,14029
997802618442437334,JFK,5809
1001196188496667612,LGA,13568
1001196522969253055,LGA,13568
1001343758334590824,LGA,22211
1001393648020126510,JFK,15012
1001408288071274711,LGA,16877
1001442118570469957,LGA,17373
994196359630313253,LGA,20795
994256092414108326,EWR,32354
994256775060885378,JFK,11798
994275293119376239,EWR,32356
994345635201993836,LGA,13910
994482767079610455,JFK,10472
994487707069650877,JFK,24342
994748134628684461,LGA,16752
1004609802932390957,LGA,15422
1001495090409402195,LGA,14249
1001499819525418664,LGA,14249
997836174809372933,LGA,15085
997837698254182166,LGA,29247
997912097450161394,EWR,30251
997986353932503170,LGA,15066
998131337513068593,LGA,13762
998413730860234189,LGA,14400
998643579317856973,LGA,17147
998760962620102444,LGA,5287
1001504295699017046,LGA,14249
1001505543049134353,LGA,14249
1001507167604490878,LGA,14249
1001533760739742081,LGA,21115
1001535719995297015,LGA,15854
1004797911209762220,LGA,13568
1004933046061134895,LGA,18641
1004956180920728506,LGA,13359
1004960466960763499,LGA,14388
1004966777244088455,LGA,14388
1004979528339732090,LGA,14388
1004983321950071187,LGA,14388
1001598392441206590,LGA,20392
1001730138556048837,LGA,7300
1001737519563399181,LGA,13732
1002020087000567531,LGA,13128
1004986421761369903,LGA,14388
1004990672744515674,LGA,11345
1004993904718985186,LGA,11345
1004994819197830219,LGA,11345
1004995995724745222,LGA,11345
1004996944604302262,LGA,11345
1005110189764921353,LGA,11201
998789259734857465,LGA,5046
999271132363384608,LGA,12353
999369329537073695,LGA,19896
999476398117566543,LGA,3410
999504545056832839,LGA,20939
999627702195973740,LGA,26711
999668586599938835,LGA,11372
999770779083944221,LGA,20525
1002265134898404856,LGA,13207
1002286461745328872,LGA,7465
1002338091891147677,LGA,20306
999771308036502312,LGA,20525
999771804203262022,LGA,20525
999772274871964117,LGA,20525
999772794962783206,LGA,20525
999773287760551066,LGA,20525
1002349284786586987,LGA,7962
1002372308719939596,LGA,16333
1005170940682176047,LGA,11021
1005207590507549831,LGA,4807
1005227946414893645,LGA,7968
1005366083246511307,JFK,23580
1005370783122110219,JFK,23349
1005455401581521842,LGA,20679
1005472293004395476,LGA,13859
1005670166131650190,LGA,13568
1002374434926532095,LGA,22346
999773762903306032,LGA,20525
999774263993715808,LGA,20525
999774727861426844,LGA,20525
999775215264479826,LGA,20525
999820797694613492,LGA,13972
999838216919170534,LGA,16502
1002379682073037803,LGA,15030
1002762231875704553,LGA,10998
1005673684502420287,LGA,13568
1005674051567310833,LGA,13568
1005680400003560176,LGA,14249
1005699715476632962,LGA,13558
1005718268391592996,LGA,13599
1005727678268135675,LGA,14249
1002808727964654800,LGA,18556
1002823881758639223,EWR,29578
1002825899474348002,LGA,22271
1002938301240121368,LGA,21647
999867862236982436,LGA,16422
999964466102080007,LGA,14378
1008073352246997879,LGA,12943
1008246140374586613,LGA,7810
1008287143958164384,LGA,12130
1008301599260572123,LGA,7919
1008315491855065333,LGA,7505
1003007059776362718,LGA,8686
1005760022125022077,LGA,11718
1005814235498714382,LGA,14249
1005815475598371052,LGA,14249
1005816756950762505,LGA,14249
1005945620349053784,LGA,16623
1005964782939475271,LGA,13522
1003185235835253133,LGA,15515
1003352849001222179,LGA,18693
1003388069721002744,LGA,15062
1003437049851150279,LGA,12806
1006003305651856876,JFK,9510
1006068540323632978,LGA,7743
1006408020334839385,LGA,14679
1006408371449823451,LGA,14679
1006408710425030358,LGA,14801
1003438862092649925,LGA,6882
1008681402440530338,LGA,13006
1008684865225089784,LGA,18300
1008695241970793764,LGA,12463
1008761034690239341,LGA,5162
1008769514216653898,LGA,11836
1008779929527637195,LGA,14130
1008781781839490021,LGA,12654
1008782792044941009,LGA,10917
1008785772699560452,LGA,10917
1008787472768541467,LGA,10918
1003456391781394928,LGA,13574
1003603678526992890,LGA,13118
1003605108747472715,LGA,11011
1003605509170725526,LGA,11011
1003623057347580030,LGA,15212
1003627906971158899,LGA,14153
1003628149571622270,LGA,14153
1006414069902175519,LGA,13277
1006416060412152707,LGA,13599
1006418799851249472,LGA,13599
1006454732303784817,LGA,13230
1006478539412614897,LGA,14578
1006487297634998418,LGA,18969
1006493394300852627,LGA,13836
1006526346791543478,LGA,5008
1003665546182490793,LGA,13943
1008926567820593504,EWR,23324
1008950698579129113,LGA,7362
1009191381161092468,LGA,13678
1009234762958456511,JFK,14421
1009355300157306237,LGA,16877
1009533381680399446,LGA,16058
1003675031539830453,LGA,13178
1003700405706338295,LGA,5017
1003733132314788523,LGA,14444
1003840084389394300,LGA,12631
1003874427745708958,LGA,12509
1004095772865729525,LGA,13568
1006527301056313841,JFK,11043
1006529639621355376,LGA,16392
1006579966989927059,LGA,24824
1006590912316196166,LGA,11526
1006681477271989960,LGA,15351
1006786464665372746,LGA,7619
1007195302734513815,LGA,13274
1007199440000321831,LGA,10855
1004249761260526414,LGA,15912
1004250291069589609,LGA,15912
1009542110611743262,LGA,14931
1009556551598403395,LGA,16346
1009579280107555192,LGA,13847
1009592864410933065,LGA,13850
1009597601673297416,LGA,13700
1009621175691841712,LGA,15377
1009699512413915648,LGA,9897
1009711786804562856,LGA,24414
1004275203463075946,JFK,21118
1004293603040155452,LGA,17928
1004328796940846724,LGA,13557
1007225310288466255,LGA,13274
1007225552327203248,LGA,13274
1007225844823503320,LGA,13274
1007250126684081182,LGA,16211
1007300419126472895,LGA,12492
1007305742992789862,JFK,17560
1007421778971968598,LGA,8180
1007442859572150357,LGA,11279
1007480104408240518,LGA,11369
1007601556813394060,LGA,12890
1009920147263075999,LGA,16714
1010083125968738233,LGA,13222
1010092233694522877,LGA,10917
1010122514884550235,LGA,18407
1010164115494214214,LGA,24833
1004411350487116351,LGA,15264
1004416200240866150,LGA,13000
1004419004578789418,LGA,20268
1004428776661057322,EWR,30580
1004442886221909241,LGA,15678
1004466409355496588,LGA,1962
1004507987284505214,LGA,12368
1004606831833534678,LGA,15260
1010177895772776001,LGA,22068
1010194712660417968,LGA,10918
1010199392593288245,LGA,10917
1010200773712690524,LGA,10917
1010201807138185749,LGA,10917
1010215062154388163,LGA,21024
1010216381122564701,LGA,16997
1010230391687402450,LGA,13048
1010237549953170592,LGA,15486
1010279287170639082,LGA,14989
1014451242059786811,LGA,19604
1007614130158371923,LGA,11646
1007617181975356195,LGA,13467
1007620700354927842,LGA,11302
1007668452792896638,LGA,11631
1008044309422309241,LGA,18870
1010816621788352605,LGA,12205
1014464341709100420,LGA,10462
1014531478548592340,LGA,10642
1014607070981548282,LGA,15920
1010398417049773773,LGA,14791
1010414543621222149,LGA,18145
1010503905929192028,LGA,15457
1010631999598223279,LGA,14083
1010673362514237824,LGA,14251
1010695942882458445,LGA,14992
1010697569745388391,LGA,13676
1010697696354497127,LGA,13288
1014657144205221078,LGA,15690
1014657466592684290,LGA,12802
1010826458206155334,LGA,13304
1010874063701112844,LGA,19534
1010886192679452402,LGA,4764
1010913037774463492,LGA,13304
1010914162758178420,LGA,13304
1010915036478193431,LGA,13304
1010915995314769921,LGA,13304
1010934071108557198,LGA,5104
1010941533813299292,LGA,12205
1010946872609750814,LGA,12205
1014729191484829933,JFK,11239
1014762144431371619,LGA,16880
1014966591212919668,EWR,30389
1010698130171630204,LGA,13090
1010699358940032431,LGA,17203
1010700368314723605,LGA,14481
1010701184173961463,LGA,12250
1010701324261461472,LGA,12848
1010701383139974348,LGA,15163
1010701479753255931,LGA,15789
1010701819520561456,LGA,12386
1010701992956234230,LGA,15536
1010702360730358328,LGA,14834
1015027813525407338,LGA,13338
1010947700541318826,LGA,12205
1010948660179857782,LGA,12205
1011136401237659787,LGA,14734
1011159735983596022,JFK,11020
1011205237072667883,LGA,5656
1011355228798158366,LGA,10454
1015028181966283124,LGA,13422
1015141909908447145,LGA,15813
1015168578871804091,LGA,15706
1010702711495351492,LGA,14978
1010702906303832508,LGA,14990
1010703174091044653,LGA,15041
1010703402000304858,LGA,13925
1010703830702570625,LGA,14963
1010704786990165424,LGA,14996
1010706207238028243,LGA,15584
1010710743342845410,LGA,15016
1010720661942382329,LGA,29757
1010722076697864938,LGA,5812
1015178551586504919,LGA,12787
1015203525260165853,LGA,13539
1011380639640712555,LGA,11298
1011465266199320007,LGA,14724
1011479433844246230,LGA,20525
1011479899961695926,LGA,20525
1011480142170843901,LGA,20525
1015236489718360455,LGA,11806
1015297538502606345,LGA,19017
1015357234838303151,LGA,11772
1015390252345027742,LGA,5176
1015496561428131132,LGA,13232
1010722436523579299,LGA,15488
1010768775628092224,LGA,15496
1018973469919731368,LGA,14958
1018994351772627655,LGA,14700
1019091036096678857,LGA,7701
1019262892323702903,LGA,13150
1015684642970558727,LGA,17167
1015684977966771762,LGA,13250
1011480382401571385,LGA,20525
1011480622702890345,LGA,13568
1011481145576039394,LGA,13568
1011502669478142650,LGA,11937
1011503182332783001,LGA,28144
1011621999180896683,LGA,12276
1011632387083691144,LGA,13744
1015744976125852571,EWR,30389
1015757189408408744,EWR,30403
1015843750576959483,LGA,12041
1015858565969239450,LGA,19686
1015918433589429214,LGA,21012
1015958372468042115,LGA,14422
1015992201072239066,LGA,12333
1016004482042560235,LGA,16049
1019274864068294450,LGA,12916
1019429690426278080,LGA,13699
1019483164293833321,LGA,13024
1019512928446717493,LGA,9573
1019554505167865654,LGA,9488
1016022731250285787,JFK,25725
1016029637115266773,LGA,22735
1011638967625287250,LGA,13753
1011653407610821403,LGA,4592
1011664069029780820,LGA,4952
1011710391138551690,LGA,16048
1011793895064416157,LGA,11061
1011818562289610219,LGA,14299
1012289356920555730,LGA,14176
1012345351818089240,LGA,18533
1016062872267819040,LGA,10689
1016124375833661253,LGA,5667
1016151137833274828,LGA,10738
1016155985925140334,LGA,14895
1016164672026561489,LGA,17213
1019585668829442554,LGA,11387
1019618568571379980,JFK,7882
1019629533271481308,LGA,10932
1019640095376235782,LGA,13844
1019645060934557521,LGA,11628
1019653865784274979,LGA,11568
1019679775919640933,LGA,10998
1019700356152080364,LGA,11112
1019707537917309945,LGA,11154
1019716240581980266,LGA,11649
1019720628472155850,LGA,20447
1016268870420191920,LGA,10003
1016295447412845534,LGA,15642
1012402188594012680,LGA,13971
1012456623342826878,LGA,15721
1012463065092346250,LGA,13435
1012610921280338920,LGA,12861
1012933371188448209,LGA,16057
1012988420019348258,LGA,15676
1013058228781438750,LGA,15310
1013106338310034298,LGA,15310
1016585125756842578,LGA,13684
1016599683702806669,LGA,22366
1016618958526024089,LGA,15079
1016657029340036999,JFK,16325
1020224178453200016,LGA,10917
1020238807362460254,LGA,10917
1020278049478659352,LGA,21591
1020280756370673164,LGA,21591
1020282701018874374,LGA,21591
1020283766470214850,LGA,21591
1020284567535553280,LGA,21591
1020291488212743193,LGA,24136
1020295972034520549,LGA,12205
1016667809847251975,EWR,33269
1016707139766409388,LGA,18984
1016713070307227385,LGA,15874
1013126854297515145,LGA,14051
1013138671419296074,LGA,10606
1013293137558770633,LGA,12231
1013319174207599722,LGA,12413
1013320907450515752,LGA,20709
1013526152465341172,LGA,13661
1013577737689075054,LGA,13941
1013632155850220616,LGA,14404
1013632380355599044,LGA,14180
1016825148595065353,LGA,19289
1016858650638508129,LGA,14721
1020302460310493937,LGA,19953
1020317944680025325,LGA,12205
1020318924718002541,LGA,12205
1020325080427729176,LGA,19592
1020325377096342358,LGA,15478
1020340862401523912,LGA,12205
1020361297646295120,LGA,5337
1020370671984833864,LGA,13503
1017206291946736077,LGA,15400
1017430380242019274,LGA,20662
1017457157959208051,LGA,15173
1017535766542159357,LGA,9235
1017650805773782165,LGA,12200
1013651311908564737,LGA,14250
1013661596872390937,LGA,14575
1013674864835064998,LGA,8590
1013709156917167615,LGA,14054
1013719008616614306,LGA,14135
1013745399413953045,LGA,14411
1013756338093524354,LGA,13008
1013766112876806542,LGA,20491
1018042935230242018,LGA,12636
1020547495067825829,LGA,19206
1020660300348971167,LGA,15712
1020696614069404268,LGA,13196
1020901025557783580,LGA,14123
1021010229409461460,LGA,13304
1021013444959094279,LGA,13304
1021014944535778418,LGA,13460
1021015857801148328,LGA,13304
1021016864155006010,LGA,13304
1018143409510321723,LGA,16974
1018187128604089650,LGA,18017
1013813949110105351,LGA,15558
1013814472023496694,LGA,15558
1013882388980738219,LGA,10383
1013896771741699739,LGA,15001
1013916207138136945,LGA,18802
1013933134833891698,LGA,20203
1013933384020647976,LGA,20114
1013946326187929869,LGA,20092
1018267402066684725,LGA,12648
1021017708022970945,LGA,13304
1021027858055889487,LGA,14452
1021072915892293490,LGA,13220
1021077259072899973,LGA,15702
1021084059362986746,LGA,13753
1021164225327910374,LGA,12104
1021164485336480356,LGA,16474
1021167820214545600,LGA,13051
1021209119661167704,LGA,15087
1018274947599434006,LGA,16436
1018280359573876973,LGA,13122
1013949597532297600,LGA,20066
1013950908788847919,LGA,20175
1014296846467270142,LGA,13973
1014319983262481470,LGA,13990
1014367358598054830,JFK,23726
1014408029120671763,LGA,13679
1014419760379928931,LGA,13965
1021522122859441709,LGA,17423
1021522461924875539,LGA,12016
1021628928305609941,LGA,10994
1021671515623364753,LGA,21321
1021683047607804659,LGA,7623
1021712281009237122,LGA,7623
1018328802597527290,LGA,14086
1018621838995251978,LGA,15146
1018730052478345166,LGA,5032
1018771987843520425,LGA,13390
1018806314810839720,LGA,21758
1018896545155637079,LGA,13985
1018933040911584133,LGA,15642
1014438256711644057,LGA,25538
1022845408225467847,LGA,12828
1023025614222310468,LGA,10078
1023120530500601598,EWR,33809
1023157172581342378,LGA,13523
1023162259211795310,JFK,16407
1023168045825060857,LGA,15558
1023284107526996225,LGA,15022
1018935988138990863,LGA,17901
1021725640792380276,JFK,11443
1021729100823789599,LGA,13807
1021738415510509168,LGA,11402
1021772550827128957,JFK,7770
1021780587264573107,LGA,11185
1021816341440151111,LGA,15441
1021905789967071594,LGA,14778
1021965378817390715,LGA,18968
1022311659837669027,LGA,20747
1018960735667540431,LGA,12655
1018960737976076961,LGA,13282
1018961240481265861,LGA,13336
1018963765856272885,LGA,13230
1030353300340142449,LGA,16832
1030353867053493764,LGA,16832
1030390127312130098,LGA,19094
1023307480793588649,LGA,21566
1023371010670890196,JFK,10417
1023417053729543490,LGA,18810
1023483102236733270,LGA,15022
1023494946501931856,LGA,14239
1023496163912515326,LGA,14873
1023496167449097130,LGA,14968
1023500902948498040,LGA,16976
1023505747100753005,JFK,5113
1030425415018545602,LGA,17035
1030425670028396214,LGA,14474
1030471955409301019,LGA,5182
1022466230508584338,LGA,13894
1022570041168235900,LGA,15419
1022776149513448453,LGA,14792
1026222232281055628,LGA,24114
1026374295595084575,LGA,5056
1026414843857482028,LGA,17395
1026443970774362027,LGA,15469
1026476003967845517,JFK,15061
1026494883611436012,LGA,15405
1030485845671429046,LGA,15858
1030503494042831518,LGA,12047
1030521032786848110,LGA,13674
1030582663901645263,LGA,16735
1030583783320300121,LGA,15945
1030599882030482842,LGA,17106
1026501723048148668,LGA,12294
1026735701575995237,LGA,15564
1026759746975641390,LGA,13662
1026823823173233967,LGA,20215
1026844802266255599,LGA,15276
1026930869517663727,LGA,14396
1026932842296933504,LGA,17252
1026958200440279982,LGA,18335
1023540539129642573,LGA,18773
1023555479605761306,JFK,21466
1023765160868287919,LGA,15003
1023852772552357244,LGA,18106
1023859305815064970,LGA,10476
1023860576551144172,LGA,13802
1023880033177692143,LGA,22169
1024001423989945857,LGA,11087
1030642237754023238,LGA,14311
1030672401840244130,LGA,12028
1030672403793966731,LGA,12706
1030672898968436435,LGA,12615
1030683669627618471,LGA,16987
1030685682018740063,JFK,10259
1024046024450319524,LGA,13261
1024051110082920917,LGA,14166
1024218171809513483,LGA,20778
1024325781317907514,LGA,19292
1024487428883213270,LGA,15016
1024579897243722832,LGA,16552
1026958598499558284,LGA,14126
1026977344432175035,LGA,20024
1027032751654217105,LGA,14497
1027191919081337511,LGA,13782
1027439086951798876,LGA,16011
1027509804398931423,LGA,6829
1027513163797598666,JFK,11135
1027518763993844240,LGA,11307
1030931589160982780,LGA,15485
1030932053946030222,LGA,15485
1031072658802970399,LGA,10562
1031098062491609876,LGA,6846
1031177272962058672,LGA,12192
1031243845273593604,LGA,12744
1024580565749976452,LGA,16552
1024580808404229389,LGA,16552
1024581285424412055,LGA,16552
1024581556862500954,LGA,16552
1031252846776033127,LGA,11631
1031292829310481951,LGA,16125
1031826486238321728,LGA,14463
1031826859936033507,LGA,14463
1031916975423945485,LGA,16074
1031922804313163200,LGA,16153
1027584986416827955,LGA,19413
1027588197936424968,LGA,21605
1027775162141297216,LGA,15712
1028210591958989521,LGA,21757
1028322429577330288,LGA,4408
1028341381102136591,EWR,31188
1028405007295411708,LGA,12017
1028470137032892866,LGA,17641
1028507425980147638,LGA,15065
1028641003993601924,LGA,14154
1032256734634216859,JFK,11376
1032513943516521434,LGA,12353
1024581800143161453,LGA,16552
1024602367703591268,LGA,14897
1024603235202612986,LGA,14985
1024611102410531795,EWR,30318
1024702216606434206,LGA,11230
1024757757438009060,LGA,19914
1024825444447674626,LGA,15349
1024830600054824762,LGA,17683
1024966183191386359,LGA,14785
1032521488757917553,LGA,24291
1032533524834002025,LGA,18012
1028809650440492488,LGA,13513
1028813169737432170,LGA,13513
1028813583299578691,LGA,15238
1028814409197583111,LGA,15238
1028815015986066730,LGA,15238
1032595939060462118,LGA,14142
1032596032924282144,LGA,12717
1032596168777494960,LGA,15558
1032596208836249157,LGA,15558
1032727700749663580,LGA,15885
1032844645357836115,JFK,22285
1032875325263161073,LGA,19843
1032905729887293427,LGA,16674
1028834725459414626,LGA,12459
1028910710718335538,LGA,15889
1028911317064514408,LGA,11257
1028921718566728320,LGA,15115
1029024468197803771,LGA,14439
1029047003692025876,LGA,23373
1029083325973056321,LGA,13787
1029119321407305746,LGA,13674
1029125365022473668,LGA,13674
1024974485982352326,JFK,22170
1025026416481257890,LGA,16231
1025163662145828866,JFK,11154
1025195563531352222,LGA,13859
1025196908687141792,LGA,21137
1025204455815288168,LGA,13912
1025276529065060825,LGA,17889
1025313635554997991,LGA,20891
1033019798667589326,LGA,13257
1033057963245388126,LGA,12561
1033294176547081250,LGA,8892
1033365539141147355,LGA,12860
1029128244805089224,LGA,13674
1029148916384970318,LGA,19295
1029190475492733848,LGA,15192
1029256490418151453,LGA,7495
1029317224873552477,LGA,14043
1029490111259601395,LGA,12946
1033389540368464794,JFK,11338
1025391402617508678,EWR,24889
1025424243538257181,LGA,5971
1025562306847191878,LGA,8037
1025666312048448890,LGA,11110
1025674753621522316,LGA,18872
1025708690580656012,LGA,16010
1025734531838511626,LGA,7862
1025810367409475200,LGA,13943
1025933594037670856,LGA,15402
1033527197628685189,LGA,9795
1033555318888190858,LGA,14669
1029490519115427865,LGA,13158
1029490902663794403,LGA,13158
1029497609134512892,LGA,8791
1029666092532042199,LGA,8761
1029667278109157347,LGA,12996
1033563488863149569,JFK,8239
1033594152124762800,LGA,14738
1033633370292103864,JFK,10458
1033665025367277341,LGA,16963
1025965247830923591,LGA,15125
1025974706561308918,LGA,14356
1026009299854219304,LGA,12472
1026093383801867727,LGA,8956
1026103008412085829,LGA,15670
1026135119577143745,LGA,6256
1026171552511575057,LGA,22332
1034533673223544322,LGA,20679
1034533949807489629,LGA,20679
1033917656236769965,LGA,14079
1033917984737819474,LGA,14219
1033918338174422544,LGA,20679
1033918654686101310,LGA,20679
1029692543095350940,LGA,12876
1029713156755566284,LGA,10902
1029718396636573541,LGA,10711
1029752862113650417,LGA,13674
1029753759407075573,LGA,13674
1029766290483905399,LGA,13674
1029768598914791090,LGA,13674
1029776177395261809,LGA,14921
1029780342115548841,LGA,13674
1033928058346993729,LGA,10262
1033953863075333478,LGA,15056
1033955559027329334,LGA,20679
1033965000448003107,LGA,16332
1034002815994694257,LGA,15485
1034534236829242309,LGA,20679
1034536861924450963,LGA,15485
1034749271994349012,LGA,12099
1034752543782836355,LGA,16322
1034762851428251097,LGA,11222
1034780207806976583,LGA,14905
1034787269959098719,LGA,8084
1034015845992979230,JFK,10891
1029783191207154739,LGA,13674
1029788344197600674,LGA,13674
1029791210554209668,LGA,13674
1029806211924798500,LGA,12379
1029867990742702879,LGA,23347
1029872184146517556,LGA,11244
1029872939778153250,LGA,11956
1029976818835713765,JFK,26476
1034022739469997420,LGA,14345
1034100855619075023,LGA,12046
1034106373368010940,LGA,14827
1034113003712981730,LGA,15964
1034121875324577879,LGA,14779
1034127602506574999,JFK,18453
1034870717937153927,LGA,15824
1034878442347631899,LGA,14983
1034897833823176761,LGA,13627
1034915633546378150,LGA,15702
1034962239819796348,JFK,10237
1034977854572102778,JFK,10431
1035063789755603504,LGA,14956
1035362823116379718,LGA,14079
1034128450049103094,LGA,15103
1034220186060069422,LGA,14841
1034235578841143848,LGA,21372
1035370368418119898,LGA,20678
1035373871473298400,LGA,20679
1035374176350450478,LGA,20679
1035374494082986986,LGA,20679
1029993985161821317,JFK,26495
1030004105389009501,JFK,27096
1030038657520362227,LGA,12842
1030041934802208436,LGA,12748
1037443481542584282,JFK,14955
1037532048961364881,EWR,31149
1037893954700010142,LGA,21300
1037979759518038341,LGA,17006
1038500285792495171,LGA,11994
1034266243065937291,JFK,16007
1034325119213422367,JFK,8157
1034331064246329985,JFK,8356
1034434505251215260,LGA,15814
1041529392391817714,LGA,13059
1041621342095143169,LGA,12164
1035374774860667619,LGA,20679
1035375082790489047,LGA,20679
1035433294591240366,LGA,18916
1035503974195948507,LGA,16669
1035513445878037862,LGA,16299
1041669476938766278,JFK,8424
1041908689559698615,LGA,16829
1038500834823176760,LGA,12009
1038503044950364268,LGA,13717
1038546220836926685,LGA,5962
1038567908768979163,LGA,8676
1038584688653893262,LGA,14346
1038693433297229435,LGA,16887
1038724022208908962,LGA,16794
1038727420303893707,LGA,17117
1038790975859277027,LGA,12879
1039049849056743202,LGA,13450
1041973249601151890,LGA,22550
1041980408127081749,LGA,20629
1042054162835980391,LGA,18990
1035516094065706441,LGA,15558
1035517422998461912,LGA,13025
1035528921013784774,LGA,13025
1035549676605118099,LGA,13694
1035641818891250209,LGA,12859
1035678410792274896,LGA,13918
1042100010525986133,LGA,11895
1042136838759782915,LGA,13450
1042137021674701046,LGA,13450
1042218107096684067,LGA,11074
1042247884743226656,LGA,11484
1035830390935280687,LGA,19887
1035939598377691112,LGA,17093
1035940967027764765,LGA,17093
1035941494843178212,LGA,17093
1039053305366925702,LGA,13937
1039057147878209266,LGA,12402
1039104317628299034,LGA,13663
1039133098605886642,LGA,11741
1039199155693798265,LGA,16226
1042652901378720384,LGA,19712
1042877228869104772,LGA,12263
1043030167024241521,LGA,20851
1043041856219811403,LGA,12848
1043428512128559956,LGA,13714
1039216530959665328,LGA,14965
1039243266340853872,JFK,6892
1039303278183487476,LGA,10893
1039387830704024048,LGA,11601
1039441037561398753,LGA,15504
1039719005706038699,LGA,11084
1039753101132672547,LGA,20863
1039756751753144559,LGA,15217
1043446269533438345,LGA,25407
1035961933887794067,LGA,14721
1036133789600061839,LGA,11222
1036195335901188776,LGA,11222
1036201188089079727,LGA,14988
1036210856620938383,LGA,14988
1036259745835736631,LGA,10744
1036273713121371144,LGA,10744
1043603895706682262,JFK,22077
1039775375347211052,LGA,17093
1039776121808822509,LGA,17093
1039876194157328406,LGA,6775
1039883330806875972,LGA,10902
1036276150421118929,LGA,14843
1036276185860158740,LGA,10744
1036277325720061392,LGA,10744
1036302925052852340,LGA,12396
1036309838728178575,LGA,3847
1036374813343214555,LGA,13025
1043748549960976228,LGA,16919
1036494663880720197,LGA,10367
1036686253557670526,LGA,14988
1036687143634517827,LGA,14988
1036689087089859225,LGA,14988
1039924567224255419,LGA,14975
1039965089477166943,LGA,8961
1039996973262353772,LGA,19218
1040070660427872874,LGA,16518
1040093349544593632,LGA,11279
1040131205375805128,LGA,12036
1043990142732257518,LGA,15283
1043992168755579759,LGA,15283
1043992593024677530,LGA,15283
1043992946677121772,LGA,15283
1044109392284240901,EWR,28730
1044226337540626550,LGA,12435
1044292023316621293,LGA,13100
1044443602707098676,LGA,12166
1036691719092945072,LGA,14988
1036692653697767153,LGA,14988
1036693686167816752,LGA,14988
1036694394616474383,LGA,14988
1036919697576123604,LGA,14435
1036945730394332398,LGA,15355
1036949890162558963,LGA,7906
1044485172677898752,LGA,14583
1044575475887434204,LGA,11375
1040497401333364792,LGA,13025
1040524257616584068,LGA,14424
1040577676963399310,LGA,17093
1044697636830705546,EWR,28730
1044737059771710498,LGA,20679
1044920456567949813,LGA,13771
1044995463995747787,LGA,12218
1040578934356733842,LGA,17093
1040579615332825317,LGA,17093
1040580248552704861,LGA,17093
1040580844273414547,LGA,20679
1036968899079873494,LGA,13441
1037016964147348514,JFK,15280
1037084574043042259,LGA,12952
1037088700497416622,LGA,13558
1037092871309110146,LGA,15222
1037197830785216680,LGA,12756
1037314434052682558,LGA,13083
1046656287282687252,LGA,22478
1045020649198959247,LGA,18773
1045422595038640117,LGA,17473
1040635412705241317,LGA,16836
1041248971426615395,LGA,12550
1045422932660605917,LGA,15443
1046765851091797326,LGA,17463
1046881470236820933,LGA,11969
1046903352627025663,LGA,20678
1047045004200840969,LGA,17616
1045423353253422323,LGA,13506
1045577206367237342,LGA,13439
1045625585393356139,LGA,10035
1046024946935843816,LGA,15656
1041424936772937608,LGA,8414
1041429771082732951,LGA,5092
1041439960157186098,LGA,14236
1041449989786816094,LGA,15923
1041501490833920179,LGA,15903
1051954628020992595,LGA,15947
1046268520067514879,LGA,17423
1046268856354547357,LGA,20679
1046269210177353125,LGA,13785
1046288984910404214,LGA,14181
1046312689185266393,LGA,12290
1047110999128240121,LGA,30293
1047116194395779115,LGA,30293
1047124111969540022,LGA,30293
1047134824286187568,JFK,17613
1047194632899115974,LGA,16158
1047203057332679874,LGA,14735
1047222024885820367,LGA,12252
1047245552706540706,LGA,12143
1047308210273620628,LGA,15290
1046325012407828041,LGA,18852
1052035760330432152,LGA,14225
1052183153542542593,LGA,14249
1052202585325643259,LGA,14249
1052259410309987157,LGA,15001
1052294182424144426,LGA,14155
1052398712379279599,LGA,11195
1052411543964095430,LGA,11227
1046330878473034298,LGA,18980
1046352281440824954,LGA,3470
1046357785587450908,LGA,11222
1046365844124834792,LGA,11222
1046372475682855523,LGA,11222
1046459231329684547,EWR,19081
1046471044418633207,LGA,30293
1046486764198506126,LGA,30293
1046503081311194501,LGA,30293
1048474395349114502,LGA,19451
1048531890309084613,LGA,28897
1048563563403000625,LGA,2210
1048595086959375823,LGA,2126
1048676268623841777,LGA,15574
1048749148249520661,LGA,11339
1048922932805066353,LGA,26827
1046506049396401899,LGA,30293
1046506922921701131,LGA,30293
1052767826783426157,LGA,16635
1052888640324549517,LGA,9273
1052992405473874982,LGA,15742
1053110011763035222,LGA,20861
1053527589797192977,LGA,23907
1053591611410336431,LGA,15393
1053652465790968543,LGA,13678
1053783422481390823,LGA,6261
1053905812534942894,LGA,21714
1054375518474819539,LGA,14944
1046508845139051872,LGA,30293
1046632736813066395,LGA,14519
1060098314384850325,LGA,19844
1048925866005753912,LGA,13883
1049173777970027790,LGA,11902
1060138677215669245,LGA,19384
1060192371328219223,LGA,14788
1060239147534903352,LGA,15824
1054463012526523296,LGA,14937
1054528883890923211,JFK,14622
1054695605777036943,LGA,13930
1054766423954233739,JFK,18229
1054922113127805726,LGA,14233
1055008778043705675,LGA,13797
1055030718576614568,LGA,14180
1055037646560689002,LGA,13797
1060239215738679244,LGA,14325
1060241871693461480,LGA,18457
1060249590176474814,LGA,15185
1049187653715329467,LGA,12321
1049222605474907072,LGA,15115
1049282302817004028,LGA,20530
1049299400432085524,LGA,23574
1049318056495875404,LGA,13874
1049369302862416200,LGA,20301
1049484215033550460,JFK,13434
1060302258730794153,LGA,19799
1055145734011625285,LGA,16260
1055200488171982996,LGA,15115
1055444597484933368,LGA,8498
1055653489529918135,LGA,20679
1055653820981064193,LGA,12172
1055685876065835505,JFK,11161
1060352217117589168,LGA,19470
1060477773287184489,LGA,15177
1049631890775955111,LGA,13593
1049940767703198807,LGA,11303
1049952793502900635,LGA,13303
1050013204065045061,JFK,5735
1060540532486354515,LGA,12882
1060638349590084347,JFK,9246
1055695105896757829,LGA,15276
1055700311323338650,LGA,15276
1055702159389489729,LGA,15276
1055704464756784705,LGA,15276
1055715974330280991,LGA,15276
1055716454042890036,LGA,15276
1055804351964620545,LGA,9742
1055818763482154807,JFK,8644
1060790025196109539,LGA,10787
1050048796422516580,LGA,15353
1050067537509382432,LGA,13943
1050103047625170204,LGA,15078
1050115578412522466,JFK,6526
1050120817675342661,LGA,16061
1050195982235342963,LGA,14536
1050254022973937596,LGA,14816
1060848009618799743,LGA,11741
1060887396442907526,JFK,9471
1060893985249841233,LGA,15234
1060926963416227728,LGA,10881
1060974724524304862,LGA,8052
1061001680165253060,LGA,16749
1061049354700025622,LGA,20868
1050469840170584622,LGA,20679
1050470245746400509,LGA,13513
1050630866324327134,LGA,15498
1050631290477104451,LGA,14644
1050667017393639309,LGA,13983
1050759223735837626,LGA,11863
1061056176589586161,LGA,22246
1055855035131489398,LGA,12405
1055914998447389060,LGA,14660
1056374752769445510,LGA,12806
1056376520439117729,LGA,10949
1056509899939593559,JFK,14495
1056557930024047301,LGA,15056
1056564961383687067,LGA,12777
1061113702595817537,LGA,13029
1061218733836374194,EWR,29166
1061243380459743528,JFK,5581
1050770980329376346,LGA,13952
1050771766607519903,JFK,8975
1050807955203588919,LGA,14165
1050831980985744781,LGA,14192
1050859703674581568,LGA,13943
1051266669019573479,LGA,13262
1051303514337719594,LGA,17005
1051317684074466195,LGA,21075
1061461150709867848,EWR,20071
1056625840573715781,LGA,11527
1056650231082472276,LGA,13041
1056755774413954879,LGA,6700
1056766544774419122,JFK,9887
1057127398484370730,LGA,13148
1057206257573876254,LGA,17446
1061470503176432568,LGA,14402
1061481461460001697,LGA,13994
1061486628451281875,LGA,14135
1061517681080659162,LGA,15717
1061614635974174288,LGA,15884
1051404502211155820,LGA,5352
1051427357348578117,LGA,13823
1051505442588448739,LGA,14665
1051693960593774847,LGA,12292
1051729639412992248,LGA,13922
1051730788488389156,LGA,11567
1064301195892473870,LGA,16707
1064301503148118026,LGA,15283
1061616810265679219,LGA,21668
1057270663669889175,LGA,12014
1057775995368202634,LGA,18646
1057797641064287773,LGA,19137
1058181792327916615,LGA,11615
1058203066420327663,LGA,11073
1058226731205197288,LGA,11201
1061632233644512468,LGA,13642
1061632299472282421,LGA,13642
1061632564187992922,LGA,13642
1061632669312353240,LGA,6017
1061632971843436364,LGA,6017
1064523868451932167,LGA,13663
1064524524096641494,LGA,13663
1064569340655786287,LGA,12654
1064578253551246633,LGA,13108
1064635831979828858,LGA,12874
1064724494450720877,LGA,29983
1061633025832291732,LGA,6017
1061633131713767733,LGA,6017
1061654638574398884,LGA,15925
1061722807664728309,LGA,16849
1058338485248789800,LGA,13450
1058708346603333856,LGA,11896
1058752711303934611,LGA,15689
1058815379622089227,LGA,15689
1058838981888807485,LGA,10474
1059399783161257709,EWR,29609
1059609886889535146,LGA,13941
1059787657125734957,LGA,15174
1061949170995507464,LGA,16784
1061995840557392701,LGA,11949
1062145273744656883,LGA,12876
1059832394169922022,LGA,10987
1060067517230203090,LGA,15804
1067197105852649873,LGA,14843
1067198515281843241,LGA,15964
1067198895992407969,LGA,14843
1067199614718841566,LGA,14843
1064778522188783515,EWR,31686
1065009656872358442,LGA,15283
1065123350709282894,LGA,11310
1065170144620421598,LGA,13923
1065240416426347624,LGA,17480
1065261714964080001,LGA,14526
1065262056366021513,LGA,14526
1065262230258220430,LGA,14526
1062148354797546178,LGA,20819
1062204874827086403,LGA,10533
1067200330555496177,LGA,12301
1067200736348365568,LGA,14314
1067201362028677654,LGA,16686
1067201740592807516,LGA,15564
1067202423419715850,LGA,13219
1062225573804533925,LGA,10945
1062459732279895233,LGA,14751
1067203124580186208,LGA,13219
1067203678034406155,LGA,16763
1067204367727150172,LGA,16763
1067205046140237726,LGA,16762
1067205773422410606,LGA,15179
1065262230644399835,LGA,14526
1065372627170730644,LGA,5181
1065394869170744322,LGA,15336
1065403714551533946,LGA,13136
1065521273924596622,LGA,14618
1065716820074814380,LGA,14095
1065734338333399135,LGA,14388
1065758362601303702,LGA,14388
1062478810779287031,LGA,15780
1062506366862556498,LGA,13412
1062514888943930705,LGA,15168
1062524509478702982,LGA,20865
1067206739656586763,LGA,16410
1067209647005946753,LGA,16410
1067212150616971848,LGA,14123
1067212478316421989,LGA,14314
1067260508709400475,LGA,13219
1062633589528383767,LGA,13457
1062774160479785080,LGA,14845
1065762399416234253,LGA,14388
1065769971445201312,LGA,14388
1065778832869908021,LGA,14388
1065782226324337615,LGA,14388
1065813715720697691,EWR,30289
1065966988567974343,LGA,15327
1065984848729854350,LGA,14640
1065993241115215359,LGA,14310
1067261069455924689,LGA,13219
1067261658067892912,LGA,13219
1067262240665667762,LGA,14955
1067265010588452154,LGA,13886
1067265534940003691,LGA,14955
1062932916029042118,LGA,13698
1063126161307363729,LGA,24580
1063136773468377411,LGA,14017
1063154135278569157,LGA,15756
1067266357447762257,LGA,15788
1067266702530511276,LGA,14955
1067267769047454084,LGA,15145
1063420446715091204,LGA,15721
1067268168915094723,LGA,15145
1067268631904752268,LGA,15316
1067269258225505974,LGA,15316
1067271045546379464,LGA,14843
1067271770974690997,LGA,13219
1066006276901163097,LGA,14584
1066028196715633422,LGA,10299
1066045572533268679,LGA,15742
1066102862445188127,LGA,14442
1066170537254641780,JFK,14881
1066251806256864005,LGA,12072
1066321301742414062,JFK,11738
1066323006884877800,JFK,7677
1066342455061282999,LGA,14808
1063769212897446946,LGA,19183
1063875033923981857,LGA,11208
1067272310379193518,LGA,13219
1067272880627018649,LGA,15316
1067275090408807419,LGA,15552
1067275400639266158,LGA,14314
1063887869836214561,JFK,15488
1067276041750736141,LGA,14314
1067276571138900398,LGA,14314
1067277153030201186,LGA,14314
1067277749779946963,LGA,13219
1067280121863878692,LGA,18465
1066541695851150471,LGA,17948
1066619270250545241,LGA,15694
1066623888304208005,LGA,13658
1066630837020823893,LGA,14095
1066661715722364503,LGA,13302
1064014662356519337,EWR,24112
1064300515053828558,LGA,14095
1064300827695462584,LGA,16296
1068407150433353514,LGA,19769
1068537120626967876,LGA,22210
1067280599818532034,LGA,15179
1067281595536834729,LGA,14843
1067282381280768555,LGA,12138
1067282933172289340,LGA,12138
1067283409064361441,LGA,14843
1068599774862743594,LGA,13122
1066759323819826424,LGA,14705
1066762261661304577,LGA,18990
1066763158569201601,LGA,15635
1066837013767774923,LGA,13760
1066911214449074405,LGA,22058
1067021529837978290,LGA,13966
1068730297270620086,JFK,21450
1068741903107300651,JFK,21421
1067178493484312501,LGA,15316
1067179194621464135,LGA,15299
1067182008497376953,LGA,14837
1067182484672957868,LGA,14862
1067182914568130128,LGA,16763
1067317365627051315,LGA,14314
1067321001126892421,LGA,15552
1067321337872162811,LGA,16056
1067321734852931233,LGA,16763
1067322490487464466,LGA,15552
1068910052601278603,LGA,10668
1068912065584586603,JFK,8163
1068964032867039816,LGA,7511
1069085193397966592,LGA,13172
1067322793813822917,LGA,18555
1067323264117362911,LGA,18243
1067326029022351370,LGA,16222
1067326290090101851,LGA,18990
1067326498814721642,LGA,15179
1069105907558329161,LGA,21851
1067183558456275827,LGA,20568
1067184029941781832,LGA,15299
1067184953845495160,LGA,14862
1067185371259851854,LGA,20568
1069508594681767937,LGA,13484
1069516393596899524,JFK,6180
1069519704758206736,LGA,12243
1067188859061887812,LGA,12983
1067189169950924679,LGA,12983
1067189478788560150,LGA,12983
1067189792341741759,LGA,15343
1069526703582727134,LGA,14212
1067326682565133945,LGA,18990
1067326881507697240,LGA,12138
1067327446059499665,LGA,15120
1067328462412024733,LGA,15119
1069578477394124208,LGA,18116
1069580354212412517,LGA,14836
1069581505361098170,LGA,14881
1069587960830987188,EWR,24676
1067190097579226006,LGA,15564
1067190412229603502,LGA,15299
1067190891801753512,LGA,15299
1067191358391431099,LGA,16980
1067191873757227843,LGA,14959
1069591046301767800,LGA,17339
1069618889356272594,LGA,14065
1069632244080963141,EWR,24346
1069660706506079136,LGA,13783
1069721161305728281,LGA,14838
1067328912284568992,LGA,15120
1067329577842647026,LGA,15120
1067339879599785124,LGA,18990
1069736400348119133,LGA,14464
1069775825692003208,LGA,17888
1070151758129815454,LGA,15821
1067192199643171600,LGA,14959
1067193514859480261,LGA,20568
1072482707234834146,LGA,11551
1072490292073582343,JFK,10506
1072521783407315734,JFK,6669
1072539443769246406,LGA,14842
1070231131306779107,LGA,16709
1067546821288390834,LGA,17026
1067590275447169026,LGA,15056
1070268279697476132,LGA,13976
1070270537377163305,LGA,16519
1070271021848012165,LGA,16585
1070272052169818710,LGA,14346
1070272637247149842,LGA,14100
1070288096436919169,LGA,14408
1067591227921878270,LGA,15374
1067597917209821924,LGA,20267
1067638572137152034,LGA,9159
1067731688089235754,LGA,12858
1067746487891672538,LGA,18194
1068219915878365503,LGA,11440
1068228716746876060,LGA,14995
1068340630451313320,LGA,14742
1068368638122118305,EWR,35361
1072604583533985335,LGA,16770
1072622791437897100,LGA,17984
1072666397777078123,LGA,19029
1072684527538110393,LGA,29954
1072748663391133153,LGA,21822
1072820049144501891,LGA,7308
1072821907394094556,LGA,16344
1073179448074357226,LGA,12512
1073243377727789422,LGA,15502
1070292150676551812,LGA,20136
1070303317706928641,LGA,11938
1070312662525454388,LGA,12278
1070327706166386414,LGA,14416
1070366659961101671,LGA,15969
1070371720469031087,LGA,14936
1070372218321962755,LGA,15779
1070376523863400975,LGA,13251
1070382902215466684,LGA,13857
1073746988444955064,JFK,21128
1073915671655296338,LGA,11480
1073976914212097232,LGA,12664
1074177249739756939,LGA,8936
1074617829677960916,LGA,25221
1074760466136368472,LGA,15750
1074798354467358272,LGA,5035
1074824222599384771,LGA,17561
1074849421491993038,LGA,14982
1070385146027468023,LGA,23134
1070398579281953495,LGA,14977
1070450891681156687,LGA,17133
1070493140523217364,LGA,13386
1070493385323671933,LGA,17912
1070513361665260516,LGA,14406
1070531707221095417,LGA,14568
1077670079766597099,LGA,11784
1077855441244601453,LGA,16391
1078295487634551725,LGA,15026
1078336770127529285,LGA,15385
1078382022906540632,LGA,14933
1078542524356506599,LGA,4024
1078615004033084660,LGA,16894
1070829705357248519,LGA,14800
1070859096976599259,LGA,15229
1070901052420848550,LGA,22330
1074873319881210325,LGA,15422
1075056454421698316,LGA,13775
1075227292383892324,LGA,15978
1075342600501590104,LGA,21317
1070953454554049877,LGA,14118
1071016550690235899,LGA,16055
1071034758733407760,LGA,20769
1071051978115920209,LGA,11638
1071065733869462689,LGA,12235
1071083738326573629,LGA,11652
1071085232599196862,LGA,14129
1071097470129706565,LGA,14467
1071230531368875750,LGA,17965
1075439252135899720,LGA,18386
1075439438887826725,LGA,17806
1075472992489210989,LGA,14548
1075492199979189364,LGA,10340
1075503942306453897,LGA,10442
1075508827303644927,LGA,15544
1075541536118279128,LGA,14820
1075541594512550784,LGA,14740
1078923644639661537,LGA,13227
1078970250684682908,JFK,4988
1079002319295560537,LGA,14110
1079055928537511033,JFK,14544
1079061115884416812,JFK,10407
1079093999350541176,LGA,14803
1079110643206381992,JFK,10152
1079152229019153537,JFK,18219
1079176033625590431,LGA,13036
1071333400427167471,LGA,13204
1071419963016698498,LGA,16150
1071606997626297526,LGA,21228
1071688769658832375,LGA,12817
1075681521566604158,LGA,16191
1075693579028892349,LGA,12971
1075906713750679075,LGA,19667
1075973073963279494,EWR,31472
1076002620052074926,LGA,13602
1076003044998951982,LGA,12876
1071703160614211263,LGA,14590
1079279590712988717,LGA,13258
1079681043834051748,JFK,15468
1079776280274419721,LGA,14187
1079890729260575946,LGA,16362
1079896407529546282,LGA,11773
1079901507671871800,LGA,13136
1079910993717982400,LGA,11640
1071712108811245554,LGA,13973
1071731861726122320,LGA,15056
1071774511414610793,LGA,11789
1071846713751416214,LGA,15316
1079995154639151276,EWR,37747
1080257145132881627,LGA,15283
1080332270027681110,LGA,11603
1080397066127126288,LGA,12616
1080413276408130595,LGA,21608
1080435805579214180,LGA,13474
1076020923987011399,LGA,13100
1076087081895237203,LGA,15737
1076090494277276878,LGA,22075
1076099247250886021,LGA,15742
1076202541738635891,LGA,6518
1072089744850191566,LGA,14927
1072416905292439778,LGA,12352
1072422929427482902,LGA,12187
1072438872838139128,LGA,19058
1076294427267406758,LGA,11799
1076304991439445196,LGA,13203
1076313962143053879,LGA,13423
1076809641847517288,LGA,19905
1076824544318787993,LGA,15717
1076826477174986073,LGA,13572
1072441340307274036,LGA,14517
1072441700199654943,JFK,8672
1072469407115663434,LGA,19359
1080453335264829723,LGA,15741
1080462560309052603,LGA,13609
1080462674336399167,LGA,13609
1080524247229234431,LGA,13474
1080563234569887520,LGA,13521
1080615169929014643,JFK,6308
1080670869604350580,LGA,12720
1080769743669960618,LGA,10065
1081094943593999779,LGA,19112
1083103814000174217,LGA,15850
1083232309817492677,LGA,23638
1083354516854663093,LGA,17228
1076901960949481562,LGA,16780
1076912523623540812,LGA,14733
1076951289493106487,LGA,12846
1076963862671622156,LGA,11692
1076971713700684447,LGA,12002
1076991778701346144,LGA,11751
1076997502152420940,LGA,11840
1076997582730997566,LGA,11746
1077291587779409400,LGA,13941
1083369496555924750,LGA,15232
1083396985265703852,JFK,10651
1083413347114647900,LGA,12811
1083457132325313315,JFK,18113
1083548110917142090,LGA,24720
1077292045029557363,LGA,14095
1077433267729271369,LGA,11369
1077534747756179116,LGA,13100
1077537721962654260,LGA,16629
1077609889483335534,LGA,17316
1077662087434089930,LGA,13403
1087580640421984763,LGA,13535
1081124181956231759,LGA,16769
1081153334878873969,LGA,10062
1081185973600372871,LGA,15885
1081266736098131414,LGA,14669
1081270921702774205,LGA,13127
1081325911262510863,JFK,6791
1081329204523525342,LGA,15641
1081331112442286544,LGA,15693
1083605109713339980,LGA,6784
1084024890622936681,LGA,16852
1084025560242946299,LGA,15447
1087588544639499882,LGA,13755
1087597996562719101,LGA,20679
1087598300394910991,LGA,20679
1087598584095581526,LGA,15485
1087711057756763454,LGA,11113
1087757731838889684,LGA,14521
1084205649822413286,LGA,14541
1084273676586833841,JFK,5264
1084314858874629365,JFK,14323
1081332555917799456,LGA,15718
1081333701175123215,LGA,15649
1081334909423823810,LGA,15819
1081337617525702444,LGA,15669
1081449253104266697,LGA,21395
1081478068142690666,LGA,23423
1084339111065922406,JFK,8858
1084394044812218151,LGA,10556
1084674420406657460,LGA,23950
1087766440336121612,LGA,14382
1087797016521732530,LGA,5292
1087798431786089199,LGA,11999
1087800217989122112,LGA,18990
1087800916009051587,LGA,18990
1087899933601287528,LGA,21385
1087901565405749798,LGA,11804
1087931058584862187,LGA,13761
1088028431891766930,LGA,10575
1084681359373913660,EWR,19781
1084768769972494316,LGA,13660
1081507139395912406,EWR,22661
1081530683168113812,EWR,22799
1081688074862046736,LGA,15283
1081688478179193530,LGA,15283
1081752668837474884,LGA,6516
1081761700670315735,LGA,13257
1081774764145429147,LGA,5659
1081935749436412239,JFK,6418
1084827854461923721,LGA,15962
1084828217755386005,LGA,6674
1084833456394644733,JFK,5901
1084837678155303157,LGA,15041
1084871361591875604,LGA,15896
1088440249735666904,LGA,11867
1088448586790398597,LGA,14940
1088458482112063683,LGA,14288
1088462354138947183,LGA,14520
1088828497990492714,LGA,11830
1088995864090222713,LGA,15537
1089089128041463550,LGA,11924
1089113738080022020,LGA,11986
1084942063521972337,LGA,11714
1081941463780204485,LGA,10412
1081961630589799599,LGA,14571
1081962213151884751,LGA,10915
1081971812474517820,JFK,7910
1082041638958874074,LGA,18799
1082049386895627511,LGA,11855
1082300585235338849,LGA,16137
1084949680335673625,LGA,13485
1084959621038613144,LGA,12117
1084972747484392455,JFK,21461
1089185458346740440,LGA,25072
1089290609745517673,LGA,14685
1089296002453052696,LGA,10766
1089413171661165083,LGA,19521
1089725892764328452,LGA,15364
1089729246192794843,LGA,15505
1089766702290849908,LGA,15735
1089799002538865369,LGA,20814
1085008081394017762,LGA,8616
1082456808583651240,LGA,18881
1082657949191521796,LGA,15741
1082660771919357919,LGA,18908
1082734770312717710,LGA,10651
1082846840608354586,LGA,15685
1092581244045250595,LGA,11967
1092764040708555355,LGA,14756
1092764922849525879,LGA,21798
1092801249343488052,LGA,14806
1085122041734203848,LGA,29293
1085501920403799667,LGA,12717
1085652974861396322,LGA,17092
1085774261317139329,LGA,6700
1086082438509839176,LGA,10626
1086200276891664933,LGA,11171
1089816470431705091,LGA,14005
1089849330286362160,LGA,15801
1089912037059935747,LGA,21913
1089929370227826369,LGA,14764
1089955449713193738,LGA,14092
1092801822152327660,LGA,14680
1092821257448313786,LGA,13888
1092927557165898276,JFK,10211
1092928294708580275,LGA,14733
1092950423832012772,LGA,14574
1092951641472377416,LGA,14519
1092954036179575901,LGA,14571
1086223966113652436,LGA,14105
1086260209854681581,LGA,14514
1086276027766371466,LGA,9902
1090028270316624297,LGA,21008
1090041604677130047,LGA,19829
1090058212987498404,LGA,18878
1090060243063984033,LGA,21175
1090287138945435080,LGA,14478
1090334660960669917,LGA,10677
1090541400037539368,LGA,12172
1090541906381461567,LGA,13506
1086276094929218455,LGA,10076
1086312344495922694,LGA,14769
1086319559710656328,LGA,13254
1092955444883191996,LGA,14605
1093528784858965151,LGA,16255
1093615036600977781,LGA,15536
1093627832142540212,LGA,12355
1093637322687475492,LGA,14526
1093648989560593539,LGA,16795
1093677108223598854,LGA,16886
1086339114654189624,LGA,10191
1086339247892038745,LGA,10699
1086339339871879470,LGA,10210
1086349465074257953,LGA,15023
1086357613808814524,LGA,4381
1086373655299407944,EWR,15841
1086379650709474075,LGA,11851
1086394938118286708,LGA,11972
1086523201857001367,JFK,10602
1090553830200685087,JFK,24568
1090617582725521721,LGA,14076
1090638611066390408,LGA,11629
1090713696580310351,LGA,20765
1090719722431358808,LGA,21681
1090741182977771016,LGA,10556
1090796650803365546,LGA,12598
1090829533298182424,JFK,18397
1090894126706891382,LGA,15241
1090896854066122915,LGA,14952
1086566160611105600,LGA,7455
1094010528655760689,LGA,17422
1094202291670785749,LGA,22646
1094211166635531058,LGA,13782
1094241915446241027,LGA,21392
1094248768330564027,LGA,13101
1094266816874777232,LGA,13705
1094338015491551388,LGA,14750
1094455766433039056,LGA,18087
1094581406003955735,LGA,14478
1094761010140633632,LGA,16834
1086829767088724403,LGA,23103
1086857934528282644,JFK,11436
1086871715782143028,LGA,14712
1086887827070400937,LGA,15283
1086888066183067947,LGA,15620
1086957723918342538,LGA,15371
1094762151844093977,LGA,16834
1094764389824490264,LGA,16834
1094765911844541646,LGA,16834
1094767436963006514,LGA,16834
1094768575810425003,LGA,16834
1094771527480877085,LGA,16834
1094773469623443535,LGA,16834
1094775082583002100,LGA,16834
1087036286146060057,LGA,11404
1090925801241106637,LGA,14924
1091221131418995026,LGA,11782
1091299935203308643,LGA,11706
1091347715467092431,EWR,22715
1091367866089351329,LGA,13974
1091433054357686356,LGA,10228
1091802018768802489,LGA,13180
1091914240452213678,LGA,22087
1091956529067117133,LGA,15929
1087094198290625423,LGA,13559
1087136782736252981,LGA,15832
1087139137702855655,LGA,16025
1087144595237396840,LGA,22106
1087165768251308424,LGA,18284
1087385956162294812,LGA,15742
1091978336906268918,LGA,15498
1091998427751796380,JFK,24140
1092069890164873183,LGA,14249
1092072336012573142,LGA,14878
1092086093913368347,LGA,14249
1092089558587883407,LGA,14249
1094777151341930866,LGA,16834
1094778509948613457,LGA,16834
1094797239366835045,LGA,12314
1094797804470209350,LGA,12236
1094798050183949653,LGA,11851
1094806998523731750,LGA,16834
1094808192959006232,LGA,16834
1094817105402046178,LGA,16834
1094819456089419636,LGA,16834
1087478093366283374,LGA,11062
1087559244367558497,LGA,20679
1087580351979698682,LGA,13623
1095201205113554701,EWR,34285
1095303457850517678,LGA,16579
1095553040711152680,LGA,12124
1094821863189646828,LGA,16834
1094825145022408348,LGA,16834
1094827760811111927,LGA,16834
1094828974462390323,LGA,16834
1094830279649231470,LGA,16333
1094834246619155716,LGA,16834
1094845169526286962,LGA,16834
1094846910093881527,LGA,16834
1095553256623190741,LGA,12150
1095582600306510167,LGA,11879
1095582745389771049,LGA,12342
1095582942084666709,LGA,12213
1095599632079330447,LGA,11856
1094848592248598541,LGA,16834
1094850740859468109,LGA,16834
1094852106965758709,LGA,15428
1094852250821907788,LGA,14269
1094854129910468799,LGA,16834
1094856719742290170,LGA,16834
1094860088554764411,LGA,16834
1094862441728384049,LGA,16834
1092225727659758476,LGA,15710
1092280833430415586,LGA,14995
1097164750741381817,LGA,11431
1097167349412197953,LGA,14870
1097189476704713904,LGA,18218
1095599916245109812,LGA,12262
1095600062834174789,LGA,12298
1095622155895088093,LGA,11805
1095622374147611563,LGA,11880
1095625586961263397,LGA,11890
1095631633664131095,LGA,11888
1097224211313304798,LGA,11949
1097266893958266284,JFK,22305
1097303268172426209,LGA,17984
1097321035472565545,LGA,12598
1097418298061181114,LGA,16910
1097428200625674167,LGA,14641
1097697203605630282,LGA,13535
1097714446468754357,LGA,10369
1097804268016705494,LGA,15220
1095632351915962087,LGA,11364
1094864191677112358,LGA,16834
1094865520021826431,LGA,16834
1094895605343224424,LGA,16375
1094917594745443433,LGA,18459
1094973250036740569,LGA,12621
1095003644154224670,LGA,14910
1095008099179477611,LGA,15366
1095641486721475266,LGA,11881
1095642526311759724,LGA,11673
1095643937701178901,LGA,11898
1095646668147768174,LGA,11454
1095676542886687773,LGA,11923
1095691878848758661,LGA,15468
1095729147022090049,LGA,13830
1095010137780365162,LGA,12036
1095016556426393939,LGA,15317
1095018491084238599,LGA,15033
1095034111907244676,LGA,13837
1095064373785059700,LGA,12762
1095067625806122686,LGA,13157
1095104848494207001,JFK,25070
1095142607572110710,LGA,21043
1095170294926054525,LGA,16309
1097817640272268339,LGA,13571
1097848686671487952,LGA,11518
1097851403485558562,LGA,11518
1097862263564063749,LGA,21836
1097867998728778169,LGA,11518
1097871770734072043,LGA,11518
1097875069076935985,LGA,15410
1097875731576744055,LGA,11518
1097895081984963736,LGA,12613
1097961844061495864,LGA,20119
1095737290006810489,LGA,14812
1095746267737750809,LGA,14736
1095762511256498837,JFK,26103
1095774395165850616,LGA,14916
1095774717737238981,LGA,4218
1095776782918899581,LGA,14996
1095791212418437838,JFK,25584
1095903383946887262,LGA,13414
1096015826578780464,LGA,5735
1097989140191924730,LGA,11968
1097994319431722674,LGA,11953
1098002690058104972,LGA,12697
1098016572818291672,LGA,11644
1098330445325214321,LGA,12414
1098834972663701875,LGA,20796
1099006796100972947,LGA,11095
1099233228880778191,LGA,15512
1101129819687240230,LGA,14798
1101146791950591921,LGA,18542
1101284191239320661,LGA,15283
1101334105867355921,JFK,8403
1101358995272409640,LGA,13077
1101427105433497290,LGA,8934
1101457790272318669,LGA,14770
1101458158192555817,LGA,19727
1096026449962984362,LGA,5661
1096304392988080939,LGA,12616
1096316325060629841,LGA,12100
1096316862149152416,LGA,11648
1096434482421931061,LGA,11785
1096458753806309063,LGA,16384
1096486041200031130,LGA,11518
1101470215361697223,LGA,13973
1101478490935324787,LGA,13235
1101479604660196862,LGA,13411
1101492492319048720,LGA,13102
1101497440864202911,LGA,14805
1101511721554653006,LGA,14668
1101514947474281604,LGA,13102
1101526705334833910,LGA,11375
1101527629359077994,LGA,13102
1099280878716032408,LGA,17627
1099724818228646300,LGA,14609
1099996333103547177,LGA,13202
1100017091124262104,LGA,13470
1100037283310543012,LGA,14995
1096492708718540311,LGA,12372
1096497378189892283,LGA,11518
1096536087254342431,LGA,18077
1096549532530211832,LGA,12509
1096583187139156674,LGA,12508
1096604925689700051,LGA,14600
1096617389974697573,LGA,13450
1096624749928777947,LGA,13389
1096644441308147113,JFK,17643
1101583066035983774,LGA,14742
1101608849587480219,LGA,16860
1101653706097706924,LGA,21718
1101690357816734016,LGA,15678
1102082151658183636,LGA,15793
1097010415717725941,LGA,13853
1100098194411375781,LGA,19029
1100113573480833195,LGA,14882
1100113731225813586,LGA,14882
1100113903778815423,LGA,14882
1100149550283531701,LGA,29971
1100153716637050505,LGA,15686
1100167767643925764,JFK,6273
1097030119523190924,LGA,11319
1097075517686404851,LGA,13102
1097081328081903192,LGA,13102
1097087501647496816,LGA,13102
1097103380023407028,LGA,13102
1097113965212046724,LGA,13102
1102093121006002912,LGA,14668
1102093930679454330,JFK,11646
1102123641767898783,LGA,16901
1102143591304442291,LGA,13708
1102148127809451153,LGA,11375
1102152011417101288,LGA,13674
1102155066042013863,LGA,13747
1097114648877714131,LGA,14187
1097118273217792095,LGA,13102
1097125455525075775,LGA,15211
1100188470327687501,JFK,6437
1100277641920135153,EWR,32771
1100361598208118066,LGA,10395
1100372908149410724,LGA,5457
1100507609129527478,LGA,15220
1100556386386561997,LGA,13361
1097125624434587092,LGA,15211
1102175636079034600,LGA,11375
1102181933171990977,LGA,11370
1102235861740061720,LGA,12442
1102237529626518209,LGA,12397
1102280523543975933,LGA,21516
1102282997570124942,LGA,13102
1102291576008942700,LGA,13102
1102293210777929921,LGA,13102
1097127613661681409,LGA,13102
1097128400576202625,LGA,13102
1097129270356869111,LGA,12918
1097130161811082073,LGA,13102
1097138273704394049,LGA,10435
1097146402872824283,LGA,11488
1097164181186372662,LGA,11316
1102297995476744783,LGA,21683
1102299689722653894,LGA,12209
1102305145593756275,LGA,13102
1102306332702071960,LGA,13102
1102331692663829399,LGA,11843
1102347209561419713,LGA,14657
1102420689981539702,LGA,13555
1102458160848756590,LGA,14132
1100569193093536116,LGA,12633
1100586816839903018,LGA,11898
1100587404542771591,LGA,12071
1100646737441546777,LGA,14031
1100781973307336883,LGA,18052
1100790345394366056,LGA,19377
1100802109442151724,LGA,14031
1104436283497085631,LGA,15805
1104472941469620295,LGA,25560
1104483313812454862,LGA,15688
1104499946077899332,LGA,15555
1104517580415154089,LGA,15573
1104589800709825162,LGA,11424
1104635195934537883,LGA,15022
1104924200309768587,LGA,16760
1100818061957791790,LGA,17962
1100908287650949854,LGA,13899
1100945393171794060,LGA,18276
1100996446560351140,JFK,22331
1102819583594705620,LGA,20345
1102895033236050416,LGA,16628
1102934542095541409,LGA,5095
1104924591396866069,LGA,13506
1105005305074754036,LGA,14619
1105047766686966160,LGA,14331
1105053393338898178,LGA,15798
1105056457017754168,JFK,22223
1105070094045904051,LGA,14064
1105080641554033221,LGA,16049
1102971605581262547,LGA,10142
1103003763881354673,LGA,11640
1103027953456511332,LGA,11688
1103088524196656891,LGA,15788
1103172794842065130,LGA,12311
1101053548655027903,LGA,12166
1101053809095530238,LGA,12351
1101054288867445369,LGA,12255
1101090051433885766,LGA,10189
1101110523419007264,LGA,15135
1101124537366565735,LGA,15123
1106715976103386657,LGA,11847
1106768502180203675,LGA,14908
1106772501343820576,LGA,15939
1105123568565389419,JFK,24846
1105157097466404669,LGA,15783
1105157109357751415,LGA,14325
1105227850941853147,LGA,21043
1105462821419503909,LGA,15537
1105496514661879085,LGA,15243
1105524212012370745,LGA,15131
1105531878875307358,LGA,15161
1106790475253895312,LGA,21154
1106816057491095740,JFK,16370
1107041388701440106,LGA,11974
1107060145729848677,LGA,11652
1107085753083842643,LGA,19448
1107089414471605323,JFK,8395
1107092928265815857,LGA,17945
1107218753492391849,LGA,14436
1107221502972673264,LGA,14018
1103600863692203549,LGA,12354
1103649215263954375,LGA,13771
1103686769438289089,LGA,17125
1103704219358078972,LGA,15560
1103724274943024888,LGA,15781
1103754701199991999,LGA,15063
1103765358826380128,LGA,19093
1103827004871780558,LGA,11164
1103886634747275961,LGA,22030
1103988756068919543,LGA,17824
1105551289502996737,LGA,15630
1105555935955713382,LGA,15929
1105701818305172554,LGA,14248
1105702301042334214,LGA,14248
1105702699897725950,LGA,14248
1105726516446842770,JFK,5738
1105728403589641263,LGA,12896
1107321382010216458,LGA,12236
1107321490848928456,LGA,13142
1107420594171076665,LGA,19404
1107443561440572530,LGA,10608
1107444003424511006,LGA,13114
1107466007857998876,LGA,14276
1104241321082408203,LGA,7136
1104327697050358536,LGA,15315
1104349873802426432,LGA,25616
1110905168675081715,JFK,11118
1110912045715122654,LGA,16840
1110970596015128008,LGA,10210
1110972431446341412,LGA,10739
1110975047193878768,LGA,14742
1105738845568823677,LGA,17249
1107830745735786586,LGA,15393
1107831092152405927,LGA,15393
1107831428888443615,LGA,15393
1107831742640480966,LGA,15393
1107861712292911792,LGA,4631
1105741556569949130,LGA,12578
1110993438677864788,LGA,14745
1110993915655239590,LGA,16049
1110997503201864450,JFK,12664
1111026855904056709,LGA,10171
1111039670657549612,LGA,10060
1111051121581066464,LGA,10225
1111051230032467166,LGA,10127
1107992473287294667,LGA,17811
1108003180015135304,LGA,14553
1108028455046004023,LGA,13607
1108033877492468350,LGA,13874
1108067764114973489,LGA,13895
1108082653379426204,LGA,14400
1105761506522150980,LGA,14670
1105771415070916042,LGA,13220
1105789556866988372,LGA,18761
1105895433928720782,LGA,14345
1105922720648344919,LGA,12862
1105948045676380098,LGA,12119
1108092335923668839,LGA,12374
1108098398533782554,LGA,15689
1108126065533032978,LGA,5780
1108182122490553088,LGA,20659
1108239778930840969,JFK,8184
1108381670907814799,LGA,16940
1108394382315627564,LGA,14863
1111064247858641484,LGA,20228
1111069426294385344,LGA,19978
1111070044294135199,LGA,15764
1111071226514488327,LGA,15798
1111072216805246742,LGA,16764
1111072720693755574,LGA,16820
1111073455017860470,LGA,16853
1105965375878507190,LGA,14936
1105971701246484579,LGA,15612
1105983045865143118,LGA,11849
1105988778554598626,LGA,11637
1106001456581509960,LGA,11939
1106028260714833173,LGA,20738
1106058239758942476,LGA,24084
1111076170714979390,LGA,20220
1111076211477934454,LGA,10251
1111112319589903484,LGA,13858
1111219828853444703,LGA,14227
1111467358307767724,LGA,14231
1111468336655364551,LGA,14163
1111469166952399014,LGA,13887
1111469726684605187,LGA,13866
1108677880360370991,LGA,15633
1108891228259931949,LGA,14945
1108961754172691008,LGA,14845
1109337668933371568,LGA,15971
1109440883056083759,LGA,15089
1109532542852921266,LGA,6471
1109560132735405326,LGA,14956
1109568672579690541,LGA,11371
1106252332742883143,LGA,16878
1106258701477536746,LGA,14298
1106478978928072650,LGA,15946
1111470252916396113,LGA,14376
1111471727964938540,LGA,14054
1111521365863732716,LGA,15821
1111526223636937826,LGA,14095
1111530244924783287,LGA,14095
1106503342430113525,LGA,14208
1109573749838442512,LGA,14760
1109578356622645997,LGA,15113
1109624768134912351,LGA,30954
1109634888266503902,LGA,21663
1109650004740223219,LGA,18518
1109654543639961451,LGA,14442
1109657423339018730,LGA,18560
1109657592376517431,LGA,5986
1109675460093255334,LGA,18491
1111538705991605733,LGA,14929
1111540336881417764,LGA,14664
1111609937553723816,LGA,14561
1111612207063541662,LGA,14743
1111626653056183952,LGA,15367
1106511008237916202,LGA,14208
1106526556526531077,LGA,14217
1106541289402959443,LGA,16398
1106604621416368343,LGA,15500
1106636387471645456,LGA,14067
1109675724707718441,LGA,18461
1109911011385843843,LGA,12979
1110090425248538008,LGA,29367
1110095258847823300,JFK,10857
1110118574840268761,LGA,9081
1110201796954441182,LGA,11896
1110203057629816204,LGA,11998
1110243838410975611,LGA,13177
1106650651116205037,LGA,15429
1106663744322707547,LGA,15429
1111638766309267875,LGA,13730
1111643313914269816,LGA,15268
1111643482827141591,LGA,11507
1111665858167390406,LGA,13343
1111665965272421981,LGA,13343
1111666023012679487,LGA,13343
1111666150326773564,LGA,13343
1106666179961470072,LGA,15429
1106667595753321693,LGA,15429
1106705590031182956,LGA,24899
1111814726067302895,JFK,24718
1111828999604259081,LGA,9915
1111666189502797460,LGA,13343
1111666358951926713,LGA,13343
1111666461259507312,LGA,13343
1111666496980873964,LGA,13343
1111666722608069202,LGA,13343
1111666846550197497,LGA,13343
1111666966430724392,LGA,13343
1111667095611564257,LGA,13343
1110284715112501472,LGA,13631
1110321873169952243,EWR,23816
1110333654798322516,LGA,14924
1110355451903707267,LGA,15517
1110407714665965658,LGA,25392
1110577872139209188,LGA,14461
1110578563834555617,LGA,14477
1110580750895991230,LGA,14415
1111839303902810415,LGA,10733
1111892693817795878,JFK,11356
1111987255543591440,LGA,15537
1112023546762857225,LGA,13804
1111667518549873713,LGA,13343
1111667865312639571,LGA,13343
1111668017147687957,LGA,13343
1111668235114554994,LGA,13343
1111668741363949906,LGA,13343
1111668821800905528,LGA,13343
1111668952583464683,LGA,13343
1111669815665797482,LGA,13343
1111670028116667408,LGA,13343
1111670409390647896,LGA,13343
1112035529044283890,LGA,13571
1110582578094302314,LGA,14882
1110583877459517706,LGA,15082
1110790405313313117,LGA,13187
1110845499878974239,LGA,14649
1110847898990560606,LGA,13187
1112190815989801312,LGA,14660
1112265207664696374,LGA,18686
1112291569465739144,LGA,12022
1111670644723270152,LGA,13343
1111670875030380240,LGA,13343
1111671446835633847,LGA,13343
1111672014479078678,LGA,13343
1111672508046014380,LGA,13343
1111672634422819489,LGA,13343
1111672853839920280,LGA,13343
1111707325901125421,LGA,14130
1112313952031734864,LGA,8014
1116643396778760404,JFK,25427
1116659029637157436,LGA,15485
1116693554594421762,LGA,11843
1116707411784455212,LGA,13239
1116713538927097537,LGA,11782
1116729772468124199,LGA,13998
1116763616207150309,LGA,13721
1116772957632397742,LGA,13997
1112314761461589461,JFK,15313
1112317611985718983,LGA,19836
1112344756155061784,LGA,13102
1111749756699029402,LGA,21115
1111755170836154020,LGA,21438
1120982175254555104,LGA,13724
1120984964853213286,LGA,13606
1120986161733678919,LGA,13923
1121071083462663275,EWR,15454
1121074659882797643,LGA,16841
1112351229041577978,LGA,12869
1112393231691668935,LGA,14924
1112405332315125254,LGA,13102
1112405887592709246,LGA,14924
1112407338199543926,LGA,14783
1112412330409417849,LGA,13102
1112413663345413314,LGA,13102
1112415747017722562,LGA,13102
1112416918696367005,LGA,13102
1116806421398122216,LGA,19044
1116894896977374505,LGA,18492
1116912932427140492,LGA,22125
1116927219695127568,LGA,21232
1116930231790877712,LGA,21598
1116944603082675265,LGA,13276
1116956583540278663,LGA,9183
1116961730053926359,LGA,9185
1112422943507152895,LGA,14924
1112428943920033310,JFK,15875
1121082242645807038,LGA,16841
1121084506733937234,LGA,16861
1121085081120589834,LGA,15026
1121085931719332414,LGA,16643
1121097388919060794,LGA,14891
1121098794146870631,LGA,15952
1121673693861808064,LGA,14119
1112435683945505646,LGA,14924
1112445207875785356,LGA,14924
1112474208194512978,LGA,10716
1112521342674312346,JFK,8535
1112530043994749894,LGA,15639
1116968235116811334,LGA,8999
1116980599219165405,LGA,14384
1116986059041927579,LGA,14967
1117326207587983417,LGA,14393
1117348562410002593,LGA,17169
1117350487164620171,LGA,11858
1117392950529887686,LGA,12099
1112944929336437834,LGA,16096
1121771929571655131,LGA,15428
1121796716965999635,EWR,24255
1121858306063246244,LGA,15080
1121908053293137461,JFK,16929
1121981426388504295,LGA,11389
1122069073279197774,LGA,13973
1122072466892127468,LGA,13562
1113018441358108311,LGA,13816
1113019757148804965,LGA,15689
1113030110156474204,LGA,15017
1113030168317078062,LGA,15689
1113047751823435876,LGA,15318
1113048051231581389,LGA,15318
1113051250641981233,LGA,15654
1117406325382308439,LGA,9523
1117408615752781344,LGA,9523
1117411104238983342,LGA,13370
1117458059379181331,LGA,14384
1117496740720620113,LGA,15943
1117512108535863744,LGA,12734
1113073401939237390,LGA,15689
1122265328870455427,LGA,12057
1122273406068231545,LGA,16132
1122288365281690203,LGA,17605
1122341264871250207,LGA,15609
1122363436937093697,LGA,15770
1122376994681674148,LGA,15397
1122461403861166485,LGA,14966
1113088052713757132,LGA,14288
1113158950244251541,LGA,15693
1113172571561700595,LGA,15887
1113186084971222904,LGA,10984
1113258559882130112,LGA,13745
1113279088764300219,LGA,22331
1122482629886469254,LGA,13837
1122491867192041810,LGA,13944
1122517963920692180,LGA,5468
1122532916182362889,LGA,2967
1122540038944566836,LGA,14249
1122542601453748725,LGA,19302
1122575256700615814,LGA,14376
1113290108800873108,LGA,13715
1117520708516978979,LGA,14213
1117532744097489604,LGA,15547
1117561089485142851,LGA,14384
1117575469976164572,LGA,15300
1117721798584451198,LGA,10318
1117859419184943659,LGA,15668
1117935917476687376,LGA,7397
1117959264674169314,LGA,12256
1118148174507368445,LGA,12009
1113463250186485659,EWR,34883
1113767184980310341,LGA,13451
1113825829090486677,LGA,14966
1113896863240020357,LGA,10782
1122780255479613680,LGA,14910
1122810910933359230,LGA,7070
1122824149047065852,LGA,22173
1123058674200272789,LGA,5232
1123062790203605218,LGA,11776
1123076422563764224,LGA,4757
1123077365953960432,LGA,16092
1123139068980316541,JFK,17781
1123155327289521410,LGA,14885
1113975653556242121,LGA,14251
1113990710461644900,LGA,11278
1118173970575255817,LGA,10917
1118284154882166548,LGA,14752
1118447284939729494,LGA,8841
1118676440414345098,LGA,21357
1118678033574629048,LGA,21141
1119779223582471106,LGA,14409
1119990552003968441,LGA,5009
1120033214936282994,LGA,14829
1114539686734458704,LGA,7530
1114648940731264008,JFK,21530
1114771396821136188,LGA,15745
1123155681198830366,LGA,14885
1123178688100365695,LGA,19321
1123275389878502035,LGA,23666
1123291802006525572,LGA,22003
1123331749308769023,LGA,13024
1123435135901431749,LGA,16391
1123474873283609263,LGA,12025
1123479976623636058,LGA,12226
1115238121412577322,LGA,13496
1115294849933964740,LGA,17106
1115296316091602449,LGA,13261
1120120917663313525,LGA,22280
1120169656879720792,LGA,1448
1120186882723159230,LGA,16625
1120200726975912830,LGA,13924
1120200764487842981,LGA,13924
1120215751027046086,LGA,15558
1115302659617044491,LGA,13710
1115311624254150430,LGA,13423
1115334437409198353,LGA,13997
1115372362964057519,LGA,16279
1115380808111478492,LGA,16944
1120267212254262726,LGA,15274
1120346290475424856,LGA,15868
1120348428508594780,LGA,15856
1120350431112519928,LGA,15877
1120370336809286836,LGA,13304
1120373926540312797,LGA,13304
1120374739634095349,LGA,13304
1120375458576488496,LGA,13304
1120376135115063153,LGA,13304
1123487480393660739,LGA,12307
1123508465565975975,LGA,12268
1123536669391233220,LGA,7273
1123743459729686198,LGA,6753
1123776431230095841,LGA,14747
1123784306015693556,LGA,3727
1124126281825724517,LGA,15484
1124204389033268401,LGA,15429
1115471563998250173,LGA,5019
1115903542547996840,LGA,16296
1115967878783497786,LGA,13031
1115980846989416764,LGA,8242
1124515503871939606,LGA,11140
1124574711796175408,JFK,15742
1124593153326057528,LGA,16614
1124679179837406747,LGA,13372
1124737195407142770,JFK,16862
1124763455906903266,LGA,14504
1124785781926662756,LGA,15386
1124822815836751434,LGA,15583
1124909486762704847,LGA,18621
1120407740838728828,LGA,11518
1120411445974677115,LGA,11518
1120414324364217815,LGA,11529
1120417006583335748,LGA,11518
1120419289800030647,LGA,11518
1120525515285577613,LGA,15935
1120554725921380231,LGA,6818
1120557503116264906,LGA,9330
1120708927839982087,LGA,14187
1120914540069060744,LGA,15443
1116042385708833643,LGA,13270
1116080980495306645,LGA,11964
1116238248246467589,LGA,13216
1120914951050400851,LGA,14885
1120915640151289132,LGA,15485
1120916113978892056,LGA,15485
1120950645849135201,LGA,14377
1116245822770307509,LGA,10316
1116529065414290664,LGA,11870
1116555539786039678,LGA,14275
1116555653879118965,LGA,14847
1124927353218071086,LGA,15272
1124945060516214790,LGA,15909
1124952055350894587,LGA,18683
1124979327324611288,LGA,6826
1125139098078786312,LGA,17084
1125141139412549867,LGA,17343
1127753693824936309,LGA,10478
1127760258809080188,LGA,11578
1116562418961095548,LGA,14305
1131357937601443396,LGA,17052
1125224478670531330,LGA,11959
1125319724853414750,JFK,10207
1125394067603414786,LGA,15444
1125396587745754932,JFK,4794
1125396693234888561,LGA,15268
1125402679115844799,LGA,16951
1125454204459203690,LGA,10343
1125471529511161183,LGA,1729
1125496033302845693,LGA,10944
1131359251246177272,LGA,13006
1131370992328703196,LGA,11570
1131389554169623234,LGA,9523
1127771435081987491,LGA,13843
1127780809107587152,LGA,14266
1127825761765238641,LGA,14148
1127829160757909681,LGA,14071
1127869544979696720,LGA,14766
1128086130426522034,LGA,13644
1128086147457445373,LGA,14102
1128086155487117700,LGA,13521
1131458412663503638,LGA,15356
1131731418453124755,JFK,20633
1131804461707241703,LGA,8738
1125647449838700909,LGA,15056
1125700027098239450,LGA,21642
1125931126069578400,LGA,14095
1125932164853722753,LGA,15342
1131850403606204027,LGA,15189
1128086190895642702,LGA,13619
1128100770879732846,LGA,6658
1128123045687998364,LGA,13158
1128123539848789678,LGA,14631
1128141852228986763,LGA,15171
1131881270491233607,LGA,12805
1131882333761849972,LGA,13484
1131888181139772396,LGA,13484
1131888962475292890,LGA,13650
1131890281950917866,LGA,20855
1131893557656442392,LGA,12562
1126047181362612516,JFK,10686
1131903840207473600,LGA,14047
1131928128991752349,LGA,12488
1128145408411182795,LGA,15144
1128146427186237718,LGA,15155
1128147919524464105,LGA,15200
1128271703183585451,LGA,15481
1128290579418865013,LGA,17677
1128323155742982777,LGA,10173
1128348809406074738,LGA,14259
1132053250279638945,JFK,6095
1132182913168109059,LGA,14923
1132303429135208251,LGA,15463
1132443321030696239,LGA,23338
1126050815312115722,LGA,15558
1126052924442652990,LGA,15558
1126075657490554047,LGA,13828
1126079789337906197,LGA,11451
1126085274679148461,LGA,13969
1126092277413709536,LGA,13958
1126100895901778255,LGA,13990
1126106648674787077,LGA,14013
1132562970181176758,JFK,16865
1132568650618412962,LGA,10196
1132595760648458557,LGA,13353
1132597607837256164,LGA,13356
1132597716790457917,LGA,13356
1128359432253229131,LGA,13786
1128406823045262884,LGA,20069
1128408755712383279,LGA,15231
1128957058125592930,LGA,9324
1128974197538669137,LGA,11512
1129016441448820604,LGA,14009
1129017549247571973,LGA,14254
1129018472325857606,LGA,14445
1126163691986174137,LGA,27019
1126206544537300215,LGA,14579
1126301595049779339,LGA,15484
1126307743071754670,LGA,15947
1126546713333778601,LGA,8895
1126602892983015449,LGA,4499
1126672026506678194,LGA,19676
1126734893712907790,LGA,16985
1129023585088317098,LGA,14507
1129024928327680831,LGA,14959
1129026160340567973,LGA,14187
1129099998219661257,LGA,13503
1129284665091805756,LGA,15655
1129406858712912754,LGA,17067
1132613753602087142,LGA,14044
1126768898291189419,JFK,11880
1126771159296447415,LGA,16018
1126795233828622215,LGA,15394
1126809626612191460,LGA,6978
1126814011677133203,LGA,16005
1126828940822383104,LGA,18985
1126841815721111245,LGA,13480
1126849697330062763,LGA,13980
1132614016108595116,LGA,14044
1132696153002407234,LGA,15130
1132725585850150695,LGA,15978
1132730275548268631,LGA,11558
1132855911634500020,LGA,22482
1126851781829119824,LGA,13616
1126867035259816155,LGA,13837
1126873772309611321,LGA,13944
1126900280304882697,LGA,14687
1126910409710723455,LGA,12665
1126919451935895188,LGA,14714
1126966099045953731,LGA,17414
1126967841699237411,LGA,15637
1127032923251167783,LGA,15055
1133096611392702259,LGA,12157
1129601269644684197,LGA,12065
1129675421613511516,LGA,20025
1129703035300362946,LGA,4858
1129725561862377757,LGA,12800
1129863613393533259,JFK,10444
1129884166388336939,LGA,6821
1130352927661347785,JFK,22160
1130359890267482188,JFK,22131
1130408086684008463,LGA,10738
1133194385011113169,LGA,10716
1133236247856205260,LGA,15342
1133368838042195395,LGA,11120
1133385001583250973,LGA,11839
1133425427934157761,LGA,11287
1133442050009143598,JFK,8724
1133497996163042147,LGA,13873
1133615168029545428,LGA,22498
1127050892290534116,JFK,9463
1127093495237855564,LGA,4778
1127256032083822858,LGA,16386
1127291535165894031,LGA,5930
1127439245762741580,LGA,13012
1127442941688125871,LGA,13679
1127492187924840140,LGA,15252
1133798558570448077,JFK,23741
1130426604038596371,EWR,23830
1130439831728803694,LGA,15818
1130487141779723920,LGA,14943
1130500597508501445,JFK,23815
1130512636246238678,LGA,10756
1130546708132687453,LGA,10663
1130554947591177764,LGA,10599
1130564683296642125,LGA,22945
1130578873525622134,LGA,10656
1134279829927555746,LGA,20527
1127567482124798458,LGA,13012
1127572102033971269,LGA,24444
1127580588045182893,LGA,13810
1127585604540738152,LGA,14132
1127589031357915903,LGA,15557
1127618972927429118,LGA,13427
1127629210723794052,LGA,15680
1127654951906502258,LGA,13125
1134848362047275405,EWR,24015
1130596201693517371,LGA,10797
1130709970011553279,JFK,20621
1130916874131243610,LGA,14202
1130923261190076903,LGA,15678
1130984920779090952,LGA,10532
1130990210853399562,LGA,11809
1130999315453942980,LGA,10539
1131053323791104321,LGA,15615
1134900809771751391,LGA,20570
1134904030957348245,LGA,12046
1135001473807903281,EWR,24033
1135132969725003434,JFK,9441
1131113740999058953,LGA,17169
1131114026156037226,LGA,13024
1131120295543369637,LGA,15077
1131120552108388018,LGA,15077
1131131648155667701,LGA,16848
1131158979066369341,LGA,11806
1135404412261240153,LGA,8320
1135498795806614404,LGA,13201
1127656056268893557,JFK,13558
1127673494764492728,LGA,19552
1127675205194230132,LGA,11250
1127691066317540610,LGA,16877
1127744374249883129,EWR,15275
1127745978749029148,LGA,14623
1135641471808906754,LGA,14750
1135648739079725143,LGA,14527
1135507718137636738,LGA,12972
1135518772607470810,LGA,12950
1131176984014963656,LGA,14479
1131177509430293941,LGA,14479
1131178947992015517,LGA,14479
1131179428466352949,LGA,14479
1131183235250331590,LGA,10751
1131184574459872895,LGA,15144
1131270139005803250,LGA,13200
1135525468359626789,LGA,13688
1135547842630964371,LGA,13991
1135551312105589917,LGA,13673
1135553540868223490,LGA,10664
1135556506085545489,LGA,13649
1135563305973038248,LGA,13909
1135579518870410397,JFK,22918
1135655434873218405,LGA,13034
1135764584124579607,LGA,29269
1135971694166443312,LGA,17333
1136088741033887491,LGA,19020
1136092230819613097,LGA,15582
1136151512842150679,LGA,12519
1136174312971923211,LGA,13859
1136213102649672641,LGA,19484
1136214050748057367,LGA,13691
1135582748663487089,LGA,14438
1135604236237112577,LGA,14683
1142791797065037922,LGA,15276
1142793043462362541,LGA,15276
1142793852382997220,LGA,12137
1142799747235447449,LGA,20265
1142807822816275667,LGA,16921
1142821407662262251,LGA,12771
1131276351983166343,LGA,14097
1131289860288054400,LGA,15322
1139702111189288295,LGA,10872
1139765739288761497,LGA,15288
1139788843133115297,JFK,10239
1139789223673640272,LGA,9614
1139807825597315292,LGA,15735
1139832006209579248,EWR,25064
1139885746712973129,LGA,12345
1142849705524030617,LGA,17229
1142851385321964708,LGA,13809
1142856922485617959,LGA,14502
1142907745550508854,LGA,2222
1136297072647779971,LGA,13340
1136319298308384096,LGA,12082
1136448443454522771,LGA,18707
1136460388848342242,LGA,18689
1136516979028831479,LGA,11095
1136519007142850147,LGA,11095
1136788372396039808,LGA,19079
1143308111626740315,LGA,21427
1143324733024967980,LGA,14885
1143332975627271171,LGA,12653
1139894296589296485,LGA,15226
1139975290224842576,LGA,18790
1139986631522158600,LGA,12204
1140031690403235672,LGA,19115
1140112176584547988,LGA,15534
1140339957176282992,LGA,11781
1140344954470239827,LGA,11838
1143344291552560139,LGA,12915
1143371378287742784,LGA,13442
1143375543937423684,LGA,13455
1143391752328531518,LGA,13322
1143481472804642857,LGA,13202
1136892426650312343,LGA,14006
1136909641159288895,LGA,16029
1136943398805959285,LGA,15701
1136944024472836101,LGA,20263
1136950633064920624,LGA,14958
1143481906122866645,LGA,16444
1143580118584880290,LGA,10712
1143642080325430363,LGA,12942
1143650097204344223,JFK,25071
1143803861226784005,LGA,16981
1144113483663215512,LGA,14056
1140385401734533968,LGA,17925
1140564304605952367,LGA,14873
1140577299073199594,LGA,11928
1140598072502860150,LGA,21617
1140603185018434730,LGA,21422
1140615348793654823,JFK,5842
1140652168196606652,LGA,15519
1140656170513294047,LGA,12411
1140715017508589269,LGA,14473
1140810318606716799,LGA,14967
1136955898324243841,LGA,17946
1136995206770405437,JFK,14003
1137049282639602814,LGA,11960
1137070510478429149,JFK,6488
1137240281631695584,LGA,16629
1137255018515797030,LGA,11613
1137287868719423017,LGA,24445
1144198570094669308,LGA,18694
1144206955380638834,LGA,15583
1144233699949589543,LGA,19395
1144438489648240435,LGA,14665
1144890996664366449,JFK,15123
1145166858062709684,LGA,23480
1137453208885117817,LGA,18190
1137517639314874823,LGA,11401
1137553970040139348,LGA,17861
1137594916269802737,LGA,10617
1137606587083290168,LGA,18957
1137614642795418866,LGA,24444
1137621358187674705,LGA,13662
1137622612757446323,LGA,10968
1140869013339984093,LGA,14007
1141227954744031546,JFK,6005
1141259813165182278,LGA,19678
1141268696977589275,LGA,14203
1141309872692483778,LGA,16418
1141349080895281223,LGA,13779
1141353184138318990,LGA,13736
1141361682610337691,LGA,13708
1145598121586539538,LGA,15750
1145626712233091968,LGA,13658
1145649837286129108,LGA,11237
1145716883000400366,LGA,15500
1145818787251204992,LGA,15398
1137658465928047088,LGA,10469
1137659690270773991,LGA,11115
1137707637749446979,LGA,12395
1137722591602709096,LGA,11401
1137753306931860819,LGA,9506
1137760572803491439,LGA,12814
1137786264388228199,LGA,13924
1137793130549341723,LGA,13698
1137818063784225355,LGA,13770
1145888860384716703,LGA,15431
1145944282509017215,LGA,17868
1141366852353337785,LGA,14140
1141375785847953036,EWR,26121
1141376911262231407,JFK,25598
1141449395638467836,LGA,17948
1141458748649715025,LGA,9749
1141528742817186587,EWR,16552
1141539180238206678,EWR,16459
1141545946910311364,LGA,13355
1141618421747635009,LGA,11948
1146409808397284516,LGA,15759
1146410005818308220,LGA,15753
1146410282056282466,LGA,15835
1137824054196052553,LGA,13750
1137833103701536201,LGA,13715
1137840200145948134,LGA,13671
1137884051828743509,LGA,17797
1138212263332920772,LGA,15742
1138217480030587150,LGA,14858
1138217481800713016,LGA,14858
1146466286883568385,LGA,13912
1146548371745388992,LGA,17023
1141624463407635141,LGA,13782
1141627415924262429,LGA,14881
1141804759863805148,LGA,14355
1141927569477964889,LGA,11936
1141933195856435819,LGA,11952
1141963099135559051,LGA,17396
1141969613730032715,EWR,16038
1142003088797954533,LGA,16978
1146548462465101629,LGA,13446
1138290291631438451,LGA,15884
1138301742231954525,LGA,14008
1138337785334485033,LGA,13995
1138369146868364801,LGA,13993
1138430546954452150,LGA,12497
1138480504032443313,LGA,11432
1146571352375076866,LGA,9941
1146649619326108208,JFK,16951
1146753108357926642,LGA,15145
1146753963938449419,LGA,15145
1146754863160664320,LGA,15145
1146755569241845248,LGA,15145
1146756223531642681,LGA,15145
1142018733944392304,LGA,13102
1142038285243709888,LGA,13102
1142043133585228540,LGA,13102
1142047894523674386,LGA,13365
1142048721696770947,LGA,13884
1146926015197516568,LGA,11211
1147037716231719858,LGA,20914
1138551794674279547,LGA,14917
1138585505172289456,LGA,14575
1138592729866407631,LGA,11653
1138752144048383838,JFK,9033
1139008430728083402,LGA,14762
1139140865784011331,LGA,16337
1147084611473924738,JFK,25071
1147105878156327722,LGA,13471
1142078382465058620,LGA,13102
1142080924452624277,LGA,13616
1142085197774447875,LGA,13102
1142086480006759842,LGA,13968
1142087238661118683,LGA,14073
1142087725147585570,LGA,13102
1142125676070008126,LGA,14165
1147111206126339499,LGA,17168
1147166519515928855,LGA,19551
1147174224210375956,LGA,19667
1139287892776789560,JFK,21709
1139331688098032940,LGA,4274
1139399302559935460,LGA,22066
1139430167198224176,LGA,22598
1147892350721430711,LGA,15152
1147968412058939491,LGA,14006
1147974017020054965,LGA,13102
1148041351436795250,EWR,16560
1148094768180137248,LGA,2901
1147177261454074491,LGA,19701
1142128655151068091,LGA,13835
1142155781946405822,LGA,6025
1142244830562885349,JFK,25416
1142270446696234041,LGA,15586
1142681820200998913,LGA,21716
1142686260926610730,LGA,8344
1142696611253427494,LGA,14203
1142696894619785145,LGA,15393
1147185172899974347,LGA,18493
1147198162516197150,LGA,18352
1147218769509078911,LGA,15672
1147340630941716425,LGA,7519
1147350900299584007,LGA,13862
1142697438825138126,LGA,13832
1142697816285277796,LGA,14885
1142710890420273676,LGA,19751
1142713791029870240,LGA,19594
1142715650032375010,LGA,10131
1142715929556950252,LGA,19947
1142735795274193087,LGA,12420
1147706571147821466,LGA,15145
1147817758934173845,LGA,19048
1147823097401173414,LGA,14070
1147859866270196088,LGA,13102
1148183217012999555,LGA,10255
1148183574112155222,LGA,16551
1148415583851225843,LGA,19752
1148462183776298043,LGA,15189
1148611065583492998,LGA,20426
1148688437614934754,JFK,18233
1148779217624178102,LGA,13228
1148864142240704311,LGA,15566
1149338835484550957,LGA,14538
1147863063940754978,LGA,13102
1147870497747276265,LGA,13102
1147871459389748096,LGA,13102
1147872470762119662,LGA,13102
1147892086093669724,LGA,14636
1157399898282114126,LGA,13883
1157429015649374719,LGA,14058
1142764800512125542,LGA,14536
1142790543231864809,LGA,15276
1153517334106910814,LGA,12014
1153533053567933397,LGA,12148
1153548171936926861,LGA,18981
1153567629778120197,LGA,21631
1153687212909483910,LGA,14217
1153751973176624412,LGA,13339
1157486936826235879,LGA,15643
1157554658213927191,LGA,13538
1157613893781912488,LGA,11846
1157713808050113417,LGA,14009
1157776073200375890,LGA,19742
1157780677423182643,LGA,19440
1157785717271804943,LGA,19495
1157790822975192961,LGA,12125
1157792206022428693,LGA,19915
1157796350358599007,LGA,19635
1149358945522481760,LGA,11511
1149504167645700330,LGA,15742
1149533863702762999,LGA,10271
1149553821752634294,LGA,14470
1149978601732480534,LGA,19256
1150073620088684723,LGA,16771
1150083229376322051,LGA,13127
1150106882765063811,JFK,11068
1150109731017852930,LGA,16085
1150342805049279880,LGA,14493
1157900296383464296,LGA,16489
1157962645994268273,LGA,13500
1153766722322961714,LGA,15558
1153791643860208820,LGA,16149
1153792941517217463,LGA,6251
1153798184304538084,LGA,20101
1153814539476222987,LGA,13268
1153860659602699823,JFK,17354
1153922989441359237,LGA,13647
1154008541926835914,LGA,20666
1154270096498997357,LGA,17159
1157978341548890561,LGA,11802
1157986393909875539,LGA,11958
1157991547915157626,LGA,14046
1157999417746123228,LGA,15155
1158000575255458162,LGA,16094
1158022700557265106,LGA,13795
1158031589091051555,LGA,15018
1158036284237494994,EWR,24354
1158056628085190794,EWR,24617
1158106320609887397,EWR,15788
1154275281756359908,LGA,21650
1154370465868314728,LGA,11432
1154383032797794096,JFK,5377
1154544392831607955,LGA,12100
1154556782240510762,LGA,15510
1154933141935231582,LGA,16406
1155101211287750818,LGA,14722
1150631181740682174,LGA,22973
1150638721490604571,LGA,10506
1150660741401064108,EWR,22894
1150713257734529417,LGA,7046
1150833779594577445,JFK,9819
1150875449330438164,LGA,9072
1151064702488048108,LGA,11183
1151390937475548603,LGA,16041
1151393023661030065,LGA,14715
1151431654090933328,LGA,15738
1158563900084850676,LGA,13045
1158602474475474005,LGA,13109
1158620843038330028,LGA,14561
1158633006776999397,LGA,17093
1151435308346713862,JFK,10638
1151463058052789845,LGA,14585
1151473664711556510,LGA,11555
1151487119349918820,LGA,15145
1151499997719966159,LGA,13778
1151504801901817607,LGA,13778
1151505327664465793,LGA,13778
1151506190677461772,LGA,13778
1151506272772375158,LGA,13778
1158653696748073958,LGA,13946
1158653698325596710,LGA,13946
1155251099918856396,LGA,15716
1155316551298844152,LGA,21774
1155345060662921091,LGA,13619
1155363801092917565,LGA,13486
1155719449518235785,LGA,21445
1155763709845759288,LGA,6093
1155784674475160335,EWR,28682
1155804870556862017,LGA,6127
1155810138136015385,LGA,5961
1158653986677506132,LGA,13946
1158653996040798180,LGA,13946
1151506628188523331,LGA,13778
1151506714844753551,LGA,13778
1151545684873519779,LGA,15145
1151556536294453241,LGA,12753
1151571133343534415,LGA,12797
1151572387742547998,LGA,13180
1151641178583790381,LGA,24428
1151677783276124826,LGA,14893
1158672341831924192,LGA,15778
1158680903426144637,LGA,11875
1158822239391648858,LGA,13354
1158825833686353392,LGA,19262
1158940967802757920,LGA,17415
1155823259605142586,LGA,8098
1155863900283575485,LGA,12866
1155914477966679546,LGA,13269
1155943556816365963,LGA,23698
1155994208421380936,LGA,15538
1156028699995113494,LGA,16347
1156066855878419848,LGA,19378
1156080303867289962,LGA,13688
1156391923343194437,LGA,14961
1158960139571760268,LGA,6103
1159053260701230398,LGA,14492
1159193211874959099,LGA,11454
1159567713560424533,LGA,19355
1159572565512139804,LGA,13526
1159654184769414055,LGA,16985
1160218866802928798,LGA,17382
1160246264827815824,LGA,30566
1156413929372688840,LGA,13540
1156462085300017461,LGA,17284
1156547137661347824,LGA,14246
1156548485842085217,LGA,13282
1156554847207826030,LGA,18657
1156583884030132941,LGA,5996
1156584272379624601,LGA,12148
1156590041510204284,LGA,11776
1156595301791417164,LGA,5675
1156596405309092483,LGA,6015
1152019836429548341,LGA,19034
1152028214696276847,LGA,10058
1152074221651701076,LGA,12191
1152113190559817005,JFK,4640
1152163162253009863,LGA,3437
1152188439826811813,LGA,11753
1152220111599220373,LGA,15484
1152230381113264288,LGA,14331
1152282136695232926,LGA,20744
1152372080092135348,LGA,11974
1160255881835697589,LGA,15923
1160843985069887115,LGA,10365
1160873118733792455,LGA,11416
1160898704380271176,LGA,17001
1160903898505246627,LGA,22028
1156608191302146912,LGA,12436
1156614671118327928,LGA,18705
1156623030616375944,LGA,21670
1156624883087167208,LGA,19824
1156626647562706196,LGA,11729
1156634111402023473,LGA,12148
1156635783015189633,LGA,18649
1156658607250716102,LGA,7679
1156713518442743761,LGA,20991
1152384221084514461,LGA,15122
1152656109641800120,LGA,19033
1152818845305564558,LGA,14269
1152829134880423280,LGA,15145
1152916387786747741,LGA,10106
1152941731563673838,EWR,16716
1160995402775468662,LGA,20689
1161162511910235062,LGA,14330
1161426638357282571,LGA,11962
1161520987145992311,LGA,20478
1156823160048267908,LGA,15653
1156833200612630293,LGA,15962
1156852367898738067,LGA,14850
1156886612042523980,LGA,14582
1157040148180663731,LGA,15393
1157155043074005989,LGA,13864
1161590328282171804,LGA,11262
1152972711471489007,LGA,24586
1153007572981814487,JFK,10337
1153050874387520798,LGA,11856
1153177258823904185,LGA,15440
1153482204109450518,LGA,15393
1153495062565533782,LGA,11861
1153499916455672831,LGA,11962
1153504728938516631,LGA,12466
1161593459916217073,LGA,20341
1161729885598198479,LGA,12210
1161772077761598439,LGA,14250
1161779657540201044,LGA,14502
1161822622018802289,LGA,17354
1157225606391311395,JFK,27393
1157225718519495014,LGA,15411
1157263921116889885,LGA,11938
1157267753536374358,LGA,15892
1157267936077909423,LGA,12744
1157271265304327587,LGA,11774
1157276044203998487,LGA,12080
1157297291730536711,LGA,15144
1157308171198779853,JFK,5884
1162353501828814676,LGA,14403
1162388170239022463,LGA,14180
1162391790200266813,LGA,14802
1162392324462030686,LGA,18530
1162395989077494138,LGA,14621
1162454771886304951,LGA,15058
1162493514532718062,LGA,15657
1162710706127095172,LGA,5714
1161852019227175942,LGA,14745
1161889907204990654,LGA,14934
1161936484532127046,LGA,12464
1162216364912070685,LGA,11913
1162337451138273333,LGA,5400
1157321297978459399,LGA,11745
1157373408782735382,LGA,11857
1157393518555887737,LGA,14145
1164393970839309768,LGA,14731
1164397765912921148,LGA,14133
1164399011166310274,LGA,14366
1164400419901369039,LGA,14325
1164402494958427969,LGA,18142
1164405964932982269,LGA,14960
1164407117263572352,LGA,16376
1164565030503502753,LGA,15764
1162749997324124679,LGA,5693
1162932792731478287,LGA,12253
1162992033058456466,LGA,13688
1163007631764086570,JFK,18866
1163013224800571269,LGA,14374
1163017253722968270,LGA,12796
1163066518449751474,LGA,9460
1163145870484342215,LGA,20951
1163149524222187021,LGA,18860
1163166716068854433,LGA,12699
1164566211206487183,LGA,15579
1164567391190735202,LGA,13844
1164581850521308915,LGA,14517
1164408917685437258,LGA,13743
1164420087469524250,LGA,15919
1164421634018072914,LGA,14315
1164426282310884590,LGA,13628
1164426977543444217,LGA,15363
1164429303690491159,LGA,15923
1164429919508290807,LGA,16469
1164591122843061799,LGA,14479
1164594968242077315,LGA,13361
1164596839600776831,LGA,14946
1164607809066730258,LGA,13342
1164609333463855712,LGA,9647
1163198691605211545,LGA,14694
1163348496077881452,JFK,27093
1163491869958497782,LGA,8010
1163618939151862558,LGA,16314
1163629234404720926,LGA,14592
1163671725578277797,EWR,31658
1163763415369886027,JFK,6961
1164612423343111099,LGA,17074
1164613621057835448,LGA,17945
1164432160635370458,LGA,14695
1164435243049311420,LGA,14927
1164436377630805405,LGA,13589
1164438770781164753,LGA,16961
1164439829773373254,LGA,14850
1164441595020945889,LGA,18601
1164442394843814685,LGA,14720
1164443892993949162,LGA,13361
1164446078104777601,LGA,14112
1164615074749935863,LGA,13952
1164621166184890014,LGA,16954
1164623923675508142,LGA,14207
1164625573454277877,LGA,14752
1163848611106950273,LGA,14554
1163849852039919287,LGA,13446
1163851951779803258,LGA,14088
1163852990365613427,LGA,14650
1163854338221462711,LGA,14189
1163864921183799771,LGA,14784
1163866051735058324,LGA,18556
1163867106425109437,LGA,20798
1163869754884823105,LGA,14604
1164631311126145444,LGA,14261
1164633949667681538,LGA,14572
1164635362983056426,LGA,13394
1164448457121007291,LGA,14012
1164448591732716671,LGA,13092
1164449999292004260,LGA,14948
1164454452247459417,LGA,14878
1164456848931444482,LGA,14024
1164459563387039342,LGA,14019
1164460846044231027,LGA,14125
1164462357502102946,LGA,14889
1164463658104314696,LGA,13760
1164466950268464990,LGA,18570
1164636954736202013,LGA,13058
1164638164170221263,LGA,20051
1164639045565578238,LGA,16874
1164641596674247169,LGA,15468
1164645610394278309,LGA,13350
1164647752160153661,LGA,14732
1164648836632978502,LGA,13790
1164650096614641823,LGA,14742
1163871326842309086,LGA,14088
1163877488114193371,LGA,16962
1163878553682176270,LGA,15776
1163880842243234257,LGA,12951
1163884331652036646,LGA,13883
1163889878899595090,LGA,14340
1163891539133256672,LGA,14218
1163893965829369986,LGA,14390
1163898717571709199,LGA,14023
1164651651997291322,LGA,14808
1164468044516579619,LGA,15679
1164468732287877882,LGA,15107
1164470878211338842,LGA,13539
1164472047194496194,LGA,14925
1164473709410069733,LGA,13847
1164476491804114417,LGA,15116
1164478436486761196,LGA,16201
1164479582203629530,LGA,17030
1164485647522117780,LGA,13744
1164658730498689648,LGA,14211
1164662573746157172,LGA,19565
1164667077434327397,LGA,13393
1164668933392585257,LGA,14599
1164671102859042668,LGA,14625
1164671590352488149,LGA,19268
1163907366323294743,LGA,14079
1163909514395111317,LGA,12902
1163914271974601375,LGA,13931
1163915012094708135,LGA,13926
1163915727550134213,LGA,13246
1164312536849580406,LGA,13021
1164313888143890715,LGA,17120
1164315498503909485,LGA,17073
1164316660371174759,LGA,14694
1164318023536072708,LGA,13590
1164672747887834267,LGA,14919
1164675356640434495,LGA,14663
1164486843668737649,LGA,15858
1164488054119583191,LGA,14620
1164489212500246146,LGA,16949
1164490127575723417,LGA,14367
1164493728333417946,LGA,17132
1164495582863458314,LGA,14642
1164496132693263438,LGA,18634
1164496693303184208,LGA,14992
1164499581337342828,LGA,13996
1164680484815098301,LGA,15530
1164684360365826817,LGA,13477
1164686900593500041,LGA,14928
1164324248101922983,LGA,13082
1164326424743724303,LGA,12821
1164331265986209961,LGA,14749
1164333561779529154,LGA,14432
1164334861926688548,LGA,13914
1164336464839749747,LGA,14996
1164338948809180401,LGA,15844
1164340790960822565,LGA,12977
1164688982496495725,LGA,14181
1164691637811695160,LGA,14057
1164693843405529682,LGA,14338
1164702375199891120,LGA,18155
1164704093733848793,LGA,14087
1164705795990206436,LGA,20778
1164708161090667537,LGA,15174
1164342105088851553,LGA,14253
1164345854967472625,LGA,14316
1164347072320353656,LGA,13930
1164356214913931968,LGA,13612
1164358724133820196,LGA,17017
1164360283856578643,LGA,16845
1164363487343155909,LGA,19397
1164364891023907873,LGA,13801
1164370981106639916,LGA,16174
1164501164488348129,LGA,14450
1164502437381406896,LGA,14193
1164504163027712009,LGA,14417
1164508379062773033,LGA,19191
1164509693060171876,LGA,14134
1164511609579463922,LGA,13724
1164512721184646213,LGA,13305
1164516777855303109,LGA,13796
1164517927085105862,LGA,14082
1164522261272081050,LGA,14427
1164710740179782741,LGA,14636
1164720768101407044,LGA,14340
1164725978874743894,JFK,10613
1164830197529690298,LGA,5874
1165058914827056544,LGA,16604
1164374500997372987,LGA,20737
1164378806401918488,LGA,14450
1164382457357632571,LGA,15592
1164385251123133334,LGA,15282
1164386880933154282,LGA,13582
1164388234184134361,LGA,16741
1167141886292193505,LGA,13954
1167214519855150680,LGA,17797
1165148742023905837,LGA,18030
1164523553867005327,LGA,14026
1164526551554310303,LGA,7143
1164527054552478855,LGA,13838
1164528276112339556,LGA,14684
1164529533784253797,LGA,15818
1164530617421203682,LGA,14797
1164532995322272238,LGA,13437
1164534747213002769,LGA,14530
1164535892671633869,LGA,14696
1164539918808781057,LGA,14271
1165908700741086605,LGA,14445
1165965036051271935,LGA,14084
1165973337523216360,LGA,16780
1166030843706237712,LGA,15784
1164540924229901578,LGA,14304
1164541980838486766,LGA,13973
1164543066659989998,LGA,15262
1164545933468216311,LGA,14330
1164547839140975154,LGA,14846
1164549583523150661,LGA,16887
1164552086771109269,LGA,15133
1164553675998388792,LGA,16740
1164562487359649155,LGA,15754
1170607520338340546,JFK,8970
1167230963185461637,LGA,18620
1167240334295469098,LGA,13274
1167269819629271408,LGA,13373
1167302392870990995,LGA,15870
1167308666261923584,JFK,7301
1167315125357515033,LGA,13004
1167325491094087654,LGA,15929
1167373933181365264,JFK,22321
1167434359005498700,LGA,13424
1166041689726365134,LGA,3575
1166084149211199170,LGA,18137
1166090512207969562,LGA,21789
1166118086665626216,LGA,16207
1166236579959792387,LGA,6609
1166331208055704470,LGA,20561
1167497202429395190,LGA,13956
1167557595302835607,LGA,14305
1167604944642105182,LGA,15493
1167617970736141643,LGA,16709
1167693321211855020,JFK,10333
1167837313703493463,LGA,6341
1167875540709032206,LGA,13558
1170616948195206910,LGA,13492
1170670494932737213,LGA,24837
1170920508595976697,LGA,14567
1170967759871837750,LGA,15674
1170996373078796198,LGA,20654
1166464491625283879,LGA,19356
1166473177332534269,LGA,19080
1166487900438773424,LGA,14316
1166488176169276230,LGA,14316
1166492436356509163,LGA,15220
1166492712162142489,LGA,15945
1166594130384064621,LGA,16118
1171012769356179541,LGA,15638
1171048735255126040,LGA,21663
1171092946447246095,LGA,21969
1171095609819278085,EWR,27770
1171128417170687013,EWR,26585
1171165805793847671,LGA,17478
1171189068797057776,LGA,13715
1171302136820753355,EWR,37596
1171648490889909084,LGA,16664
1166668321004872851,LGA,13498
1167975742517801891,EWR,28715
1167995766552835416,LGA,18140
1168007906284515694,LGA,10015
1168091987963126455,LGA,21659
1168168558442207918,LGA,15888
1168168738463898991,LGA,15888
1168168742111738570,LGA,15888
1168168869176627884,LGA,15888
1166708562651517657,JFK,7522
1166742135280652647,LGA,12723
1166840541946090385,LGA,7260
1166910890725314826,JFK,15591
1166985304842363938,LGA,18770
1168169359485094237,LGA,15649
1168169423572347613,LGA,15649
1168300598293521788,LGA,7011
1168612036616137137,LGA,17698
1168686341536062275,LGA,15091
1168703023053244573,LGA,15101
1168706691983071846,LGA,15517
1168752743571994035,LGA,15046
1171688712626235580,JFK,23828
1171784193331667071,LGA,20639
1171818396809847785,LGA,16466
1171872299435239706,LGA,10490
1171874826602261912,LGA,12243
1171907062596212569,LGA,9903
1171933170660463825,LGA,10541
1172038457820533616,LGA,14713
1172052370876056188,LGA,14689
1172258953400590172,LGA,16238
1175891485820742890,LGA,17096
1175917377217904984,LGA,15198
1176109588788492097,LGA,14769
1168899697914029586,LGA,11404
1168901498789615100,JFK,14987
1168902661787805861,LGA,12419
1168969419634851242,JFK,18975
1169101124186546477,LGA,6193
1169532841098522211,LGA,18744
1169629540857873226,LGA,10576
1176125517996489308,LGA,13424
1176130241982516230,LGA,16829
1172259302904879588,LGA,16238
1172273243555039630,LGA,18059
1172294590570526294,LGA,23383
1172359677808550406,LGA,21676
1172390447761210181,LGA,14826
1172445787241483731,LGA,16711
1172462116711578594,LGA,15923
1172482872067209423,LGA,13513
1176131434996346036,LGA,15119
1176132135273775248,LGA,13402
1176133169924674209,LGA,14681
1169664704428291999,LGA,18736
1169852638825824951,LGA,15340
1169858168835395933,LGA,13852
1170182963226148070,LGA,14803
1170230963118362705,LGA,13174
1170255004454854248,LGA,17045
1170322411304044778,LGA,13943
1170382047568453944,LGA,17092
1176163500569034058,LGA,20767
1176170832470740249,LGA,19274
1176179381586469189,LGA,20906
1172519997987945317,LGA,14960
1172529886815492541,LGA,14340
1172532404226920761,LGA,14391
1172604671884928390,LGA,12640
1172630145811618462,LGA,11757
1172650352166849497,LGA,19198
1176243945930185898,LGA,21092
1176333848981317789,LGA,12779
1176638362163293425,LGA,12070
1170382232743463314,LGA,15663
1170382464922375519,LGA,15644
1170428810365985606,EWR,28730
1170434064487997413,LGA,12586
1170435457640013444,LGA,8110
1170435534385420529,EWR,28730
1170440093103733601,EWR,28730
1170446381119755665,EWR,28730
1176683033732747760,LGA,11956
1176740268467522249,LGA,12661
1176741119044320976,LGA,11497
1172674114375162597,EWR,37699
1172960017227697691,LGA,13749
1173103794217373729,EWR,28731
1173108387029964187,LGA,9953
1173155686408356519,EWR,28730
1176742148306400947,LGA,10079
1170447796069675601,EWR,28730
1170449637391846183,EWR,28730
1170451381770726306,EWR,28730
1170453307286952641,EWR,28730
1170458830141183381,EWR,28730
1170461052236041690,EWR,28730
1176750384195541501,LGA,7622
1176754800801853827,LGA,13788
1176754942449540329,LGA,13953
1176757546948053973,LGA,13865
1176757652865351125,LGA,13733
1176759865231956032,LGA,13958
1176759873820689193,LGA,13710
1176767328774849157,LGA,13158
1173178020006389735,EWR,28731
1173184225634950250,EWR,28731
1173206196468921603,LGA,14668
1173233962500563626,EWR,28731
1173237288996322274,EWR,28731
1173239609371845295,EWR,28730
1173311301512116540,LGA,16062
1173383689278589943,LGA,12395
1173460101239720433,JFK,18841
1173497139301669046,LGA,15905
1176767474837148726,LGA,13158
1170462643049849090,EWR,28730
1170464440178951116,EWR,28730
1170560542670562358,LGA,13797
1177520082587526383,EWR,28731
1177521100394928099,LGA,14048
1177525113594178910,LGA,14126
1177528855666992778,LGA,12935
1177531789521067331,LGA,14236
1177545792823749179,LGA,15689
1177545900726840573,LGA,14784
1176791392931671935,LGA,15446
1176804219528001761,LGA,10834
1176808518687530565,LGA,10740
1176809653170272871,LGA,11104
1176810507885060753,LGA,11085
1176814766851875719,LGA,10636
1176845338133841711,LGA,17103
1173823529622100600,LGA,15689
1173927882151572672,LGA,12090
1174195807248067873,LGA,14295
1174211243885753861,LGA,11893
1174252633024473480,LGA,16529
1174564154769071761,LGA,11183
1174664876231706501,LGA,16821
1174665140305981711,LGA,18853
1174667263549170049,LGA,19718
1174718247251405899,LGA,11549
1174723353117494997,LGA,20413
1176853764246777285,LGA,16329
1177546147205287242,LGA,15628
1177567784657027719,LGA,16746
1177570343471580040,LGA,14008
1177571866340049678,LGA,18498
1177572288353147259,LGA,11109
1177572288411761056,LGA,11109
1177575235184236637,LGA,14069
1177577518403761449,LGA,14166
1177578101781081471,LGA,15053
1177580233239222771,LGA,14332
1176898163498109788,LGA,13434
1176901814870516575,LGA,14739
1176907881225088150,LGA,13420
1176914325857764724,LGA,13006
1176918102119796554,LGA,13537
1176922294793822825,LGA,12895
1176923380417917170,LGA,12912
1174826843393810403,JFK,7433
1174943992395900711,LGA,9916
1174964254378036352,LGA,15430
1175393719848631498,LGA,11121
1181933203630652428,LGA,9785
1176936179607448594,LGA,12109
1176949977746491520,LGA,19767
1177588064060087641,LGA,14765
1177591637239485793,LGA,10767
1177606089286884104,LGA,15327
1177676646194169912,LGA,10101
1177889307568532709,LGA,7497
1178154547956921938,LGA,12012
1178171946295620150,LGA,13797
1178253752425538458,LGA,14924
1178254959604207601,LGA,8376
1178295540109394293,LGA,14288
1177327595254297656,EWR,28730
1177359119693006427,EWR,28730
1181987846467897806,LGA,15946
1182028248963470615,LGA,19467
1182031921680617824,LGA,10013
1182210505899484216,LGA,10237
1182586492072132778,LGA,17723
1182647495771890748,LGA,14509
1182652033696961033,LGA,13374
1182655880647889045,LGA,14532
1182681537144438648,LGA,13875
1177419977162681836,EWR,28731
1177433226728660401,EWR,28730
1178331702133034216,LGA,14274
1178333093852927243,LGA,10825
1178334038915821355,LGA,16783
1178358905663976916,LGA,6087
1178415715054715654,LGA,14140
1178419798695341401,LGA,14402
1178421569168776033,LGA,11667
1178425983423625001,LGA,14219
1177449988217037376,EWR,28730
1177450613427045889,LGA,16556
1177452325259429952,EWR,28731
1182703112092638753,LGA,10108
1182781852786296651,LGA,15552
1182793483521637790,LGA,15307
1182830975526020254,LGA,16779
1182922585884725755,LGA,16628
1182959878956973304,LGA,21985
1183112253545124012,LGA,3909
1183141749043589978,LGA,11846
1183290796056119188,LGA,21053
1177453509132101787,EWR,28730
1177454816617609897,EWR,28731
1178865375768074643,LGA,11211
1178901341144672363,LGA,14745
1178927151122557053,LGA,10307
1178933042306831335,LGA,17024
1178940573030278287,LGA,10452
1178989990878285035,LGA,11724
1177461605461458079,EWR,28731
1177473168936527770,EWR,28731
1177476704781804039,EWR,28731
1177478027022642683,EWR,28730
1177479084776610930,LGA,12282
1183310711479885104,LGA,13591
1183315589676371755,LGA,17039
1183319735897163640,LGA,15704
1183321390502234381,JFK,26173
1183368684574476418,LGA,14097
1183370733179749374,LGA,16772
1183372612053771614,LGA,13816
1183377231211268635,LGA,13965
1183379533723856621,LGA,13688
1183383003000927854,LGA,16787
1177479478277828907,LGA,12474
1177479778077102447,EWR,28730
1179020591478413625,JFK,22963
1179118942440580801,LGA,15357
1179574566320269059,LGA,14745
1179739442698641990,LGA,11603
1179802084308327475,LGA,15574
1180249397571221491,LGA,13990
1180273104017259823,LGA,11727
1177481454077077957,EWR,28731
1177486926345069371,EWR,28731
1177494948724690298,LGA,15131
1177495468022051968,EWR,28730
1177500655441331249,EWR,28730
1183398239642738842,LGA,15835
1183404325423019042,LGA,15131
1183762663726036513,LGA,21985
1183775642432615818,LGA,21985
1183845092476337761,LGA,21985
1183857113573988855,LGA,21985
1184015420727050313,LGA,16018
1184015830488997500,LGA,16018
1180992438919861080,LGA,13513
1181127097467285907,LGA,11454
1181127097582334636,LGA,11454
1181127191887492795,LGA,11454
1177504045631878580,EWR,28730
1177505327183162711,EWR,28730
1177516630169566287,EWR,28730
1177518149924973740,LGA,15652
1186229966064384156,LGA,13507
1186233886414085869,LGA,15154
1186244059405953744,LGA,17143
1184039275691644753,LGA,14527
1184046565495262732,LGA,13743
1184059411658290965,LGA,14474
1184065583313071236,LGA,13598
1184068565040974034,LGA,14797
1184070598813464152,LGA,26649
1184122380407824450,LGA,16563
1184148860887704578,LGA,12845
1184156894635177297,LGA,13042
1186246679940530875,LGA,13161
1181138848303115257,LGA,10147
1181158581346560734,LGA,20964
1181162507748278407,LGA,21443
1181193436897014238,LGA,13826
1181206568781962298,LGA,14246
1181208177611881907,LGA,20964
1181229422097746099,LGA,11129
1181265124323821772,LGA,12340
1186253206194178259,LGA,14452
1186267082991370791,LGA,30967
1186283652746445708,LGA,16975
1186285429282188251,LGA,14134
1186289505460428535,LGA,14655
1186291510965460221,LGA,13628
1186294785158223953,LGA,13634
1184370244265419637,JFK,7932
1184612752558618970,LGA,14940
1184614275534021178,LGA,13777
1184617429166668452,LGA,13141
1184628514222287717,LGA,20765
1184629864936417769,LGA,14140
1184632004227393091,LGA,16423
1184850726195119439,LGA,12574
1184916440282229935,LGA,14810
1186304102999419420,LGA,20619
1186381663958729439,LGA,10391
1186411363056506266,LGA,11089
1181270784355831217,LGA,15990
1181271508575452183,LGA,12327
1181272879540445351,LGA,11935
1181305119926100979,LGA,10439
1181361798958547584,LGA,16725
1181394579984036414,LGA,11178
1181553817145803852,LGA,14855
1181718274221782761,LGA,15844
1181822862889162890,LGA,13339
1186490519371878480,LGA,15793
1186805962669590822,JFK,16753
1186894907130370127,LGA,14149
1186895527783667273,LGA,13415
1186897872833466048,LGA,14376
1186903416017684192,LGA,14469
1181829235133550373,LGA,19645
1189621467718975021,LGA,13563
1189624020069286881,LGA,16906
1189624444619088028,LGA,15243
1189624960113136394,LGA,14467
1189626679659488681,LGA,14992
1189627104072017157,LGA,14046
1189627566958098297,LGA,13360
1189748843602025370,LGA,15990
1189811230878500547,LGA,14489
1184929008625749143,LGA,14594
1184991550363914891,LGA,12405
1185101406435194073,LGA,20331
1185149496223072244,LGA,6807
1185156531210050829,EWR,29813
1185298315132795997,LGA,14485
1185302319609046378,LGA,14328
1185304139295085475,LGA,14303
1185305951832532661,LGA,14493
1185401055995420199,LGA,1786
1186917190724228634,LGA,14055
1186920458341667614,LGA,14618
1186923187535506741,LGA,14359
1186926990527101195,LGA,14239
1186928155424479590,JFK,27106
1186956319722004438,LGA,19582
1189811724962540290,LGA,14223
1189812606516620646,LGA,28332
1189813049510553866,LGA,13587
1189815988494380034,LGA,14474
1189820404103982633,LGA,11259
1189826259396155402,LGA,13598
1189826674664169656,LGA,15041
1189827119365775359,LGA,14240
1189832856499476492,LGA,15541
1186965891928429911,LGA,14540
1186971337208734740,JFK,12475
1185470040103298988,EWR,25119
1185607961337001665,LGA,25670
1185632698494973707,LGA,5870
1185648435788792404,LGA,16034
1185848618818015934,LGA,14373
1186177119755365263,LGA,19707
1186184887466565409,LGA,14281
1186206258613223390,LGA,16105
1186211307589561873,LGA,15070
1186974941555002497,LGA,13558
1186980205962754045,LGA,14694
1186983929679899033,LGA,13243
1186988763745622430,LGA,14285
1189833293292607643,LGA,15307
1189834379096940447,LGA,13817
1189840575806259668,LGA,14227
1189845545039028083,LGA,14584
1189847458496192396,LGA,14552
1189847911780845818,LGA,14504
1189866576794192982,LGA,13977
1189890756474213661,LGA,14551
1189891638501593308,LGA,16827
1186996024281690777,LGA,13777
1187010760511968299,LGA,13298
1186221745572681061,LGA,16849
1186225358759444675,LGA,14342
1186229473688871585,JFK,8827
1192777768092030914,JFK,11234
1192828515848213902,LGA,17254
1192899750875253463,LGA,11059
1192903501898923056,LGA,13637
1187011379475488112,LGA,15095
1187189107122379344,LGA,6434
1187203236481708968,LGA,6233
1187225034841477822,LGA,17819
1187229111817119034,LGA,21674
1187403743415458726,LGA,15504
1189893799929838102,LGA,13004
1189894271487681565,LGA,13568
1189894711332118415,LGA,15059
1189895166919687156,LGA,14748
1189901839042752812,LGA,10549
1189902329602432682,LGA,13924
1189941244377806758,JFK,10906
1189948550106841758,LGA,11372
1189950356716358755,LGA,16650
1190003667888457875,LGA,14925
1190027079723501790,LGA,14393
1187611508857108659,LGA,10928
1192992425961186498,LGA,14536
1193005542763264121,LGA,14540
1193016130087171760,LGA,16087
1193068036013405081,LGA,8523
1193165462139630650,LGA,11508
1193185407305022023,JFK,11645
1193422349521127527,LGA,9793
1193544361676194650,LGA,14827
1193615199080005457,JFK,10671
1193625058642108187,JFK,10804
1193643218257629313,JFK,11229
1187612697684877091,LGA,17085
1187614420725323124,LGA,15019
1187671575907468905,LGA,14269
1193646665023875066,LGA,17202
1194220430573770348,LGA,17980
1187735121834143847,LGA,11732
1190049216981114547,LGA,9702
1190239794540320139,LGA,19465
1190409231701709002,LGA,14934
1190411185465042007,LGA,16208
1190411624778066464,LGA,14290
1190414718192430421,LGA,16602
1190415199001853873,LGA,16154
1190415652281018854,LGA,15572
1190417717213226689,LGA,16860
1190418190586588457,LGA,12496
1190418735130553577,LGA,28232
1187755743089598473,LGA,14766
1188015017416675461,JFK,17132
1188152660591876033,LGA,16238
1188328691952819508,LGA,19640
1194298359415348242,LGA,15089
1194365050158760459,JFK,13024
1194458269999890435,JFK,18686
1194923183975939127,LGA,15333
1194952629145660267,LGA,14506
1195127532287767150,LGA,15403
1195183575688322184,LGA,9903
1188371603911979496,LGA,14095
1188372056540438124,LGA,13558
1188374111579094447,LGA,14248
1188378599808665872,LGA,16238
1190720365754919235,JFK,16467
1190765411679424297,JFK,12184
1190846125102630968,LGA,12926
1191200874104195163,LGA,16663
1191240975339905970,LGA,16641
1191242249658906801,LGA,14072
1191250949783508128,LGA,13528
1191251742126662583,LGA,18401
1191261637583240906,LGA,18940
1188405272107891640,LGA,15212
1188540254211520980,LGA,18431
1188610736196457287,JFK,9943
1188687698590570988,LGA,14797
1191265993878404967,EWR,24117
1191268838016424331,LGA,13835
1191269855152658541,LGA,14968
1191273268316679015,LGA,15000
1191277459027740241,LGA,15101
1191282094787106940,LGA,19739
1191313973454981443,LGA,18359
1191355645650409872,JFK,8060
1188765896977220359,LGA,16092
1195285672281327232,JFK,14929
1195554348855678026,LGA,15518
1195574533966322186,LGA,17153
1195687502937147063,LGA,15851
1195786673178332789,LGA,6299
1195877462949588986,LGA,13155
1195915665649727141,LGA,12062
1195933198989558179,LGA,10044
1195987111459548815,EWR,31061
1189090141950355435,LGA,14428
1189119030022037306,LGA,15662
1189156163386130941,LGA,20445
1189181159693670770,JFK,8678
1189243425411300671,LGA,13202
1189245776466739977,LGA,12914
1189268427790672748,LGA,28272
1189281043249431147,LGA,9685
1189291449899303109,LGA,21570
1196346309498202769,LGA,15761
1196371809643493350,LGA,14556
1196497464450421916,LGA,16846
1196497724931928899,LGA,14555
1196575552910707199,LGA,16646
1196581295094457018,LGA,14337
1196582000611779239,EWR,30531
1196631230237452581,LGA,11464
1191369249744555798,LGA,15530
1191404739326003541,EWR,31368
1191438920665329397,JFK,10280
1191446029077844516,LGA,11448
1191451705516917532,LGA,10393
1191497840686809606,LGA,11646
1192038715281934580,LGA,25576
1192252482358672169,LGA,14288
1192255067147043092,LGA,14287
1192262845661602738,LGA,4109
1189294356665369380,LGA,19747
1189445665503919899,LGA,11808
1189607875105675383,LGA,14512
1189608306724069531,LGA,17200
1189608984448418768,LGA,14364
1196675137374418456,LGA,6251
1196970749315364301,LGA,15360
1196971045286992063,LGA,14828
1196971303099836257,LGA,10845
1196973839793088515,LGA,14248
1204771167699076347,LGA,24253
1205037267836955281,LGA,14770
1205042267607786934,LGA,10641
1205048660046515301,LGA,18999
1205049196183731564,LGA,18700
1205056344990896189,LGA,10517
1196974278615670318,LGA,13833
1197041310752427776,LGA,7046
1197069668924931193,LGA,14467
1197074985686013715,LGA,16330
1197101749992180941,LGA,10745
1197166479464460452,LGA,15695
1197179275483826957,LGA,13952
1192680944233810638,LGA,13726
1198004382087812087,LGA,20648
1198100494592953253,LGA,22017
1198500125276158572,LGA,11856
1198752324486006811,LGA,4281
1198811777002173044,LGA,14288
1198827262061105728,LGA,13629
1198836111913663506,LGA,23111
1205066411396278345,LGA,10652
1205073442837466959,LGA,10646
1205140193812403320,LGA,14346
1205407005547534596,LGA,28460
1205444048123935112,LGA,15346
1199223583280378178,LGA,17130
1199316153670600111,LGA,12287
1199474355907371585,JFK,7055
1199659642466549233,LGA,14287
1199664142068108422,LGA,14287
1199925122294872339,LGA,15258
1197192193855074712,LGA,11079
1197202407680659490,LGA,16145
1197239116836336271,LGA,14497
1197265023578360161,LGA,17127
1197284752024889416,LGA,16088
1197301200332876597,LGA,22150
1197553209237863604,LGA,20023
1197671862542343289,LGA,13941
1205761267577581112,LGA,12575
1205846917993439171,LGA,19012
1205856768223692759,LGA,24142
1205882392275820490,LGA,19041
1205964796674918300,LGA,15008
1206087775759046433,JFK,23572
1197713677525733501,LGA,21400
1197714063298372139,LGA,14828
1197752800400457659,JFK,9865
1197797780686528978,LGA,15127
1197856347393328934,EWR,29436
1197859177973871671,LGA,7541
1206400888255924929,LGA,8884
1199986812961212112,LGA,15013
1200041523589313376,LGA,22972
1200095554682154611,JFK,6865
1200238572259388527,JFK,9135
1200272569093940741,LGA,14550
1200992643181522271,JFK,10393
1201021216831769703,LGA,12403
1201240426079642960,LGA,8544
1201356664154626666,LGA,13257
1201356959261424659,LGA,13257
1206481896594390866,LGA,6552
1206574535966326192,LGA,14151
1206599900300233850,JFK,10393
1206606432001246647,LGA,6251
1206607624557111677,LGA,6535
1206607880457066001,JFK,10393
1206638234808543597,LGA,11147
1206646876876751990,LGA,17320
1201396044908809476,JFK,24004
1201402452557052662,LGA,10971
1201430587365403850,LGA,13522
1201494697567501603,LGA,14675
1201497791734624120,LGA,14782
1201732576038059006,JFK,22780
1201763683180096780,LGA,20515
1201805249658735257,LGA,13066
1206794730066104766,LGA,16180
1210072001477754899,EWR,19306
1210154367185131474,JFK,15859
1210195897677380303,LGA,15177
1210344755949601767,LGA,14837
1210376505050084910,LGA,12584
1210389969928838331,EWR,19381
1210405344971565733,EWR,19570
1210411941311186494,LGA,13643
1210615469034170115,LGA,5636
1207237382385354348,LGA,4994
1207253678620673118,LGA,16996
1207287715537380602,JFK,9978
1201829528892562305,LGA,23185
1202074411142206871,LGA,14142
1202280416181729899,LGA,14619
1207354160354048378,LGA,13374
1207387145759617094,LGA,13374
1207455129932342740,LGA,15155
1207507693046187578,LGA,15321
1210985381930563242,LGA,5937
1211051853015973270,JFK,14832
1211075863285668785,JFK,17496
1211209752256027824,LGA,18788
1211253830721220762,EWR,30341
1211440603017197851,LGA,12198
1211450180362619428,LGA,14142
1211450411456895613,LGA,15225
1207515697807688165,LGA,15055
1207519278056487318,LGA,19161
1207548217188818523,LGA,14551
1207585830368402592,LGA,15178
1211527213766088409,LGA,13561
1211539828374899678,LGA,14286
1207806421010100811,LGA,13749
1207853186170107041,EWR,30404
1202281667370725866,LGA,14619
1202348834470237181,LGA,14404
1202485121125019732,LGA,3184
1202758098779011307,LGA,11880
1202792274113175634,LGA,11853
1202840148643068975,LGA,15948
1202855728088668360,LGA,18766
1202858312395834138,LGA,15948
1202874477964231897,LGA,12462
1207860637535148946,LGA,11406
1207896540094942291,LGA,11752
1207958356004096911,LGA,13450
1207961923628995720,LGA,19627
1207976838916835904,LGA,19634
1208036120501815502,LGA,14267
1208074634862528983,EWR,30987
1208074934904626929,LGA,13575
1202875708853118916,LGA,13341
1202876770330689873,LGA,10204
1202954717657524854,JFK,16090
1203013581191133386,LGA,10469
1203101908839088892,LGA,13411
1203223866662961187,LGA,21554
1203564246582112713,LGA,14745
1211608172160011490,JFK,11191
1211632114992944986,LGA,13508
1211672157763868406,LGA,13731
1211677338133559626,LGA,6406
1211758820311009120,LGA,15218
1211771041566767986,LGA,21748
1208084207760074124,LGA,13914
1208096226725190104,LGA,22052
1208097123799971126,LGA,14603
1208099973553742658,LGA,13981
1208183506604880870,LGA,24927
1208353706940091969,LGA,9058
1208543720182634795,LGA,9071
1208622670943587365,LGA,13150
1208640642572493071,LGA,16413
1203607162308243976,LGA,13101
1203665176351727628,LGA,10692
1203710607479353731,LGA,16088
1203866180302079266,LGA,21666
1203920929030589683,JFK,24467
1203936636043065935,LGA,9382
1203960244971828790,LGA,11794
1204302723720539452,LGA,15833
1204306234368960777,LGA,16501
1208666089545224059,JFK,8697
1211817562712075496,LGA,2669
1212264314233147082,LGA,12088
1212269139895265215,LGA,13082
1212276901648969170,LGA,11961
1212288924457892432,JFK,11690
1212347649197198907,LGA,6330
1212347883190844815,LGA,12746
1212360154333639901,LGA,15763
1212435254401889413,LGA,17761
1208771172890765736,LGA,13429
1208795441380509881,LGA,15185
1208854716995723501,LGA,20676
1208916458454949106,LGA,6643
1209084126239624286,LGA,5977
1209393633569416487,LGA,15727
1204321560216273846,LGA,10979
1204336780713356924,LGA,14489
1204422788764652410,LGA,10570
1204424191855903551,LGA,10978
1204424467253452631,LGA,9956
1204425369999207217,LGA,10277
1204609949048309710,LGA,7515
1214351541513386808,LGA,14745
1214466941250847143,LGA,19397
1209395778771475659,LGA,15693
1209676112847837893,LGA,19784
1212477898608171624,JFK,12788
1212582611903151441,LGA,12746
1212624750680299519,LGA,17555
1212893880121060294,LGA,14961
1212974872781808273,LGA,18368
1213027158255885149,LGA,16983
1213078962610312802,LGA,14981
1213137843027383282,LGA,13920
1213210056918462988,LGA,22915
1213242300952170356,LGA,17512
1209762126227348383,LGA,12983
1210002564144340543,JFK,8579
1210054863016150123,LGA,12255
1214471070419041932,LGA,14095
1214478155363843346,LGA,14911
1214478558280402548,LGA,14911
1214478928294155994,LGA,14911
1214479406267736723,LGA,14911
1218841378662582872,LGA,13057
1218845399095529002,LGA,13404
1214480664229985253,LGA,12862
1214486311067293119,LGA,12921
1214486987250117811,LGA,12921
1214487278089765906,LGA,14203
1214491724973053663,LGA,12232
1218891471303123283,LGA,13150
1218986470947678882,LGA,16500
1213288727949202646,LGA,20965
1213301762411378760,LGA,15509
1213364464605802277,LGA,12471
1213384935138284062,JFK,10276
1213425687995363001,JFK,10268
1213610526930326115,LGA,16121
1213627489640171136,JFK,11481
1213688904422343086,LGA,15306
1213689725021251921,LGA,14768
1219016339909757511,LGA,13818
1219100207830329728,LGA,10174
1219216760016753934,LGA,12989
1214492079157445918,LGA,12232
1214492566511365282,LGA,12232
1214492924370864214,LGA,12201
1214493375312932244,LGA,12232
1214495260309473136,LGA,12201
1219585714107198771,LGA,7796
1219603028752164840,LGA,15689
1219610547001943684,LGA,14928
1219610634967902800,LGA,15024
1219625120232103133,LGA,13246
1213689867762090159,LGA,14818
1213689943023433475,LGA,14962
1213722628230527276,LGA,15453
1213731743454095862,LGA,15141
1213757375894958330,LGA,16745
1213762639596599602,LGA,6009
1213825465241975734,LGA,11437
1219630411170805300,LGA,15346
1219646524673933372,LGA,15600
1214597720283848285,LGA,14288
1214609022039143562,LGA,15507
1214636499668232791,LGA,12017
1214703376004678973,JFK,10180
1214733721737055618,JFK,25071
1215117964253947556,LGA,15075
1215125404349939405,LGA,15967
1215192926699068019,LGA,15649
1215224488371019100,LGA,11776
1219756010828425878,LGA,13882
1219761487691460780,EWR,25273
1219811049883640695,LGA,11575
1219815548009925852,LGA,11521
1213830900403046409,LGA,14733
1213853309354315952,LGA,11425
1213866285243857575,LGA,13144
1213869313778119278,LGA,13412
1213871657453559546,LGA,14012
1213918539223846664,LGA,4838
1213938382576828150,LGA,20043
1213993998633059525,LGA,11820
1219818636390744151,LGA,13053
1219972839146493519,LGA,7257
1220219701909794208,JFK,11065
1220824017812826327,LGA,16562
1220949643970349162,LGA,13244
1215284534623966283,EWR,22700
1215413949850091685,LGA,11379
1215457493984728693,LGA,13228
1215828458765595564,LGA,13233
1215883954729701156,LGA,15468
1215930899551057941,LGA,8969
1216035212519458837,LGA,11476
1216120758101271029,LGA,15409
1221005306336413485,JFK,8836
1221075409723204646,LGA,3712
1221111591131392265,LGA,10864
1214007448847086508,LGA,13882
1214181323231993112,LGA,11962
1225745926945677821,LGA,9141
1225950099262765039,LGA,11474
1226035407815319014,LGA,13811
1226083765946770554,LGA,13167
1226237301132622479,JFK,8820
1226370528514229838,LGA,20700
1221121511065735881,LGA,13226
1221699855812557434,LGA,22515
1221732669615197799,LGA,11577
1216186927652289717,LGA,10434
1216441085886573375,LGA,13694
1216557850438762479,LGA,21302
1216589648560398579,LGA,13601
1216589694179074357,LGA,13601
1216590799837992383,LGA,13601
1216590837884600772,LGA,13601
1221844217141658479,LGA,24438
1226416679716855888,LGA,1934
1226755115355469374,LGA,13561
1226759364639190356,LGA,13875
1226759499890819869,LGA,13506
1226759753772948489,LGA,13266
1226762740359020857,LGA,13561
1226780451927503437,LGA,13834
1226785506608965761,LGA,13174
1222086729226668669,LGA,20596
1222409533615093591,LGA,15266
1222473226143955232,JFK,8464
1222591481786116267,LGA,22510
1222649687906738325,JFK,21834
1222662611695705618,LGA,11283
1222792519379699774,LGA,15574
1223011626105182643,LGA,14954
1216638378553440827,JFK,11986
1216800334136638204,LGA,20654
1216854624177570316,LGA,11050
1216871952367896427,LGA,12630
1216903455474154558,LGA,6611
1217265622240705335,EWR,19365
1217279784872684048,LGA,19749
1217325913584495563,LGA,15311
1217369903000424628,LGA,14288
1217377258149578928,LGA,14784
1223036077341645395,LGA,14381
1223121524988333841,LGA,25820
1226793157066719945,LGA,12114
1226804576164978828,LGA,15771
1226812479353670317,LGA,13834
1226819691395177235,JFK,10322
1226822606875887766,LGA,13344
1226899584080273038,LGA,23746
1226906785020333029,LGA,13149
1226985080764794321,LGA,12202
1227011006426506312,LGA,11543
1227311058043740187,LGA,18630
1223189346800417421,LGA,15217
1223195720648219047,LGA,15883
1223219340695988918,LGA,15883
1223221380208595577,LGA,7902
1223222988707279431,LGA,16169
1217386314089542044,LGA,14784
1217394271595088216,LGA,15467
1217429430116095120,LGA,15689
1217437532742323475,LGA,15653
1217501306123181903,LGA,13436
1217502258688003358,LGA,13436
1217502811846938429,LGA,13436
1217503067963212405,LGA,13436
1223224171657956620,LGA,15852
1223325139649690258,LGA,15323
1223327845813883484,LGA,14580
1227420009397765852,LGA,11750
1227420261419374585,LGA,11750
1227524153620436301,LGA,20855
1227727207761043237,LGA,21374
1227818000807916145,LGA,10985
1228208636927429868,LGA,16593
1217657027463550966,JFK,10561
1217677941637752924,LGA,17754
1217745573483593183,LGA,22885
1217932701715838628,LGA,11128
1217938964570924766,LGA,15283
1218036824082270852,LGA,13601
1218036870155600991,LGA,13601
1223365066145591672,LGA,11063
1223778708547663301,LGA,4013
1228208840794867363,LGA,16703
1228208873942226530,LGA,16703
1228209041418823286,LGA,17104
1228209227100908495,LGA,16327
1228209499513589730,LGA,16842
1228209537665417176,LGA,16597
1228219156600528452,JFK,9607
1223873298455113347,LGA,14392
1223908931949225892,LGA,12180
1218109174586796300,LGA,19648
1218127598324156328,LGA,15349
1218133204010939684,JFK,5112
1218143744891084758,LGA,6239
1218149139595159967,LGA,10341
1218187857380288354,LGA,11583
1218284328178874456,LGA,11583
1224070827522419491,LGA,15166
1224072616282673348,LGA,15118
1224073554655958276,LGA,17472
1224074648512628836,LGA,17501
1224075612952225334,LGA,15172
1224076540419059623,LGA,15398
1228345176676845327,LGA,13767
1228359645034743662,LGA,15714
1228504657201317846,LGA,14287
1228535553011702685,EWR,21484
1228565276593542354,LGA,14287
1228568404001669036,LGA,13809
1228572518384548374,LGA,14287
1224079069637556316,LGA,15251
1218439205588842717,LGA,19630
1218692786582615835,LGA,20592
1218791045034994904,LGA,15640
1218791392477263589,LGA,17067
1230800439159310475,LGA,10895
1231135197361698767,LGA,16014
1231144645173836006,LGA,9620
1231269602290601306,JFK,23906
1224117475056038174,JFK,10257
1224234711493434544,LGA,19534
1224383436224814398,LGA,16127
1228576821149395610,LGA,8559
1228599179307348312,LGA,10568
1228964974938045346,LGA,15738
1228989876364419183,LGA,15386
1229023902731509556,LGA,13891
1229047776128463972,LGA,15030
1229173157354393413,LGA,15148
1229178980884808089,LGA,14981
1224416899415264230,LGA,16265
1224701359485705064,JFK,10666
1224933353394487480,LGA,14836
1225482382890787487,LGA,11961
1231278871716422945,LGA,8151
1231813822543642860,LGA,20382
1231928660362309154,LGA,22257
1231957944915161552,LGA,7079
1231995208523823326,LGA,20165
1232143141342015494,LGA,14885
1232163018849381391,JFK,10431
1232165228974075906,LGA,14688
1232501562663810691,LGA,13010
1232521814491370029,LGA,11687
1225491538755543141,LGA,15270
1229182096342551645,JFK,5309
1229523606564646669,LGA,13100
1229657495609120588,LGA,16394
1229669742898309870,LGA,11332
1229670048587573999,LGA,12238
1229772502643630464,EWR,30968
1229818908920654651,LGA,18520
1225499106662965922,LGA,16866
1237094641902152706,LGA,15300
1237100764139053201,LGA,14431
1237138206798698945,LGA,13408
1237531266602752132,LGA,12481
1237699083346080548,LGA,9441
1237716908695660523,LGA,15944
1232581865724727224,LGA,11186
1232599503843799747,LGA,20964
1232695767588000628,LGA,15701
1232728276466806205,LGA,17404
1232732872159054205,LGA,10787
1232800963475699454,LGA,16152
1232815754802641772,LGA,14774
1232821948424238577,LGA,24074
1232863059744383368,LGA,15851
1232867486321886554,LGA,11301
1237717005881741151,LGA,15944
1229887426591375584,LGA,18236
1230157735855856971,LGA,19397
1230393548626498362,LGA,14264
1230413477536936223,LGA,15445
1230433383851013524,JFK,9256
1230456467253112427,JFK,5993
1230464737360638283,LGA,14948
1230580157204357701,LGA,14033
1230687238569474464,EWR,30376
1230779489579019010,LGA,11069
1237717109706768815,LGA,15944
1237717109925539462,LGA,15944
1237794099370330947,LGA,15014
1237831424957816643,LGA,13067
1237845000378373649,JFK,12621
1237893377105897865,LGA,13579
1232894051628173440,LGA,10803
1232908276400918208,LGA,10884
1232916502749090159,LGA,10721
1232921272429417066,LGA,10794
1232921678813330437,LGA,6057
1232950687599154027,LGA,18364
1233214287379071861,LGA,6044
1233309290292582813,LGA,21095
1237951547965118352,LGA,10925
1237994099610950743,JFK,11876
1243407948732318297,LGA,26477
1243416180933866042,LGA,19138
1243439250383188600,LGA,11870
1243439296025850039,LGA,15375
1243476091823121246,JFK,13434
1243539702549842669,LGA,10521
1243589400344031947,JFK,22463
1243613478682097482,LGA,12814
1243635476218013219,LGA,14763
1238331353606952943,LGA,17239
1238331693437400297,LGA,17239
1238401183990907902,LGA,11248
1238507870748166391,LGA,21341
1233319156706823895,LGA,21405
1233319874863533924,LGA,15867
1233326596009922628,LGA,20964
1233328623909953623,LGA,21272
1233332599257101768,LGA,20863
1233340604762036378,LGA,21043
1233355840337744276,LGA,10755
1233457958842441455,LGA,10853
1233462337347072021,LGA,15689
1233462719021008458,LGA,11016
1233474101391079709,LGA,10770
1233479243095410571,LGA,11693
1238533278398374867,LGA,9791
1238545750632884261,EWR,33885
1238576818025767122,JFK,12562
1238724380621296610,LGA,24278
1243734903294281202,LGA,19016
1243997709406510035,LGA,16878
1244007458259952492,JFK,22173
1244025171453617668,LGA,15225
1244077967367254733,LGA,15106
1244098550844777484,JFK,6654
1244129048202280762,LGA,11622
1244144325025062589,LGA,11337
1244147868043244964,LGA,11829
1238744170136593900,LGA,24206
1239075154633998807,LGA,16670
1239161290493617093,LGA,13895
1239165143018334568,LGA,14101
1239165783186837235,JFK,9309
1244159815865781466,LGA,13762
1244159884004281532,LGA,13762
1244162205661898758,LGA,16707
1244162477105434699,LGA,14095
1244163083306831392,LGA,16707
1244163261050221471,LGA,13450
1239167862033952950,LGA,12236
1233550549684575733,JFK,10123
1233585573686363899,LGA,26481
1233741840559332037,LGA,15215
1233970831850160914,LGA,15077
1234061754979115773,LGA,15689
1234105027643190339,LGA,14663
1234123060353875436,LGA,12060
1234175613083137758,LGA,17198
1234209733802234379,LGA,13572
1239170788895555224,LGA,15134
1239344245537554608,LGA,16877
1239358310773949092,LGA,13474
1239370492697136449,JFK,8925
1239374670682339156,LGA,13225
1239414671424190461,LGA,13294
1244163327486284104,LGA,13019
1244167203417941890,LGA,13705
1244172360761770239,LGA,15189
1244172937099805760,LGA,14600
1244202479863579716,LGA,20855
1244242128845640429,JFK,15237
1244250404861933619,LGA,14632
1244250558089359943,LGA,14628
1239422928791950948,LGA,13074
1239425515849164865,LGA,11170
1234329085499860302,JFK,14799
1234343699153118755,JFK,10078
1234370192919720687,LGA,19033
1234371026530565179,LGA,19023
1234422817745850130,JFK,8961
1234465798811057658,LGA,15882
1234694640935764120,LGA,10839
1234737114054544276,LGA,14401
1234762276793313957,LGA,12621
1239781634809396041,LGA,12844
1240067700548682182,LGA,13231
1240092111834979846,LGA,15205
1244315762211523437,LGA,13797
1244325659318422349,LGA,14084
1244401509492552499,LGA,15557
1244409531177023866,LGA,13894
1244411990744785743,LGA,5320
1244532200052395431,LGA,12374
1244885664283966764,LGA,15689
1244896024095954335,LGA,15689
1244904404079639814,LGA,15542
1240614215523695965,LGA,13648
1240662626849425984,LGA,11054
1240781192769856007,LGA,13228
1240902102261861994,JFK,5034
1234858259431720177,LGA,8905
1234871801934577004,LGA,11649
1234873681397884004,LGA,14564
1234877711816338777,LGA,11650
1234888929469835175,JFK,15223
1234988439710147245,LGA,5362
1235012082648629899,LGA,13365
1235136988029309543,LGA,16792
1235412119913701151,LGA,14611
1235717649151249045,LGA,9527
1240907389087561186,JFK,5509
1241073818947566837,JFK,5733
1241089095491325338,JFK,5562
1244904829341716761,LGA,15542
1244924585626295916,LGA,15384
1244930737046076168,LGA,15081
1244931205585338425,LGA,18303
1244937341611765919,LGA,11752
1244988330818654502,LGA,14212
1245050972909588383,JFK,9155
1245053821067166654,LGA,10619
1245074983422827345,JFK,16906
1241258879158850539,LGA,14104
1241285636941190175,LGA,22328
1241470878700755751,LGA,19445
1241539695216902236,LGA,16050
1236158450250691279,LGA,19771
1236186462408809498,LGA,12057
1236397454655676112,LGA,14529
1236476356945693101,LGA,18035
1236543137465968084,EWR,25397
1236545710562306407,LGA,11818
1237082867457012401,LGA,12564
1247928234767699938,LGA,19957
1247931213162783289,LGA,19775
1247932278114122984,LGA,19764
1241629765839746006,LGA,25354
1241669919430658505,LGA,20462
1241917069399816763,LGA,14761
1241918143091745981,LGA,15024
1241968742982202541,LGA,13325
1242103807595845047,LGA,14841
1245097254558133719,LGA,15618
1245103923139096855,LGA,14882
1245148474416526150,LGA,15106
1245603696489176717,LGA,11505
1245656021841386552,JFK,9657
1245904390168923183,LGA,14447
1245995490957597198,LGA,15713
1246333806730901018,JFK,13599
1246477580102196956,LGA,9011
1246746701180152888,LGA,15769
1242163385364930816,LGA,18766
1242207256270289189,LGA,14745
1242207711854330557,LGA,14745
1242258674913144403,JFK,10588
1247933073835931310,LGA,19649
1248159401384477563,LGA,12631
1248190326319487839,LGA,18345
1248365350794545418,EWR,32036
1248425634913103767,LGA,15558
1248484618363627439,LGA,14586
1242656828526993845,LGA,14102
1242756633514883112,LGA,15542
1247082873380050094,LGA,15519
1247103719316451395,LGA,15948
1247111384674319996,JFK,10799
1247115723682800959,LGA,14513
1247181291079614574,LGA,15594
1247195031487319513,LGA,15753
1247207074492505900,LGA,12188
1247207786541659095,LGA,14917
1242804070146614563,LGA,16074
1242814148085548720,LGA,14288
1242867963366537352,LGA,11611
1242880777431441507,LGA,13330
1242882784875044804,LGA,11307
1242898939814869156,LGA,14287
1242903460753382148,JFK,10227
1242940147823631932,LGA,14096
1247214693823909580,LGA,11974
1247272707249663045,LGA,14781
1247283070924901790,LGA,15522
1247414956916920014,LGA,14865
1247715348604700690,LGA,12979
1247794900160665355,JFK,5515
1247827401872114514,LGA,14941
1247844585999640334,LGA,14830
1247847303475217685,LGA,11125
1248566167772196141,LGA,13612
1248646776449745178,LGA,13544
1248671291414510463,JFK,14790
1248674042061607401,LGA,15151
1248720851139420977,LGA,11936
1248798720285698620,LGA,25679
1248808568609496205,LGA,13286
1248817705295925464,LGA,13398
1242953196053247081,LGA,15387
1242992636408069849,LGA,5955
1243047044449907230,LGA,1538
1248821335059498404,LGA,13450
1248824845753108845,LGA,13302
1249201891590319108,LGA,13296
1249202254384207505,LGA,16442
1249221352694050295,EWR,28866
1249235793270885435,LGA,15492
1249253866727209740,LGA,15438
1243080490327577364,LGA,12938
1243401660585212279,LGA,13827
1257659081038880456,EWR,24946
1257828763203524581,LGA,14381
1247847538765264332,LGA,12487
1247847762064389644,LGA,15524
1247919738289121048,LGA,19691
1252461149484283550,LGA,11280
1252473971468254993,LGA,22170
1252485144356502513,LGA,21548
1252793209778995166,LGA,13970
1252839629281667582,LGA,15949
1252843556740000464,LGA,15948
1257875127716268832,LGA,15485
1257883200240879706,LGA,14787
1257889081334810242,JFK,21341
1249258674237254109,LGA,15437
1249320025783707099,LGA,13274
1249322572045047561,LGA,13274
1249338724924728010,LGA,19144
1249409662573500520,LGA,15053
1249477930400947860,LGA,17168
1249482431689771441,LGA,14170
1249651982564832706,LGA,5278
1249885081655471103,LGA,14763
1257965787766429833,LGA,22152
1257991437450284242,LGA,15427
1257992680408068954,LGA,15427
1257994489370208832,LGA,15427
1257996235267745870,LGA,15427
1252843728153387692,LGA,15951
1252845138049056650,LGA,15948
1252845557275195279,LGA,15950
1252846561929748602,LGA,15952
1252928881088321749,LGA,11884
1252937241248290711,LGA,11519
1252942150076539193,LGA,11580
1252967896060227416,LGA,16564
1258003022689956962,LGA,16300
1258103879781081502,JFK,15227
1249885103311069319,LGA,12824
1249885477081983500,LGA,12824
1249939338375173038,LGA,14608
1249966230347873454,LGA,11568
1249969797352459833,LGA,11320
1249971905956990261,LGA,11811
1249974916920533998,LGA,11520
1258122909837293497,LGA,15207
1258130810353429291,LGA,20359
1258139686313458586,LGA,15349
1258267990600001591,JFK,10092
1258286995992026736,LGA,15542
1258294347905673882,LGA,5244
1258295273477036504,LGA,14543
1253006232411378125,LGA,15542
1253017414331444900,LGA,16424
1253045441873124439,LGA,5104
1253064537376878429,LGA,15542
1253074284739739727,LGA,15733
1253076398641184626,LGA,15824
1253088466262113309,LGA,12848
1253091734438965862,LGA,13539
1253101652315725220,LGA,12047
1258426991060262313,LGA,9083
1249977185980752588,LGA,11518
1250049815657627966,LGA,11647
1250089535035745718,LGA,16084
1250133397486432315,LGA,13419
1250139580878125519,LGA,15295
1250152795136898699,LGA,17193
1250291976263903776,EWR,22976
1250323975616368239,LGA,29573
1258549260606059097,LGA,12745
1258574977252189061,JFK,13702
1258624899903340471,LGA,15036
1258664088087992224,LGA,15017
1258687805056742619,LGA,12140
1258739292511720833,LGA,16025
1258792412151502445,LGA,15207
1253138154486113310,LGA,11536
1253378851257541753,JFK,6214
1253587843589977678,LGA,12577
1253619776470486222,LGA,14341
1253626771130062657,LGA,11494
1253634057204199349,LGA,11494
1253635163488058718,LGA,11494
1253637197155495149,JFK,14824
1258858445455928575,LGA,13388
1258859657820234315,LGA,4598
1250351804101372452,LGA,29616
1250353717301520094,LGA,15040
1250357331523889418,LGA,13027
1250415588517175726,LGA,11523
1250548740591932183,LGA,10687
1250715534465316749,LGA,16002
1250785543979843686,LGA,5190
1250815585042492751,EWR,20208
1250831859693051649,LGA,12379
1250959938354495705,LGA,22794
1251415914671583671,LGA,12849
1258866065053266297,LGA,7553
1258889530774942457,LGA,14590
1258919640023695289,LGA,15647
1253648416568413615,LGA,11494
1253649844228478964,LGA,11494
1253661560227470722,LGA,11327
1253669986791564318,LGA,11327
1253727555237366134,LGA,12945
1253795479147635729,LGA,13615
1253914461496904082,LGA,21123
1254249393302749237,LGA,13974
1254252187259766388,LGA,16061
1258971504982898395,LGA,19460
1258990448060451560,LGA,18957
1259035476102833415,LGA,19456
1259238929870324954,LGA,5047
1259265744366657456,LGA,14029
1259346787743465908,LGA,13886
1251484612814010193,LGA,21482
1252024900650856172,LGA,23107
1252100033011584054,LGA,12792
1252107172468902649,LGA,15211
1252107560022918034,LGA,18985
1252131792844223502,LGA,13433
1252151005018387613,LGA,13461
1252174863417428839,JFK,10138
1252199797400381865,LGA,15313
1252209961246992450,LGA,12956
1259349297009465905,LGA,15359
1259394932644320828,LGA,15663
1254363600722938187,LGA,7208
1254401172970301687,LGA,13485
1254481492952377602,LGA,13656
1254493991007166372,LGA,12885
1254540362963774170,LGA,16645
1254681143607226822,LGA,12662
1254917685336216399,LGA,14788
1255004447234170344,LGA,19830
1259446139253642093,LGA,12554
1259559725948985919,LGA,3820
1259564174733473738,JFK,11129
1259621317677057016,LGA,6548
1259713131991061274,LGA,24397
1252251482262825469,LGA,14193
1252258738988184752,LGA,15416
1252258959314332380,LGA,11003
1252259007155112877,LGA,15368
1252259291896453030,LGA,15747
1252259294341438790,LGA,13056
1252259311602955441,LGA,14497
1252259330397175954,LGA,10803
1252339728846204419,LGA,12800
1252413066242522626,JFK,7999
1252451165029445196,LGA,10181
1259717237108392138,LGA,18478
1259851855754285139,LGA,7327
1260146803649599371,LGA,11106
1260223701298387076,JFK,22118
1260236683261653180,LGA,11396
1260295283243722997,LGA,15830
1255050913206140074,LGA,19127
1255128131468529380,LGA,6581
1255183631506767909,JFK,19219
1255432859696709513,LGA,14939
1255710872456259651,LGA,13295
1255803889784021915,LGA,11585
1255813344266385185,JFK,16138
1255885186796158699,LGA,15122
1256599480518963521,LGA,17540
1256696774596202074,LGA,18847
1260348460977553263,LGA,15585
1262879523737843355,LGA,14911
1263007440183197998,LGA,14550
1263037188459959385,LGA,15689
1263130277068338483,LGA,13549
1263149353051460149,LGA,15229
1263194938888022434,LGA,13659
1263227181565675061,JFK,9911
1263229055887420449,JFK,5311
1260357463058911445,LGA,5011
1260362557327702841,LGA,12273
1260407153589761079,LGA,22200
1260858320667905935,LGA,12915
1260915037346535831,LGA,12875
1261013353272775382,LGA,10454
1256820994229299628,LGA,21494
1256904874797003635,LGA,12747
1257025240961774482,LGA,3340
1257178258232634622,LGA,13525
1257237404957183130,LGA,10744
1257240094966294561,LGA,10744
1257241136612819859,LGA,10744
1257242176597657312,LGA,10744
1257244380059919055,LGA,10744
1257269011676256585,LGA,15427
1261071280018778648,LGA,12734
1261570682665197970,LGA,18827
1263235831434918256,LGA,15224
1263249889177268807,LGA,15205
1263444991180968557,LGA,14341
1263621622649556247,LGA,15107
1263664664932631399,LGA,13450
1263703137945370807,LGA,15689
1261574922893047594,LGA,11071
1261637171189899749,LGA,13100
1261651974409238620,LGA,14581
1261823101160881526,EWR,22659
1261897966427843773,JFK,25152
1261914911656674600,JFK,24714
1257283103113705433,LGA,19599
1257287972746351647,LGA,13838
1257304036581998417,LGA,13632
1257352297240273118,LGA,12654
1257386613173444315,LGA,15745
1257406350179524959,LGA,13582
1257569420132502272,LGA,16623
1257583000360481508,LGA,15098
1268229579050977079,LGA,15207
1262203902763910053,LGA,15119
1263758349868059423,LGA,12179
1263817435303552137,LGA,15008
1263836565731458704,LGA,11708
1263845056327420894,LGA,14949
1263864982013283068,LGA,10969
1263883866701452898,LGA,15399
1263907024375050215,JFK,12580
1262229944679607254,LGA,14788
1262362961353389278,LGA,21098
1262392606853447214,LGA,5190
1262445412425588191,LGA,1579
1263984426933497706,LGA,12097
1264002589926448873,JFK,10286
1264089062763645578,LGA,13342
1264437085735166969,LGA,17006
1264463097113457641,LGA,16463
1262487468831421679,LGA,5120
1268235814477942581,LGA,14255
1268277011171339468,LGA,15747
1268368509915651592,LGA,13113
1268375002268643154,LGA,14096
1268379012796078651,LGA,8477
1268383579464213732,LGA,17401
1268430318506004901,LGA,9852
1268458604993664493,LGA,10033
1268464235583305425,LGA,21188
1268465957703624569,LGA,10279
1262873258934648649,LGA,14263
1273321993626044585,LGA,29966
1273359886259634804,LGA,12130
1273363423384435065,LGA,22311
1273429017227572621,LGA,12780
1273687924680616345,LGA,12890
1273876665856413802,LGA,14826
1268673634073031993,EWR,33054
1268747298409857069,LGA,8296
1268782012785428865,LGA,13309
1268814871935282244,LGA,13158
1268819838970808330,LGA,15367
1268855545383944589,LGA,15689
1268908647420768687,LGA,23821
1268937459378622442,LGA,12847
1273887750459953967,LGA,14836
1273892061324035629,LGA,14603
1264487349748909151,LGA,16510
1264515289633071842,LGA,11621
1264544827056065026,LGA,14336
1264556878473593913,LGA,20736
1264572506957114558,LGA,14630
1264624602647804682,LGA,12226
1264643368048815876,JFK,22989
1265121669457252989,LGA,15343
1265214142866615616,LGA,18657
1273895402587027540,LGA,15247
1273897940988961625,LGA,14445
1273901684572144919,LGA,14403
1273902018372064612,LGA,14403
1273902320926333163,LGA,14403
1273902714324988592,LGA,12080
1273906310008098256,LGA,14945
1268950356586183928,LGA,12513
1268967871754513027,LGA,13645
1268970552899584835,LGA,12730
1268971029526152451,LGA,8561
1269004912797968568,LGA,10244
1269624435724171263,JFK,21912
1269632299940546846,LGA,14862
1269634682233400466,LGA,18071
1269639271310755351,LGA,18455
1269761297521337517,LGA,20719
1273982320083759333,LGA,23805
1273999441913457977,LGA,13423
1274018209485101602,LGA,18862
1265414843780166255,LGA,12164
1266014815917634997,LGA,18014
1266048867324074448,LGA,10349
1266050526914264495,LGA,14619
1266099614220985016,JFK,7763
1266221816823918152,JFK,7985
1266245822009648197,LGA,15875
1266532446415788783,LGA,10650
1266643445383332317,LGA,13630
1266664600275277605,JFK,8352
1266667267842633649,LGA,11067
1274076570220792723,LGA,12084
1274143776879009441,LGA,19212
1274200907157913935,LGA,19048
1274260479677981939,LGA,18399
1274492556229322940,LGA,16906
1274605231101485814,LGA,23573
1269780167728025370,JFK,8555
1269819583334595757,LGA,13086
1269857776408254844,LGA,13292
1270289088833394638,EWR,19551
1270373232572829349,LGA,22552
1270374216025896711,LGA,15486
1270405869841506516,LGA,11887
1270501718885873944,LGA,17459
1270603216365109303,LGA,15068
1274660031840113700,LGA,15277
1274691077561855573,EWR,28591
1266682491308851581,EWR,24647
1266787305018735167,LGA,14378
1266794251371041592,LGA,14258
1266812732373818616,LGA,17032
1266965813831199997,LGA,13565
1266989309156460364,LGA,15360
1267261047591892406,LGA,12982
1267386030421794104,LGA,15310
1267393506454063866,LGA,15065
1274722590671904755,LGA,23639
1274773188072371454,EWR,22576
1274820999428562667,LGA,17574
1274826163511555978,JFK,10344
1274907523602524508,LGA,12999
1274909412180886814,EWR,36028
1274943629134607784,JFK,10062
1274985485027400340,LGA,14514
1270917903320485839,LGA,15859
1271084693192776630,LGA,15003
1271093478906297581,LGA,13456
1271108885421186646,LGA,10039
1271119734962673829,LGA,10284
1271161565037212525,LGA,18036
1271183066337962796,LGA,25353
1271189989544953050,JFK,16416
1271384104604188602,LGA,21052
1271709679323290053,JFK,18174
1275276318052624457,LGA,18562
1267419739074836709,LGA,14243
1267441997402319351,JFK,8773
1267442159918193778,LGA,20041
1267449405198185516,LGA,14763
1267482075999230043,JFK,14680
1267502386529187176,LGA,12745
1267507175384078029,LGA,15088
1267556868415501118,EWR,32071
1267563615844456532,EWR,32003
1275346270633096593,LGA,16757
1275369932926785232,LGA,21189
1275404590621392936,LGA,10754
1275475475744269192,LGA,16361
1275489843344572046,LGA,16066
1267611439030726025,LGA,20879
1267634673085622453,JFK,17102
1268021034388489020,LGA,11296
1268060771599136207,LGA,12212
1268061834889290908,LGA,14442
1268116616149913985,LGA,15689
1268146645583849349,EWR,29005
1278970073440413132,LGA,13852
1278970081538305840,LGA,13836
1275497998968880490,EWR,33331
1272022641708356549,LGA,13047
1272031813713037196,LGA,10194
1272045884796246875,JFK,9927
1272076657921142795,JFK,12245
1272090830944120848,LGA,14614
1272394631792431577,LGA,17030
1272425612617326058,LGA,14473
1275550769083831455,LGA,17019
1275564905070237292,LGA,11726
1275569928037006283,LGA,26639
1278970092972845475,LGA,14135
1278970102927438086,LGA,13661
1278970113945077990,LGA,13872
1278970122752651280,LGA,13697
1278970132978023428,LGA,13626
1278970143578030549,LGA,13720
1279026320984012410,LGA,13160
1276167665304314021,LGA,8589
1276211315180548863,LGA,10223
1276222246131959855,LGA,17928
1276256657123457100,LGA,11818
1276830526137203498,LGA,15850
1276897674278796299,LGA,10795
1272470902636045611,LGA,14490
1272471144938598757,LGA,15690
1272520998450886557,LGA,13842
1272525324288177768,LGA,13944
1272532389343933720,LGA,15484
1272553847685302526,LGA,14844
1272561496572653839,LGA,15228
1272659574542603186,LGA,3395
1272764964320888257,LGA,10567
1279167766339756261,LGA,15537
1279234564318920127,LGA,11244
1279399498987815184,LGA,12017
1279514114428942589,LGA,15296
1279514923594862712,LGA,13833
1279525416380121421,LGA,7534
1276962066925856818,LGA,30138
1276995025082918694,JFK,11286
1277423170263506742,LGA,20293
1277514540857908776,LGA,14928
1277574482013322658,LGA,13991
1279566973107195248,LGA,15697
1279572005150250480,LGA,13250
1279572331775151473,LGA,15077
1279572603956432088,LGA,15077
1277579374332627051,LGA,13981
1277582577634942981,LGA,15203
1277595699583112534,LGA,4221
1277613014804999034,LGA,14484
1277634170164164364,LGA,18512
1273057132703639608,LGA,14403
1273057459599805099,LGA,13005
1273130357269006929,EWR,23547
1273217040868413375,LGA,14885
1273239150338408058,LGA,11193
1273264356481916955,JFK,9021
1277646948639349904,LGA,14154
1277860842634805302,LGA,32283
1279652376594658493,LGA,21920
1279656855200281610,LGA,15742
1279659842295891774,LGA,15696
1279666081527148590,LGA,15840
1279668704913671652,LGA,15720
1279676140647985129,LGA,15604
1279691717688251905,LGA,15620
1277873605907772334,JFK,8163
1273264444294675676,LGA,14513
1273276578912529519,LGA,14649
1273296823713192279,LGA,5509
1282796744831256514,LGA,14131
1282799142773659808,LGA,15312
1282908981076107223,LGA,12703
1283288978980733529,LGA,13833
1277947896404468620,LGA,14484
1278193226346803183,LGA,16049
1278216388903243988,LGA,15446
1278246654585364405,LGA,13554
1278280058999972839,LGA,14124
1278297719419174824,LGA,8598
1279699245295400653,LGA,15768
1279700354938802786,LGA,14634
1279730054509403787,LGA,21705
1279754470047770842,JFK,9553
1278406710373611529,LGA,15904
1278450674925184524,LGA,6035
1278590472981134772,JFK,21860
1283352602978328068,LGA,8695
1283471496919072863,LGA,11524
1283496810330563673,LGA,14472
1283501553251837845,LGA,10773
1283505503486436282,LGA,10773
1283506218457392780,LGA,10773
1283508781489380600,LGA,10773
1283540656275384002,LGA,15057
1283990392173732051,LGA,15482
1283991356849193162,LGA,16136
1278904415560190202,LGA,13762
1278911804539268712,LGA,13722
1278911812432173026,LGA,13697
1278911823574122037,LGA,13654
1279759802665836048,JFK,9414
1279838012608068400,LGA,13634
1279841263666952825,LGA,11095
1279846130440111446,LGA,11095
1280015420663996112,LGA,6102
1280039155054913587,LGA,9863
1280257243307498127,LGA,4982
1278970052705793205,LGA,13725
1278970062508865019,LGA,13591
1287801525313977680,LGA,11750
1287807615530472851,LGA,11556
1287828599090091641,LGA,11954
1284003032517870374,LGA,14366
1284144040790199008,LGA,19236
1284145212926510331,LGA,20857
1284145570317315848,LGA,16738
1284183370848524976,LGA,15427
1284187784659820986,LGA,15427
1284203271621031527,LGA,15666
1284218136316352861,LGA,19390
1284243113357022358,LGA,15026
1284251494613331028,LGA,1268
1284305290711173883,LGA,12652
1284323195767322682,LGA,20858
1280374394750477239,LGA,12802
1280416416827014705,LGA,11250
1280441002841407586,LGA,20305
1280496094601575642,LGA,18613
1280611088367758993,LGA,14868
1280653458160564660,LGA,19299
1280779984673933587,LGA,13143
1280784833142464571,JFK,8431
1281059918783004753,LGA,12792
1281093134421029387,LGA,21168
1288223732677733582,LGA,15409
1288407043479912515,LGA,11759
1288412762209251262,LGA,15207
1288416366050416302,LGA,20588
1288577662192155172,LGA,11261
1288583592054595211,LGA,7945
1288764333737353436,LGA,6804
1289061412699505729,LGA,12748
1284334567125481832,LGA,12571
1284388451174158810,LGA,2669
1284483353713436156,LGA,20550
1284527126924891439,LGA,20939
1284724376820989449,LGA,13300
1284750620700927365,LGA,15497
1289091754673176311,LGA,14828
1281120730339115488,LGA,14542
1281230979116575465,LGA,14583
1281263542832791722,LGA,20052
1281431427554747842,LGA,10087
1281465359952960262,LGA,13086
1281910694629669853,LGA,11001
1282016228474687397,LGA,19531
1282195238698316151,LGA,14808
1282241919059204971,LGA,15214
1289093096431602029,LGA,10845
1289093627448198684,LGA,13200
1289094324927322753,LGA,12734
1289094659917078154,LGA,14975
1289098804404621589,LGA,14278
1289231744576245243,LGA,22696
1284751162775341865,LGA,15485
1284758582776262790,LGA,12906
1284768777844278319,LGA,13818
1284859725044359928,LGA,10928
1284863603199231535,LGA,17383
1284904964981044019,LGA,8931
1284913460751502924,LGA,11176
1285043507619395323,EWR,31739
1289260959679144660,LGA,10715
1282396620548321413,LGA,10010
1282435644308608055,LGA,14327
1282457514648216639,LGA,14167
1282471756802376451,LGA,15626
1282545954980077188,LGA,13832
1282545955165350829,LGA,13832
1289271972693944761,LGA,10872
1289278904502725053,LGA,10829
1289291705269129881,LGA,14288
1289364238716530216,LGA,15136
1289377257599144405,LGA,12960
1289464795198464231,LGA,15866
1289499175425676755,LGA,11412
1289525740665191553,LGA,15610
1285057395908288186,LGA,14979
1285098325784673959,LGA,15669
1285131670173788352,EWR,31100
1285407990303529349,LGA,13158
1285410521873706384,LGA,14403
1285410920221186569,LGA,17130
1289848510077273758,LGA,13350
1289900598795323291,LGA,11324
1289900853572333017,LGA,14608
1282546479462535028,LGA,13832
1282569577400814799,JFK,10747
1282656672679723087,LGA,17207
1282704567522101611,LGA,22226
1282732552914690293,LGA,13921
1282740259645697998,LGA,10236
1282750052496655155,LGA,13063
1282796486027584558,LGA,14600
1289901188619086090,LGA,15442
1285415065405371415,LGA,17423
1285415424054691845,LGA,15220
1285415763125619804,LGA,12238
1285418221161460244,LGA,15485
1289901494862642475,LGA,17046
1289906220610228798,LGA,20300
1289911415132474925,LGA,15548
1289922974425687983,LGA,14288
1289945114068321574,LGA,25055
1289945228657778175,LGA,12930
1289967817982388835,LGA,13423
1290020957072695464,JFK,9294
1290057302083185194,JFK,10332
1291598697507625081,LGA,12763
1291676391644596684,LGA,15622
1291680070107054691,LGA,12588
1291771868732091728,LGA,15228
1291882163274642166,LGA,14435
1292112304025287413,JFK,23158
1292167931889870238,LGA,14828
1292222260992487501,LGA,20143
1292236884909540286,LGA,21922
1292237372631578554,LGA,12738
1292241759982737943,LGA,3650
1290058989653954657,LGA,12751
1290073319208422354,LGA,16394
1285526805122933419,LGA,9040
1285600385879569184,LGA,19576
1285617393793288168,LGA,19531
1285625643936118380,LGA,13854
1285665525322635572,JFK,9423
1285887172744396690,LGA,5090
1285915398525177707,LGA,13236
1286220872740967386,LGA,15100
1286227275510515649,EWR,19633
1290181244693303361,LGA,13607
1290483407607835840,LGA,13669
1290483805186562618,LGA,13200
1290484171421571176,LGA,17104
1290484977399958477,LGA,17189
1290486157149814495,LGA,15288
1290486543911857603,LGA,15288
1290486953855587158,LGA,15288
1290487391295933082,LGA,15288
1290487837661408556,LGA,12953
1290488256716908443,LGA,12953
1290488631237451972,LGA,12953
1292243575838036094,LGA,6869
1292244592058648403,LGA,4925
1292254474266672255,LGA,4990
1292259792383589784,LGA,3629
1292314114066531212,EWR,29112
1292362142966654303,LGA,11413
1292508780689626821,LGA,16636
1292573463761177218,LGA,12392
1292771601232690670,LGA,14803
1290488993311067006,LGA,17046
1286230517484892193,LGA,13627
1286235718022470886,LGA,15364
1286317209270568929,LGA,12134
1286376625557078941,LGA,11613
1286532155164209258,JFK,13508
1286942890913481818,LGA,13181
1287085243477928046,LGA,15612
1287085775345275722,LGA,16446
1287114426742259858,JFK,9542
1290490963940818185,LGA,11324
1290514241169394772,LGA,13393
1290526529867690092,LGA,14788
1290532759636048252,LGA,13515
1290532803928703719,LGA,14949
1290540076071378632,LGA,14559
1290543288000956841,LGA,15365
1290547153584774862,LGA,14949
1290592430548307969,LGA,14949
1290652971277133324,LGA,11557
1290680526044434356,LGA,14859
1292797757047068752,LGA,12281
1292804860193464360,LGA,13611
1292806829994884564,LGA,22234
1292813072551431550,LGA,13241
1292840951307082081,JFK,6034
1292855173673167580,LGA,11503
1292859461638994844,LGA,22774
1292887062326268292,JFK,6127
1292914943931257528,JFK,7811
1290712572437787645,LGA,4060
1287234932645522194,LGA,14645
1287296794548498236,JFK,10332
1287503410245557899,LGA,13630
1287669572301540323,LGA,13848
1287676722887788205,LGA,13421
1287702087569067117,LGA,14744
1287739461481439132,JFK,10747
1294997933952046454,LGA,13895
1295019599160645328,LGA,5175
1295045557421449986,LGA,13012
1295054021439479562,LGA,10149
1290748192328149709,LGA,15131
1290755893548044343,LGA,16210
1290758282015059804,LGA,15515
1290760416487867943,LGA,15207
1290768376240023755,JFK,6271
1295058207773420592,LGA,5087
1295060868803166653,LGA,7103
1295082372288955428,LGA,23123
1295194110768365332,LGA,20948
1295226372562442418,LGA,14754
1295243164500589018,LGA,10171
1295691703768509551,LGA,14381
1295692047470088652,LGA,12238
1290782983190685992,LGA,15207
1292997798399147746,LGA,20260
1293013694478076603,LGA,11797
1293015118025187989,LGA,13719
1293032378200701704,LGA,12666
1293150378298907267,LGA,14525
1293188439818227261,LGA,13640
1293505943912454306,LGA,14612
1293583627676868019,LGA,14572
1293591775252383462,JFK,7180
1290816484307146814,JFK,12024
1290927439735613838,LGA,4532
1291307990966527081,LGA,19279
1291569378414891829,LGA,12971
1295692552462033996,LGA,14782
1295693412922616190,LGA,14077
1295697218556420361,LGA,15157
1295697993602464014,LGA,15392
1299369433716816792,LGA,14668
1299400118533309754,LGA,13904
1295698421350347539,LGA,15310
1295698600322874906,LGA,13274
1295698918555148007,LGA,15310
1295699403133151277,LGA,15310
1295699768902276025,LGA,10484
1299405124262455022,LGA,19143
1299471468428547287,LGA,13804
1299491137291843578,LGA,15705
1293603263406451329,LGA,10732
1293615937418692641,LGA,19707
1293618881653216345,LGA,14808
1293622383383726855,LGA,19707
1293623674511945169,LGA,19698
1293624395435033229,LGA,19642
1293625371508952494,LGA,19707
1293626162517601483,LGA,19628
1293630926894664390,LGA,14591
1293635451739936644,LGA,15082
1299502297252861385,LGA,18783
1295700430287482572,LGA,17046
1295704285126526163,LGA,13679
1295704636780424648,LGA,14095
1295705038190222304,LGA,12229
1295720605743585200,LGA,15495
1295753453690983324,LGA,15983
1299524131259285835,LGA,5635
1299618509120166833,LGA,17161
1299667314297029836,LGA,15109
1300029701373344547,LGA,17559
1300037681233437424,LGA,21294
1300124362280946371,LGA,15434
1300178500689802017,LGA,15860
1295758338755859808,LGA,10608
1295766997019581532,LGA,10608
1295767781283506188,LGA,10608
1295774180041434930,LGA,10608
1295775243191978154,LGA,10608
1295779783927209332,LGA,10608
1295816599469836035,LGA,22106
1295948259529518223,LGA,14310
1300289378125008990,LGA,13767
1300567835156222131,LGA,15485
1300568410346446118,LGA,14029
1300568695477078121,LGA,14029
1293637933236275515,LGA,22167
1293660068970530150,LGA,11640
1293660931410399186,LGA,20733
1293682501063425305,LGA,15855
1293804915955170254,JFK,15756
1294254053604492523,LGA,20893
1294290147841249556,LGA,14634
1294357209917236393,LGA,11514
1294387352531114501,LGA,15620
1300568967122505601,LGA,14239
1300569382834238945,LGA,17341
1300569640673653685,LGA,17341
1296339138060192620,LGA,19107
1296404738128497862,EWR,28453
1296482331116509515,LGA,11320
1296594099465381714,LGA,10977
1296642503192248351,LGA,17672
1296669420470600650,JFK,10332
1296718362976813510,LGA,6606
1297160329138804117,JFK,7492
1300820745713362015,JFK,8388
1300823553800804690,JFK,8441
1294388669495954876,LGA,15620
1294389252493707420,LGA,15620
1294390363264990691,LGA,15620
1294401352932112105,LGA,15620
1294401898458773751,LGA,15620
1294403149481742101,LGA,15620
1294404569677291746,LGA,15620
1294405057305124160,LGA,15620
1294418125191639782,LGA,11641
1300839454193926836,LGA,15862
1301525839130690770,LGA,19496
1301556798851896528,LGA,14958
1297219249495562544,EWR,32104
1297277611175594752,LGA,14436
1297348067401396837,LGA,17184
1297388751512103486,LGA,18388
1297422699209994514,LGA,21543
1297762041714646973,JFK,10753
1297820285809442413,LGA,15139
1297823716727648486,EWR,30890
1301561636371005523,LGA,15100
1301621334662595813,JFK,10139
1301737585869376595,LGA,13217
1294484908559399175,LGA,11743
1294556474745828327,JFK,13928
1294686138639736075,LGA,15290
1294847782653168909,LGA,13713
1294910428499824072,LGA,19070
1294920999278292612,LGA,14531
1294945297471801255,LGA,14429
1294981504390916248,LGA,16676
1294997733780901648,LGA,11854
1305023398903324406,LGA,14807
1302175472720520147,LGA,12752
1302192490457281505,LGA,13472
1302206554705179618,LGA,14399
1302244340227836020,LGA,20189
1305059574266469232,LGA,14504
1305080302547425769,LGA,15080
1305083038306649030,LGA,13245
1305089956017145344,LGA,13479
1305091192784256338,LGA,13909
1305092541518230802,LGA,17024
1305092969836556862,LGA,17024
1305093690842228163,LGA,17024
1297832286041209097,LGA,18293
1297837822580522637,LGA,9980
1297882854575565311,LGA,14370
1297891655160958881,LGA,13326
1297900361924171425,LGA,14485
1297916611687858436,LGA,15425
1297920874380365861,EWR,27375
1297954793929627638,LGA,16348
1298016667175046182,LGA,15131
1302265517470649544,LGA,11172
1305094445506176270,LGA,17024
1305094594871339028,LGA,17024
1305095106716193497,LGA,17024
1305095293816213388,LGA,17024
1305095466098421605,LGA,17024
1305095686123663481,LGA,17024
1302313766953663246,LGA,11152
1302414061225602677,LGA,12689
1302440974253841487,LGA,12152
1302461915776942964,LGA,6903
1302552552882271162,LGA,16736
1298059391582167979,LGA,15989
1298068015400019203,LGA,16002
1298078346992867733,LGA,12714
1298087756403015038,LGA,14535
1298254618591900869,LGA,8725
1298456467463343286,LGA,10837
1298483154935061303,LGA,10856
1305096322826956646,LGA,17024
1305126466271364148,LGA,15824
1305127271309695379,LGA,18845
1305136788001791031,LGA,14205
1305155395885790298,LGA,15824
1305216263895459156,LGA,10370
1305232994873379876,LGA,15710
1302570698015255251,LGA,13257
1302598873140366555,LGA,17851
1302749513767113405,LGA,24745
1302886734172326864,LGA,19320
1302915199248017590,LGA,22035
1298553614369114796,LGA,12616
1298736958709030142,LGA,10264
1298757225395241143,JFK,8766
1299133904099985447,LGA,15451
1299194338143932677,LGA,14029
1299259936940062328,LGA,14491
1299274159107059262,JFK,15934
1299303649233998267,JFK,15867
1302950043629169466,LGA,13609
1303001580814715552,LGA,14393
1303275785387886154,LGA,10308
1305258718947756102,LGA,14892
1305294589180823626,LGA,15167
1305408801597888752,LGA,14028
1305715886149338004,LGA,14129
1305767390166197442,LGA,10062
1305812761872019845,JFK,17330
1305822010108188588,LGA,14375
1303469491827689617,LGA,16518
1303498152597541153,LGA,16518
1303498441828462537,LGA,14555
1303498705343457095,LGA,12093
1303498949364272866,LGA,12093
1303544801495324319,LGA,11000
1303564120784875224,LGA,16518
1308239764134525481,LGA,10591
1308239962355861774,LGA,13215
1308288440807651905,LGA,18214
1308526950566373172,LGA,15090
1308654705671235318,LGA,14639
1308688732205100474,LGA,11950
1308716552365145886,LGA,12093
1308780466970105207,LGA,21029
1303587397243545059,LGA,15133
1303617700217918030,LGA,21696
1305869134183275661,JFK,17326
1305884735502447649,LGA,19957
1305889068460883671,LGA,15210
1305930003190096391,LGA,15210
1305930848567796999,LGA,15210
1305931686533722060,LGA,15210
1305945251288603947,LGA,15210
1305946029208223657,LGA,15210
1305946832620258772,LGA,15210
1305989386371667863,LGA,15207
1306049433257191606,LGA,13035
1303622154116534954,LGA,14288
1303637913847248705,JFK,21852
1303649987296582182,LGA,11450
1303689041445035007,LGA,6070
1303742851922211002,LGA,17504
1308791070578812470,LGA,14761
1308792861207481496,LGA,19891
1308810839695104610,LGA,15715
1308813592917247558,JFK,12754
1308818815569048075,LGA,10641
1308822069323762943,LGA,12378
1308849720653431555,EWR,31788
1308864666891601767,LGA,12718
1308880811872782814,LGA,4949
1303789015275349694,LGA,15883
1303792006148808804,LGA,15883
1303796688189367467,LGA,15883
1303808697505901906,LGA,13483
1303812144286246878,LGA,21569
1303857126206577982,LGA,15207
1303859613356603180,LGA,14610
1303873258789253150,JFK,10475
1308883768537910069,LGA,13366
1308890102080452409,LGA,13838
1308892090599082243,LGA,14056
1309031254882729294,LGA,14099
1309068453752045154,LGA,12864
1309097799594380320,LGA,15197
1309434838018819902,EWR,16873
1309436752421407092,LGA,15119
1309445836235423904,LGA,7410
1309448819569450344,LGA,15228
1306053246177173299,LGA,13036
1306058110290127705,LGA,13035
1306060122462234898,LGA,18232
1306141019599223277,LGA,15623
1306692611742410370,LGA,15912
1306760524006496593,LGA,6014
1306775272424746206,LGA,4470
1306964850219973675,JFK,9649
1307179957177383017,LGA,21940
1307205644227867324,LGA,21389
1303884604226371796,JFK,10527
1303893043252717487,LGA,20333
1303917519314967935,JFK,10130
1304417138516106936,LGA,17307
1304448898348857033,LGA,12382
1304474686789249372,EWR,29657
1304549420589033442,LGA,8131
1307436337927204224,LGA,15402
1307473542364592283,JFK,14646
1307517932374928415,LGA,21341
1307526528439125045,EWR,32194
1307590389811951061,LGA,15806
1307594981542592432,LGA,11043
1307658363754176454,LGA,5781
1307945273388687004,LGA,13720
1307952985686504228,LGA,10775
1309456468111336996,LGA,15047
1309475690879705407,LGA,11649
1309475998047965582,LGA,14167
1309481208952816987,LGA,12430
1309489498194420122,LGA,16005
1309506029802138159,LGA,12863
1309559029737321449,LGA,13866
1309565575952934825,LGA,13866
1309567017494523553,LGA,13866
1309568019196574613,LGA,13866
1304556482432498977,LGA,15026
1304888327303334077,LGA,16518
1304893383570136558,LGA,14782
1313386233223217471,LGA,15717
1313430859428844249,LGA,20477
1313441654489724881,EWR,27629
1307957788317994577,LGA,13709
1307960993323551747,LGA,14847
1307962735840020272,LGA,16961
1307981424683991103,LGA,14354
1307996984316755714,LGA,20268
1308042821496837399,LGA,15207
1308070189075730448,LGA,15195
1313587820026746312,LGA,15469
1309569185904747040,LGA,13866
1309578837258277868,LGA,14095
1309589557119469006,LGA,10709
1309594972119033421,LGA,14095
1309609267935235316,LGA,14096
1309760275985262427,JFK,7639
1310132633661457888,LGA,12655
1310132992387121679,LGA,15221
1310190853379112377,LGA,15870
1310207299275162369,LGA,15179
1313600026929543794,LGA,15844
1313629691409424927,LGA,12316
1313654044863810348,LGA,13277
1313831322613236554,LGA,19311
1313850412764315637,LGA,10643
1313866429333234266,LGA,14809
1313873315894374951,LGA,12727
1310265281936741203,LGA,15419
1310292474876772556,LGA,24753
1310323314934911276,LGA,15112
1310333463529048431,LGA,12601
1310835542545485931,LGA,14102
1310929424856847275,LGA,18467
1311012817657836976,LGA,15467
1313887370337947013,LGA,13719
1313887772691942309,JFK,5713
1308085978089541612,LGA,15288
1308086238772289586,LGA,15006
1308095757751672505,LGA,14858
1308118274876094460,LGA,14007
1308124757052620936,LGA,15564
1308147004690094916,LGA,12088
1308178606830498075,LGA,12540
1308179300183428077,LGA,18190
1313888345227624637,LGA,18036
1313898436335092936,LGA,13866
1313899289905245368,LGA,12061
1313900599124342508,LGA,13866
1313902189955845819,LGA,13866
1313904957732342981,LGA,13866
1313907558763090173,LGA,13866
1313908881097500246,LGA,12015
1313921774622511568,LGA,14401
1308226925638300623,LGA,10591
1308233196381765490,LGA,10591
1315976981650077142,LGA,13219
1316013662675056464,LGA,15026
1316093126946173314,LGA,14792
1316140530321128750,LGA,11418
1316175756064754999,LGA,10916
1316176700184038537,LGA,11591
1316197866022645206,JFK,26127
1316631934780825989,LGA,13094
1313923291937321180,LGA,11835
1313950450887133162,LGA,15484
1311039185852600517,JFK,10863
1311098874869995145,LGA,10183
1311536486468788791,LGA,15416
1311619035212778168,LGA,13376
1311689357740272190,LGA,20484
1311717767585635809,LGA,15265
1311851965025083755,JFK,10332
1311895201837758894,LGA,14853
1311988990788249100,LGA,13201
1314055810287235223,LGA,15100
1314371054437524113,LGA,13896
1314470186073443843,LGA,15419
1314491803706317325,LGA,14472
1314525533392492537,JFK,11200
1314549753852039035,LGA,12877
1314555089480853682,LGA,11900
1312329050052009200,LGA,14346
1312421342949579840,LGA,15567
1312545604781075273,JFK,5878
1312549916498073457,LGA,23718
1312570839471078787,LGA,10167
1313067928708737367,LGA,12718
1313101880836038196,LGA,14381
1313102390068816811,LGA,6416
1313109942824449282,LGA,21900
1316636724309429374,LGA,16383
1316668696369352587,LGA,15843
1316676553522721978,LGA,15734
1316708349170512455,LGA,15421
1316771104827409665,LGA,12966
1316947194693127310,JFK,10922
1317089541844490655,LGA,18017
1317476314700376142,LGA,6011
1317760474411072079,LGA,5311
1317771642704910011,LGA,5556
1314652629371659879,LGA,13740
1314666285887992173,LGA,11384
1314692063415977536,LGA,11562
1314710618035612256,LGA,11357
1314782090718692471,LGA,20687
1314854424760333152,LGA,13051
1314909358645617455,LGA,11199
1317776530722251327,LGA,10736
1317821489220677613,LGA,11820
1317948795646948301,LGA,21760
1318038474472328677,LGA,14458
1318038812671845933,LGA,12734
1318039155988820844,LGA,12734
1318039459541133153,LGA,12734
1314909637974680263,LGA,13117
1314910190195491771,LGA,12312
1315210716656446509,LGA,11360
1315219656673389852,LGA,13187
1315236981168867835,LGA,6644
1315244571825005083,LGA,14864
1313122595316445483,LGA,20097
1313151528226259437,LGA,12463
1313156485419305970,LGA,13585
1313173956435506504,LGA,19384
1313238298445872544,LGA,15026
1313275491604130149,LGA,17111
1313340092216962572,LGA,12083
1313351484190596189,LGA,12863
1318118957268950121,LGA,15792
1318119411467040940,LGA,14403
1315244848480392300,LGA,15225
1318083316561908934,LGA,14911
1318084007658572242,LGA,12961
1318084422389954390,LGA,13055
1318085057218198055,LGA,13055
1318085624594587977,LGA,15821
1315245097183941787,LGA,15225
1315245332784117997,LGA,15347
1315308657833199336,LGA,14726
1318119739361818702,LGA,16215
1318120061606018916,LGA,12966
1318120409178071251,LGA,14808
1318120726836962525,LGA,14808
1315319482276829241,LGA,22193
1315327023209393188,LGA,14630
1315334356691344405,LGA,12714
1318086120483629780,LGA,13963
1318086509109743082,LGA,15316
1318087264077513131,LGA,12172
1318087753741207788,LGA,12229
1318088100467570673,LGA,17761
1315343898864695841,LGA,21626
1318128626210225123,LGA,15792
1318129134684263970,LGA,12961
1318129502948810376,LGA,15792
1318129963441053117,LGA,13963
1318130342610189013,LGA,14787
1315425085449413508,LGA,4964
1315506799813442986,LGA,10340
1318088861115875944,LGA,10845
1318089217948819942,LGA,13395
1318090844176507931,LGA,17917
1318091526565836351,LGA,17917
1318091951273982727,LGA,14787
1315540949217834747,LGA,15241
1315565699104563323,JFK,8623
1318131064354157312,LGA,14961
1318131416468553829,LGA,14911
1318131986416906805,LGA,14961
1318132325655998843,LGA,14787
1318133256424118608,LGA,13055
1315617661442479612,LGA,10825
1318092696624959223,LGA,17917
1318093169712065363,LGA,13055
1318094196262684814,LGA,15821
1318094578446230017,LGA,14729
1318094924005883432,LGA,14729
1315700102429260102,LGA,29533
1318133857550833832,LGA,13055
1318135989550970512,LGA,13980
1318136372445052306,LGA,14729
1318136766465348713,LGA,13256
1315840927140294322,LGA,15726
1315872192558040243,LGA,11423
1315878769422056009,LGA,14458
1315924666207563599,JFK,8781
1318138640681528200,LGA,15123
1318139315029901058,LGA,16763
1318140095012311460,LGA,16763
1318140727876545370,LGA,15792
1318141689438456280,LGA,11324
1318096133252484173,LGA,15123
1318096895366517194,LGA,14911
1318097892567441083,LGA,17917
1315939190751497364,LGA,16577
1315939634981877463,LGA,16577
1318142035569427741,LGA,14029
1318142355174664627,LGA,15949
1318142962695202105,LGA,15792
1318143441326854551,LGA,12966
1318151355085965447,LGA,14787
1315940056303531747,LGA,13954
1315940405858849584,LGA,12854
1315940965074657654,LGA,12854
1315941461121004757,LGA,12854
1318098479110754122,LGA,14594
1318099578421539894,LGA,13395
1318099975855322117,LGA,15310
1318100579252742840,LGA,14808
1315941934796467735,LGA,13395
1318151985575161725,LGA,13963
1318152356698681465,LGA,14787
1318152907851247147,LGA,14961
1318153219480794085,LGA,14911
1318153719271042825,LGA,12961
1315969380341531143,LGA,13579
1315969898297969583,LGA,13579
1315970336409079120,LGA,13579
1315970749484624396,LGA,13579
1318100925635184764,LGA,15485
1318101305923925752,LGA,11423
1318101869355533888,LGA,12256
1318106083504328675,LGA,13963
1318106415889167101,LGA,12961
1315971158910843437,LGA,13579
1315971648428086288,LGA,15145
1318154121938068517,LGA,10484
1318154849264484447,LGA,14911
1318155354044027164,LGA,14787
1318155874017803709,LGA,15821
1318157438327902493,LGA,14729
1315972107179147278,LGA,15145
1315972508134662558,LGA,14955
1315973187227034810,LGA,13579
1315973657747266983,LGA,13579
1318157760744666728,LGA,13963
1318158213852133579,LGA,13963
1318158562714219314,LGA,14729
1318158906212266443,LGA,15123
1315974096422434086,LGA,13876
1318106721458004400,LGA,12961
1318107072746303605,LGA,14787
1318107673123469865,LGA,14787
1318108284371648830,LGA,13963
1318108639871696313,LGA,17917
1319226590000865581,LGA,19471
1319555922665686891,LGA,8725
1319569215899340385,LGA,5410
1318159547701949683,LGA,15792
1318160195888481293,LGA,14123
1318161224227571785,LGA,15792
1318162128051438728,LGA,15858
1319760232672817119,LGA,15469
1318109181447365540,LGA,14961
1318109482196566111,LGA,17917
1318109994327059800,LGA,17917
1318110489094937046,LGA,14961
1318110808401265881,LGA,17917
1319828822169765758,LGA,22880
1320192903104387119,LGA,10851
1320243299566592061,LGA,14297
1318111269155148362,LGA,13055
1318111939043445841,LGA,15821
1318112292585705451,LGA,15821
1318112691730768482,LGA,17917
1318113192840747899,LGA,13963
1318163619939239852,LGA,15669
1318163986304992335,LGA,13395
1318164459980695134,LGA,15485
1318181335064766565,LGA,12786
1318216788716566719,LGA,20466
1318226413266429616,LGA,20466
1320340281932810469,LGA,16399
1320409769902055935,LGA,6377
1320653622217671428,LGA,11433
1320688645215804521,LGA,19479
1318113615996108403,LGA,15792
1318114302118987749,LGA,15792
1318114926297556317,LGA,14729
1318115225260395846,LGA,13055
1318115853859202406,LGA,15123
1320899342241763307,LGA,13396
1320992709168452286,LGA,15002
1321015801090338930,LGA,20466
1321019127499188568,LGA,20466
1321022159595114491,LGA,20466
1321027425909199552,LGA,20466
1321031882763745432,LGA,20466
1318116449902612094,LGA,16410
1318116870745003313,LGA,16410
1318117481722272074,LGA,14095
1318117888252870752,LGA,14029
1327003285295293971,LGA,15469
1327032534577082984,JFK,22583
1321033089166529324,LGA,20466
1321034759638630061,LGA,20466
1321036825050428184,LGA,20466
1318255884380883537,LGA,14779
1318261047321763717,LGA,13812
1318283326521482243,LGA,13577
1318343801506336183,LGA,14199
1318351786056351879,LGA,13968
1318357973196619223,JFK,5301
1318388972341998863,LGA,21492
1318403022180578826,JFK,11778
1318470838945354894,LGA,23393
1318499036655551155,JFK,11005
1318507325705180008,JFK,11005
1321222172535254758,LGA,18738
1321226209678557133,LGA,16679
1321230492222322380,LGA,22436
1321270001244228841,LGA,22298
1321277150358166273,LGA,10272
1321303917479771706,JFK,8779
1321323479504031454,LGA,21603
1318507688692376955,LGA,15602
1318508978198583479,LGA,24150
1318510556447792875,JFK,11005
1318513028126369027,JFK,11005
1318740134406799498,LGA,12093
1318792959958270378,LGA,17761
1318815629191165652,LGA,12959
1318838623230135645,LGA,9907
1327539883958450145,LGA,16111
1327621291124719094,LGA,12043
1327628946386222839,LGA,19941
1327638461226619113,LGA,5165
1327658498553709772,LGA,12710
1327672723969003370,LGA,13100
1327703764764475156,LGA,8118
1327800338046518355,LGA,14923
1328246830727616836,LGA,15665
1328267981842013630,LGA,15284
1328271779943513548,LGA,16252
1321364084573100804,LGA,15011
1321577662261907481,JFK,8780
1321928959723172319,LGA,15998
1322043231741887418,JFK,11006
1322047199905880553,JFK,11006
1322554978541330812,LGA,1886
1318929014473982264,LGA,15026
1319015681380669440,LGA,14463
1319022674512111823,LGA,12965
1319022775863233271,LGA,13629
1319022934984304366,LGA,13021
1319078032714535974,LGA,10626
1331328148835085189,LGA,14988
1331358422902709603,LGA,6304
1322561224337225530,LGA,14067
1323211171292131546,LGA,15235
1328387308665122352,LGA,15134
1328389210503109223,LGA,13326
1328397168387419138,LGA,12727
1328413334684157438,LGA,11651
1328461012212996407,LGA,8464
1328491124382342287,LGA,15104
1328495753627707573,LGA,15052
1328577071611024033,LGA,15524
1328878100689223671,LGA,15250
1328983561641406156,LGA,14710
1329001004522943117,JFK,23218
1323259878055045525,LGA,21116
1323288995817898300,LGA,14925
1323298101934243952,LGA,16241
1323304660303068169,LGA,14891
1323477990710404145,JFK,5875
1323487726495059444,LGA,7595
1331386025471457642,LGA,11457
1331510015677419115,LGA,7440
1331537410605212824,JFK,7113
1331554575275133695,LGA,10754
1331561257452895445,LGA,11072
1331981516236864622,LGA,19709
1332026372827145488,LGA,10823
1332088851337594382,LGA,15820
1332203306488850686,LGA,24464
1332222157727774290,EWR,24450
1323596565152388814,LGA,11945
1323911715476200591,LGA,13748
1324126155942717697,LGA,14352
1324196587232498954,LGA,15765
1324892554089694943,LGA,8132
1329023907116663459,JFK,6137
1329061753266993212,LGA,20129
1329073782410457299,LGA,14747
1329124004821686834,LGA,14473
1329132983581011350,LGA,11295
1329156079736899373,LGA,15131
1329178530114311554,LGA,11675
1329200046793147212,LGA,21878
1329218591028593875,LGA,19743
1329232928495416847,LGA,16716
1329241880126834139,LGA,12398
1324901618430280180,LGA,8529
1324905762308380998,LGA,8003
1325240428914007338,LGA,14509
1325247998988527336,LGA,13832
1325353666814301695,LGA,16518
1332269767474894694,LGA,11780
1332310918881816823,LGA,13758
1332618567060654444,LGA,21630
1332666494586594007,LGA,7440
1332823506718236066,LGA,10578
1332889831349518084,LGA,17597
1332922746745732220,JFK,10347
1332957374316797643,EWR,25865
1332961386051153152,LGA,11870
1333268675438835113,LGA,14288
1325354149285539554,LGA,12138
1325359920175203022,LGA,29835
1329252176809883795,LGA,11942
1329253560147076704,JFK,5814
1329270094149980071,LGA,12322
1329305163271197946,LGA,11000
1329308875467693650,LGA,16688
1329682931680761627,LGA,15615
1329687517158343349,LGA,14288
1329702366325398094,LGA,14555
1325366618594728191,LGA,11018
1325416622368073586,LGA,10918
1325424607700286136,LGA,11015
1325427459648251950,LGA,10920
1325464123444306272,LGA,11531
1325470886479884542,LGA,18107
1325476876947943412,LGA,15026
1325494263481156396,LGA,14259
1325496308210338295,EWR,23255
1329704438677582537,LGA,12928
1329796875473060784,LGA,19743
1329805239565757064,LGA,16622
1329820304712321017,LGA,19743
1329829174359195492,LGA,19743
1329837522243800488,LGA,18165
1329837694678730256,LGA,19743
1329844199114064848,LGA,19743
1329850995210844078,LGA,19743
1333335693524083249,LGA,11551
1333396514105774911,LGA,20746
1333400345191601375,LGA,3674
1333465565598309761,JFK,8886
1333489028091156183,LGA,13401
1333504568352496141,LGA,15002
1333516717751510224,LGA,20919
1333525113273170321,LGA,13240
1333547461782795727,LGA,10868
1333602331547620600,JFK,21477
1333611945537439513,EWR,33684
1325520876512896030,EWR,23943
1325534647595336112,JFK,22576
1325546394674885324,JFK,22832
1325585910512256569,JFK,7917
1325680204128028169,LGA,24356
1325889190039002012,LGA,25610
1326061500346915155,JFK,9193
1326074013593091071,LGA,14928
1326133128361665175,LGA,15709
1333998132911610062,LGA,13686
1334028366017922070,LGA,14003
1334051009779815699,LGA,14003
1334065138411505588,LGA,14592
1334084983938115037,LGA,14997
1334116575384822407,LGA,11070
1329877868112213230,LGA,13944
1329878481579448876,LGA,16716
1329889857750866417,LGA,16716
1329895192819700027,LGA,16716
1329901907881476049,LGA,16716
1329904211139233301,LGA,14467
1329906622376114391,LGA,16716
1326150306392602315,LGA,14952
1326163932256076480,LGA,16232
1326189425588302720,LGA,21618
1326194602644491136,LGA,13532
1329913292710077071,LGA,16716
1329921986361554389,LGA,12398
1329939210921485856,LGA,12398
1329943827911620224,LGA,12398
1329948516891807652,LGA,12398
1329953910832173999,LGA,12398
1326207757766476296,LGA,12084
1326353626622780911,LGA,7879
1326392273055050211,JFK,7354
1326475527169045510,LGA,15221
1326843545245474119,LGA,20953
1334161280405951778,LGA,12342
1334161357811884379,LGA,15009
1334164480705647425,LGA,12780
1334172218623913013,LGA,5723
1334255652276276856,LGA,14784
1334272524656681070,LGA,10477
1334346245760561542,LGA,5899
1334438520110389982,LGA,14911
1334697297154315074,LGA,19982
1329975630750423883,LGA,14989
1329993043238177970,LGA,13678
1330018504919571860,JFK,12359
1330023315471418462,LGA,5461
1330374307964956563,LGA,16058
1330374643473867541,LGA,16058
1330439807102814879,LGA,16984
1330474289385922747,LGA,13072
1330589952035728187,LGA,14448
1336630811044016193,LGA,14565
1336928443835338329,LGA,16623
1337065884506499523,LGA,13560
1337121440902954414,LGA,13221
1337197055935583451,LGA,15905
1337246407385058493,LGA,22226
1330590997468517515,LGA,14580
1330595893375490126,JFK,7565
1330603515395441176,LGA,15203
1330757895031863378,LGA,15096
1330758594334795245,LGA,14680
1330765447522522271,JFK,7823
1331218257726694594,LGA,14208
1331307729376885553,LGA,11690
1339957476623457262,LGA,14061
1339997505427630252,LGA,15965
1340005327486324249,LGA,15155
1334738521202874757,LGA,16415
1334813549873509911,LGA,16415
1334826228090870055,LGA,10962
1334830916453253278,LGA,12586
1334896936227397476,LGA,11658
1334901607131248881,JFK,10086
1334903983704374309,LGA,13326
1337274443729506176,LGA,20827
1337354616633306955,EWR,26493
1337819484961876987,LGA,22266
1337831051170920612,JFK,13469
1337925489341478152,LGA,14618
1337935453632062972,LGA,14431
1337958517015737331,LGA,18390
1338005708777283899,LGA,24358
1338031888435462608,LGA,14564
1334918854164100195,LGA,14249
1334924019925161963,LGA,14249
1334925854096438826,LGA,14249
1334950027382895297,LGA,20804
1334984207204809917,LGA,13739
1335111561202048116,LGA,21397
1335177071117596151,LGA,13372
1335394864754734509,LGA,17761
1338261042556033957,JFK,13268
1338304413782324688,JFK,13155
1340021595419630582,LGA,13202
1340060917977422618,LGA,12792
1340152647901124222,LGA,21282
1340352405436673149,LGA,9967
1340527907861815192,LGA,5027
1340540042078020335,LGA,19378
1340542116785072593,EWR,28670
1340563513768715346,EWR,28785
1340568564550224422,LGA,8889
1340570452479397539,EWR,24462
1338338553561488305,LGA,15824
1335395315572244948,LGA,14003
1335395636701000268,LGA,14344
1335536974658510048,LGA,15613
1335540873258109647,LGA,15564
1335553886970388842,LGA,13835
1335621278436348388,LGA,12249
1335724136079205169,LGA,15824
1338382630141950202,LGA,16043
1338396814205818201,LGA,11829
1338415718596625954,LGA,10962
1338417690677307990,EWR,22519
1338420122303559685,LGA,10962
1338421742976544436,LGA,14095
1335828433526249786,LGA,22568
1335845679434265276,LGA,7949
1335899894735686654,LGA,5258
1336235867528596008,LGA,6185
1336246243002150846,LGA,12796
1336292783656291111,LGA,12035
1336327746530583438,LGA,13274
1336330981255348475,LGA,13688
1336377070400008896,LGA,15583
1340587092410021104,LGA,13355
1340709243030970285,LGA,15458
1340748507526538352,JFK,8689
1340777583802828536,LGA,15304
1340798393251262720,LGA,14678
1340807991115818527,LGA,15822
1340814926754562843,LGA,19420
1341097308620700553,LGA,15907
1341223289646160168,LGA,14828
1341223662177177332,LGA,13188
1338426322575227340,LGA,10962
1338430761004497357,LGA,18182
1338430778995450485,LGA,10962
1338435621107578185,LGA,10962
1338440230265486280,LGA,11664
1338441705488554044,LGA,14031
1341240224277057893,JFK,14044
1341255875787745348,LGA,14288
1341260785239474422,LGA,11304
1341279233251988984,LGA,15360
1341295357201666739,LGA,10962
1341297018990305399,JFK,17063
1341299619188508415,LGA,11354
1341301615407586697,LGA,10962
1341301643010579266,LGA,10962
1341314952291149898,LGA,7680
1338445506302184847,JFK,13103
1338487824678631501,LGA,17473
1338521302250840685,LGA,13076
1336425358430506496,LGA,12244
1336443272374665733,LGA,15026
1343645202762334065,LGA,13891
1343669710961050876,LGA,21426
1343682889036758901,LGA,11645
1343696908645827246,LGA,12572
1343729614536793141,LGA,13232
1343814926716851544,LGA,14560
1343837237931159198,LGA,15423
1344203989320440460,LGA,11447
1338544576676803929,LGA,20365
1338554403341499095,LGA,16083
1338556110983985631,LGA,14424
1338558317389292139,LGA,14616
1338559104093352920,LGA,15883
1338559508481839278,LGA,16271
1338583129664452248,LGA,10962
1341364663234980493,LGA,16959
1341388202889782088,EWR,28628
1341398588435786022,LGA,13826
1341443100146766187,LGA,17831
1341462465018023697,LGA,15558
1341463794009348943,LGA,15542
1341465215761938628,LGA,15557
1341550437017151647,LGA,14542
1341550699097509697,LGA,12616
1338586308479876540,LGA,10962
1338587637097370147,LGA,10962
1338610081150040797,LGA,11561
1338626937294532404,LGA,10948
1338629253127116048,LGA,29608
1344244489192469712,JFK,17654
1344284384553691603,LGA,16020
1344298115530569589,LGA,12690
1344315024079420256,LGA,12699
1344324146903483331,LGA,12706
1344324475974457666,LGA,13904
1344351298913563427,LGA,22271
1344360318928343193,LGA,22271
1344362348522220378,LGA,22271
1344367805653815916,LGA,22271
1338637650946652201,LGA,24345
1338671620888917668,LGA,10883
1338695942839140941,LGA,23664
1338771274289572470,LGA,14219
1341550862703972401,LGA,15786
1341550931118220431,LGA,15509
1341551207305769177,LGA,12852
1341551555885785687,LGA,14375
1341551587283281386,LGA,15735
1341587134468439724,LGA,15360
1341630436070686432,LGA,13901
1341757425548759443,LGA,6719
1342038349846774449,LGA,18702
1338826115810664687,LGA,16394
1339124426559283621,LGA,16842
1344369942388225733,LGA,22271
1344394599127509754,LGA,11896
1344400761759460358,LGA,15091
1344414959095536135,EWR,23869
1344417181599759022,LGA,21720
1344431439949805642,LGA,18050
1344463394197679398,LGA,15145
1344497316152802547,LGA,5469
1344630370175255397,LGA,15927
1339124758886043833,LGA,13021
1339125250781962662,LGA,12876
1339125523437573832,LGA,12876
1339125769594193092,LGA,12876
1339126026625822138,LGA,12876
1339126262928640570,LGA,12876
1339126582321205692,LGA,12876
1342211832405992785,LGA,11946
1342305609381019351,LGA,18285
1342636296445637689,LGA,16027
1342784125183327277,LGA,15072
1343067513628898270,LGA,16462
1343070040386687262,JFK,10638
1343244748884303826,LGA,12535
1343440696309404963,EWR,28730
1343474517046541392,EWR,28654
1343485681332345875,EWR,28719
1343490442256709489,LGA,18183
1339126910812146601,LGA,12876
1339134978867456774,LGA,12876
1339158615278188392,LGA,11192
1339181854607087478,LGA,17583
1339185326253628655,JFK,6241
1344774292228895201,LGA,5755
1344931327471470834,LGA,14949
1344968633461946766,LGA,16883
1344973663800815648,LGA,10553
1345025914203476108,LGA,22271
1345029823295183765,LGA,22271
1345035575943032167,LGA,22271
1345045831339858672,LGA,14839
1345079376292871136,LGA,10193
1345088504050736859,LGA,15080
1339279732333583515,LGA,14709
1339280976412256516,LGA,15689
1339361521089358191,LGA,16014
1339398779116303873,LGA,16328
1339413545125795810,LGA,21677
1339451539407033720,LGA,13901
1343490918846369148,LGA,18183
1343491166873752909,LGA,15889
1343500906267662988,LGA,12473
1343501201796667864,LGA,12476
1343501488117077442,LGA,12473
1343501820475130457,JFK,7473
1343524762424128023,LGA,17277
1343525125741306056,LGA,17277
1343525388061680130,LGA,17277
1339451946508726174,LGA,20450
1339555335212456153,LGA,10526
1339767390009276643,JFK,9689
1345160687445675439,LGA,14906
1345177749999651867,LGA,18091
1345189870154399746,LGA,29441
1345204432643290045,JFK,9621
1345263700154615833,JFK,8546
1345304875035113821,LGA,6837
1345349908204056954,LGA,13723
1345546683941355083,LGA,15458
1345718873103632317,LGA,8090
1345745036687556677,LGA,11497
1339828135232751364,LGA,16111
1339834368926786830,LGA,16205
1339838938668106394,LGA,14096
1339850833161398086,LGA,4729
1343525675904903743,LGA,17277
1343525982711081001,LGA,17277
1343554665952222671,LGA,13961
1343566675259578780,LGA,15364
1343570730829767302,LGA,10950
1343580218661220915,LGA,16731
1343589307181507328,LGA,16648
1343602946696486909,LGA,19706
1343606046587728518,LGA,19707
1343607019418098043,LGA,19707
1343608312965019888,LGA,19706
1339852338095933370,LGA,16549
1339854866528452181,LGA,14160
1339886978816047568,LGA,12876
1339887221342573686,LGA,12876
1339887463541396540,LGA,12876
1339901305183030221,LGA,21680
1351673221982869402,LGA,15246
1345745832069042790,JFK,8120
1345830465304716848,LGA,15278
1345852736456447740,LGA,15165
1345884077950886374,LGA,13010
1345931831442868496,LGA,15961
1346005903520278812,LGA,10878
1346011385245688663,LGA,15107
1346073166317553948,LGA,14577
1346093486392263908,LGA,15865
1346339716074424002,LGA,14379
1346379732952444457,LGA,14594
1351702497380631417,LGA,12973
1351750971094675776,LGA,13221
1351757291747313051,LGA,15939
1351811073308177544,LGA,13931
1348030715937595605,LGA,13377
1348032300167221882,LGA,14555
1348065175644192890,LGA,14555
1348081441771732943,LGA,15247
1348101930226655519,LGA,15599
1348116706745152133,LGA,15476
1348208433398235466,JFK,13947
1348224638043052484,LGA,12472
1348250300631910268,LGA,23604
1348450628397905712,LGA,14006
1351936018887035026,LGA,10219
1352105642639674623,LGA,15246
1352270154860885172,LGA,15139
1352275562304745935,LGA,15399
1352326392977150445,LGA,16078
1346387284441653676,LGA,15198
1346430883382996878,LGA,12333
1346441957873360588,LGA,12102
1346465280206426255,LGA,22419
1346473578110968030,LGA,14928
1346484805983684464,LGA,14928
1346515075445367491,LGA,20171
1346566257328706603,LGA,14244
1346637664674556870,LGA,18166
1346642125820135121,LGA,18048
1346727651694919487,LGA,16095
1352334846814794019,LGA,14470
1352384349451037799,LGA,13334
1348466013264464125,LGA,13075
1348495477413501628,LGA,13673
1348555125455647219,LGA,15659
1348576202326071377,LGA,11184
1348612499277448836,LGA,16326
1348631831446193789,LGA,14712
1348636327388391635,LGA,22226
1348676338398201826,LGA,14288
1348696041239998146,LGA,17526
1348701120435272527,LGA,15813
1348711398533899913,LGA,15166
1352512516669532884,LGA,14657
1352516479821230164,LGA,5571
1352586725505349408,LGA,18609
1352595673565168695,LGA,18547
1352910145944563683,LGA,15778
1352978171769829462,LGA,14807
1353010796851174112,LGA,20614
1353011991982303521,LGA,6812
1353040193757607659,LGA,14514
1348712681039654077,LGA,15814
1348715413041178420,LGA,15883
1348715770180329290,LGA,11679
1348716025756828948,LGA,15575
1348722634685592942,LGA,15645
1348723430186082367,LGA,15883
1348724366800647589,LGA,16780
1348724717186350615,LGA,14841
1348725092849865775,LGA,15827
1348725424340921578,LGA,15889
1346740995081399956,LGA,14787
1347226350531035155,LGA,11113
1347235662501302053,LGA,6418
1347313595763737845,LGA,13327
1347397542933276597,LGA,13553
1347430640098324404,LGA,15226
1347444030320061319,LGA,15275
1347451723436026844,LGA,13304
1347459750225269059,LGA,15131
1347732595289937840,LGA,16077
1347944937085215673,LGA,15346
1347961648591546092,LGA,10217
1353045546764573027,LGA,18435
1353054792353650107,LGA,14514
1353063127998077598,LGA,14095
1353084950392251871,LGA,15687
1353112820561322179,EWR,24326
1353284492120564645,LGA,5715
1347967916650191946,LGA,15251
1348027931467312956,LGA,13196
1353698383034316841,LGA,15960
1353698566451125269,LGA,12834
1353698586581204652,LGA,12572
1353698744056655210,LGA,15696
1353699219574156499,LGA,15175
1353699232809063400,LGA,12599
1353699368178587277,LGA,16088
1353699526155083770,LGA,19695
1353699547856641258,LGA,12968
1353320201836994255,LGA,5792
1353536145406564683,LGA,5754
1353582220012549830,LGA,14849
1348725772101236011,LGA,15883
1348726080699944574,LGA,15814
1348726664318702040,LGA,14906
1348752832283423137,LGA,15231
1348753612061630726,LGA,16271
1348754799813555057,LGA,13022
1348759114419487035,LGA,17812
1348782520614694097,LGA,14334
1348813611994432551,LGA,17225
1349360291949375915,LGA,15485
1349410822476165117,LGA,15872
1353621477624410931,LGA,15976
1353635043469682853,LGA,15288
1353635401690234419,LGA,15288
1353654934070085693,LGA,19724
1353699732855118861,LGA,14678
1353700174408031034,LGA,11507
1353700191415773674,LGA,14723
1353700480813404014,LGA,12696
1353700496163792428,LGA,12743
1353700650876630343,LGA,12943
1353700671662877302,LGA,9492
1353700829094884760,LGA,13239
1353700874134022021,LGA,12068
1353701049692590557,LGA,12392
1353701056729770356,LGA,12027
1353672487993226557,LGA,12346
1353672497532041722,LGA,11835
1353673057607620769,LGA,12552
1353673065136056687,LGA,12534
1353673241784989180,LGA,12460
1353674407409118734,LGA,16988
1353675570359766951,LGA,10863
1349413334096387427,LGA,15827
1349413634039394661,LGA,14616
1349413872435875551,LGA,14173
1349414402017229537,LGA,16008
1349414965522368059,LGA,15988
1349415417672248402,LGA,16255
1349424256412668294,LGA,13902
1349514736387161835,LGA,15814
1349547139205551761,LGA,18506
1349554655532289307,LGA,14470
1349572794105795671,LGA,14780
1353676795494065704,LGA,15282
1353685472951268177,LGA,16070
1353685752591982477,LGA,14916
1353685887394459846,LGA,11097
1353686176327853826,LGA,12286
1353686225191507470,LGA,12641
1353686279901862921,LGA,12652
1353686340262517248,LGA,12866
1353686732246709216,LGA,14581
1353687071023389543,LGA,15551
1353701236974792044,LGA,21589
1353701403772048040,LGA,12542
1353701430247771450,LGA,24542
1353701620473829801,LGA,16293
1353701624798355709,LGA,16029
1353711016043851007,LGA,13796
1353711056106688700,LGA,12049
1353711064664547394,LGA,15314
1353711066589536515,LGA,15581
1353711084193525627,LGA,13286
1353711089528564591,LGA,12302
1353687151513520413,LGA,12679
1353687205133363780,LGA,12564
1353687234944524954,LGA,15522
1353687272845414314,LGA,15798
1353687310973296352,LGA,15999
1353687359861529228,LGA,16430
1353687537165678547,LGA,15724
1353687555921590135,LGA,17498
1353687603592213822,LGA,15322
1353687623699897144,LGA,15106
1353687664663654393,LGA,12821
1353711091407551953,LGA,11178
1353711091413348811,LGA,10926
1353711095386828063,LGA,12508
1353711099775057409,LGA,11195
1353711117563458390,LGA,10792
1353711394729738008,LGA,12810
1353711395236510226,LGA,12798
1353711502366695629,LGA,12820
1353711503523121527,LGA,11186
1353711508003707400,LGA,4101
1353711511741625411,LGA,14874
1353687796364261240,LGA,16158
1353687853313308926,LGA,13031
1349656149856482244,LGA,18564
1349926489915799892,LGA,16014
1349980168310018196,LGA,11073
1350081637464839029,LGA,21209
1350114575053832594,LGA,19431
1350130887670690892,EWR,28690
1350231788990193118,LGA,13434
1350263293184398225,LGA,13064
1350275130989708598,LGA,21973
1350301527734812307,LGA,13831
1350301884894830201,LGA,20612
1353687949599448295,LGA,15508
1353687971982913372,LGA,15664
1353693702550297998,LGA,11661
1353693735213217091,LGA,23253
1353693735290386347,LGA,12558
1353711518105248856,LGA,14185
1353711569479112728,LGA,24572
1353711572092083360,LGA,11989
1353711578595385778,LGA,10865
1353711611899465145,LGA,12262
1353711620654324233,LGA,13113
1353711621744476691,LGA,13465
1353711720452359558,LGA,12590
1353711720529704039,LGA,12501
1353711772582135787,LGA,15216
1353711780822708685,LGA,15981
1353693982581364581,LGA,12224
1353693993253610113,LGA,12998
1353696789115031132,LGA,15214
1353696816288196451,LGA,11079
1353697259721256940,LGA,15630
1350437319146780555,LGA,5156
1350550254856034806,LGA,14678
1350704215710828861,LGA,13601
1350704257465972129,LGA,13752
1350725251983510325,JFK,15623
1350807190013022652,LGA,20994
1350809715431400958,LGA,12798
1350810459733148928,LGA,10986
1350810468780137883,LGA,16101
1350810475690808970,LGA,12851
1353697260571070651,LGA,13360
1353697451883226759,LGA,14100
1353697454255546255,LGA,16372
1353697632102267569,LGA,12010
1353697637040010564,LGA,10919
1353697844850996549,LGA,11000
1353697845849804216,LGA,10721
1353697993582031472,LGA,15505
1353698174083564930,LGA,15880
1353712024091349613,LGA,11291
1353712032327720339,LGA,11078
1353712129667920271,LGA,15094
1353712131340559157,LGA,15161
1353712668085642038,LGA,15349
1353712939918271965,LGA,12630
1353713028370102526,LGA,23263
1353713454304303933,LGA,15356
1353713488929835363,LGA,14619
1353713625497135786,LGA,10916
1353713729910435510,LGA,10960
1353713793013613646,LGA,10808
1353698354159391603,LGA,16024
1353722155179686582,LGA,15074
1353722198367139582,LGA,12533
1353722647538585364,LGA,14677
1353722924566138359,LGA,12795
1353722957351619660,LGA,12661
1353723023969440471,LGA,12699
1353723109753696466,LGA,15780
1353723201072332463,LGA,15563
1350833177837342791,LGA,20994
1350834291524844787,LGA,20994
1350876509153819535,LGA,14854
1350929395133740789,LGA,16932
1350955843441065429,LGA,15434
1351029252767841035,LGA,28547
1351111877115893142,LGA,16776
1351162631931442213,LGA,14168
1351415477188606983,LGA,15859
1351489284804563185,LGA,17016
1351535101914002515,LGA,13423
1353723286414970645,LGA,13098
1353723883038886693,LGA,23263
1353719024754590426,LGA,10803
1353719044788556779,LGA,10982
1353720000885084272,LGA,11658
1353720020432954311,LGA,14695
1353720128898700268,LGA,13144
1353720226064375710,LGA,12708
1353720740360747055,LGA,12743
1353720771206630853,LGA,12734
1353720960086610731,LGA,13131
1353721150637572827,LGA,12272
1353721151712131878,LGA,14628
1353723950781719431,LGA,11197
1353723967190327531,LGA,12998
1353724252538190115,LGA,12492
1353724254623194604,LGA,12835
1353724636616878755,LGA,12577
1353724639523595915,LGA,12561
1353725077533773590,LGA,11664
1353725081782885019,LGA,15001
1353725224725297052,LGA,11656
1353725240188923096,LGA,15336
1353725388956918058,LGA,11555
1353725416499091307,LGA,12772
1353725524575745096,LGA,12237
1353721240489621307,LGA,12551
1353721554353736385,LGA,15514
1353721760777670945,LGA,11337
1353721763081926439,LGA,12677
1353721948893112089,LGA,12660
1353721950085957613,LGA,11106
1353722066109183493,LGA,12609
1353722135138590271,LGA,13683
1359414549466390337,LGA,19448
1359428384537972465,LGA,15787
1359436587027209594,LGA,12864
1359453363299750578,LGA,13749
1353965318849191034,LGA,3948
1353983338454476540,LGA,4225
1354153598316919200,LGA,14195
1354154213648707088,LGA,12056
1354155865205088415,LGA,15357
1354303870053593187,LGA,12384
1354325709592013912,LGA,15689
1354416399716866303,LGA,5852
1354421028439882911,LGA,9620
1354423903083820215,LGA,10363
1354444544346795112,LGA,5775
1353725600352337363,LGA,16731
1353725812677398171,LGA,16718
1353725850295737318,LGA,12896
1353725874032333151,LGA,10889
1353725874457617504,LGA,10738
1353726206833117323,LGA,12855
1353726224390258198,LGA,15065
1353726463031624206,LGA,12059
1353726467664276089,LGA,15613
1353726676871403553,LGA,12406
1353726801089984948,LGA,12540
1353726804090218108,LGA,14995
1353726809954105246,LGA,10820
1354455545771372857,LGA,5853
1354456237766693862,LGA,15174
1354456333139187917,LGA,15408
1354456404025493096,LGA,15517
1354456534460992076,LGA,14868
1354456627371569442,LGA,16210
1354456800849338159,LGA,15757
1354459722468381011,LGA,12638
1354464296571404191,LGA,5853
1354471123491571182,LGA,11064
1354508177765511001,LGA,15289
1353727063845727089,LGA,12390
1353727131722718183,LGA,12768
1359463438376807007,LGA,13833
1359464457969384600,LGA,14542
1359468969360356098,LGA,15473
1359504607497654257,LGA,16017
1359573531079785641,LGA,21212
1359574531044475441,LGA,12649
1359670058661580052,LGA,14584
1359702695327440866,LGA,20978
1359754329005822690,LGA,11646
1353727215471201674,LGA,12912
1353727313609130839,LGA,3518
1353727482639876329,LGA,11035
1353727526500694602,LGA,14919
1353727598682657400,LGA,12559
1353727881976992426,LGA,14861
1353727904529967485,LGA,10368
1353727977413932785,LGA,15253
1353728093663846245,LGA,11123
1353728096580646832,LGA,12487
1353728104808718429,LGA,15540
1353728808767530082,LGA,15184
1354526570702676189,LGA,15267
1354534638237475422,LGA,15173
1354542898181871800,LGA,15261
1354547956913806093,LGA,16343
1354549386588894661,LGA,15261
1354630808943477780,LGA,12405
1354634305354454172,LGA,3546
1354692062527041556,LGA,14849
1354828008260823713,JFK,8801
1355054420874722372,LGA,12093
1353729206914581491,LGA,11125
1353729243105697843,LGA,11015
1353729267128070917,LGA,13681
1360176432500757236,LGA,12958
1360200887678888743,LGA,11081
1360235579219453843,LGA,16889
1360290629684082554,LGA,11487
1360331985161439887,LGA,16934
1360351997323478695,LGA,13868
1360626525772449784,LGA,18595
1360837752237598231,LGA,13909
1360899930891140524,LGA,13819
1360911155403350623,JFK,8951
1353729294698890700,LGA,15374
1353729375153276913,LGA,12335
1353729762407217206,LGA,12237
1353729838429905542,LGA,12302
1353729901108228779,LGA,11879
1353730174476343331,LGA,12840
1353730183295372372,LGA,12533
1353730233524387534,LGA,15595
1353730291515019032,LGA,10978
1353730425879604592,LGA,12567
1353731572835666938,LGA,15593
1353731612152318785,LGA,14687
1353731728339594098,LGA,12939
1353731731082996696,LGA,14817
1353731773240047322,LGA,12745
1353732312267714781,LGA,12937
1353732338507314238,LGA,15253
1353732447344358060,LGA,15352
1353732615994664573,LGA,13185
1355071710949164589,LGA,6566
1355081253009984212,LGA,13415
1355088227897569976,LGA,13396
1355118252249386243,LGA,10962
1355123322106678108,LGA,11347
1355130003708083179,LGA,10962
1355159469349277096,LGA,16086
1355183276273374538,EWR,32073
1355203524839114272,LGA,16971
1355237166686947509,LGA,21526
1353732965950349681,LGA,15814
1353733224234023431,LGA,15738
1353733290594019095,LGA,13256
1360911494336023398,LGA,20200
1360928345267445314,LGA,23285
1360971413061937239,LGA,11638
1361073672450343753,LGA,14551
1361155071474301170,LGA,15695
1361213775816170266,LGA,12736
1361384974139754443,LGA,13520
1361567919809109820,LGA,16235
1361604419465241908,LGA,22665
1353733727395029063,LGA,12801
1353735403531312909,LGA,12484
1353735780427370333,LGA,11960
1353735992394679691,LGA,11321
1353769347989168503,LGA,19319
1353789074090447586,LGA,16796
1353791249372472245,LGA,28364
1353876118169704511,LGA,14474
1353876642508740905,LGA,14474
1355253109382844202,LGA,21454
1355261001625996655,LGA,15164
1355275624338698523,LGA,18091
1355380433778984135,LGA,14606
1355382147091544142,JFK,7615
1355508559496880813,LGA,15233
1355803117233570037,LGA,17302
1355956034867228723,LGA,13635
1355987291088179418,LGA,16934
1356004880222321444,LGA,24801
1364514205600836425,LGA,16871
1364520501582908015,LGA,17087
1361612505091432023,LGA,11353
1361615214870216083,LGA,11353
1361616210768573467,LGA,11353
1361620830392381568,LGA,14893
1361668752203803692,LGA,12787
1361671546562262247,LGA,14187
1361840108844137918,LGA,12684
1361862407226900290,LGA,13371
1361870460346606483,LGA,13179
1361887973862900916,JFK,8230
1361949390903717514,EWR,17175
1364528353378823343,LGA,14949
1364529283230621780,LGA,13321
1364534661512828780,LGA,16991
1364557729394739830,LGA,16988
1364561054344358916,LGA,14542
1364561089438076143,LGA,12934
1364561637597316567,LGA,15199
1364579260115677851,LGA,12476
1364607845819043343,LGA,17852
1364624861595098822,LGA,17066
1364631206091431973,LGA,15175
1356043661815110959,LGA,12464
1356054842255800745,LGA,12616
1356134138182270292,LGA,11365
1356177255367743201,JFK,11225
1356624484375250156,LGA,6209
1356803194264189950,LGA,20813
1356809966094636886,LGA,21344
1356813873885764919,LGA,16532
1356862958825673292,LGA,20403
1356893086423977087,LGA,10955
1362337688179925950,LGA,11939
1362352331028746090,LGA,11987
1362366050883306965,LGA,15088
1362407813755960846,LGA,15074
1362456424463439135,LGA,19338
1362598915038448168,LGA,15542
1362780755158625255,LGA,15265
1362969192110962964,LGA,14510
1363156698915120048,LGA,12248
1363291600870532702,LGA,13449
1363402735217899797,LGA,13857
1364657705090862221,LGA,15143
1364658342348977561,LGA,15143
1364677586091366497,LGA,17129
1364683828642540987,LGA,17362
1364698120019338456,LGA,17116
1364719802331955598,LGA,17010
1364732199083489641,LGA,17134
1364788104694825623,EWR,32288
1364887229677879336,LGA,9686
1365162749633372256,LGA,16716
1357574158630690509,LGA,18302
1357645979721577487,LGA,10737
1357876518167506533,LGA,10834
1357897816189402222,LGA,21265
1357898220049717025,LGA,10755
1358068171999092079,LGA,14295
1358373520011451882,LGA,15571
1358610356621521309,LGA,13833
1358646034863812894,LGA,13493
1358719693158820526,LGA,15380
1365218203918495231,LGA,16322
1365238750548547365,LGA,12205
1365244570965156217,LGA,12205
1365247115922412960,LGA,12205
1365247962337214463,LGA,12205
1365248840982084227,LGA,12205
1365257869016994006,LGA,11615
1363418328428191724,JFK,10058
1363522128707572869,LGA,20116
1363607256237218807,LGA,20403
1363842394013079490,LGA,14714
1363867605979600681,LGA,10591
1363899325133616434,LGA,11194
1363921697387633746,LGA,14769
1363933816694155745,LGA,12913
1363966319952515034,LGA,16966
1363993030931779525,LGA,17114
1365261658279089447,LGA,15210
1365265684718252874,LGA,15210
1365267287643235010,LGA,15210
1358727341404447926,LGA,12367
1358753389772899663,LGA,12593
1358755155344142573,LGA,15430
1358778393848292427,LGA,10796
1358786963186444509,LGA,10907
1358790436983865745,LGA,10818
1358822659920606401,LGA,14437
1358828254042228732,LGA,16848
1358860953954040909,JFK,22465
1358868236718681756,LGA,14962
1365268995370875911,LGA,15210
1365270578239623298,LGA,15210
1365271418686333092,LGA,15210
1365272281094539452,LGA,15210
1365280960717329365,LGA,15166
1365282588436052470,LGA,15166
1365282638341778266,LGA,15166
1365314636744411626,LGA,10962
1363998711711268568,LGA,17041
1364114970767083727,LGA,28894
1364191661274032663,LGA,17266
1364260951779632380,LGA,15442
1364300267159465548,LGA,10386
1364308392617365525,LGA,19132
1364367846317604465,LGA,12527
1364368107763696654,LGA,15614
1364368438635733754,LGA,12967
1364368487190438657,LGA,15193
1364368742615293679,LGA,11975
1364369395391312179,LGA,11183
1365325477150819984,LGA,15427
1365328001081541959,LGA,15427
1365330309802344714,LGA,4270
1365339835964589529,LGA,15427
1365344330886604881,JFK,8780
1358888281146682334,LGA,16249
1358970352440983542,LGA,11381
1359380594439776345,LGA,21670
1366734405389052473,LGA,16426
1366758255182436525,LGA,18935
1366763690054802171,LGA,18802
1366767632362362078,LGA,19518
1366771750105846963,LGA,19518
1366773325407097923,LGA,19518
1365354032914947877,LGA,11398
1365406713901180398,LGA,13385
1365417116101093761,LGA,13139
1366845814698104281,LGA,12876
1366912874990325602,LGA,5528
1364370113337281432,LGA,12808
1364370321727775225,LGA,21822
1364370356101079630,LGA,9957
1364371022850917906,LGA,18379
1364398160830776225,LGA,18127
1364477714461684157,LGA,13659
1364504149036333173,LGA,10776
1365484573394972967,LGA,19584
1365494908532851704,LGA,11775
1365496120882253043,LGA,11357
1365511906182946356,LGA,11775
1365681782045610391,LGA,5447
1365687240140522861,LGA,5450
1365812777839378933,LGA,15334
1365865620836752897,LGA,15334
1365904038087745546,LGA,16121
1365987477656198999,LGA,19999
1366077611350307856,LGA,11902
1366114149538807331,LGA,13136
1366123641898773098,LGA,13495
1366129318116758410,LGA,12832
1366140929513944949,LGA,12836
1366144517562561460,LGA,11457
1366157111370295882,LGA,13119
1366164480631334407,LGA,13603
1366167320996859461,LGA,20532
1366228575653775138,LGA,12822
1366237322410703508,LGA,12927
1366259830382103771,LGA,12699
1366263359400557457,LGA,13752
1366276159114868718,LGA,15462
1366302485518054103,LGA,14367
1366333532374850165,LGA,11609
1366717321390111215,LGA,19518
1366721904709517353,LGA,13191
1366722692755341871,LGA,14204
1366723228243064949,LGA,19518
