숙소id,지하철id,도보거리(m)
36121,238,469
36647,623,505
38663,R31,188
38833,A14,137
39282,G29,252
39572,A25,350
6848,M14,358
6872,622,404
6990,624,418
7097,G36,647
7801,L08,281
8490,A47,681
93313,A47,771
94783,S03,316
96471,A44,217
98663,A28,413
100002,110,374
100186,F23,343
42300,M19,203
42729,F21,712
43105,633,309
44229,G35,811
44973,M14,322
9357,125,579
10452,A45,292
12940,S01,252
14314,G26,497
15341,M19,138
15385,M16,786
16580,L06,1268
45910,M05,430
45935,618,384
45936,117,663
103555,G36,998
105469,H12,312
106363,114,714
106647,G34,330
107630,G26,554
112435,G36,671
113265,A46,699
115535,115,270
46911,236,92
49048,A45,275
16821,F14,495
16974,621,321
17037,L06,1258
18152,Q04,1360
18728,A31,321
19174,L01,81
19282,D27,159
52689,R01,683
53469,M01,1324
115748,R04,384
118061,A48,821
125163,A48,916
135465,G36,96
136493,R32,543
53470,M04,372
53477,M01,1605
54466,A17,323
54508,236,273
54544,225,641
54860,622,105
21794,A31,185
23135,F22,717
23545,114,294
24285,F24,756
26785,R33,368
27883,F14,563
55959,G29,252
56859,224,498
57166,R01,724
57297,423,492
140133,L08,567
141335,D25,591
144087,A16,252
146726,226,288
148259,L11,276
148825,A18,675
150804,M18,467
57874,621,607
58059,A12,139
59014,M18,182
28907,Q04,596
29013,A45,314
29628,A44,193
31130,125,351
31994,G35,256
33009,L08,370
59121,M05,483
60611,624,262
151199,G18,190
152263,226,421
157673,A47,155
158061,J29,347
166006,A18,417
60666,225,370
34760,G36,645
212109,L01,561
213330,F15,282
216080,G36,586
218358,A16,422
219066,N05,371
219922,116,450
60680,L06,808
61406,A16,212
62925,G26,252
63588,608,2693
63610,502,791
168123,F25,687
169483,F35,467
170761,G36,321
173151,G26,536
174966,124,391
176135,S03,316
223930,237,460
225354,M16,828
225976,S28,1542
226021,L11,573
227495,121,344
228317,J30,696
64314,A46,656
64365,A46,608
66008,F21,196
66251,F14,523
177606,632,1110
179670,M18,757
180201,L08,471
182069,624,166
66275,M19,52
66974,F21,442
233638,M06,262
235552,F24,673
235951,630,496
235960,M18,534
67299,L08,927
68735,121,171
68974,M19,165
190974,F24,375
191610,A30,372
195123,113,156
195240,D27,458
195989,R32,127
69894,123,129
245544,406,387
245574,G33,186
248865,721,855
248966,M10,387
249704,L12,223
249867,J29,295
71366,A32,302
199733,S03,384
201992,R32,572
204065,G34,328
205485,A47,504
206957,D39,1336
75635,D22,279
75658,G32,623
250536,225,536
251277,121,438
253332,R34,622
253466,721,855
253471,721,855
253475,721,855
253800,721,855
77765,721,865
79067,A44,378
80493,F14,458
208889,J31,585
209310,715,706
274743,Q04,405
276021,M16,728
276317,D25,101
277883,243,446
253803,721,855
253806,721,855
253811,721,855
253846,721,855
255476,G29,309
255601,G33,393
82638,L06,969
82928,A47,767
83243,J29,226
83474,R29,143
281851,A15,401
286662,239,371
287408,A27,827
287845,F21,129
84010,721,865
89427,A44,217
400078,G32,560
255957,M19,71
257097,A45,339
260755,137,195
409262,F20,153
292121,A25,260
292800,133,118
294227,721,865
294242,721,865
294259,721,865
294263,721,865
411918,249,286
413504,L11,236
416557,G28,652
294280,721,865
295998,120,504
296717,G33,294
298759,A46,667
301034,A16,261
263232,A12,409
263888,120,994
266449,F15,149
266753,F15,182
417685,F24,279
424767,633,179
425423,601,2467
267652,F27,767
268335,L08,653
268439,L13,193
269283,250,748
269404,R03,916
270139,L15,586
270231,713,143
270345,F14,326
431865,A10,247
302238,225,249
302280,225,301
302309,225,334
302705,627,173
302758,622,502
303264,225,64
305245,225,387
310325,A12,387
310338,A12,259
432823,D25,545
433414,G35,349
433914,A54,166
437352,F23,221
272026,A02,121
518566,627,300
519310,713,111
523123,F25,422
528485,R34,494
530576,122,481
439750,L11,216
310524,G34,785
314982,L05,263
318021,A16,400
321136,113,251
322037,L08,321
439870,F24,534
442636,L19,505
443646,121,454
447766,633,601
448011,G35,277
325429,Q04,440
332208,G28,210
333323,A27,921
336055,601,2493
532288,A32,142
533506,L06,327
536578,M08,440
538465,A05,2504
540057,115,190
541725,L08,528
542054,L06,327
543792,L16,897
449660,F26,624
450577,A22,192
453094,G35,258
455734,A02,477
456190,133,440
342995,224,163
343276,A28,623
343766,G19,117
344082,A28,530
351859,129,233
352651,242,417
353317,F16,132
355563,F20,249
545261,G35,185
545651,242,258
550653,F25,466
552502,S01,491
552519,249,642
552639,A14,125
456578,A06,199
463042,R22,134
465706,A18,495
373618,L08,365
385824,106,2053
386744,Q03,160
387666,A10,160
466277,L10,561
466457,M11,1274
467569,M18,462
553872,A12,508
553903,A12,328
560078,L06,1131
568661,L15,301
467866,134,451
389482,F05,672
392948,M14,208
394111,F05,575
396636,A11,171
397034,122,509
569255,F21,1770
570797,A27,633
571564,248,739
573671,G33,597
576227,115,143
578267,F16,490
479002,A43,373
479285,714,755
483414,A46,705
487684,F20,183
491123,238,459
643328,238,725
644575,S29,836
645075,A25,575
645693,G19,336
646458,L08,1260
496166,F24,534
581488,L08,699
582372,R03,766
587698,F35,318
587740,A34,216
590903,225,318
591135,D21,179
498052,L08,510
499763,A25,305
504362,D25,200
651375,D21,56
651648,A44,229
655811,F16,252
656281,F27,281
658366,L05,271
658932,L19,598
507393,A46,811
597668,A47,555
600775,D25,327
602070,G28,404
512022,M18,689
513343,237,279
513688,234,338
514548,M10,256
752616,F16,315
664047,124,548
666613,M16,547
666837,D22,265
667502,A06,96
669640,R32,451
606269,A27,724
607781,624,186
611009,L06,843
611156,D12,483
613528,A14,143
753622,L05,239
753687,A47,246
753991,A47,992
754353,R06,266
759901,504,979
675793,133,218
680225,L16,982
681599,R36,724
684991,632,468
690603,A46,651
761835,R05,671
618916,A44,529
634353,124,454
639199,S11,1226
762015,M10,450
762145,122,264
762426,A18,405
690934,236,203
695216,G35,667
698132,M11,826
698298,638,118
765315,M16,483
765563,F01,7030
828130,D26,112
828553,L05,124
828616,250,501
836720,701,2954
837503,G34,469
838070,R34,484
765569,R29,677
767286,120,189
699472,M14,401
703971,243,187
704838,G15,216
705749,S26,832
705997,R34,805
707396,L06,842
711635,636,378
712127,S26,1162
840731,636,261
844319,D32,447
846854,A20,319
847648,A12,417
773885,G31,372
774791,701,772
776257,L08,318
777327,D30,21
779838,119,371
783202,133,141
783341,M18,526
848718,D26,649
850338,L11,244
850517,J29,444
850712,A32,416
850943,M16,837
852118,S03,184
712260,F21,236
713538,A44,502
714049,G15,175
723709,A17,466
727512,721,855
784122,A50,579
784124,J28,446
736187,G28,319
739239,121,463
739242,121,526
740754,R03,510
747316,A17,337
852632,R34,421
853142,A10,207
854396,L15,383
856918,R32,274
857810,L10,352
864981,R39,168
786685,114,578
787060,632,286
788005,237,294
748118,721,875
749276,L19,474
752289,A33,372
951365,L16,885
951439,A21,347
953314,633,74
867020,G26,545
873701,239,154
874706,F26,970
876355,116,298
794156,124,283
804194,L13,63
883480,118,403
886808,701,2329
887355,723,1012
890794,710,608
890839,A44,497
805028,R31,314
956412,F18,148
958444,601,4618
973535,G15,2436
973653,301,875
975250,J30,253
975990,231,388
978386,G19,348
805218,G26,284
808476,113,635
811238,225,296
813225,G36,702
896535,A20,217
904060,G34,409
909859,237,640
918049,D19,194
982038,A43,506
982276,F16,481
983625,225,347
986727,225,519
990367,225,414
814327,Q03,961
816888,A05,595
817113,248,490
818325,632,700
919830,A30,66
921500,248,205
927408,G35,240
818481,115,291
990529,723,428
993514,A20,450
993575,121,335
993576,121,316
1009883,F20,483
1010785,R05,476
818518,115,230
819206,624,433
819228,115,185
819893,115,162
819956,A48,782
936218,A15,205
939657,225,439
940116,R39,228
945297,L06,255
1138727,R14,297
1141120,J30,333
1018529,L10,689
1023529,115,139
1024647,402,382
1025786,G24,233
1026683,222,346
1027808,M18,819
825129,A18,311
826685,A47,593
1380326,Q03,306
1144861,F20,317
1146653,A19,193
1150382,622,477
1150869,118,305
1151343,A16,251
1155885,A48,861
1157522,L08,251
1030254,M08,697
1035120,G15,2231
1036498,G19,336
1038802,L11,1314
1040156,130,107
1042806,701,1398
1392079,249,432
1392144,248,391
1396458,238,738
1398234,M19,260
1401826,715,341
1044731,244,638
1045897,L08,199
1049224,224,410
1056445,R13,455
1060019,627,312
1063020,623,236
1166947,110,460
1167658,G26,252
1187643,619,501
1195260,245,1590
1407633,A15,334
1072481,130,25
1076324,714,333
1080543,R39,912
1087215,A30,265
1411811,133,343
1440363,A14,134
1205103,G36,952
1209921,A48,793
1210916,630,875
1213745,121,335
1215122,115,235
1215627,H07,67
1220548,J12,772
1453998,G36,195
1098863,L20,887
1100421,F20,236
1101035,A42,129
1101224,A47,1162
1102942,632,660
1108309,D39,1196
1457505,250,796
1461965,249,849
1465446,225,453
1221962,D18,188
1245479,L13,228
1255828,122,231
1256670,Q04,163
1258651,225,471
1474752,M16,606
1475084,F15,240
1117706,L08,512
1118031,638,102
1123737,113,97
1126492,A43,238
1127770,L10,376
1130680,J28,480
1131804,225,336
1478946,A28,351
1479283,129,432
1480002,M19,223
1263964,A15,359
1268154,M01,2266
1278784,615,245
1279234,248,399
1486099,L11,1072
1491991,R32,429
1506985,622,639
1137093,L10,376
1137270,121,172
1696381,622,385
1702533,R31,193
1702781,R05,632
1707850,243,309
1511303,242,288
1281257,230,146
1284776,F21,325
1291020,F23,345
1294973,120,330
1530386,L01,50
1712660,M14,170
1717058,638,75
1717226,A47,421
1722101,124,840
1724731,L01,795
1533652,A21,251
1534212,D39,1031
1549413,226,149
1555491,Q04,327
1304459,G30,418
1305346,638,216
1307095,L06,96
1307228,L15,80
1307723,118,128
1313711,243,134
1325432,711,540
1731245,A49,895
1731365,A19,282
1734724,L08,351
1735804,J31,467
1739847,611,1255
1581579,R01,602
1591811,L13,460
1604488,L08,730
1604489,129,160
1606312,L08,495
1617443,224,379
1331960,G31,526
1332473,F01,4631
1336223,129,432
1336230,129,378
1342443,715,222
1349187,A46,638
1349658,116,523
1617488,G34,486
1742654,125,323
1744709,A49,172
1745358,A25,480
1750248,226,494
1750679,248,128
1753671,623,309
1754876,A49,557
1755844,250,656
1621235,G32,392
1623431,723,622
1628156,L29,751
1634856,L08,244
1640995,Q03,330
1645181,A48,405
1766846,L05,414
1776732,A20,488
1780748,723,735
1354973,J29,334
1355654,L06,510
1357021,F11,252
1359130,A05,135
1361017,R33,680
1918693,G34,459
1645667,G33,714
1649957,A15,431
1652236,G33,530
1654929,246,636
1655550,A25,551
1656585,R22,540
1656621,M11,932
1793091,A22,160
1793104,A12,388
1797025,248,309
1798500,601,1783
1668328,L13,364
1921859,R04,388
1925224,L08,371
1932110,F14,214
1934804,G35,578
1669149,A25,333
1670517,L05,405
1672977,A25,551
1673040,A25,551
1688914,A14,157
1809547,226,389
1826701,115,271
1831227,224,555
2051352,F27,275
1935302,G35,688
1936633,601,4478
1941435,A49,585
1941439,623,410
1944155,G36,219
1945115,A16,287
2053940,G35,1217
1835367,129,430
1846580,F24,393
1855846,114,282
1856027,F14,617
1948494,246,407
1952271,119,221
1958765,L11,192
2065538,S03,443
2069359,A48,380
1870228,G20,142
1876811,634,464
1881846,F11,459
1885714,L17,606
1961760,F21,477
1971540,125,547
1974700,224,154
1976123,F14,507
1979076,G28,1061
2080861,M11,1107
2083749,119,302
1979127,F14,591
1981590,M08,152
1984378,L14,548
1984486,249,465
1893225,236,430
1897447,A42,717
1901154,A12,438
1903198,715,955
1911641,F11,188
2165933,126,26
2171821,L17,93
2089226,D28,383
2092827,L10,387
2093064,129,429
1988823,224,473
2000576,249,449
2015168,G33,599
2015800,R36,227
2017397,241,534
2093304,G35,878
2183423,224,142
2194038,A43,291
2098030,A47,392
2100887,638,177
2019927,A03,467
2028291,R06,237
2108178,G28,1014
2111422,A06,379
2112142,A46,713
2214710,G28,1065
2115773,R33,881
2028677,224,49
2032156,R28,920
2041041,Q03,184
2119582,229,574
2127713,224,305
2134697,A25,551
2044889,L08,456
2334411,225,318
2338082,119,472
2339096,F16,227
2137796,A48,822
2254817,Q03,343
2255549,131,223
2145599,A25,607
2151479,A47,869
2349737,G11,292
2373238,A27,382
2385779,M11,1235
2151558,G26,298
2153153,L13,111
2154075,G32,828
2155610,A49,499
2261367,D43,2694
2267177,R36,424
2607583,Q03,435
2607741,Q03,254
2392051,M18,519
2400614,L11,724
2404708,L08,732
2415563,239,398
2619549,627,375
2619802,Q03,365
2620068,Q03,239
2281147,D14,207
2284670,247,1679
2626457,119,127
2629613,132,59
2432622,G28,437
2435198,608,1257
2440357,R01,476
2446430,F24,827
2451647,L06,1157
2454507,229,181
2635078,G36,326
2636532,Q03,364
2291893,242,588
2296024,106,2167
2298731,726,541
2303152,F24,443
2637533,R01,660
2645558,L05,260
2461439,F15,364
2465699,227,104
2467377,701,6334
2468186,A18,238
2473861,225,150
2484057,M16,303
2485774,L11,227
2657331,A44,333
2314392,123,198
2314553,G28,1166
2838331,G28,138
2847652,113,550
2847932,Q05,329
2659732,G28,466
2669352,119,393
2508374,F01,5693
2510394,721,377
2856770,Q05,105
2863408,Q03,301
2865117,F24,569
2870840,A07,615
2677779,708,435
2678075,A47,555
2683387,R14,80
2684223,A50,487
2686412,A44,358
2538248,224,136
2700296,A15,360
2872353,627,413
2888088,D29,311
2889377,701,1158
2700596,A15,559
2723019,243,547
2563997,A44,350
2569808,M16,370
2574386,L01,564
2922197,G26,274
2923381,A02,365
2936054,139,584
2939670,J17,602
2940007,M18,358
2748094,635,203
2942129,J16,393
2947668,709,479
2968070,A27,200
2578731,H12,487
2586556,J28,162
2754179,Q03,453
2976105,S03,310
2979097,Q03,284
2979714,226,332
2781747,F21,617
2784311,M18,779
3123479,R03,135
3145484,G33,598
3153464,238,209
3156969,H13,388
2786015,A14,226
2793834,A19,415
2794584,A47,186
2987465,Q03,478
2995000,A47,646
2995209,Q03,391
2999527,420,232
3010664,238,690
3012871,L08,176
2794762,A47,483
3161739,G32,290
3187925,G36,765
2806791,A11,319
2817967,627,419
2830518,G19,700
3043467,R28,608
3052426,D27,662
3191678,101,1114
3198365,A17,285
3200522,A49,614
3207986,F20,214
3068145,Q03,261
3068852,Q03,275
3081771,A50,585
3083197,L06,799
3359510,G28,954
3360707,115,367
3364802,L17,259
3091425,L06,1129
3103596,A14,705
3111416,M18,383
3112284,701,620
3369100,236,201
3225975,F20,435
3379914,M06,520
3238517,A47,295
3247291,224,322
3258196,L08,184
3400739,250,326
3543839,409,481
3553768,133,232
3554230,D27,182
3556577,A10,172
3410516,G29,238
3415102,M16,840
3271893,R32,44
3272201,133,673
3279671,A28,555
3563271,A45,318
3585452,225,511
3431922,109,248
3445138,D25,794
3447238,S03,421
3605388,251,535
3605524,632,808
3283409,J30,375
3297016,239,141
3301484,119,445
3309982,A46,295
3450210,A16,275
3458525,224,292
3465604,A43,92
3465651,S18,518
3469171,F22,2088
3311834,J31,1153
3312276,222,529
3323189,D22,325
3339273,A30,573
3339399,133,419
3616173,F21,384
3625870,R39,467
3626426,Q03,327
3485449,409,186
3489242,712,1474
3490317,A48,583
3499016,R01,752
3627326,222,69
3636601,A30,343
3636967,G28,1147
3642325,D39,1837
3344237,R11,356
3352608,D35,942
3511778,R21,300
3512428,114,261
3513052,L15,408
3645284,B08,774
3652230,H12,179
3659544,A25,807
3662795,D33,329
3738815,724,435
3741728,A47,1032
3743048,S31,539
3749140,A60,636
3518682,109,487
3519172,G35,510
3522244,A45,372
3527764,711,1143
3529500,A47,645
3663984,627,249
3670659,A45,435
3677436,D31,386
3678796,A46,440
3530122,224,702
3530517,R23,110
3752069,L15,300
3758296,A16,454
3760029,G18,353
3760824,M10,660
3765095,D27,229
3678829,F24,663
3685704,G32,1126
3542523,L08,971
3767156,J28,217
3769052,410,129
3779230,A47,1484
3780113,225,313
3922417,A30,405
3923128,Q03,304
3689140,133,161
3939535,F05,383
3783021,120,253
3785438,G36,420
3791244,133,398
3791325,G35,783
3793161,G16,415
3803622,640,103
3710685,714,336
3713233,251,597
3715638,624,637
4070025,F18,480
4074248,L11,220
3945636,R04,686
3817666,A25,401
3835681,R03,644
3838375,A18,441
3953314,608,2775
4081707,F22,1732
4110645,R42,331
4121363,621,455
3953415,608,2713
3962389,247,2848
3963635,A47,182
3839717,713,547
3848105,A49,315
3850493,247,2464
3851911,A46,885
3968434,115,56
4126676,125,428
4128337,A47,364
4128428,632,287
4132116,D31,510
4134035,R29,993
3979611,B06,603
3852261,H06,360
3852538,R30,326
3866888,632,443
3985673,726,517
3987571,A46,234
3987599,J29,75
3989564,A47,377
3998977,A18,346
4136252,224,341
4140776,G08,1279
4152752,A25,430
4162119,A44,745
4162292,D31,798
4162519,D30,330
3873451,Q04,363
4010865,A18,70
3889997,A31,68
3891031,229,302
3902156,R30,184
4271877,J30,462
4016142,M18,179
4162667,238,752
4169094,R03,479
4174847,M05,652
4020425,619,215
4025329,224,231
4026150,709,259
4031463,D01,374
4033422,S21,3533
4285522,224,82
4293040,G32,951
4293935,248,559
4033444,250,575
4033521,A49,976
4183424,133,232
4183801,A48,928
4183989,226,344
4198695,D32,888
4037522,G18,849
4038794,113,567
4296710,407,550
4296956,L29,1478
4297952,A30,414
4299536,A45,459
4303600,G33,695
4305170,A44,271
4053517,G28,311
4206034,S30,2071
4216813,L11,1190
4058515,G34,432
4059620,637,66
4060446,A02,583
4338548,A47,649
4343913,A27,574
4349358,A22,307
4067820,607,910
4225738,A42,347
4233006,R43,783
4235620,F02,2938
4241028,G05,2287
4452723,J12,34
4352537,L06,605
4354764,L29,1166
4355934,115,321
4453484,L08,614
4455301,G35,221
4456312,405,917
4249342,230,179
4260964,A14,214
4263802,A43,321
4264049,G18,1126
4264127,G18,356
4265471,A45,672
4464508,D28,308
4359718,L19,440
4377929,L06,524
4378951,A47,633
4469650,225,207
4268286,622,422
4573728,F15,205
4576206,D25,543
4472978,726,345
4492303,123,291
4387152,L08,735
4396939,A27,675
4397455,L29,2297
4399443,622,163
4594389,Q05,279
4498688,A46,530
4498927,A12,125
4426780,224,459
4428854,G26,179
4500530,R18,48
4614091,R34,126
4614838,A27,716
4504115,J28,299
4431674,227,208
4436944,241,85
4621213,A21,456
4621217,L06,530
4621713,L05,172
4509560,L06,530
4513084,A12,243
4514042,J31,377
4517848,A10,289
4525334,251,828
4440751,F14,167
4707959,A11,469
4711070,713,100
4711396,R05,1100
4629870,A42,243
4632795,A20,384
4637053,R05,874
4637146,J31,460
4530432,A10,244
4532913,L08,360
4714854,Q05,158
4537500,R05,422
4538012,A14,788
4539480,G26,372
4643199,627,469
4644669,B08,209
4645170,A27,570
4645319,L27,263
4660022,R22,197
4539943,J28,294
4541102,244,835
4738429,608,2638
4545999,S03,432
4668244,226,664
4668252,Q04,353
4677654,J28,393
4549557,224,194
4550602,248,567
4688209,226,299
4688418,Q04,689
4556564,115,266
4557370,A03,195
4559096,A27,583
4742068,N04,631
4747624,F16,413
4705670,G19,503
4787201,A47,572
4790969,D27,419
4904582,D07,178
4753639,115,452
4753866,114,350
4753918,J31,440
4756551,D27,431
4907861,M09,331
4795857,A10,265
4798723,F11,589
4807244,F26,655
4916340,122,426
4920338,Q03,691
4759680,F21,1382
4760085,236,309
4760107,A42,243
4766284,622,90
4768778,G26,129
4920448,121,516
4808239,F11,838
4813342,A25,218
4815953,J30,574
4820897,G36,287
4822181,Q04,542
4920489,R11,527
4925368,J30,387
4927910,J30,386
4928303,248,568
4782569,N06,574
4936254,M18,508
4823386,709,259
4823529,A18,219
4824310,L13,295
4824361,G30,406
4783902,134,460
4784570,J31,824
4786675,L08,725
5083907,G35,313
4947515,G26,306
4956469,F01,6467
4830799,F22,1141
4963237,502,547
4963511,502,791
5085803,Q05,310
5094593,701,6140
5095468,624,233
5106041,244,845
5106749,R06,543
4968633,A47,524
4968798,708,984
4845290,L05,268
4976848,F15,48
4978241,224,479
5113910,F22,1726
5115870,G08,1476
5121827,G08,1496
5125051,M11,198
4987238,R21,393
4860430,A20,384
4860650,F25,811
4862917,236,373
4987929,R05,608
4880542,G30,408
4881420,L01,199
5144689,225,414
5150206,114,410
5175054,A27,744
5004463,D33,961
5006113,A34,169
5010368,Q04,602
5013564,D25,508
5020687,701,208
4885673,L02,512
4886168,S03,546
5353312,Q04,607
5195568,D37,277
5199439,Q04,363
5224210,256,550
5231817,B08,774
5050156,635,267
5058359,A06,185
5065185,120,153
5353612,133,568
5358354,A25,550
5362041,A15,119
5363874,632,650
5237336,G35,1105
5251340,F21,1126
5628539,633,272
5638917,G28,1074
5647213,A48,824
5649163,G33,693
5389907,R05,220
5397568,114,607
5406041,L06,782
5649623,124,414
5269840,252,917
5274268,227,608
5287414,634,451
5287733,H02,1041
5291956,R34,472
5661631,A47,558
5663222,226,626
5413565,L14,268
5414911,701,1899
5433746,J29,587
5434150,A32,488
5439372,226,361
5442054,G36,229
5297292,A49,578
5298896,R27,232
5301003,F24,638
5309959,J13,620
5442313,A50,326
5442584,D14,148
5443318,A25,550
5445314,F18,368
5454050,A25,550
5469274,J31,790
5679938,M22,65
5681182,L13,500
5319785,L06,934
5320325,A14,313
5320983,F18,3897
5336588,621,404
5693879,D24,299
5695055,627,470
5478741,633,279
5509771,F24,775
5511036,S03,292
5697237,A25,550
5706280,Q03,471
5715049,F24,258
5340262,701,1899
5343821,F11,443
5352301,251,1050
5839268,133,454
5846745,236,305
5519207,621,464
5520934,L08,451
5521689,F11,204
5536824,633,217
5538410,244,566
5719742,123,352
5856685,M16,516
5860123,G34,521
5866656,B13,486
5748301,G09,498
5749237,133,85
5545560,A19,93
5567361,D27,176
5568524,A28,643
5756464,627,327
5762947,701,1899
5579240,G05,1364
5590262,714,425
5592990,117,746
5873714,L05,134
5882725,G30,153
5884835,634,470
5889379,220,405
5892794,F22,381
5897622,A16,516
5770483,A25,218
5771366,S29,1318
5593975,A47,563
5606308,M16,1007
5616298,124,467
5783517,A46,748
5931103,G34,789
5944801,A15,255
5947617,H07,337
5797144,F14,526
5627090,L12,244
6105742,Q04,552
6130145,714,237
5806273,114,139
5965198,F29,571
5979363,M16,994
5979675,J22,397
5989528,F26,644
6000898,625,407
5811500,M06,271
5815437,J31,364
6138423,A19,109
6146783,D30,274
6005868,G29,271
6018589,112,203
6303109,F21,956
6303845,G33,613
6304002,G33,729
6181131,S30,3884
6031001,L10,266
6040757,238,527
6052119,R34,526
6185599,A10,176
6194461,G08,281
6326681,F14,358
6328394,A14,571
6329973,R15,182
6333994,M19,68
6221877,R44,423
6225968,A12,287
6066563,608,2607
6069703,M16,876
6078234,121,439
6079079,F01,1743
6084475,719,155
6091850,R05,429
6343641,D26,96
6226794,Q03,576
6227680,244,651
6228461,R44,423
6237443,237,413
6237974,A49,734
6242600,A47,51
6094046,R15,154
6101104,Q04,718
6447136,M09,250
6348972,225,390
6355861,D28,422
6356070,A50,485
6357128,225,275
6255597,A43,281
6256470,D07,610
6359111,632,319
6452188,225,374
6460353,D27,197
6269945,Q04,256
6380118,M09,309
6465850,A16,189
6474699,250,502
6476333,621,470
6384275,A44,319
6282629,302,594
6291371,R44,423
6601284,R33,908
6602263,Q04,566
6407534,F14,318
6477558,632,465
6492185,D40,944
6492778,G34,512
6613106,F24,539
6421429,502,860
6500246,G34,502
6501082,M16,1120
6507084,621,934
6422511,701,1246
6634590,A15,209
6640144,627,429
6520350,H06,421
6737249,A17,78
6744791,A12,526
6746003,S29,1425
6645788,L06,137
6647114,133,280
6654323,234,501
6747685,637,262
6764316,F18,424
6765697,R04,551
6659165,M10,894
6660511,636,307
6660518,F06,921
6767047,J29,482
6559615,R44,423
6559926,Q04,923
6576336,J13,846
6585028,H06,219
6780285,L12,603
6784207,M10,398
6670064,R01,520
6670191,A45,427
6678082,A48,522
6685220,252,2204
6786761,A27,419
6787310,A27,642
6586663,F15,314
6590570,224,311
6596747,133,432
6795568,A27,705
6692633,237,532
6799692,A27,705
6799814,A27,442
6892731,D39,306
6896737,R01,1173
6897066,A33,33
6900168,711,466
6799895,A27,436
6799932,A27,454
6704737,224,103
6716020,F27,875
6799999,A25,478
6800277,A27,450
6913773,L16,165
6913969,L16,175
6921831,A15,241
6717053,701,2727
6726337,104,548
6730582,F01,4230
6808818,J29,482
6823282,A25,956
6827028,M11,975
6833395,F16,109
6939597,619,292
7019195,B10,189
7024138,Q05,332
6846956,L08,862
7034787,G19,110
7037791,A47,1148
6863691,F20,516
6868777,A22,544
6977204,A15,432
6880480,D34,410
7037918,706,1976
7038801,248,324
7053502,G36,427
7053815,L11,759
6883096,R05,326
6992300,115,231
6992831,D31,261
7177666,R32,764
7054797,F01,4519
7067406,134,458
7071657,Q04,587
7182079,F20,250
7004408,A33,175
7194538,A15,524
7072541,J30,654
7329781,M19,159
7331070,F01,7789
7202368,A48,854
7204443,F18,4032
7205064,A07,48
7094112,636,282
7368173,R32,487
7376952,A22,461
7132891,J31,322
7254952,R32,391
7254986,F21,534
7381236,A47,456
7261928,253,590
7265079,D25,786
7516218,F18,446
7389120,D39,1096
7272680,G32,372
7277102,F25,706
7278762,G11,505
7413605,M18,300
7426597,F23,179
7294773,L06,781
7436186,D31,509
7461611,242,619
7462019,246,521
7556153,234,501
7556669,A42,243
7557546,R01,765
7654931,J31,459
7480520,A31,165
7483910,301,658
7664692,N03,770
7673007,721,929
7594252,R34,629
7498074,Q03,306
7501694,613,1098
7502146,613,957
7800835,A48,360
7679697,A25,506
7692660,613,905
7603716,R45,340
7612456,120,381
7692870,M16,214
7803602,R06,350
7803828,113,221
7806322,A52,282
7698593,M11,845
7698722,A47,809
7615496,L29,2382
7630422,121,163
7823495,131,173
7632731,121,421
7643399,243,850
7645359,G35,99
7837816,G34,811
7843390,L06,815
7734670,613,1027
7647268,N03,1028
7651547,115,344
7746286,225,257
7754697,A47,1008
7843604,A15,427
7856749,A42,243
7860155,R11,109
7968983,L27,346
7972210,L15,570
7760808,B10,87
7768661,118,293
7998338,630,152
7774182,G19,524
7871818,M09,385
7887966,G18,257
7894007,H07,526
7782176,G32,372
8011605,D22,56
7787799,L16,221
7788438,L16,465
7788565,L16,166
8040050,118,260
8045552,R01,1103
8173001,H03,660
8182759,M16,853
8054523,L08,771
8054651,J31,700
8055508,J31,550
8055582,J31,481
8055778,J31,642
8190747,713,586
7915542,F03,343
7919372,248,692
7922158,114,619
8192789,225,215
8206060,G32,434
8208285,L06,1359
8219648,A09,485
8071687,A33,198
8088779,A27,484
8108376,F01,3841
8115321,706,781
8117209,G19,287
8225997,M18,1068
7937553,F34,404
7951281,A43,483
7952963,L05,523
8228217,245,458
8240016,M11,250
8392929,R36,648
8399234,225,347
8127517,F22,85
8131995,633,735
8133275,246,63
8135144,A25,495
8256749,J30,425
8272327,F20,744
8275676,S19,858
8423666,F01,6844
8426874,L05,576
8426915,G05,4675
8151183,M08,371
8152916,111,836
8281889,M13,175
8283594,R36,850
8441969,R03,917
8458966,B08,69
8470281,A12,216
8472812,G26,361
8293281,D25,104
8299030,R36,848
8479799,123,612
8480087,123,609
8484824,R21,198
8167884,L11,946
8588621,248,686
8304809,250,305
8313551,715,1904
8322478,A49,636
8323015,245,346
8589729,S31,1232
8593798,249,672
8597141,712,504
8499719,G18,839
8503392,F12,184
8504666,J29,498
8326389,115,203
8327773,A48,338
8330254,236,250
8511404,F16,67
8515213,725,218
8518051,609,1754
8520094,L05,740
8614204,D26,647
8616888,248,56
8623370,F01,2958
8628425,R32,218
8370236,D28,401
8520667,J29,342
8522395,J30,283
8530517,R34,124
8532358,A46,493
8757920,224,451
8664611,S27,4580
8667280,R34,160
8760442,710,613
8763502,L13,409
8533225,J29,502
8536270,723,882
8554547,D01,291
8776329,D32,488
8683858,701,1910
8684886,R33,519
8687556,F27,656
8793166,A48,479
8703711,249,927
8704528,F22,2020
8709068,A19,579
8712309,M11,220
8555250,D16,237
8967396,607,3908
8816022,L29,1454
8816465,A48,662
8973873,G35,335
8985316,B08,560
8989320,226,453
8729960,622,101
8730247,G36,722
8861269,226,504
8741124,F33,754
9116752,L15,365
9117852,626,180
8869857,701,2055
8873479,L06,718
8992894,A16,420
8993871,G14,717
8995042,J31,520
9007767,R11,394
9026203,F38,401
9027283,L24,312
9118604,110,245
9118958,J13,654
9127163,F01,2079
9147025,601,5303
9155212,F14,645
9156676,J21,618
9167889,225,324
9050105,D26,374
9061145,M16,674
8942272,J29,359
8952816,R04,217
8953200,R04,204
9064714,721,252
9078222,D26,165
9079871,244,1217
9178165,227,376
9181806,G34,218
9182008,R01,408
9185696,F01,2962
8953404,R04,378
8953625,R04,355
8954037,R04,306
9093219,224,455
9097241,R42,226
9299164,F01,698
9312190,415,200
9106711,L05,291
9111254,251,570
9116018,A11,81
9325979,D22,650
9328578,A12,391
9230523,243,590
9232861,R11,394
9116734,G32,189
9416007,F38,214
9426526,A27,1349
9256750,L15,315
9435503,A17,412
9436038,A25,685
9445342,A28,833
9445501,A27,1080
9445593,A33,247
9351006,252,438
9355498,A48,653
9278192,709,281
9289159,A12,146
9362344,G32,852
9445789,A25,887
9450180,715,697
9458704,A27,792
9461669,236,298
9536965,251,388
9544410,A27,708
9560398,624,281
9562872,G09,461
9472905,A46,1031
9473889,F36,279
9372859,L11,362
9381657,M14,151
9476774,121,276
9486111,Q05,157
9563868,M22,90
9563873,G05,1719
9576278,J30,443
9392048,701,2080
9392164,701,2327
9489073,622,1075
9509218,L05,254
9603803,A47,1004
9607485,249,453
9612035,114,146
9510385,R03,615
9512372,115,294
9513511,211,200
9675064,L29,2531
9612938,A10,378
9614785,R39,562
9617219,251,487
9526314,114,273
9765276,D27,455
9623722,226,528
9626230,A47,162
9630344,J28,281
9635607,L29,1239
9685865,D32,757
9767424,L08,618
9663062,G19,444
9770459,A47,460
9775146,238,632
9707498,F23,486
9857854,L06,1013
9858717,S29,1286
9786543,A48,864
9788114,415,260
9863045,621,899
9720768,R15,173
9720809,R17,303
9725508,A42,243
9726043,D29,602
9876040,301,693
9735957,M19,361
9806373,243,392
9806606,M18,764
9806634,F14,575
9809911,J29,400
9887763,719,123
9895587,719,138
9898022,701,1064
9899132,721,357
9751043,G32,311
9752005,L01,220
9900100,252,2012
9901423,252,2174
9821370,A12,434
9826628,G32,991
9839263,R05,161
9757875,F06,952
9915643,D26,544
9919728,M01,1504
9920363,M04,389
9843884,257,400
10034187,G28,958
10034817,A27,1215
9939843,701,2128
9925507,L11,343
9944788,701,519
10035471,G28,969
10038170,G28,989
10038410,G28,966
9944808,A47,1471
9944860,M18,192
9956834,A14,353
10142056,Q04,591
10142499,G10,1727
10155003,G28,906
9958322,F09,241
10038693,G28,706
10050536,G28,828
10052587,G28,958
10053943,A11,276
10055925,G28,699
10057826,G28,943
9976264,G28,344
10160215,F34,159
10165064,A19,337
10165181,G28,823
10165313,G28,697
9987988,A48,404
10165663,A50,477
10167401,G12,554
10170156,F26,797
10174662,M19,329
10183177,R29,430
10068653,M18,496
9994304,622,751
9996642,D25,580
10205130,621,256
10207451,D31,397
10209973,636,107
10073940,G06,1786
10082057,D32,363
10085478,G28,845
10086307,A15,529
10000070,D28,635
10013750,D22,231
10089727,F12,381
10096515,L06,221
10097957,225,416
10101097,L10,453
10243039,M20,307
10243895,A21,473
10031902,A27,1076
10032487,R22,241
10338839,H08,536
10340705,225,489
10341262,Q05,208
10251082,238,809
10253159,S24,4885
10253769,301,515
10115137,244,1074
10124372,A46,734
10350976,A11,335
10355146,A46,551
10357730,R01,196
10267242,F34,345
10268073,129,429
10279086,250,536
10135724,F11,80
10569037,626,343
10369038,701,1899
10369047,701,1899
10280345,D30,299
10280549,D29,439
10282307,238,409
10289124,A47,849
10611168,A27,1136
10612564,123,392
10385262,A20,293
10386341,M12,794
10634636,G16,341
10637554,D29,180
10649625,636,222
10321100,D10,207
10329264,231,708
10877492,A12,556
10881164,G34,549
10413492,A27,1215
10413576,S31,2354
10886971,A46,647
10887847,A18,316
10470258,621,627
10686958,A03,327
10702506,F14,554
10709249,J29,680
10710179,L06,414
10721891,A27,1136
10939710,M06,142
10941762,M19,316
10943915,A12,187
10980678,S01,245
10488505,A18,394
10489240,M01,1182
11014346,239,399
11020169,503,608
10748040,113,466
10769752,D28,262
11046927,G26,527
10801094,A43,296
10527274,A48,567
10539779,M18,646
10540876,A16,302
10545027,G35,937
10546254,G35,455
10553095,A54,417
10812263,F21,671
10824871,A33,178
11069190,226,381
11069406,A17,373
11091309,257,501
11096888,F26,673
11100541,F21,37
11229663,G09,958
11234747,R05,765
11114607,J31,1098
11138823,204,492
11147376,234,275
11243953,A27,1136
11496607,225,541
11497938,106,1999
11511431,A14,570
11244568,M20,304
11162564,L05,216
11186765,714,1140
11206278,M18,211
11528951,A48,881
11302521,D31,774
11341728,M20,304
11542467,A10,301
11552749,A27,1136
11553357,J28,342
11210829,A48,808
11741555,133,281
11753010,D40,755
11753760,R33,377
11343196,423,539
11352664,224,633
11359913,L06,436
11371535,211,543
11371773,M11,221
11753792,G35,646
11758313,M20,304
11769558,L16,455
11772032,714,324
11790047,243,502
11791673,243,534
11568577,M20,304
11574674,M09,497
11372267,A27,1136
11372330,224,311
11381526,M20,304
11593727,249,454
11604307,A48,457
11609108,D22,200
11803487,G36,456
11804245,F24,447
11420840,709,662
11619832,A11,193
11620821,714,879
11624421,G35,413
11649232,L08,874
11840404,633,496
11844776,713,223
11847204,636,288
11422056,712,624
11437634,G18,410
11863225,M20,304
11867485,R15,134
11452204,A27,1136
11452547,F20,273
11452989,115,267
11652590,227,181
11652872,F11,287
11653077,D17,321
11656367,G32,755
11674309,633,496
11474011,A27,1136
11984148,F14,421
11905096,D31,343
11909308,134,443
11675279,247,923
11693193,G30,648
11715651,633,496
12004547,A20,452
11927032,J29,655
11935301,R32,276
11940117,A16,224
12006770,L05,191
12007175,A27,1136
12007456,622,378
12009651,A12,311
11716127,633,34
11720001,A14,472
12221970,H07,186
11967410,M20,304
11973701,714,333
12019589,F22,778
12024963,M20,304
12025968,622,389
12245694,A02,159
12246395,119,263
12037401,626,350
12431649,A27,1136
12433302,G33,238
12039579,F06,952
12039894,F06,814
12267599,A12,434
12272376,H07,182
12272850,633,641
12041170,A59,1097
12051116,A18,497
12273048,D14,122
12052143,A22,365
12495831,F11,371
12053427,M01,1751
12068200,136,288
12325036,G32,366
12325045,629,261
12325291,113,129
12328112,G26,111
12087785,G35,392
12518189,714,259
12542485,901,302
12542544,A27,1241
12344456,R32,355
12092786,D35,707
12112190,A27,1136
12114040,632,460
12359146,A50,280
12360207,L08,534
12360660,D22,277
12360843,D22,295
12563738,226,359
12567868,L06,321
12122102,108,292
12135851,A47,806
12590077,R34,260
12592427,F02,2210
12598128,A17,257
12598446,A18,86
12386579,107,357
12401233,224,367
12403252,226,576
12190880,A18,245
12409217,A27,1136
12606349,624,439
12610244,A15,432
12619450,F29,567
12642845,R34,694
12645495,706,1394
12713863,G14,396
12723066,724,486
12658099,A30,32
12916189,R35,403
12924969,J29,321
12929852,A12,394
12737192,A12,577
12681206,715,760
12686241,G32,178
12701430,D07,403
12950991,Q04,496
12778678,R11,394
12964763,A27,1136
12965215,A44,428
12702291,A27,1136
12703851,A44,445
13075158,D22,746
13081306,A27,1136
12965831,L11,441
12985547,627,234
13091684,632,387
12794791,112,474
12804309,A45,370
12806016,D30,470
12806356,721,314
12806940,A47,790
12811459,A25,362
12812577,A25,360
13004961,225,118
13004967,225,336
13004996,H12,229
13101855,247,3107
13107627,D39,1003
13108191,129,219
13009244,132,59
12827964,F24,312
12829031,252,195
12829063,D25,578
12832062,H12,245
13113906,R33,284
13117094,227,552
13125552,L14,504
13024560,R04,803
12832371,Q03,216
12832899,B08,507
12833187,B08,298
12836808,125,531
13031854,S03,551
13130313,A27,1136
13135589,R45,664
13135822,A25,587
13136376,622,823
13042637,714,616
12852083,A42,607
12856720,718,297
12856987,715,1785
13046279,113,426
13047541,S30,982
13055856,S03,461
13058423,F25,162
13139892,227,263
13153265,F24,607
13154343,A25,663
13156126,A18,315
12866207,A44,428
12867918,Q03,264
12869930,A27,1136
12888052,A25,159
13398340,A47,946
13398348,L08,645
13209522,B17,260
13217170,G33,713
13169559,A25,917
13170159,D39,1134
13408222,252,916
13183826,B21,241
13187006,713,233
13193503,A16,352
13222140,S30,1320
13222669,714,1188
13234457,A45,306
13417071,J31,956
13422992,F14,127
13424027,238,817
13436258,415,84
13246042,M10,263
13260699,A22,566
13264690,A11,387
13444818,G12,392
13445057,A27,1089
13448568,634,496
13451379,721,254
13451811,D10,482
13276930,L06,177
13548357,D32,108
13554710,D28,239
13556607,J23,213
13559208,122,390
13564134,A14,744
13467270,716,928
13474455,A46,883
13573828,A47,536
13580382,A25,818
13587436,238,730
13291508,F25,828
13294325,G32,182
13294471,S28,871
13295693,D38,549
13300639,237,531
13478244,L08,436
13599973,A32,432
13603093,D29,573
13603364,G18,971
13605192,246,690
13606307,251,603
13307480,A10,161
13317650,A53,202
13494095,230,227
13494532,Q03,666
13614714,114,312
13621211,633,486
13507341,238,423
13332816,L05,299
13341955,708,594
13355002,L29,1474
13507677,219,487
13510347,B08,578
13624873,F14,342
13640966,225,251
13522948,123,146
13360675,G36,1428
13361613,225,291
13371699,F25,299
13373898,225,291
13526398,R11,409
13536155,718,500
13684217,D25,175
13384425,D27,183
13388210,A25,373
13388649,G18,1045
13392858,A42,243
13879611,121,352
13685807,A25,609
13881135,M11,1216
13882394,R21,342
13710241,A17,367
13669064,634,179
13674349,S01,119
13674799,F21,540
13680628,122,514
13891485,230,234
13894813,D15,260
13724284,D27,281
13727552,L08,468
13730290,225,364
13732215,L29,1851
13902725,A27,38
14024651,A47,653
14028018,A27,1136
14029633,D35,1687
14030375,A47,522
13745644,Q03,823
13912712,Q03,199
13914201,A16,454
13920801,226,195
13752815,H07,421
13766130,M16,372
13769545,237,332
14043464,L05,296
14055238,237,542
13770996,Q04,246
13936824,L11,637
13938420,242,610
13941973,G14,1136
13771529,A11,487
13779358,708,576
13954583,M09,377
13956372,A25,135
13956613,D31,383
13788132,G34,841
13794689,A18,361
13795744,M09,116
13813731,A48,420
14103515,113,382
14110407,H06,401
13821190,G19,247
13825154,R43,555
13959556,F01,4120
13970217,R11,382
13980860,D26,484
13980911,R06,198
13981865,701,1899
13827959,D33,428
14138302,D08,434
14139553,Q03,264
14140552,L06,418
14143250,A46,684
13848005,224,410
13854483,M09,421
13995561,A49,1217
13997552,G18,47
13997894,706,839
13857291,A03,192
14151487,S01,278
14151551,714,263
14152775,721,238
14153255,250,939
14163352,A55,365
13876681,A27,537
13877683,J28,358
14006823,A27,1136
14012274,R11,531
14275887,F03,326
14177028,L08,900
14195437,710,109
14203693,G35,782
14213699,A25,145
14557504,A46,760
14575138,413,446
14588156,249,474
14214403,L20,1002
14215652,133,320
14222252,110,508
14281526,F01,4575
14281865,R34,406
14296598,L08,425
14316284,A32,373
14595903,A44,428
14609199,A14,800
14616377,236,48
14237735,A12,501
14262383,F01,2434
14872249,L06,477
14318774,G10,934
14322869,R06,356
14340142,J31,552
14341397,R03,1033
14625676,F23,382
14628080,225,289
14636181,F01,3464
14882046,225,224
14882309,D30,221
14892623,S26,651
14911767,F24,451
14913941,S01,518
14661553,F21,494
14348580,G28,604
14351693,L20,707
14357698,122,382
14359772,G33,162
14686840,F01,117
14692459,Q05,417
14696542,M12,398
14406923,701,1568
14408114,B10,161
14918238,A45,675
14918404,D30,375
14925506,H11,8254
14931156,242,469
14933388,A46,609
14933521,A14,217
14698446,701,1919
14707648,H12,383
14710763,G32,514
14730708,123,256
14961122,J29,496
14963736,A27,1136
14420353,638,40
14421383,M09,373
14429976,M16,737
14737992,114,203
14746280,G31,171
14446717,124,357
14450268,A44,428
14452731,115,311
14462592,S22,10655
14465415,G09,1042
14772701,L11,807
14968436,225,503
14982260,R03,358
14987516,H11,8031
14994076,502,901
15002637,119,274
15003711,R34,682
15018397,F18,355
14788009,R01,617
14466193,F34,409
14467602,F16,420
14470437,A48,819
14472272,G32,372
14819796,F21,146
15033685,A22,593
15038469,F23,131
15040421,622,689
15066269,225,408
15067291,225,308
14826817,D30,331
14838161,638,351
14839995,F24,645
14485372,625,222
14485877,L29,863
14489615,G05,4500
14506036,621,671
14507274,L06,938
14843553,A28,602
14855614,R14,169
15083571,901,322
15083823,F22,1680
15095589,R36,339
14856799,701,1899
14519882,A27,813
14529806,225,295
15234773,L05,272
14858777,224,318
14864014,248,243
14868857,L11,555
15114550,A46,493
15115382,A46,517
15124396,625,472
15247262,238,727
15250033,D27,500
15250168,L12,189
15506009,A47,845
15141938,130,192
15150240,D27,184
15159731,633,473
15188621,A44,530
15507375,D39,1802
15517104,F23,401
15522627,R34,239
15527416,G13,292
15257524,J28,283
15260962,A33,373
15266254,R14,132
15268654,F21,438
15268792,134,569
15301517,R06,438
15190865,G29,466
15206272,A48,567
15785088,A44,434
15549056,621,746
15561421,M20,304
15568616,R05,121
15301748,505,583
15314054,123,277
15326243,R18,245
15336596,D01,479
15569019,A47,569
15576821,503,872
15799340,D37,653
15802947,A42,297
15581948,D25,474
15583957,M20,304
15597600,J31,1094
15815905,F16,441
15819665,L21,244
15822044,G29,437
15827829,626,348
15602953,J30,126
15338155,711,203
15340854,225,331
15343302,225,304
15345019,G26,299
15347268,724,253
15360687,A47,146
15603347,F21,514
15635167,629,277
15641341,S30,669
15832098,115,365
15834511,125,577
15844782,F25,579
15845215,G15,495
15845669,104,466
15847347,Q05,583
15854548,G34,217
15360787,225,292
15371951,M10,584
15381675,J29,401
15654668,F20,297
15675520,R21,295
15857118,A47,635
15857259,F12,367
15857334,F12,334
15858847,A16,474
15678385,247,2902
15411988,A27,582
15423552,A17,345
15425744,113,690
15706863,J31,606
15870454,A27,1136
15915152,632,513
15715486,L08,650
15723889,628,306
15436836,F21,855
15436871,118,596
15444619,423,397
15728780,F14,365
15732405,F01,4475
15928001,626,149
15928635,M10,267
15928835,A16,326
15929281,L06,759
15932054,R06,205
15732778,D27,497
15732919,F01,4831
15733438,623,809
15465050,L05,180
15473752,A64,743
15476794,F01,4281
15936167,L13,487
15937310,H03,2944
15938836,F05,936
15939056,F05,1137
15943475,123,350
15943497,G33,237
15740080,N03,983
15482966,714,494
15483201,714,535
15485880,L06,910
15746736,L08,333
15756633,252,1623
15767826,634,484
15948069,A18,321
15952447,F24,750
15956155,711,320
15966974,A33,159
15769077,706,1844
15992078,A28,392
15494796,133,546
15495132,624,472
16004776,R29,687
16005960,M20,313
15772447,F18,400
15774003,D35,585
15774629,R31,293
16248277,706,2261
16253413,H07,354
16254609,H06,344
16019792,247,665
16029078,A02,340
16063885,A16,224
16380794,R42,357
16070567,L15,473
16072472,F06,2167
16269344,G35,882
16271447,A42,243
16273510,A27,1136
16274061,119,428
16396241,G29,367
16396729,J29,482
16122024,A07,396
16122082,A10,244
16123943,S27,2014
16132114,S30,1325
16402746,F01,6359
16405590,633,607
16282085,A46,421
16296678,A46,596
16298529,M10,455
16140940,238,540
16148036,211,275
16157731,423,471
16158343,244,1398
16405668,R18,250
16409634,J30,285
16174233,Q03,264
16299489,M11,415
16417951,250,606
16194283,A50,330
16201959,M11,1272
16426123,F21,381
16312498,M20,304
16313547,639,241
16331234,G30,266
16449771,H07,306
16212767,A21,613
16216301,S30,1296
16220003,113,565
16332208,M10,751
16332492,M20,304
16454273,F24,613
16454703,R45,385
16226219,L11,388
16229170,F16,65
16232783,S19,1060
16352982,115,128
16365878,A46,1139
16480273,M11,1073
16488787,B13,952
16843605,G35,260
16846366,123,604
16556049,245,266
16556211,244,287
16505636,726,704
16506016,622,637
16855055,G30,291
16859099,715,847
16860045,R01,2068
16867024,226,335
16873148,711,1595
16581779,J30,900
16584878,F21,1256
16601518,114,306
16603017,110,555
16613747,L15,437
16533105,A17,181
16534156,Q03,574
16534157,D34,932
16534321,D34,728
16620235,A47,688
16621121,M12,158
16534337,L12,370
17173473,G10,607
16893907,R03,554
16913950,A27,723
17174519,A31,301
17177726,A42,650
16634459,224,538
16649739,D35,840
16659292,A43,243
17218063,Q03,942
17218433,131,101
16937801,A11,340
16954330,A15,508
17223109,A31,96
17231011,G09,526
16677170,A31,318
17249755,M11,1069
17263550,A15,425
17265284,D37,637
16962435,L16,118
16962471,226,465
16965072,G32,296
16965094,709,321
17266124,F01,6078
17286647,F14,612
17297467,D28,526
16969156,R11,824
17321243,G29,351
17339881,A46,632
16735133,M18,766
16735801,A17,404
16777456,505,692
16778711,A44,408
17347938,G18,292
17367187,414,314
17044854,D06,40
17093180,Q03,677
17093264,A59,685
17367484,G18,684
17370778,F24,530
16793649,J23,285
16795649,J29,624
17382091,F05,804
17383253,A18,217
17097239,D43,368
17097495,A15,320
17097898,G18,515
17106014,A25,220
17107608,J28,162
16802965,M16,779
16806575,244,687
16812429,A15,559
17400801,G26,705
17405175,H03,2920
17117631,A15,282
17122054,224,694
17122439,224,761
17122814,623,378
17123646,B12,557
17554298,S18,981
17554981,A18,333
17561119,R11,441
17419342,A15,559
17430215,A30,582
17431995,L06,621
17153913,G28,263
17157615,F14,316
17866018,M10,294
17433572,A15,558
17447150,A20,459
17457491,M10,369
17569080,227,89
17603059,632,358
17605478,J30,566
17606753,M09,554
17866206,D43,585
17876530,504,1197
17897913,711,1482
17899730,215,1340
17923261,M01,1390
17489509,G28,193
17494614,R05,297
17495862,250,601
17607132,J30,606
17632840,D43,368
17500994,L29,315
17925111,A27,723
17929219,133,256
17940029,701,2942
17943407,L05,267
17943732,A33,198
17512466,724,425
17513537,G36,688
17652158,M16,684
17653243,M20,304
17653754,Q03,297
17653791,A46,508
17654611,720,92
17665943,708,1441
17669480,A46,837
17515734,G32,50
17951580,J31,809
17974244,121,309
17685710,204,307
17713865,Q03,292
17975664,501,448
17980772,415,388
17981267,415,233
18009149,R34,505
18179365,A27,1136
18188958,M16,765
17716140,244,853
17730019,J30,723
17731891,B19,1653
17750380,M16,946
18022636,G26,393
18024561,125,77
18025228,J29,757
18039693,626,348
17759478,G33,335
17764355,S30,570
18210106,A25,308
18211851,A14,447
18215065,701,397
18059656,224,350
18071399,A30,639
18225912,701,1617
18226037,A44,461
17796480,708,300
17810201,108,180
18226108,L08,159
18226214,115,54
18227529,A16,187
17832214,A44,217
17853353,503,580
17857431,A44,557
18076911,F02,1622
18077042,A59,441
18085447,114,644
18087564,G26,411
18240963,D43,371
18251681,G35,614
18103710,B08,356
18120404,J29,791
18120946,G32,643
18271282,R22,69
18425106,134,786
18430588,A12,158
18445522,230,124
18448446,A27,1136
18449954,A46,453
18274232,125,254
18124558,624,514
18133502,G32,594
18671835,707,1291
18286926,L29,2267
18290561,224,311
18303895,226,257
18455830,J29,735
18459547,F18,255
18308486,M11,419
18310427,A12,336
18313862,F24,462
18682184,226,426
18689454,J30,604
18325063,721,185
18342361,A20,346
18499074,A48,351
18506841,A16,467
18345358,207,58
18348512,A25,386
18704413,R28,590
18706893,A27,1136
18718195,B06,656
18721209,207,625
18349549,626,190
18358363,A50,330
18358606,624,111
18550867,601,1329
18560569,227,400
18565752,G32,632
18359018,626,348
18729143,L08,307
18735653,F22,1228
18736484,H11,6947
18386307,129,430
18393354,A27,403
18582792,G32,784
18583467,A10,284
18586873,A27,174
18404373,R39,358
18411427,F24,583
18750465,723,447
18753406,G18,357
18753645,A44,681
18768741,723,398
18412771,113,548
18596197,A27,1136
18599352,A27,1136
18888212,F03,1737
18893778,633,341
18895187,F01,6456
18625919,256,224
18629154,S29,972
18632502,F21,274
18787858,723,315
18789421,J30,476
18792703,723,438
18793922,A16,456
18795447,411,237
18806323,H06,419
18917771,B20,159
18638573,R01,1074
18652544,723,506
18942735,S03,527
18812153,723,450
18820446,723,474
18823971,627,423
18824754,D37,620
18657204,J31,956
18662619,F25,302
18668322,244,590
18962916,H11,7087
18836532,B20,953
18838040,G26,364
18858192,M04,363
18970683,J28,655
18971993,623,296
18989137,A42,652
18872610,A12,433
18873598,723,395
18873930,723,452
18993091,N05,371
19138221,A30,449
19138867,120,369
18993398,G05,1347
18874640,Q03,391
18877417,A11,227
19330704,116,651
19001879,G28,651
19028078,A54,547
19164049,624,335
19360685,M19,6
19179863,J23,551
19179961,J23,383
19057060,247,732
19068933,A20,153
19069305,238,272
19200270,B20,154
19379952,L05,423
19382819,Q03,264
19081472,L08,492
19222766,115,219
19226980,A47,430
19227693,M10,668
19387694,F20,289
19401219,G32,281
19099720,D11,491
19118963,Q03,164
19404654,621,662
19407992,L08,390
19408914,723,523
19409299,723,237
19245930,J17,518
19246114,L11,810
19413230,133,145
19413467,124,1145
19424191,723,246
19554564,L21,285
19250742,A12,500
19251668,L08,460
19271040,A47,839
19563107,723,324
19431893,707,1798
19455284,250,539
19566557,D27,143
19568889,A12,345
19470210,123,245
19278895,A49,572
19284253,724,460
19294842,A54,737
19297780,A12,224
19583985,J29,179
19588669,701,2276
19590209,701,2171
19591107,701,2114
19314589,F14,567
19319184,B06,407
19326306,614,880
19591602,701,2203
19596021,709,787
19485668,S31,2266
19505956,625,311
19523894,S20,2147
19528326,633,802
19530778,701,1838
19602390,A48,509
19618401,F16,590
19747278,H12,472
19748553,R05,252
19757672,723,375
19894567,J19,81
19905347,R20,152
19623614,F01,1975
19763657,L14,167
19766791,A12,424
19767924,D22,161
19768754,J19,478
19912065,D38,1196
19912695,623,559
19915204,R01,843
19915657,R01,843
19915939,R01,843
19660325,F07,1213
19784085,701,2205
19786240,G33,707
19787245,Q03,193
19661733,505,424
19673076,F21,419
19673107,H12,320
19673318,H12,321
19929209,723,244
19930476,M20,300
19933967,723,324
19944735,R01,873
19952747,R01,843
19674497,A44,424
19801466,G10,1073
19803042,A47,535
19803208,A47,152
19807874,L08,934
19692421,723,237
19693245,723,227
19968011,M20,300
19808524,G36,335
19811816,G36,1393
19696674,238,280
19710276,H12,322
19710742,L08,597
19831458,726,828
19844482,L17,92
19991488,J31,234
20009122,125,362
20014072,505,561
19731551,A20,239
20016090,G32,888
20017121,G32,160
20026248,H06,449
19853102,252,368
19862234,623,400
19867655,L08,371
20092176,G08,1390
20119649,250,501
19867930,601,6159
19873282,A50,358
19876096,F15,209
19876256,A50,445
20040078,726,503
20044329,242,178
20122197,A27,981
20131833,726,970
20137576,F18,540
19888622,A48,600
19891590,F25,466
20149318,211,250
20055311,S30,3395
20057450,R36,2184
20073959,250,471
20151455,R01,843
20163793,J13,603
20171179,224,403
20089288,J19,407
20089645,J14,215
20581903,252,297
20582991,723,508
20583325,723,258
20583769,252,297
20333831,A46,394
20337158,706,389
20353880,F21,1011
20356917,A16,455
20358562,114,345
20364240,A48,744
20369551,M11,1127
20177584,L11,670
20187779,J14,303
20587378,H07,69
20590800,250,637
20608954,F07,613
20193830,G35,296
20202650,723,389
20202971,723,148
20204751,R22,297
20403568,G28,775
20407916,M16,876
20425060,G33,277
20209878,A47,554
20612742,F06,300
20615932,M08,394
20624817,F11,366
20624900,M20,486
20628186,251,1774
20213659,A60,2084
20427684,706,46
20437726,R05,122
20441901,G34,402
20459818,G32,72
20213973,R01,843
20215323,A12,274
20636416,L08,148
20651581,R39,354
20659193,206,203
20231480,252,565
20234674,Q04,155
20466016,701,618
20479960,G08,1543
20480431,250,958
20480983,415,555
20481814,F06,512
20482322,D26,230
20242938,252,298
20245130,M16,706
20662043,245,367
20663721,J29,223
20663839,L06,855
20677750,D07,302
20678724,A50,439
20678811,244,1208
20257840,Q04,223
20267865,715,1006
20278019,B10,45
20688524,227,636
20692462,G35,575
20692563,R21,465
20279823,712,1495
20552326,F01,4587
20553283,251,1872
20305160,S27,3147
20698477,R11,531
20705026,701,1776
20708503,A06,450
20710022,226,43
20714088,701,2517
20714171,A28,361
20714517,247,2510
20325974,L06,663
20326252,F01,2670
20786225,622,963
20720290,626,226
20723015,L06,936
20744654,R32,553
20572472,G35,506
20572848,A07,113
20573255,A44,535
20989220,F02,2180
20990053,L10,397
20990607,L10,666
20990770,L10,452
20801864,609,2016
20761404,A27,998
20763209,M20,247
20992027,R32,344
20999025,M10,442
21010586,A32,73
21013416,L10,423
20815350,L10,513
20816032,416,523
20818955,J15,661
20770969,L06,662
20772650,R11,531
21203987,G34,499
21205650,723,185
21205810,723,446
20827801,250,604
21015347,L27,793
21025488,A61,634
21027809,243,577
20833958,250,604
20835909,701,262
21034242,A25,340
21038703,A06,365
21205891,723,452
21206002,723,342
21213799,A12,310
21216288,L16,472
21217074,226,302
21223569,B06,713
20844580,M14,264
20845031,632,240
20849101,201,828
20857108,723,154
21230082,R11,169
21230233,252,843
21230688,225,402
21239885,A15,169
21245112,G24,513
21066611,201,809
21073975,631,439
21076625,226,561
21080763,633,393
21090094,503,856
21091355,R11,910
20857788,631,251
20862285,G12,1487
20886432,714,840
21098555,723,253
21098717,723,453
21098848,631,256
21098980,631,245
21247657,G35,704
21262243,L20,589
20897952,A21,447
20912594,A27,380
21110709,R03,833
21118834,701,572
21121438,106,856
20914711,G35,452
20916679,G35,968
20917909,L12,584
21148292,Q03,374
21264903,226,407
21273425,712,1196
21274308,F23,272
21275075,D21,332
20933293,R04,407
20933850,A12,247
20934059,R34,352
20935388,L06,1374
21161561,627,232
21161707,L06,578
21173134,A28,330
21175036,D29,100
21182937,713,531
21280280,701,1185
21282152,L17,223
21293326,M18,719
21295951,242,269
20942352,R01,601
20942873,125,388
20951141,A17,388
20960203,G35,1044
21192158,723,172
21192284,723,324
21192364,723,324
21192430,723,474
21366948,A20,386
20969532,715,282
21296642,L05,341
21311240,M16,296
20970380,L20,460
20970822,252,918
21327397,706,168
21589780,G33,254
21593310,707,2473
21378053,631,272
21383288,A50,613
21398486,A47,397
21595000,L08,882
21596559,701,846
21354525,423,385
21405904,609,1873
21410794,416,512
21411274,Q04,17
21413190,124,1034
21421657,F14,694
21618858,M10,739
21619569,F01,4540
21620762,625,367
21427369,G34,359
21745569,251,2074
21750219,624,69
21752880,G28,620
21621926,712,212
21623610,S30,1151
21458689,F01,4434
21461282,D10,315
21635603,A27,363
21642995,G28,822
21755710,A50,1020
21765318,G28,781
21643550,G13,239
21477500,A53,419
21483857,B08,341
21485026,L19,521
21644783,M09,938
21646774,707,2736
21647932,712,133
21769638,G32,301
21771006,F21,470
21774455,723,1100
21778446,603,658
21496794,242,152
21501622,A50,268
21505197,231,405
21664533,251,552
21665632,A34,190
21676677,714,512
21783251,636,221
21786958,249,309
21524489,M16,623
21541423,709,269
21549554,G13,179
21689998,R23,179
21694908,A47,604
21551817,A49,988
21551829,L19,385
21563187,701,1727
21802923,L16,407
21804600,256,517
21809773,D29,603
21813491,M18,946
21815074,218,1083
21709727,224,669
21568341,F03,3643
21570741,108,104
21577526,D28,262
21577856,R33,517
21583199,623,436
21862155,A14,79
21817889,249,745
21818110,701,1741
21822611,F16,240
21714930,701,1284
21715410,701,882
21836754,M11,1045
21838230,R01,1183
21728670,L08,306
21732716,F25,414
21869057,G28,400
21877805,257,362
21878080,631,252
21839021,J29,349
21850834,H06,915
21851228,630,338
21989166,245,249
21882095,245,136
21893129,723,461
21996542,L06,894
21852332,106,461
21852759,A27,744
21853347,A15,200
21854495,A33,192
21897846,L08,363
21899575,D41,452
21901025,S31,1228
21908184,723,489
22142575,G30,537
22142636,622,905
22148073,B13,216
22151092,B13,294
21931508,A15,464
22020298,J29,366
22020696,633,270
22026830,F23,815
22028307,F24,766
21934873,723,324
22050355,G18,987
22173625,A54,508
22176062,B13,403
21946495,G29,323
21949305,A46,600
21950963,A25,374
21956264,G06,3786
22187361,A32,301
22078463,L10,164
21970487,G33,526
22082903,225,529
22087030,632,391
21982333,256,137
22276159,S31,1313
22276602,L14,435
22088301,L11,372
22096182,D32,532
22224639,F01,2631
22229755,M09,582
22231811,224,186
22100970,633,484
22101034,F01,4275
22282513,J31,692
22289185,633,246
22245492,G36,1350
22109870,715,829
22119195,J29,116
22251884,136,337
22409448,A16,228
22321716,G15,644
22699847,G32,357
22431770,634,75
22435019,225,163
22340384,254,296
22341716,D29,156
22342911,L05,437
22705115,L29,797
22705822,225,403
22436287,A45,393
22440046,M18,922
22445948,G06,2436
22445969,631,285
22448487,A48,591
22343909,G32,128
22344483,G28,186
22346131,R06,173
22354598,723,324
22750988,L05,437
22751177,L05,437
22751906,A48,412
22450143,L20,483
22450373,S30,3901
22452278,F21,525
22452728,G18,1111
22463977,D25,153
22766296,633,603
22363371,G05,2274
22370339,D31,143
22772191,L05,437
22465327,J29,299
22480209,251,435
22485658,G33,392
22772570,L05,437
22772691,D01,708
22785118,A47,613
22376093,L12,485
22381052,R01,1922
22385672,G29,159
22389035,716,827
22793472,238,634
22514608,A11,323
22515792,J31,467
22530764,244,799
22531031,244,536
22797978,631,438
22396932,715,805
22401504,A54,332
22972832,701,301
22567430,246,1106
22851242,622,383
22852435,246,912
22980907,F27,815
22987769,A25,883
22998748,632,771
22862877,D33,155
22574255,D30,568
22582841,M11,288
22588755,M13,847
22601249,R08,458
22878715,D27,448
22881110,A20,316
23002904,Q04,329
23004107,M09,556
23021271,G13,402
22609277,713,683
22663674,122,146
22944348,A25,602
23027784,B08,159
23034152,121,561
23040115,G33,534
23045873,A49,451
23052180,J28,316
22951923,G33,321
22961758,D37,887
22964396,D27,799
22683699,114,511
23219361,S26,1366
23222680,629,359
23224129,413,342
23230395,G14,375
23235101,M11,1226
23052964,J29,266
23054855,L12,699
23056508,L06,1012
23059611,F18,510
23060192,249,518
23060916,J28,267
23579705,Q04,37
23586315,B06,134
23271535,G29,80
23273907,B19,1759
23275777,G11,310
23277230,B08,213
23593842,S27,1591
23597076,209,610
23061804,L05,306
23074259,252,1040
23074722,252,1040
23598012,115,36
23606804,A50,185
23088777,J31,810
23092823,222,593
23301706,B19,1759
23304812,626,228
23322737,113,219
23340718,J29,405
23344243,A31,136
23355382,629,271
23357738,636,405
23105764,707,2360
23109329,G35,317
23116453,612,328
23128067,L15,453
23130144,Q04,303
23631288,M18,552
23650568,F01,7475
23651443,D27,432
23656206,248,411
23139647,210,509
23147808,G18,1015
23170592,M05,2179
23661533,G05,1379
23369991,302,560
23376196,A48,686
23667332,249,464
23184752,G34,205
23202549,633,323
23208314,D03,398
23683924,M20,801
23692933,134,179
23393043,A54,658
23413509,J28,320
23416448,G32,569
23432542,B08,159
23712143,221,892
23435916,F25,760
23437788,B08,159
23438247,L13,396
23840461,A12,381
23841481,M16,639
23842721,A47,309
23844034,G12,434
23718065,G19,347
23726935,D30,796
23727037,246,1617
23727923,G19,369
23451337,R11,569
23454165,A06,379
23456621,G05,4402
23469535,604,720
23728057,A50,615
23728069,D29,331
23874196,G19,612
23901779,Q04,556
23747567,A27,304
23747957,622,467
23756498,246,483
23476922,A47,1062
23481234,709,1227
23485307,R27,349
23489726,J29,281
23509707,J23,321
23536265,Q05,494
23538486,632,346
23760365,A46,540
23763367,R04,813
23923562,A27,984
23924234,D32,398
23958542,L29,1405
23964830,625,384
23768711,701,265
23769218,701,511
23772767,L10,698
23780896,710,851
23784779,M21,528
23565676,701,492
23572577,M08,676
23785875,110,490
24016962,D40,726
24017521,622,317
24022894,L11,495
24024721,G05,4402
23792656,242,332
23799904,701,701
23809758,M09,499
23810398,A46,202
24057278,701,251
24057583,S29,1454
24059751,701,1671
24607378,H13,374
24607763,F34,324
24260247,D29,378
24267706,J28,244
24269196,247,605
24282118,230,305
24288869,M06,287
24611661,224,621
24626621,S03,318
24083125,L05,446
24115562,503,609
24632516,M09,440
24633702,D34,794
24312253,A18,420
24312535,A18,420
24331953,A21,439
24336268,L05,388
24350254,133,492
24644837,J29,264
24136172,L12,171
24136557,F14,369
24137869,A15,558
24657328,630,239
24677926,F14,385
24351719,M18,686
24352967,243,1082
24366897,A02,456
24369857,G32,153
24370001,225,290
24692025,713,327
24162261,705,364
24177410,J31,738
24178083,R34,499
24699045,G18,941
24375566,R01,468
24376374,L06,970
24398725,632,146
24699301,F01,506
24699891,R04,319
24700123,R04,439
24181763,J21,351
24186775,A49,359
24200751,M06,337
24206044,114,221
24438437,M05,583
24438564,M05,291
24468390,R43,736
24473230,D29,726
24473713,L05,543
24736896,F16,438
24910361,H15,2829
24912129,L08,432
24920771,701,1669
24921526,G05,3385
24493475,N06,596
24497080,F11,484
24497152,F11,484
24497202,632,248
24757612,A14,505
24758664,M10,552
24515198,714,487
24535218,E01,202
24540842,B10,192
24943768,631,448
24945253,H06,586
24948017,224,647
24799807,723,398
24805249,G29,516
24806110,D40,158
24541153,D40,651
24572398,F18,259
24580806,A06,440
24580943,A06,362
24960138,R24,342
24961967,L29,743
24968131,715,1041
24970982,F21,597
24816051,252,650
24821651,503,1071
24823404,701,1747
24833279,G05,4142
24834058,G05,4073
24836464,G05,4365
24596989,M23,445
24599452,F01,2874
24604281,224,364
25188424,A46,214
24845719,L08,646
24973698,G15,2810
24987685,F01,4128
24990534,A46,788
24992683,L12,74
24992835,A25,321
24993470,H13,296
24853936,G05,4305
24856606,G05,4299
25193004,D28,274
25232008,R13,360
25234732,Q04,622
25235760,R04,1034
24866378,D27,287
24889024,G35,803
24891549,G32,528
24893756,708,1206
24996332,707,1175
25007110,G05,3369
25031840,L05,141
25033659,A54,617
24907920,132,266
25251220,A20,157
25255024,503,634
25257884,116,299
25274961,G16,403
25277702,R11,763
25587778,G14,775
25071113,L06,654
25071168,D25,776
25082817,D38,420
25619849,L06,941
25294851,J29,278
25296394,601,351
25313204,G32,542
25317793,715,608
25626152,244,1261
25669472,F01,4850
25108878,J28,262
25112819,A11,88
25125914,A45,290
25132414,A47,650
25134311,Q05,70
25134894,M20,304
25678522,133,161
25689024,246,1453
25319136,A33,386
25321050,J21,415
25340524,635,379
25346963,627,656
25734018,D25,357
25765042,M08,261
25137887,H06,458
25138149,622,607
25140559,R04,510
25140787,R04,162
25141552,D32,604
25771285,D12,244
25781295,714,989
25350875,J29,169
25369739,F23,385
25371790,F21,1558
25781535,714,1008
25782818,L01,580
25784618,616,539
25163519,622,998
25182363,L10,678
25187576,A65,1573
25802121,125,324
25807815,A12,378
25425106,250,946
25443451,136,245
25456714,M18,249
25458237,248,149
25475944,219,638
25812079,251,1920
25812700,A49,625
25813796,252,477
25823670,626,527
26010424,A02,41
26013177,L29,1507
26026904,R36,555
26038825,A14,693
25476838,101,1983
25486302,632,248
25489369,133,334
25842433,G13,177
26040453,A46,229
26043558,J31,1101
26055709,250,383
26058634,130,108
26063230,246,555
26064779,A47,728
25885278,606,2188
25502145,F24,552
25503835,L28,689
25506725,L06,536
25518572,D33,109
25904988,A48,764
26074006,225,387
26110466,G05,4414
25519328,225,271
25537456,B08,159
25543393,L14,766
25909161,Q03,659
25917853,D26,496
26127981,726,652
26131606,631,287
26131794,631,287
26137379,D10,403
25940097,A16,346
25943177,714,1027
25944038,B06,5281
25944708,L05,364
26327452,A46,695
26327565,F01,2553
26331103,S30,3943
26332468,R32,756
26333975,S03,302
26149494,H09,207
26157426,F12,172
26163413,L05,372
26167182,636,350
25963570,G32,724
25970374,Q03,264
25972861,F05,2110
26357145,723,453
26385422,D14,303
26387674,A45,542
26217642,D32,825
26221105,M06,231
26228457,F25,285
25997748,G26,556
25997937,G26,471
26000019,A10,121
26002246,R11,940
26395296,Q04,368
26398257,708,2115
26398894,F01,226
26717141,705,844
26741585,F23,209
26741642,J28,194
26235873,G05,1671
26249051,628,510
26249544,M11,235
26743587,D30,460
26743923,634,75
26422113,252,2055
26450631,712,662
26452047,S22,9719
26747248,F22,1669
26294354,J30,288
26771366,B13,433
26774025,L06,929
26475612,L11,462
26476892,B12,206
26489146,F15,173
26489955,M21,526
26786964,F27,503
26803556,A46,681
26295421,S27,5961
26297631,246,500
26301985,J23,205
27054756,L08,521
26496505,F01,4328
26496511,L08,729
26516462,607,3194
26518547,607,3322
27067463,B13,710
26815201,F21,289
26835960,A27,802
26837834,226,456
26842735,133,479
26558970,503,1120
26559313,R08,450
26560159,249,886
26602263,226,136
26845561,J29,290
26865836,D15,305
27088022,S22,4216
27088254,621,608
27089541,A12,211
26867170,D15,305
26867635,D15,215
26874326,S30,1633
26874462,F24,584
26639925,608,720
26655705,503,1367
26660828,A15,254
26874813,132,131
26876289,M06,560
27134257,104,549
27136639,R08,182
27137651,633,666
27141013,247,3258
27141191,G12,197
26887521,224,538
26682755,701,575
27430644,G05,3669
26895166,623,241
27166074,A61,386
27166833,A61,555
27192720,M19,249
27200105,A47,254
27211525,N02,775
27225643,H13,519
26925980,M16,772
27454904,A15,323
27458304,B08,159
27468927,115,390
27470676,B08,159
27477710,701,2828
26949866,S03,254
26953399,D16,220
26953727,D16,189
27264926,701,1322
27287372,L11,187
26953759,R15,336
26954041,D15,231
27483961,G33,580
27488806,115,64
27498398,621,597
27499097,F01,2625
26982403,A25,254
26991656,B10,116
27015594,B10,124
27016931,504,1002
27291497,A47,988
27295492,621,569
27308432,S03,396
27312914,701,895
27314650,701,1115
27326744,301,702
27019732,R34,372
27503062,A03,297
27518599,L06,148
27032162,252,699
27052657,Q04,214
27523631,701,2758
27527902,M09,555
27528305,A25,307
27329048,713,282
27336179,220,283
27338569,622,35
27343189,503,1147
27359696,A54,779
27359897,A54,768
27361377,726,536
27697284,708,680
27702171,413,251
27703666,F01,7102
27705293,D12,162
27529655,701,1099
27551715,B18,790
27552868,F01,937
27706737,A46,394
27712922,R42,510
27371581,H12,313
27375052,B20,69
27394897,B19,292
27395171,701,1019
27714862,A47,1286
27724217,502,732
27569888,A06,143
27570485,A21,556
27584957,252,1332
27585912,252,1337
27731269,A47,703
27731372,L05,333
27409329,621,515
27416658,621,787
27426650,L13,359
27427289,A47,750
27429253,G14,804
27429817,701,559
28011594,D30,264
27598707,634,75
27606552,L12,95
27608063,G08,384
27609355,J31,483
27610245,F01,9159
27610367,H11,8066
27611047,245,496
27781833,G12,209
27782948,L13,201
27783586,L12,379
27785327,L16,98
27785672,L16,32
28012942,Q04,188
28014842,623,81
28015516,252,477
28041818,G05,3831
27627627,R23,186
27637065,A47,261
27658203,R36,431
27803575,S03,402
27808176,708,566
27823763,F21,1087
27829177,N02,632
28042014,G05,4242
28042224,A25,497
28082095,617,213
28084157,701,959
28312177,249,248
28314777,F02,1594
28324221,723,472
28329004,H11,8510
27866657,244,238
27874237,R33,455
27875757,F21,358
27891791,252,1585
28085121,S30,688
28096425,249,617
28100131,234,495
28108773,A21,421
28121595,S25,2217
28334760,A42,357
28339747,F01,6697
28340434,F01,6968
28350560,709,1035
27906875,A25,535
27909345,617,857
27910595,S23,8854
28130502,L03,281
27919104,225,276
27923577,F01,251
28368678,A42,357
28369552,A42,355
28379264,G32,264
28385105,715,651
27928809,L11,572
27933214,L29,4156
28136160,A27,483
28138470,D31,426
27952742,603,942
28389715,R08,388
28389782,B10,267
28391512,F01,3315
28408938,L08,176
28412322,F01,3792
27966667,F21,206
28155197,A47,629
28162058,225,615
28165121,D28,285
28177443,636,361
28181575,F18,612
27967621,S30,2134
28417682,714,749
28426648,A33,322
28430639,L08,596
28431924,R39,779
28433202,206,147
28001559,715,127
28009721,A06,659
28185576,R01,313
28188131,621,968
28200288,R18,283
28201587,A25,202
28206135,504,862
28208166,123,231
28608920,A20,195
28438216,F11,706
28438751,R06,419
28462811,D11,590
28483571,712,789
28626504,D30,329
28629956,D30,211
28220182,242,384
28494807,123,267
28500619,L08,440
28506359,A17,299
28635035,F01,4092
28647979,244,1140
28309641,F21,370
28936795,G14,339
28937377,A18,350
28667823,L11,491
28668546,244,664
28670390,244,1246
28671495,244,1407
28539464,F11,706
28541768,715,792
28684892,R24,342
28692232,501,1366
28697997,244,1272
28699232,244,1279
28952972,R14,88
28961919,F01,1926
28699654,244,1439
28560765,D30,389
28560837,H12,412
28561904,M10,855
28567040,504,1099
28715332,R23,153
28734298,G33,723
28965609,G32,185
28976484,M16,668
28991221,D14,195
28602842,L05,301
28607153,710,392
29256229,A47,537
28778214,621,837
28779900,244,998
28782669,709,1792
29008767,D24,381
29015079,L10,288
29016146,225,365
29016907,F01,2374
28785091,244,883
28785361,F11,706
28786315,244,794
28786900,244,637
28796546,J29,297
29260051,248,797
29269102,251,2167
29278439,M01,1610
29281407,G28,618
29038655,R03,978
29054576,D40,685
29058075,F07,1140
28817364,713,343
28833807,A32,403
28834703,A47,391
29331191,123,223
28838614,F01,3408
28838673,A47,824
29074233,249,384
29076107,R01,581
29079912,G19,647
29082508,D33,342
29095217,246,397
28849818,M18,505
28859648,L13,227
28861629,621,492
29331513,229,86
29338559,R03,254
29340028,Q03,422
29351570,L06,736
29356679,G12,200
28867577,A15,525
28872377,614,890
28896148,F01,3435
29097472,L08,918
29102760,707,1572
29104053,257,981
29105563,246,425
29117643,408,289
29124414,242,271
29124476,A02,454
28897533,G12,496
28897932,F01,3435
29358344,250,203
29359092,G13,282
29361650,M16,74
29385308,F21,714
29412402,L19,756
28901091,234,320
29148293,L05,548
29148550,632,248
28911775,F01,3435
28911830,601,480
28920018,L06,413
29585551,J29,356
29586511,225,326
29416565,R28,295
29431738,L06,482
29463847,224,696
29155895,M18,825
29158689,M11,146
29168569,244,1378
29170235,244,1125
29592296,R17,218
29592768,R03,752
29635253,M01,1663
29487347,A48,968
29493581,713,276
29495933,A25,485
29651529,F14,640
29237220,L01,629
29252044,F20,191
29654321,L11,517
29658021,622,309
29659322,M11,284
29889800,B06,757
29897911,A28,620
29901044,F21,1001
29903897,J29,784
29509877,R18,268
29514309,A48,707
29515670,A16,320
29683293,J17,367
29684573,245,1704
29904305,J29,784
29904478,J29,784
29906282,710,1397
29908937,D35,1427
29686857,M05,189
29535295,J19,446
29541214,622,929
29567201,607,3819
29567482,F23,193
29700761,F23,277
29923555,B10,309
29703513,637,52
29730504,L19,390
29575293,M08,258
30062290,249,1171
29929095,F01,5027
29929702,257,357
29930787,713,624
29935981,G26,647
29937451,L29,1735
29760980,F18,453
30065198,R34,572
30082832,G35,935
30084269,242,299
29775040,G36,669
29943061,A49,397
29943455,711,341
29944408,710,183
29946757,J31,599
29963575,H11,8183
29964348,B08,57
29794270,L29,1733
29795012,505,565
29797971,207,422
30087377,133,617
30089412,A45,509
30096719,G35,139
29967433,A11,107
29968121,701,851
29800915,505,837
29804246,225,382
29814549,248,687
30104723,G30,257
30105137,226,295
30106990,726,451
30107262,226,301
30109916,503,343
29824343,A12,201
29990168,J29,289
29993012,F24,701
30003335,S29,4163
30003453,F25,476
30125523,723,399
30125704,723,324
29831517,L28,1069
30006770,230,370
30021540,701,845
30021914,503,968
29847492,Q05,153
29851718,L06,400
30154255,L05,254
30156697,133,267
30162689,224,46
30169107,G32,815
29858182,204,1355
30031616,Q04,853
30033284,230,196
30034070,R18,281
30042363,R06,186
30043083,251,1969
29877448,B08,776
29881973,301,664
30174397,D06,93
30175606,J29,323
30182137,627,418
30264512,256,43
30268825,M19,52
30043966,J30,560
30046573,131,298
30053410,D41,692
30058948,701,581
30392806,E01,202
30392834,134,335
30279712,252,835
30392874,A25,254
30392909,632,346
30393018,R24,342
30201476,R24,342
30206047,625,382
30212741,G15,381
30284324,Q04,194
30393171,139,171
30393194,134,335
30393286,726,704
30393322,230,178
30286646,A06,434
30308289,119,223
30393414,626,527
30393497,123,223
30393555,123,223
30393609,229,236
30234773,219,650
30236202,J30,487
30252034,B06,562
30254229,A50,837
30326749,D27,703
30393689,M18,505
30393759,134,335
30393882,230,196
30393896,R24,342
30337531,R28,725
30511301,M14,164
30349066,B18,841
30352010,D41,817
30393998,A25,254
30394053,A25,254
30394071,R24,342
30394133,632,240
30394203,D19,63
30361847,235,324
30527994,F01,3740
30531246,G30,303
30394274,134,335
30394340,E01,202
30394380,A25,254
30394403,230,196
30396953,R34,637
30398938,R17,247
30378982,F20,413
30537134,702,1701
30537849,R32,725
30539307,A45,461
30387064,134,335
30387132,R24,342
30387196,A25,254
30387218,Q03,770
30387263,A36,113
30400542,712,272
30415541,G21,372
30421561,Q04,853
30387377,130,335
30557920,D39,1053
30558081,246,1662
30387445,A25,170
30387495,123,223
30387553,632,240
30387648,R24,342
30421981,M19,211
30423106,H11,6949
30425416,A49,576
30439073,721,396
30387820,D19,63
30565107,701,776
30570342,L20,903
30577273,224,234
30584992,M14,337
30387838,134,335
30387856,134,335
30387885,A25,254
30441489,124,1041
30442333,702,5254
30387916,R24,342
30387983,A25,254
30388011,A25,254
30388079,121,264
30388225,M18,505
30593915,701,2008
30594172,702,1706
30627356,226,80
30662063,237,593
30388313,632,240
30388528,E01,202
30447204,J31,375
30449111,D10,201
30465706,251,712
30470947,G09,840
30388552,A25,170
30388587,123,223
30388750,128,283
30388999,D19,63
30675435,A28,666
30677434,F03,2811
30685870,A47,303
30686973,M18,377
30389115,636,326
30389147,D19,63
30389192,230,196
30389280,230,196
30389441,R24,342
30389608,636,326
30392649,633,594
30392780,128,283
30474972,A12,309
30476455,F07,1077
30477526,227,258
30494093,A42,569
30499109,M08,644
30695144,L08,841
30699302,M16,862
30700892,225,570
30702161,621,529
30981877,Q05,279
30999134,G32,617
31001555,R13,406
30717086,247,1763
30717527,F09,344
30718403,247,1930
30736279,230,370
30702384,225,590
31019621,F12,345
31023111,G35,945
31038331,128,283
31038347,128,283
31212456,H11,7501
31212571,A25,725
31216136,L15,301
31216852,A30,381
30764476,Q05,518
30766643,901,406
30767659,R17,238
30769129,L13,147
31052694,L13,229
31053180,L13,229
31218310,S23,2083
31223352,D38,1067
31224224,301,637
31231904,J29,146
31236046,503,297
31057348,726,391
30788330,130,184
30793033,F05,761
30795672,253,527
30801068,711,699
30811789,302,819
31255471,A18,217
31277426,D30,264
31290477,L12,516
31074354,708,72
31084737,R24,342
31085028,A33,276
30822815,B06,51
30824853,L08,677
30842198,708,753
31085213,A28,484
31085554,A14,624
31085679,J31,469
31292757,726,484
31293625,115,221
31301754,A50,827
30856398,A44,309
30875053,224,227
31106666,J31,617
31311422,133,251
31313105,F01,7447
31313806,F36,297
31317744,221,1074
31322232,F01,5172
31119799,S30,1262
30915351,Q04,822
31121209,246,863
31127529,J31,645
31333074,A14,494
31339496,701,1866
31340666,A28,617
31127742,633,446
30932236,D09,458
30937756,723,357
30938864,R01,1272
31136603,A27,655
31146186,R03,829
31150305,L06,375
31382465,L19,561
31406873,A42,634
31165085,A48,531
31188378,726,358
31511563,123,253
31513692,416,742
31514475,504,392
31530711,122,383
31533518,F16,234
31201815,221,423
31434819,123,385
31435773,626,527
31445273,R06,319
31457396,F14,626
31459394,Q04,416
31466176,A15,507
31839994,701,2679
31539511,F01,7719
31543246,225,155
31549470,626,527
31854564,A64,215
31856192,701,3131
31467888,A18,285
31473340,G32,265
31474431,R40,89
31474638,R40,305
32238694,F11,735
32241239,247,1738
31857472,A14,534
31859909,D04,852
31881052,R34,702
31564614,R06,181
31582797,G32,1124
31584089,A28,246
31885991,G05,2301
32241276,707,2037
32242139,237,341
32292954,707,1774
31913609,J30,635
32306605,R11,749
31600379,R34,293
31602882,A46,749
31612381,114,296
31614670,251,2057
31622448,225,370
31623508,J29,974
31624317,J31,587
31626662,J30,797
31931665,248,270
31932152,205,539
31933373,J29,561
31934408,709,1103
31957975,S28,744
31663848,G29,245
31667621,R18,375
31668308,L10,301
31668461,L08,222
32327466,L01,160
32334635,133,555
32336400,624,366
32354513,A46,651
32364753,G12,460
31961126,H09,334
31978518,G36,182
31980794,121,338
31670943,D08,394
31689618,F24,758
32381165,S29,769
32382542,251,1989
32383114,251,2025
32392636,621,338
32400196,A14,389
32012464,708,196
31697123,A54,490
31715312,R17,293
31717837,A53,323
31722021,G22,226
31726939,R24,342
32036822,A07,130
32037535,234,515
32406935,J29,350
32448749,A44,620
32450788,M09,366
32463707,A31,159
32044146,G26,329
31732450,J17,239
31737653,A10,288
31758231,D07,332
31760509,A16,235
31760941,619,526
32062843,701,2449
32081249,L19,857
32088018,715,1960
31794109,A28,246
31831929,R28,781
32095900,S17,1293
32102590,R17,288
32494256,G34,358
32495242,A46,72
32495771,245,812
32499495,F21,986
32501003,Q03,361
32502180,S17,802
32520381,F21,492
32108317,A46,714
32137481,A32,156
32531409,F01,902
32541475,632,477
32544596,J29,294
31834190,G15,140
32591286,G12,321
32607488,255,348
32611458,A49,585
32611977,D05,789
32171100,A10,318
32189288,726,424
32549155,J31,767
32552611,224,590
32575528,712,464
32616393,A53,651
32617384,A52,560
32618577,255,356
32618640,255,411
32619108,255,512
32634041,H11,1513
32636494,A16,147
32233982,713,214
32234674,R24,342
32235802,L01,275
33423849,F06,650
32666534,D25,77
32669154,G32,235
32670456,122,512
32589616,A07,206
32590674,723,711
32933643,Q05,329
32935473,R03,343
32940047,613,486
32940382,613,486
32943764,225,151
33427025,G33,253
32670715,D39,2094
32701542,714,936
32705496,A16,426
32714790,A10,291
32721564,J13,534
32742238,J23,296
33439687,J16,1785
33442531,M18,534
33448577,F11,706
33451456,J28,235
32959357,F05,2135
32990477,L08,1091
33005220,411,279
33010488,F11,405
33012494,L08,165
32746895,A46,413
32790563,227,281
32798710,603,942
33467371,Q03,222
32799550,603,942
32801102,632,738
32801214,603,942
32809387,H06,595
33038705,L11,1051
33055126,A25,51
33061311,A49,592
33491707,F24,183
33516105,M18,683
33521985,F01,3986
33070946,M16,1041
33094622,F01,4221
33097219,S27,1797
33101073,Q03,792
33101286,133,141
33127307,F01,4097
33133494,118,293
32820849,A48,882
32836242,L02,33
32842295,247,2182
32844072,708,2110
32845010,F01,2854
32845331,A45,672
32845516,G33,642
33533601,F16,411
33534624,F16,158
33546854,M11,559
32847146,A06,327
32856048,134,335
32857378,A46,638
32857674,S01,490
32858018,S01,485
33135950,D28,390
33138120,R14,178
33141938,108,275
33155194,A47,662
33559960,635,193
33560323,F26,581
33580893,L02,343
32865732,D26,210
32890299,S30,783
32894678,J29,190
32913140,F21,1628
33580907,L02,295
33156370,251,708
33162983,A17,437
33168922,601,2213
33169141,707,1879
33175415,F38,602
33180845,A11,252
33582776,F14,608
33589554,H11,8003
32915763,A48,721
32923358,A20,402
32926070,726,704
32926087,726,704
33607399,230,307
33214803,D07,589
33242348,S24,3927
33611809,633,747
33613736,D04,550
33632312,L26,394
33752082,711,971
33765725,503,257
33772218,R17,244
33776576,G18,466
33785477,M10,291
33820675,F06,650
33635511,A12,486
33269114,420,206
33269801,G05,2295
33271828,R34,403
33273859,236,322
33642266,F14,600
33653706,Q03,282
33823598,F01,4199
33826205,A45,552
33829619,J12,809
33654747,638,113
33660911,R04,783
33340151,302,477
33346826,632,237
33348910,701,1456
33664484,F06,2233
33677607,252,896
33683407,632,790
33835992,L27,191
33849970,G12,275
33852604,242,455
33853465,L16,200
33873570,252,2333
33684621,125,375
33689653,245,292
33387469,633,306
34059931,121,295
33689832,114,574
33705274,121,54
33873780,243,471
33875614,225,494
33877798,Q04,99
33883497,A46,424
33883949,504,866
33716043,111,188
34072049,632,322
33735398,L20,718
34337805,M05,335
34339330,A25,677
33907325,603,942
33910078,J31,427
34340192,638,293
34084359,257,1492
34087005,G05,3269
34340357,225,303
34343752,A30,297
34358402,A42,385
34362677,R22,612
33936370,L20,941
33937466,R03,540
33961505,M10,639
33974082,R06,187
34363916,G28,481
34114232,A49,517
34116575,Q04,386
34118590,J30,362
34119451,L05,341
34123251,F23,287
34127215,M16,264
34136999,R24,342
34370526,225,363
34384911,R24,342
33974640,R06,349
33974777,R05,480
33982630,133,267
33989681,A42,485
33999874,R06,337
34384958,Q04,245
34138042,230,196
34142214,D10,470
34150118,622,1122
34169395,R24,342
34017965,N09,332
34022740,252,464
34433947,243,230
34172085,109,284
34175118,M19,309
34181803,A27,904
34183108,G32,802
34197959,D01,412
34202651,120,298
34468721,L29,2626
34478311,F21,116
34051551,J14,281
34596961,A55,362
34600024,J31,395
34603173,D41,474
34604981,R04,373
34478719,225,737
34480008,256,123
34485317,D14,306
34485693,D14,306
34205576,G30,494
34206567,M18,914
34230593,Q04,412
34231172,R40,259
34234215,F01,5191
34253845,G29,499
34485694,D14,306
34485696,D14,306
34485697,D14,306
34485698,D14,306
34485699,D14,306
34485702,D14,306
34485742,D16,156
34487491,R14,62
34616078,J14,317
34620162,F01,4901
34641992,225,246
34651319,134,326
34491852,126,142
34491916,126,142
34255449,113,270
34256727,S24,1359
34258883,S23,68
34272580,249,295
34278935,S31,595
34279388,114,257
34491918,126,142
34493830,S30,1101
34281515,D40,264
34287923,M21,595
34289855,633,140
34313601,238,607
34315737,F29,638
34510977,A44,666
34656064,L16,1801
34659944,A31,789
34667590,220,495
34670672,H06,412
34673353,D14,235
34517087,633,88
34535182,L29,2658
34537321,R11,531
34539406,L29,2779
34542125,L13,511
34687035,711,1009
34705719,A16,349
34709283,A15,409
34718010,A50,632
34327434,L16,42
34335995,L06,1102
34336135,G05,3732
34337267,D30,264
34897863,A25,331
34542550,M14,369
34544360,633,414
34568831,R44,462
34592979,638,325
34592997,D09,699
34905459,F09,145
34907049,G32,288
34907354,D26,646
34907479,225,312
34909026,A47,96
34909594,R34,420
34593016,A21,477
34737998,D30,264
34738463,225,373
34741981,701,1022
34742861,D30,264
34745490,243,1169
34746284,M13,581
34593055,A21,477
35154803,R14,67
34784910,M16,932
35154913,R14,67
35155873,S30,2574
34926055,625,140
34971449,632,645
34972982,632,615
35166718,R18,217
34815470,A32,231
34819702,F26,572
35172393,243,979
34974475,J17,407
34978738,A61,819
34980223,D22,229
34994129,121,309
35183293,F25,545
35186258,633,179
35186404,A49,749
35191797,626,150
34998955,632,219
35000464,632,486
35005373,632,357
35007394,D35,437
35012500,H11,7024
35197500,F01,4759
34844071,S24,1548
34860207,J13,493
34863999,711,1028
35203931,726,390
35222567,L29,2464
35224560,713,159
34866682,250,650
34866786,121,285
34866897,A50,653
34868859,632,518
35025921,121,435
35026161,121,457
35038426,R18,301
35043094,F01,7295
35045823,D01,578
35231370,R11,288
35231916,G20,201
35232819,R43,199
35235212,G11,986
35235326,M08,674
35076834,J29,362
35078721,J22,364
35081665,J17,468
35085826,F01,2794
35423560,Q05,687
35428996,F11,686
35430378,H11,7975
35431400,A33,379
35454756,R05,1241
35235379,G11,902
35236534,G14,939
35249458,D10,1233
35254823,226,395
35114037,115,351
35258943,243,284
35479956,G36,1093
35490967,133,267
35491909,A53,122
35493937,723,849
35496842,502,1293
35267276,G14,921
35267302,G14,478
35120222,R06,663
35128367,A44,263
35136523,A60,1988
35136809,A60,1894
35269083,J31,360
35497497,A42,918
35509087,G36,1108
35510876,A28,409
35511098,A28,395
35513883,N02,460
35147929,A42,325
35149019,F18,222
35149180,F18,438
35149282,F18,685
35149452,F18,462
35149540,M09,150
35149749,F18,459
35304260,714,906
35310193,G22,364
35315339,R42,485
35324178,R42,456
35520176,225,387
35523432,M10,61
35334728,L08,736
35154411,R14,67
35154668,R14,67
35683483,627,332
35684442,115,299
35354567,A55,520
35536969,G34,588
35539586,R08,237
35539856,R08,237
35369883,R03,1068
35712515,G05,3732
35713310,R14,197
35713334,R14,172
35716479,114,374
35384123,F01,7190
35387629,250,680
35540158,R08,237
35540308,R08,358
35540417,R08,237
35545194,701,428
35545434,D19,205
35545525,D19,245
35408266,301,727
35719652,226,363
35732634,245,42
35766431,A46,477
35409445,G05,3074
35422599,G05,4486
35768873,G33,335
35774669,G28,289
35995460,M23,586
35545595,D19,140
35545650,D19,314
35546298,211,381
35548721,M10,423
35569130,A55,632
35996222,503,766
35998531,D39,1376
36004196,M05,2607
36036842,630,322
35797866,A25,316
35806920,D05,284
35808578,L28,1080
35822763,A46,672
35829570,G32,363
35837998,A17,409
35575345,A55,124
35579364,L08,83
35580609,F14,670
35581315,B12,482
35595727,L15,409
36063144,G33,409
35840564,R04,647
35840685,250,411
35843321,M16,554
35863145,248,602
35868549,723,884
36080023,D08,522
35599507,A49,345
35600877,B12,481
35601251,B12,597
35603341,Q05,333
35608098,111,475
35614233,H06,46
36085870,215,1375
36101436,R44,561
36108534,121,232
35875858,J17,406
35876828,708,645
35878938,M11,712
35880719,M19,323
35893569,F14,595
35619073,S31,648
35646199,D06,730
35654798,D08,582
35655950,F06,1039
36134670,301,721
36137613,A48,904
35896695,G33,386
35898731,J17,445
35901159,M19,330
35906886,M19,291
35907916,709,832
35914632,130,281
35915030,236,424
35917584,J31,59
35929196,R32,709
36145317,H12,215
36274279,715,867
36300378,J31,401
36302523,129,124
36147561,M20,137
35934018,F04,301
35938640,L29,914
35944106,637,388
35962668,F11,316
36315759,A36,113
36315828,R24,342
36152646,245,73
36197791,G33,389
36198348,249,545
35969545,J29,412
36601199,M19,158
36322141,A16,374
36333124,423,423
36354114,F24,376
36359662,502,644
36370217,J29,297
36601571,M19,158
36603015,238,189
36618017,G30,677
36629436,A14,319
36236022,A44,164
36379279,635,343
36379292,M19,81
36392997,B08,650
36404568,Q04,194
36236515,G05,4338
36237732,A28,309
36404684,638,231
36426788,F01,6815
36632562,B19,525
36633354,J30,312
36633369,247,695
36640931,H11,7334
36239748,A28,309
36454717,J17,290
36455321,J17,112
36455649,J17,274
36456829,A18,290
36255541,A27,360
36260895,723,992
36659812,A54,892
36660274,A54,921
36696860,A46,153
36698970,114,172
36753879,F14,545
36267546,S23,2403
36272957,F01,5699
36477307,247,1813
36485171,R01,1273
36485642,113,281
36488148,106,846
36489561,715,1056
36501387,638,97
36513425,R05,280
36974600,H06,892
36975161,A45,251
36981285,A54,591
36762958,F01,5312
36796156,F01,4827
36803276,A25,350
36804299,G32,840
36813246,106,274
36815318,F01,5227
36998345,L15,512
36523682,G07,927
36525799,G09,962
37011601,A27,573
36561962,M11,548
36836336,R34,835
36838859,A25,544
36839214,A25,707
36839512,A25,1031
36839873,A25,681
37019982,J28,358
37022153,250,580
37023920,L06,707
37048087,R40,136
36571835,D04,656
36585314,L29,1846
36593724,B06,557
37207174,124,189
37053079,A27,443
36872628,A46,141
36875336,A46,113
36900144,J28,298
36906533,G36,60
37055580,B06,358
37055877,504,1228
36912362,R45,343
36914033,Q05,152
36917552,D08,916
37056638,H03,2768
37213303,L06,409
37215278,G05,2376
37216159,R06,187
37218076,G09,684
37240374,504,445
37057382,250,652
37060250,248,14
36945647,Q05,506
37060607,248,191
37074081,710,206
37079197,112,556
37082885,A48,804
37083736,B06,5079
37085182,A17,270
37085302,L29,2994
37086914,M16,161
37247512,D29,86
37250030,A17,165
37253565,A54,733
37254729,R01,1075
37260475,G09,958
37262517,226,303
37494611,M06,698
37528370,M14,49
37529321,246,417
37093438,251,579
37094204,L01,48
37094209,R11,773
37272016,A33,305
37282283,Q05,204
37285128,636,303
37288147,M12,406
37291686,607,1024
37094830,M11,1034
37122162,F14,173
37532017,A46,527
37532987,631,287
37536591,701,1067
37549695,G33,455
37552522,504,258
37122437,F14,118
37122502,F14,150
37122566,F14,261
37132673,705,874
37297049,D01,664
37297150,239,190
37300621,R06,262
37300828,G19,340
37316929,Q05,456
37138983,124,244
37557533,F05,933
37561740,R32,513
37563342,R11,784
37563932,R11,696
37564878,D09,503
37585659,132,196
37588246,124,244
37589906,123,388
37594699,M01,2134
37317473,F09,379
37318064,G19,525
37319489,119,297
37322150,F01,4584
37322248,S01,209
37322632,F01,3208
37325442,504,445
37153544,F16,230
37329889,B06,5258
37330856,705,756
37332720,Q03,263
37349383,129,124
37182088,J30,375
37598410,A14,394
37598495,F01,7595
37624494,133,75
37627715,F16,381
37630258,A21,423
37630778,114,431
37633552,A12,704
37634311,D18,121
37187163,A17,243
37187259,R06,408
37200571,A17,497
37361653,601,5004
37371179,A48,272
37397088,624,471
37404277,F14,600
37807246,129,124
37648875,A47,492
37688045,M18,238
37691827,A25,318
37696099,626,228
37808381,129,124
37809572,S30,3871
37816237,711,1261
37818248,711,986
37828655,G34,263
37424442,G19,105
37428856,701,608
37443671,M11,217
37446470,A49,338
37447065,D27,495
37452873,G09,1369
37842610,G05,3739
37855573,A11,327
37705884,G33,625
37706099,J29,261
37706464,701,2840
37720576,S29,223
37720797,B08,592
37722378,L06,137
37723620,713,95
37857475,J13,485
37862092,F01,4800
37862550,710,1503
37462923,L29,1910
37486474,123,223
38134421,701,1081
37879131,225,400
37729855,F12,358
37740667,Q05,246
37750065,H11,805
37750997,A20,63
37887133,G33,795
37889951,A06,302
37890312,G09,512
37891200,709,1229
37908288,A25,495
37908313,A25,225
37909386,A18,217
38135970,701,4002
38150817,D37,524
38161096,A09,406
38161780,L19,241
38161818,112,410
38164618,251,1546
38166035,A50,543
37779494,R35,283
37785816,G35,1227
37798666,A50,758
38481169,R08,237
37914207,L05,417
37932566,L08,511
37937595,A46,150
37941349,R17,244
38486378,229,216
38496782,L29,1461
38513011,G33,669
38178779,J20,575
38186479,F01,4119
38186786,A53,410
38217247,R06,186
38226783,250,722
37942657,129,124
37943502,H11,590
37943668,D27,562
37944508,A51,431
37944546,H11,570
38515796,B06,666
38519757,D10,677
38521231,M08,363
38522188,701,3860
38522224,H11,8192
37971614,A53,387
38235141,A59,514
38236354,250,744
38236463,L13,155
38239421,H09,351
38261496,R06,236
37984597,L06,782
37986967,A47,399
37988664,F26,720
38535656,A47,286
38542488,R11,618
38546708,B08,733
38547165,B08,711
37988953,251,525
37989689,D37,424
38281533,H06,531
38284238,D37,534
38285454,A47,389
38291768,F11,419
38296895,R01,442
38299089,Q04,227
37992636,B06,5255
37993547,B06,5240
38553463,B06,5204
38559180,A18,257
38573589,220,590
38575019,635,191
38575482,B08,714
38584270,R11,711
38584439,B06,5251
38020017,603,3852
38024356,A46,711
38316335,503,231
38317957,207,1213
38323529,701,719
38359468,F01,4472
38600017,D12,530
38603451,627,196
38609434,252,1735
38617525,701,2579
38617814,A47,146
38619451,701,1112
38623036,201,529
38624089,N02,377
38048018,A06,528
38379068,227,228
38385758,M16,806
38624335,B06,5286
38624428,B08,708
38624439,R11,887
38624988,B06,5315
38625166,B06,5205
38625308,R11,860
38097887,632,443
38390957,624,177
38404770,230,301
38413549,A17,111
38428035,A47,389
38437629,A48,801
38645543,B23,644
38645666,S27,2472
38646409,707,1821
38664426,A55,1198
38666081,G32,776
38670210,B06,5202
38134394,L20,433
38674685,229,268
38697036,F22,703
38778121,610,259
38454938,A21,300
38456362,247,1886
38461525,119,266
38462360,L06,1047
38780110,F01,5170
38799098,D08,752
38704688,F16,365
38707413,A46,422
38725189,S29,4062
38747830,630,735
38802035,622,497
38469091,G05,4377
38477712,M09,293
38480777,229,419
38481108,123,280
38811858,252,1704
38812729,L29,1697
39023096,133,519
39023376,133,508
39023600,L01,398
39024243,L01,363
38817916,236,298
38826956,R44,450
38827616,R43,600
39289019,D08,754
39299540,242,2
39301619,J31,909
39302944,F01,6321
39313969,F01,3541
38831666,Q04,194
38835934,L15,660
39024944,L01,136
39031849,623,376
39033318,250,375
39034248,F01,3606
38839819,A07,236
38846563,129,124
38849102,131,177
38850758,723,473
39036887,A33,168
39059931,625,563
39074638,J29,552
39330170,D01,474
39332857,M05,169
39340734,F21,687
39345548,F01,3424
39355943,206,8
38866096,S29,4025
38866268,J28,138
38871574,S29,4138
38871661,604,1115
38875424,Q03,263
39363832,R04,429
39380947,G05,4423
39381034,A48,968
39081829,L19,111
39083120,S30,2813
39083245,Q03,282
39106226,225,271
39113138,D07,537
39114171,711,1137
38879859,604,910
38880744,A07,538
38900328,119,123
38902678,A11,141
38908592,A28,411
39123850,R44,403
39125813,S15,587
39126741,A55,789
39128021,Q03,282
39146442,604,602
39149013,G33,227
39386691,D29,407
39395456,G05,4366
39411592,F02,3229
39413681,A21,446
38910508,A28,542
38924473,F18,118
38930954,D25,329
38931289,M10,234
38932995,A46,560
39435705,633,701
39435760,633,703
39435765,633,465
38947926,S22,8585
38954037,A07,614
39153457,120,467
39169415,L11,486
39174155,L08,83
39176524,D30,751
39176548,R34,164
39177041,H11,848
39435773,632,846
39435811,633,679
39435835,633,295
38956772,630,55
38956793,631,439
38956835,632,427
38956889,632,479
38975498,Q04,373
39189765,A17,528
39191142,Q04,194
39193812,224,250
39194327,A45,442
39196417,Q03,282
38978229,A31,371
38978429,A32,156
39449814,225,541
39464655,623,224
38980221,A49,656
38983890,A47,1014
39483179,F01,5195
39484704,633,747
39485765,R03,170
38996102,L20,633
39199781,F16,51
39199816,S03,419
39229191,602,2966
39243894,A25,1003
38997592,F25,262
39507366,M10,213
39507856,216,507
39508474,118,275
39517970,242,286
39526252,225,385
38999862,G32,983
39001725,D28,287
39253388,G35,942
39257912,705,1142
39269487,D37,421
39005390,A46,581
39016717,248,402
39022484,L01,136
39526281,247,2041
39528624,L08,484
39531655,F20,382
39535241,L11,488
39535604,G32,447
39965266,M16,453
39969287,L11,204
39280356,H11,846
39820168,M04,671
39833359,G18,916
39839813,M16,759
39971399,G24,148
39535849,D27,407
39537097,R03,737
39537553,726,691
39543637,B18,860
39553672,Q05,187
40009594,A19,373
39849765,B06,5293
39850284,R11,762
39858506,R14,65
40011270,M11,149
39554590,F16,138
39556673,231,392
39559324,D27,271
40028007,Q03,673
39860062,122,305
39860155,122,368
39860690,632,233
39860936,632,134
39861059,632,82
39861127,632,307
39861182,632,285
40035713,A15,437
40040224,L29,1395
39861293,633,302
39861458,632,267
39862209,Q01,65
39866812,A55,1695
39869406,G33,325
40047091,A25,254
39872100,L06,649
39878065,626,527
39878087,A25,254
39878204,A25,254
39587759,L29,2364
39598996,L20,703
39603229,F11,829
39603782,F01,9431
39606161,F01,3886
39610139,723,386
39612224,207,735
40062883,L29,1876
40067442,M05,430
40068404,R33,838
40080502,A47,695
39878798,Q05,512
39878837,633,627
39879250,625,385
39888686,L06,190
40083498,A20,182
40092387,F01,2627
40092482,L05,96
39627703,L20,678
39627727,229,202
39630152,241,407
40095318,M05,171
40103744,M06,416
40107156,A53,273
39894957,L14,216
39896685,243,931
39899915,D10,678
39903508,S19,6385
39916681,D27,481
39919408,J31,693
39920610,632,247
39634396,A18,57
39647259,621,156
39651899,F20,348
39671310,A20,305
40137674,G32,524
39696136,L01,122
39699359,601,4236
39703272,G26,587
39717041,D25,531
39725627,632,424
39921961,A36,147
39922049,137,59
39922192,137,116
40154152,208,314
40158019,M16,1021
39749416,625,206
39749681,625,163
39922527,A36,54
39922635,137,153
39929061,113,243
39930214,M18,390
40182687,119,209
39767080,701,1955
39777590,M01,1640
39781222,L06,455
39940831,A25,254
39950446,116,743
39950578,G34,437
39951152,A15,553
40198915,G19,418
40203774,A47,804
40215699,R24,342
40223498,S01,650
40228352,J29,483
40674094,A48,761
39954574,M18,152
40447283,M10,694
40448201,A20,72
40454134,603,942
40239419,A25,274
40239461,A48,903
40247800,120,367
40261940,F11,86
40680003,301,871
40681398,216,396
40468300,R30,1584
40474055,A12,166
40683527,A53,364
40491893,L06,1295
40501316,718,313
40264373,M05,349
40289316,H07,675
40292818,607,1397
40699072,S22,5255
40301903,Q04,393
40302589,638,189
40304242,247,2062
40511239,L10,65
40529147,F01,4751
40704904,A30,543
40316923,J12,834
40335341,A16,449
40721922,A36,113
40535865,F21,473
40725405,J29,405
40728239,624,251
40731114,R28,353
40335381,L29,1
40335468,G33,249
40339942,706,1782
40344826,Q05,249
40345364,A17,522
40734111,S30,1332
40565556,A25,459
40576966,A15,600
40591061,245,758
40736481,401,575
40737415,L29,1420
40739293,B06,5212
40744843,243,914
40748884,J31,341
40608762,713,170
40611604,A61,1009
40350292,G28,884
40376349,L08,414
40754270,G36,223
40756575,F24,140
40758693,252,609
40759693,256,508
40391410,726,606
40396854,252,976
40397243,M05,307
40399598,M05,338
40403927,L29,337
40405567,A16,516
40406049,M19,248
40424606,L06,581
40790813,701,3099
40794509,D39,1851
40796348,248,398
40660322,114,176
40846105,M05,291
40861640,B10,214
40797425,245,722
40797714,246,467
40425172,A44,92
41023393,616,503
41033943,714,179
41036360,A50,327
40799715,Q03,152
40816175,706,2169
40816977,B23,2961
40869871,229,216
40873601,R30,295
40873866,255,631
40874667,L27,656
40824219,714,525
40824301,L11,264
41047753,726,769
41048681,A50,437
41069298,710,606
40825740,249,546
40887882,625,258
40891496,M12,821
40843980,A61,297
41343124,J21,492
40896611,631,287
40897658,A20,178
40900757,G35,877
41075946,504,1277
41078843,L16,227
41082801,R17,186
41107092,R17,263
41348789,G36,269
41352166,A47,291
41353712,J31,790
41354388,G26,199
41108306,L15,195
41109712,R17,197
41123624,G05,4084
41124781,F29,451
41127989,R17,293
40905066,M18,339
40911813,L16,439
40912721,R32,298
40915004,M05,163
41365538,B10,169
41367371,M16,946
41369046,B10,171
41371194,R13,341
41373193,B10,239
41374977,M04,863
40922585,G32,570
40922899,G32,296
40926567,Q05,153
40930849,G19,400
41146307,F16,184
41151871,A47,931
41173094,701,1665
41383676,D29,411
41395190,130,256
41399557,623,131
40944094,G15,728
40944374,R18,242
40946694,Q03,282
41420151,G26,611
41175544,A07,397
41175790,250,1248
41178612,M20,185
41212093,A44,441
41215964,A50,237
41226843,H12,719
41425597,630,259
41425624,630,273
41430801,F01,2560
41431376,243,200
41234346,241,225
41257755,A25,1003
41258335,G26,664
41433498,125,411
40952752,M16,345
40971681,M11,369
41433641,504,1051
41453338,247,467
41454887,A33,232
41466873,625,561
41472347,G26,472
41473245,R18,101
41474950,R18,81
41475250,R17,200
41484977,A48,628
41485666,J24,235
41262660,R08,256
41268569,Q04,502
41274329,B13,641
41285370,125,401
41289512,R17,191
41295029,A31,217
41295300,707,1866
41295524,A47,430
40992950,D22,307
41004775,F03,697
41007370,S30,4549
41008859,G29,280
41009396,F01,7195
41012815,J29,559
41494959,115,351
41496552,J29,162
41502786,723,563
41301073,J31,466
41321694,H06,514
41322723,G29,340
41323959,A21,295
41504521,A47,820
41506185,633,747
41507050,633,747
41021292,F01,7417
41637801,A20,260
41642747,F01,6037
41647808,D07,362
41527827,H06,307
41529631,G28,434
41531671,R17,179
41538377,D12,450
41552434,504,601
41336712,125,350
41959506,A49,282
41964371,J14,467
41976399,R05,1237
41665066,L11,386
41666160,A30,631
41670159,636,375
41681691,226,339
41686149,G29,532
41564056,632,313
41567947,L15,172
41568108,S21,8369
41978804,L21,217
41997438,A28,246
41997469,A28,246
41997496,F11,376
41997533,229,201
41585180,Q03,282
41592296,L08,533
42002291,F04,747
41692454,G05,4450
41710457,G32,953
41712212,A46,642
41712314,G35,190
41720005,238,432
41593430,D32,539
41609145,A36,113
41614248,S29,1924
42015560,633,552
42015995,714,855
42020878,Q04,611
42022909,622,831
42023090,M05,598
41634451,S23,9471
41733738,L29,3034
41746645,L12,395
41747413,M10,297
41749993,L08,249
42207141,M10,98
42219242,A30,689
42220001,D37,556
42220146,D37,361
41769297,114,363
41770339,L13,486
41772235,R32,543
41786442,G34,501
41789758,Q05,161
42023288,109,635
42041277,721,117
42049436,A54,362
42231473,723,1365
42245079,632,247
42245107,632,247
42249744,F24,661
42265787,A17,244
42058731,L11,373
42067285,S30,1467
42082740,625,29
42088954,L29,1613
42097281,A48,326
41790722,257,298
41799372,L01,142
41811144,242,274
41816533,227,416
41832407,A59,1695
42273545,242,551
42274209,Q04,377
42274866,A03,601
42289549,M10,297
41840320,A12,340
41861321,112,198
41867299,Q05,453
42108317,A25,362
42108441,503,918
42112149,L05,347
42112271,L05,332
42132039,L06,985
42303747,A53,194
42311578,F21,666
41889234,244,252
41895103,Q05,499
41908637,L08,435
42137790,F07,2025
42154630,A46,653
42158612,246,481
42159545,A60,632
42160230,S30,1287
42332206,F11,534
42332401,F11,645
41909568,245,763
41915430,245,220
41934934,B10,160
41940501,A11,251
42360275,707,1709
42161973,F01,4020
42194646,D37,553
42195148,633,603
42473749,M08,625
42377787,243,718
42379175,251,1373
42386569,252,1087
42389365,M16,579
42683130,L05,455
42688012,Q03,349
42689810,A44,621
42690493,302,734
42693824,G14,498
42389957,F16,269
42476362,A21,471
42486136,D40,933
42494731,F01,5997
42495508,S31,1255
42497920,M13,379
42498458,M12,469
42391932,113,625
42402259,252,788
42704243,A25,1003
42726674,A12,656
42735065,Q05,174
42735424,Q05,170
42404526,A36,113
42404625,629,290
42404665,629,290
42498484,M13,466
42502510,J31,538
42504616,626,139
42516466,M06,139
42404707,629,290
42405152,M16,361
42406076,M16,339
42406399,604,783
42410393,A20,221
42735863,Q05,177
42738424,632,347
42741138,705,1204
42745382,M11,433
42433863,G12,668
42438973,A15,403
42746488,L05,262
42757436,A25,1003
42440198,A50,877
42529554,A25,717
42532821,F20,412
42535595,M08,581
42536123,A46,461
42444354,625,218
42446225,D26,27
42449569,L19,362
42449656,M10,278
42769704,G14,262
42788958,625,378
42789033,212,608
42451008,627,553
42467234,F24,723
42541688,401,2020
42567610,R01,412
42579881,902,201
42582390,116,293
42471990,715,1027
42472632,A11,393
42925669,Q04,786
42584450,Q05,277
42584572,250,613
42586407,114,356
42927800,247,2431
42795515,D40,324
42805340,723,1135
42806766,629,290
42812068,621,612
42927825,A15,600
42935766,L13,561
42935943,M12,375
42936229,M12,483
42936364,M12,392
42589526,R19,244
42596536,Q04,722
42602038,632,442
42938323,632,876
42942408,M13,398
42817298,L29,1410
42817699,723,481
42818093,632,398
42835727,632,247
42835790,631,287
42638833,A25,280
42640224,D14,55
42643177,S25,2762
42645101,726,860
42840583,A48,601
42841568,244,603
42868646,A33,263
42868661,726,704
42965074,216,504
42970160,622,236
42973039,701,1871
42973259,701,1865
42975689,G21,435
42871724,S31,1182
42878514,Q04,670
42880564,A48,743
42888442,Q04,777
42670622,R04,736
42672172,635,147
42981016,A54,282
42989102,113,483
42989213,Q03,335
42895670,247,2591
42913200,A28,426
42914015,S29,4649
43289906,G21,289
42682391,L05,377
42682643,L05,448
42682747,L05,370
43061729,G32,146
43069280,726,614
43077519,A21,447
42997858,A15,600
42999798,124,306
43011293,A42,481
43012924,M16,478
43293457,A06,115
43303056,M16,383
43310098,D22,200
43310157,M19,159
43018237,G26,247
43096646,226,228
43103808,A15,547
43104937,G34,1010
43022519,G18,328
43032925,252,997
43034172,M16,750
43123958,R33,93
43131502,A47,494
43132765,J29,326
43147403,D30,963
43310180,M19,49
43310275,D22,42
43310301,M19,304
43310986,D22,178
43311037,D22,65
43311186,M19,278
43311252,D22,81
43311287,D22,221
43311320,M19,244
43311409,M19,221
43038479,712,477
43038779,712,212
43042861,G12,343
43043180,A03,465
43043695,R06,385
43044085,R08,282
43044308,G14,692
43044458,711,496
43315188,D22,122
43315235,M19,72
43315277,D22,79
43315319,M19,232
43315428,D22,178
43315528,M19,214
43315639,D22,240
43316108,M19,297
43317855,L08,158
43150520,G18,623
43152182,A44,132
43156881,M18,296
43161885,R03,596
43163186,L05,138
43054040,L08,636
43054170,633,497
43336316,A15,545
43348178,L08,666
43354556,R15,33
43163750,111,139
43170046,A57,2542
43174785,R33,83
43174844,R33,282
43177809,A28,680
43185743,J31,368
43450191,G14,687
43451168,R14,162
43357020,A02,321
43357084,114,624
43358518,H07,656
43364918,A17,104
43451371,133,128
43197566,S31,1193
43203702,A20,582
43211440,J30,618
43211533,J30,642
43211635,J30,626
43211802,J30,602
43213162,A46,269
43218562,503,252
43220447,234,515
43458250,M10,329
43468359,D09,515
43366411,715,729
43371304,249,140
43375941,711,412
43376016,G14,346
43379017,622,336
43379173,H06,1046
43470278,H11,8229
43477321,M18,864
43221088,A31,71
43230953,113,448
43239496,M08,511
43247671,G36,183
43251184,R33,323
43251246,R33,234
43251356,R33,110
43251455,R33,163
43495869,H11,7497
43381880,244,486
43381881,244,276
43387363,723,729
43388055,R33,59
43497073,H15,1454
43497107,S03,424
43498379,255,35
43498999,A47,812
43251517,R33,303
43251669,R33,46
43251732,R33,245
43255573,715,1186
43259385,A12,607
43266587,M19,49
43267312,M19,155
43414885,108,302
43499730,G29,574
43509173,J29,277
43518331,A65,2131
43526370,H10,663
43530040,503,1378
43267372,D22,204
43268186,D22,206
43268369,M19,165
43268744,M19,55
43270798,M19,285
43271004,D22,79
43420963,A31,239
43421180,A21,454
43431973,124,49
43433217,F20,45
43537431,M21,461
43547014,R23,84
43547204,R23,234
43725737,G33,369
43731306,R18,303
43553341,F15,230
43275029,R04,128
43275110,A46,143
43278897,G10,1015
43986924,124,68
43993168,248,510
43997163,L29,1368
43558653,G07,690
43595974,M11,1120
43605445,S27,2760
43742522,A65,2039
43744465,J29,484
43747226,F01,5955
43749311,G34,418
43751271,132,210
44004162,A17,212
44012173,708,592
44012767,B08,527
44014632,712,480
44014809,B08,675
43611951,224,385
43612639,701,1849
43615808,A45,408
43626965,F20,404
43770316,A49,1124
43778304,A54,234
43785452,L08,997
44020205,623,819
44033325,630,377
44033794,630,345
44035515,A11,75
44035724,A28,37
43652025,L08,802
43656521,133,214
43788419,224,619
43803118,D40,122
43806406,R03,83
43806992,R01,457
44040169,B08,484
44040868,F25,579
44048372,J29,783
44049457,M19,134
44059834,L29,1334
44072324,G36,205
43667745,A47,587
43669374,R17,190
43688142,R18,305
43814549,638,242
43817473,G14,222
43820337,R01,479
43820586,R03,130
43821239,D08,812
43831018,D25,530
43834804,L16,262
43701555,Q04,565
44101621,A27,675
44102245,Q04,404
44139096,D08,786
44149100,F14,670
43703359,R17,208
43714286,J31,268
43715460,R18,318
44350115,A45,192
44353711,R03,268
44164449,723,1107
44166880,723,1188
44183108,723,1433
44355095,A33,277
43844044,R18,163
43846580,708,1666
43847085,603,3463
43848101,714,460
43856156,F01,3798
43869863,H12,172
44377502,G33,376
44378348,718,156
44189059,D26,165
44189839,723,1361
44191733,S23,67
44197064,207,910
44211352,112,247
43871113,242,640
43878655,G14,191
43878868,M12,385
43888356,629,290
43894383,R18,102
43895124,R17,296
44384403,A16,316
44393462,M22,140
44397304,245,113
44248261,707,449
44249049,S30,1321
44251069,S29,511
44261110,627,511
44261171,629,290
44261202,133,201
44402774,103,1328
43909885,633,747
43928714,Q05,249
43929087,G34,738
43937175,246,1356
44408295,J12,979
44415969,S30,889
44416142,423,362
44432970,708,2377
43946617,F01,3739
43947562,Q03,98
43956795,248,709
43957282,125,307
43961545,A54,349
43969564,A17,433
44262107,413,146
44277610,Q05,1003
44281187,R17,185
44282642,503,528
44283460,S30,908
44288421,624,430
44289364,635,169
44303056,636,241
44303641,A27,991
44440915,M16,579
44461963,A46,656
44466661,J17,2379
44320456,R18,278
44320572,M19,238
44321572,901,396
44321778,G18,412
44324396,A16,516
44340470,G11,1099
45187777,J29,705
45189535,121,462
43986314,708,721
44635187,F02,124
44642468,601,4920
44643892,A03,25
44648831,G10,653
44475635,604,931
44475971,R15,147
44476787,M19,313
44477235,A47,759
44478978,G05,5687
44662666,A50,864
44663787,632,958
44699042,M05,491
44486696,637,314
44496053,F25,585
45192635,226,164
45203126,L06,775
45205118,257,1912
45214975,F16,383
45216874,D07,258
44503706,621,854
44505444,L05,312
44506417,L29,2894
44506958,R18,120
44699326,205,950
44711827,S03,551
44722548,A63,232
44747618,119,283
44748353,M19,71
44749327,M16,297
44749512,D22,55
44769471,224,134
44521574,L08,233
45222805,712,136
45224180,708,721
45224909,R18,270
45235972,708,530
44521731,L08,331
44531911,622,522
44532028,A47,933
44798876,A50,792
44799074,420,52
44802224,A50,924
44804027,622,199
44866024,F24,777
44558113,632,805
44560298,A49,997
44575875,A18,218
45253125,247,2802
45261830,R18,192
45261941,R17,200
45267941,110,2883
45268111,110,2917
45270114,R18,102
44580169,G33,173
44902498,F25,605
44917765,111,366
44938771,252,2101
44975642,F11,499
44594337,R17,272
44595136,L08,587
45270317,R17,219
45270476,R18,260
45270796,B08,854
45275194,Q04,536
45277434,A25,804
45277537,A25,685
45282181,G09,1157
45286461,F21,227
44631028,A57,1836
44631766,625,179
44631955,121,558
45000320,R03,933
45001256,627,143
45045785,F16,395
45067068,H06,390
45427869,626,527
45440460,248,539
45448589,M10,320
45449265,R18,367
45287978,A12,238
45303002,A49,363
45318765,D08,692
45327468,A46,1163
45330395,A25,790
45449294,R18,258
45449426,D18,206
45075405,636,244
45075497,F21,368
45086065,626,210
45089241,R17,152
45089745,G14,323
45457047,A25,788
45460506,D40,651
45463342,632,247
45341673,230,178
45344367,230,178
45345628,230,178
45349876,H06,714
45466241,R11,531
45091742,L08,584
45099567,G30,703
45103929,A50,256
45114711,A25,627
45469752,M12,258
45471095,225,367
45472312,Q04,352
45479645,110,453
45480128,F16,340
45138225,L08,342
45138618,A17,534
45138735,A25,865
45139002,713,204
45143239,A45,692
45151029,Q03,598
45157580,118,333
45350372,A45,243
45362333,G08,744
45366428,M12,113
45368990,F01,3379
45480607,A47,883
45481225,A25,127
45481240,A25,175
45482929,R11,531
45483048,A25,770
45484811,640,108
45492275,121,243
45380846,B08,568
45384737,255,684
45396954,626,527
45398984,A25,532
45399393,206,1167
45407980,J22,587
45493732,S30,1015
45408614,G12,1485
45409765,626,527
45412157,G30,724
45414303,630,422
45418350,A25,627
45420463,626,527
45503836,F01,4828
45164113,134,178
45176673,A25,592
45599852,R04,353
45602209,708,399
45609365,F01,4078
45609412,J15,1376
45505206,G33,662
45506170,A12,267
45527090,R33,739
45527936,A53,482
45623054,248,318
45626554,419,204
45634265,F20,623
45656925,M10,493
45425730,G06,1408
45768094,120,474
45775472,712,437
45781965,121,384
45783139,A47,934
45783587,B23,2988
45783672,243,1265
45530370,M23,429
45530652,Q04,903
45530663,Q04,501
45530812,Q04,459
45671894,G26,956
45673594,G12,357
45673803,627,549
45530831,Q04,837
45530901,Q04,494
45530938,A28,199
45530985,A28,6
45797302,G14,649
45801851,D34,418
45809231,R06,315
45813469,H15,1010
45815060,J20,300
45531339,119,214
45531530,239,169
45532748,G32,120
45682803,L05,317
45686011,D14,343
45687094,A15,741
45688536,420,267
45688889,420,178
45543400,H12,305
45547297,A25,495
45557629,Q04,442
45689161,123,423
45689199,Q03,135
45689225,Q03,301
45689293,Q03,215
45690330,R41,475
45691383,M19,2
45829645,201,583
45830845,L05,598
45834849,707,1527
45844343,A02,458
45846335,R11,654
45847112,A25,520
45850493,245,122
45558214,247,2673
45561535,A47,1019
45578810,A32,298
45578986,626,369
45579953,634,449
45579970,634,456
45579985,633,583
45580965,J15,628
45851431,708,563
45860553,A47,676
45863833,G32,1040
45865497,D30,655
45866168,247,676
45878126,632,424
45694688,M11,882
45697372,D22,37
45697674,420,91
45697850,M19,76
45698750,420,231
45699931,R23,127
45701998,J29,293
45705785,101,2468
45581221,A28,190
45581228,A28,97
45581273,Q04,800
45581450,B08,558
45581457,B08,355
45581475,628,739
45884646,L08,296
45894834,G32,1040
45896593,253,350
45591853,M19,31
45720236,G24,148
45721454,113,448
45722884,125,571
45723636,G11,856
45595551,Q03,263
45595732,M19,325
45595850,A25,791
45595993,M19,77
45988097,713,290
45990473,632,805
45727008,M09,586
45733243,R17,230
45738048,D22,171
45738105,243,256
45741437,251,414
45897458,S30,1343
45903786,225,547
45906774,A46,667
45908302,B08,688
45909943,M18,1011
45995828,108,333
46006123,251,2451
46006972,G32,1040
46007228,M10,255
45742729,A17,458
45747355,D22,158
45748772,H06,531
45750107,723,294
45750319,632,247
45752036,D22,48
45752068,Q04,657
46025711,D22,56
45913437,F01,6987
45914075,G26,470
45918592,A47,407
45919566,A45,468
45922753,L13,316
45926800,243,717
45927831,F01,3628
45930596,624,428
45752087,701,1868
45752267,D22,222
45754166,F01,5955
45754690,A15,527
45767847,121,410
45767870,D15,356
46047742,224,563
45933728,G32,834
45934464,A20,126
45943671,D21,575
45951602,708,464
45952953,G32,1040
45953196,G32,1040
45954683,G32,1040
45955183,252,1138
46054095,F14,311
45767904,D14,292
45767958,D15,246
45767972,632,414
46193644,723,324
46193714,723,243
46194587,J29,373
46062116,Q04,221
46067261,A15,300
45957861,G21,420
45969792,D27,537
45972391,F02,782
45976871,624,294
46077274,133,267
46195194,723,348
46195333,723,324
46195400,723,153
46195854,723,247
46202555,134,782
46211796,R14,222
46088307,J28,298
45985395,M16,466
46381862,G14,805
46382691,A27,575
46393855,J31,308
46397667,123,453
46102949,L06,820
46108000,237,397
46212641,250,1811
46212643,250,1963
46214998,708,605
46236500,505,285
46237688,M18,764
46241495,A31,182
46241504,A31,213
46113778,R14,222
46401930,M12,304
46402076,L13,580
46414174,F25,728
46414339,G30,717
46415269,L10,323
46415505,633,504
46417510,J29,476
46113799,R14,222
46113818,R14,222
46113841,R14,222
46115154,A27,745
46115358,G32,564
46115871,F05,2832
46419119,F16,399
46419316,R17,281
46430844,301,730
46432272,A25,525
46246632,A17,458
46262041,A25,540
46270554,G32,538
46275383,214,1886
46119792,G32,1040
46120125,G32,1040
46120337,G32,1040
46127578,G32,454
46137867,F38,522
46278185,G35,750
46279853,A25,784
46280185,B06,368
46280898,420,440
46143578,J15,1293
46432776,R14,132
46435388,L15,415
46436269,S30,1126
46436583,R18,132
46438870,502,1549
46444812,L08,723
46449888,M16,697
46450521,632,802
46154815,R03,1127
46314128,H06,518
46318416,R15,189
46319642,M19,142
46458377,D31,529
46461933,125,597
46468503,B06,443
46470574,707,1586
46474689,627,99
46480002,629,290
46159103,247,350
46160422,A48,384
46161668,A48,256
46169958,R39,692
46326722,D15,183
46326832,120,576
46326889,D15,247
46326912,A25,147
46326981,129,254
46327032,D15,288
46171697,D08,740
46480127,629,290
46480144,629,290
46480260,629,290
46498576,629,290
46179119,A15,298
46186886,119,247
46192932,723,324
46193134,723,324
46193211,723,324
46330099,632,805
46330338,631,235
46332804,632,522
46334036,247,342
46334141,A48,856
46193296,723,324
46502639,255,656
46510119,L08,345
46510270,S27,1458
46527677,M19,220
46193401,723,324
46193536,723,324
46548617,S27,5918
46535498,R18,197
46540733,A25,1015
46540786,124,113
46335178,625,460
46336893,D26,576
46336910,626,367
46350355,G05,3918
46354423,M19,15
46354444,D19,224
46565079,M16,494
46566048,A49,434
46542631,A25,1015
46542654,A25,1015
46542773,B08,341
46601386,G09,1656
46355720,R05,390
46356028,F04,680
46357397,131,167
46375709,413,386
46544231,626,33
46546450,L11,420
46546926,R17,226
47000799,224,196
46610764,A25,1003
46640630,L29,3069
46640912,723,425
46787572,723,149
46787942,723,394
46788013,723,251
46788207,631,217
46788335,631,266
46788551,631,383
46788667,723,229
46788718,723,497
46644584,F11,345
46645146,R17,298
46646140,F11,62
47001322,L11,570
47009616,S30,1341
47012155,M11,370
47023758,632,410
47026093,L17,591
47031259,L20,371
46788841,723,181
46788955,723,512
46791050,Q04,720
46791082,A27,675
46797479,Q03,263
46667674,A28,246
46667694,A28,246
46667739,A28,246
46669233,134,146
46671693,G26,191
47042470,M23,385
47042494,M23,385
47042517,M23,385
47044684,L28,845
47045396,D22,217
46672848,M18,794
46797938,Q04,801
46798669,A19,604
46677269,M11,1206
46689847,708,1442
47047419,626,363
47048969,A27,675
47050312,A27,675
47050614,A27,675
47052682,D18,142
47052694,A25,99
46695446,J29,126
46705156,L25,443
46706175,Q04,844
46833665,R11,337
46848948,627,385
46851568,D27,235
46852193,D37,712
46854989,621,612
46868917,M16,889
46873173,L08,225
46706771,R17,309
46712287,227,297
47052701,249,967
47052736,R14,323
47052885,B08,615
47052953,126,293
47052971,R14,204
46715472,Q04,538
46720587,A28,246
46881502,625,278
46887704,A25,1003
46887738,F11,376
46891080,G12,458
46892479,Q03,374
46892658,A28,491
46725288,632,805
46725493,632,805
46727329,723,436
46729395,626,304
47076840,R11,531
47077578,M12,709
47078080,F25,548
47080388,S27,2027
47097490,B06,5295
47098575,D22,197
46729545,723,668
46729678,723,708
46894179,701,5264
46895055,701,5250
46895868,701,5458
46899354,J31,244
46900455,A25,315
46729892,632,574
46729966,723,697
47100985,L28,1120
47101612,R28,247
47101625,R28,185
47106347,M20,486
47115606,J31,317
47120135,707,1662
46732594,245,763
46737044,701,1862
46902179,630,504
46913873,A14,272
46923243,G28,662
46926058,Q04,680
46929299,F34,710
46943882,H12,345
46944839,M16,550
46737074,701,1736
46746791,L05,640
46751044,R17,211
46753919,Q04,650
47141317,H13,315
47142595,D22,221
47152307,D41,235
47159537,L08,621
47162719,M19,62
47169578,F11,376
47169602,F11,376
46757310,A22,269
46971592,708,434
46972585,A17,296
46973548,R03,202
46768272,D22,45
46773212,702,1587
47173334,H12,345
47175997,A47,294
47177315,636,494
47179845,633,799
47181087,A47,819
47181609,A46,859
47230196,229,345
47239416,F20,531
47243424,A65,2411
47250386,S29,2075
47250831,S30,1753
46987549,A48,749
46991303,S27,5589
46992098,M06,1219
46992656,633,353
46999617,L05,139
47493324,R17,197
47496129,F07,1328
47258482,701,3539
47183756,H11,7356
47197021,G12,479
47267003,L06,655
47269867,635,282
47272247,638,326
47206059,701,3627
47210401,F11,376
47210461,F11,376
47210471,229,345
47214900,229,345
47276861,M05,396
47510694,205,660
47518840,A47,540
47277456,Q04,585
47281460,621,683
47286267,S29,1988
47537276,J30,723
47547297,503,561
47551230,M13,404
47553112,R17,262
47577248,D39,2065
47581594,G32,503
47582768,627,338
47292906,R34,511
47293776,701,1257
47219783,D22,224
47223694,M16,851
47226137,701,3455
47848650,S30,1933
47848693,S29,2082
47858654,S30,958
47866275,G26,516
47295606,R03,1113
47584587,R17,206
47596692,129,322
47703518,R19,196
47706983,L06,862
47716158,622,308
47720387,244,197
47728714,A27,925
47313887,723,1339
47315577,723,1146
47316061,G10,1189
47869412,A50,368
47869588,726,557
47870168,103,1039
47874401,J17,162
47729102,Q03,282
47737131,M11,296
47316320,723,1253
47316506,L29,1796
47333781,A27,675
47887785,J19,2601
47889158,A27,833
47890017,A25,439
47892276,A18,218
47900810,246,352
47337463,L29,1319
47341575,L14,207
47761307,R17,236
47767712,708,516
47770897,R11,460
47773433,D39,918
47774203,D39,738
47783273,L29,1393
47348298,G15,404
47355990,S29,2371
47356141,L06,631
47356150,L06,862
47904246,A16,247
47906957,252,726
47907266,R34,671
47921311,G22,270
47924038,M19,20
47933628,129,264
47783561,119,280
47795106,A27,787
47803501,G32,512
47803519,A14,618
47359500,R17,191
47373382,R03,302
47373389,B06,5232
47373597,R11,683
47938375,S15,1345
47939524,A47,609
47942202,J19,450
47944133,F01,4932
47964241,Q03,254
47808900,G05,1240
47812540,A61,357
47825830,A47,303
47395232,R18,253
47396746,R17,287
47397326,R18,267
47402779,S30,537
47410952,626,84
47412929,R40,511
47967099,D40,359
47968256,230,248
47968434,D41,445
47974913,F14,511
47974969,H09,319
47975799,115,382
47977116,712,321
47421830,L08,496
47443009,F04,592
47832229,249,404
47832340,D08,734
47833551,708,543
47841969,D08,796
47842721,M19,83
47844167,D08,786
47444016,230,287
47448046,A27,841
47448127,134,430
47449728,L12,156
47451852,F01,3778
47977634,A54,469
47982995,A17,378
47990503,115,60
47993937,Q03,123
47467110,A47,964
47846567,251,1527
47846577,122,277
48055938,Q03,198
48062301,G05,3196
47472308,A48,779
47486539,Q03,165
48083343,M08,1001
48089766,L01,405
48095346,243,889
48100776,120,367
48100962,A33,318
47994751,F26,820
47996191,M19,12
47996705,A18,218
48011354,R03,231
48016092,F23,463
48017619,246,580
48024678,139,271
48029069,L08,196
47486935,J29,268
48103930,A25,193
48104025,R18,274
48109162,F01,4702
48110470,R34,926
48111149,L29,3385
48030596,R18,251
48042018,622,762
48045041,L06,720
48266114,J28,382
48266140,L28,1528
48270362,F01,3793
48279821,F14,449
48404504,J31,851
48416088,A25,548
48423570,D22,355
48111511,L17,169
48121041,122,301
48124602,A27,881
48128688,A17,503
48282693,D22,55
48295887,R23,160
48130923,245,550
48133291,623,753
48133569,701,2571
48134826,131,184
48134893,137,601
48135717,726,442
48137711,G33,539
48137872,M14,123
48427492,A47,811
48430489,A57,717
48440192,409,204
48444133,618,421
48300185,B06,5204
48304015,D22,223
48316162,R18,328
48316241,R19,235
48139155,A33,305
48142110,248,727
48143746,635,52
48146527,R22,335
48316249,R18,204
48316258,R19,254
48316284,R18,61
48445362,505,745
48449621,619,891
48452927,A33,323
48456241,239,262
48463531,G14,341
48463899,708,546
48317954,120,562
48318184,120,313
48323889,255,569
48326902,630,749
48328710,120,353
48331524,226,378
48159314,R34,664
48168657,Q03,193
48170918,A61,491
48181694,M09,249
48182954,A27,765
48470766,D27,718
48483049,L05,297
48489975,R11,652
48493122,D15,338
48503504,L16,129
48334556,F01,5200
48341938,D14,146
48344749,A28,159
48344963,A28,413
48345047,A28,137
48345099,A18,121
48345227,A28,394
48214743,S30,1961
48215693,A63,1041
48216778,D28,30
48229606,251,1883
48230852,F11,412
48230897,636,421
48345447,A28,403
48520815,A47,488
48527525,A12,217
48528952,A17,488
48559980,A21,556
48356312,R18,277
48357548,A17,352
48360362,R01,739
48231063,636,431
48233657,626,243
48247577,M16,753
48365708,252,325
48367018,M11,293
48562814,129,236
48562902,R18,264
48563315,128,415
48566707,420,112
48569389,129,193
48585070,J12,1195
48586222,F12,303
48367351,627,317
48253767,R01,449
48255368,638,298
48255427,A30,733
48257064,G30,294
48627687,D22,3
48380523,624,285
48587319,B10,293
48587320,F12,309
48587324,R13,268
48587330,B10,187
48587331,F12,294
48587332,F12,319
48587333,B10,161
48382101,206,924
48383636,A14,491
48383760,L06,295
48639298,G05,5941
48654449,F02,2227
48658249,L06,1229
48658534,G33,540
48659103,F01,4183
48661185,221,562
48672660,230,325
48587864,723,539
48601052,723,262
48601560,723,472
48601706,723,207
48601811,723,406
48602128,723,166
48602260,723,315
48602318,723,362
48602370,723,461
48399663,A27,495
48402078,S30,1638
48612262,246,333
48867046,L05,300
48674402,L08,824
48674893,A18,121
48676981,D25,384
48679571,J17,2289
48682927,A21,522
48871242,J30,341
48879282,608,254
48886891,247,1890
48699809,R01,837
48707741,G08,460
48720514,R11,198
48731947,A47,687
49060074,250,454
49072113,D26,207
49074308,J30,495
49074726,B08,127
49074929,R18,301
48920995,249,868
48733636,L05,200
48735024,635,52
48735040,635,52
48735062,635,52
48736649,713,608
48921786,F01,3209
48922519,123,248
48933117,A34,295
48936915,J31,630
49077488,L01,431
49081266,R19,98
49088129,A28,298
49089324,A28,340
49089376,A30,410
49089414,129,253
49089488,A30,433
49089500,A30,411
49089513,129,234
48939444,B04,681
48940172,F01,3864
48942624,Q03,349
48740080,L20,408
48740096,607,3209
48741152,608,2706
48742328,L19,639
48752329,R11,690
48758785,S26,2849
48758887,M11,930
48764611,A16,438
48767472,R08,237
49089574,A28,506
49089583,129,317
49089593,A28,314
49089605,129,297
49089633,A30,355
49089728,A30,315
49089734,A28,485
49089753,A28,458
49089760,A28,305
49089771,A28,340
48943038,J29,390
48943933,A50,168
48944147,A50,288
48955719,A18,265
48956711,A20,364
48959254,J20,491
49089796,129,320
49089859,A28,335
49091621,A18,286
49092035,A30,445
49092042,A18,226
49092069,A31,290
48767648,625,189
48768760,R08,331
48782140,D27,279
48783563,A27,355
48786590,F01,6187
48787510,215,1285
48789001,R34,183
48959628,A20,388
48972837,R13,126
48978779,G08,87
48981222,A50,178
48982956,A47,751
48983218,A47,570
48802079,246,787
48804279,L17,762
48805587,A20,412
48805600,R18,458
48807455,129,241
48983715,A47,585
49092077,A28,257
49092089,A28,311
49092101,A28,396
49092125,A30,415
49094153,L05,344
49099507,A27,544
49111268,F25,532
48984579,A47,454
48989849,F14,467
48810846,R23,355
48811129,242,524
48989915,A46,727
48992874,A48,653
48994025,L08,443
49113280,L05,242
49114251,J30,363
49115431,R01,1004
49124533,129,70
49124837,129,144
49124976,R18,206
48996689,L08,1002
48823509,G34,199
48825622,R17,172
48828204,L05,151
48845751,626,364
48846698,L28,254
48848322,636,439
48848698,636,521
48848891,636,523
48998267,A47,771
48998616,133,564
49002584,A54,527
49003714,218,251
49125584,M16,724
49125621,114,428
49126425,630,541
49126896,A11,530
49127236,G33,521
49132815,625,552
49011831,M20,302
49013421,A28,171
48849201,F14,483
48860567,B19,746
49193889,A47,925
49199952,R11,184
49207819,708,309
49208965,R42,136
49014923,F24,442
49016783,A50,170
49018761,626,527
49019237,A50,357
49022805,R08,281
49024100,F01,6533
49026948,R08,292
49211825,110,264
49218440,123,765
49225568,R18,62
49226616,L08,326
49228776,A18,235
49241398,A18,46
49136477,S25,2672
49142923,249,371
49145365,F01,4193
49149598,G26,502
49152970,111,331
49157025,A46,555
49157424,715,591
49158456,A25,263
49029323,M12,88
49030865,F01,2943
49039026,M05,245
49041803,F11,700
49042509,J31,625
49044299,A18,283
49159986,624,304
49169710,F20,132
49172890,B04,744
49174756,R32,25
49175978,L05,229
49046539,R18,288
49046672,R18,391
49241564,R11,299
49243212,A28,386
49244215,A28,274
49245482,G15,731
49246673,L05,320
49247483,A48,580
49247694,F20,281
49054182,J12,638
49059730,A28,261
49177425,Q03,842
49177819,J29,304
49179008,D26,275
49179068,F16,758
49190919,A33,185
49402750,F11,390
49249517,D26,476
49256890,Q04,440
49258364,136,201
49258856,Q03,586
49259071,723,500
49259253,M11,1175
49612318,626,230
49613696,S29,1416
49617920,723,842
49403099,S03,348
49404022,120,503
49420553,G19,232
49421625,L05,409
49422746,A47,499
49627000,243,840
49260138,Q04,629
49270284,R18,314
49273047,A47,538
49274169,R24,148
49627248,243,913
49629345,A17,114
49636298,D14,173
49638183,602,796
49425803,A46,105
49426040,A54,349
49436100,R14,117
49441284,M06,708
49639535,R08,208
49286428,D29,155
49287294,113,619
49288693,D30,556
49290383,B06,5076
49294132,636,466
49294534,636,436
49645125,R15,33
49646649,D07,743
49648091,L11,736
49651889,F14,363
49652245,L05,162
49653467,120,399
49299232,A49,502
49315958,F23,368
49316728,A28,423
49317436,120,525
49319626,G08,448
49320836,F01,3624
49322333,F14,451
49325044,J17,181
49442994,R11,764
49443360,246,1102
49447343,L20,795
49447624,F01,3691
49447923,L16,1121
49448292,126,297
49451418,723,1001
49460071,A19,329
49658095,A50,369
49669315,R04,650
49684216,237,380
49690753,F15,285
49690878,A12,362
49691549,L29,2377
49462266,A22,508
49470050,D14,146
49470218,R14,227
49470374,R14,166
49475002,Q04,510
49483226,F25,506
49328408,632,555
49336931,M16,585
49341125,H10,473
49341459,Q03,197
49341497,Q03,160
49346114,R01,586
49346405,A27,745
49348879,F01,4129
49692590,L29,203
49692782,R32,276
49693252,A45,459
49698767,120,367
49350342,H11,7773
49351323,630,453
49364284,F14,498
49367371,L05,298
49377270,723,493
49377278,723,493
49701947,A28,410
49702148,726,403
49702711,F20,571
49487853,F25,433
49491879,Q04,510
49512718,Q03,254
49524149,252,1371
49528207,F23,431
49705160,A18,218
49705923,120,359
49707129,M10,610
49708212,Q04,839
49378714,230,464
49380403,230,278
49384376,113,374
49388478,R17,260
49391040,723,455
49532423,M01,1428
49533981,502,361
49534641,627,370
49535251,624,260
49538059,A50,248
49713396,A18,187
49713996,D27,148
49716213,H09,704
49551756,A50,622
49563078,M18,883
49563531,R18,255
49730558,121,451
49733510,M09,749
49809595,G14,678
49811796,A61,659
49813829,G05,3621
49814851,A59,692
49815039,125,491
49834604,L15,351
49835977,J29,314
49733992,L08,497
49734537,D40,618
49735553,A12,501
49738307,M20,185
49567184,L16,361
49568874,120,583
49579941,A19,316
49584983,A27,525
49752230,714,1561
49752320,A18,273
49754187,116,299
49840515,A30,403
49856007,M12,336
49860773,L12,651
49756756,G29,492
49767880,D27,328
49590996,A12,358
49591825,S29,1218
49593677,636,447
49596032,A27,300
49607441,R32,601
50032602,G33,851
49770362,F04,445
49770554,D34,748
49770573,630,530
49771515,A28,659
49861555,A55,1086
49863599,R21,309
49871065,632,78
49872358,R17,233
49873851,S30,1648
49877263,A27,367
49775120,225,230
49776485,F25,586
49777208,H09,461
50034823,D22,253
50044566,S03,371
50045106,723,550
50046726,A18,250
50047337,S01,475
50048410,D37,862
50051141,S29,4001
50053083,F01,3435
49779563,224,220
49792300,R28,166
49792328,R28,154
49881509,621,411
49895566,Q04,51
49899440,G11,957
49901647,D26,339
49902236,A12,41
49906500,629,344
50229513,715,730
50054553,F25,585
50056629,S31,1174
50060985,602,220
50067437,R14,207
50070357,L05,69
50070650,723,521
50084513,A49,962
50230523,224,300
49910031,H11,531
49910561,634,122
49916027,A25,350
49920227,612,405
49921619,A18,321
49923953,M10,278
49926303,S30,1743
49926780,F21,1439
50231445,J30,420
50232312,M09,276
50240781,M12,151
50087383,F14,510
50102924,A21,516
50243854,F21,496
49927058,621,711
49927153,701,2195
49931452,A12,319
49934233,M12,85
49938794,L08,80
49942554,113,391
50245157,117,563
50257676,H12,110
50260476,A31,173
49946463,D22,310
49949577,225,410
49951454,J31,456
49951702,A47,594
49958366,236,248
50273161,A47,1027
50105157,J29,637
50105297,237,283
50106057,F01,4856
50114549,R17,304
50114718,G26,745
50115342,247,383
50116921,R11,759
50126048,F01,6363
50282803,L13,351
50287920,L13,284
50288333,609,2341
50288716,A28,426
50288808,L12,614
49964381,M16,377
49968296,R32,471
49978761,224,426
49980221,S30,1332
49980476,706,107
49986878,H06,307
49987009,F26,644
49987096,A27,380
50291345,A27,778
50307683,J31,637
50309122,125,331
50309369,M16,509
50132114,B06,5200
50132200,222,384
50133133,L06,356
50133389,S03,567
50133987,247,2319
50136462,R04,202
50145063,R04,1167
50147460,G35,302
50310472,A25,531
50323999,H06,994
50325603,A18,260
50148604,629,344
50152840,L11,715
50154380,A47,680
50154480,723,521
50165885,D18,191
49996255,G29,291
50000106,R18,302
50001583,L06,704
50005702,636,519
50012899,G11,981
50014718,G32,448
50017683,H11,1673
50027063,119,268
50335735,A25,170
50338291,726,427
50348283,L05,287
50348687,L29,1365
50350784,G10,773
50357364,726,447
50421355,632,332
50423127,H11,1844
50427075,D06,347
50434100,F38,694
50437750,J30,621
50438495,633,297
50169444,A33,179
50170583,D26,550
50172690,J22,351
50177212,709,1913
50181296,Q05,74
50184806,245,304
50197398,633,747
50357770,B20,5894
50357851,726,356
50359042,M16,698
50361433,A16,516
50197603,Q03,586
50210952,131,84
50213868,225,248
50363428,L08,886
50439191,L16,259
50439347,F01,3779
50444487,627,369
50444902,120,250
50447076,D35,584
50448458,G11,1129
50373097,L10,642
50373395,F25,286
50377243,632,381
50379952,249,608
50217850,D22,303
50218172,F21,1099
50218259,G33,387
50229406,A64,535
50634330,A27,591
50634369,726,777
50634986,113,294
50380856,708,1974
50381056,L27,248
50454030,A46,533
50455183,J22,506
50464753,R03,462
50464835,R03,473
50467092,R03,1228
50473264,F11,472
50475919,G26,593
50476420,A12,347
50480214,S03,327
50382110,A22,366
50394984,F14,652
50398446,S01,367
50403442,J31,732
50403831,D43,1605
50636537,A28,383
50637542,F01,2988
50638762,D39,1705
50639364,G05,4588
50640505,A45,388
50643073,L13,377
50643599,R01,890
50488088,120,635
50490000,D39,3787
50490073,901,535
50490369,A47,1001
50496178,201,790
50497636,239,72
50403963,J31,807
50408339,G28,287
50416793,G33,365
50416941,234,395
50654283,D28,219
50654386,G28,549
50657075,234,210
50657826,F01,2811
50526392,G15,1040
50535149,G33,500
50535731,632,88
50540716,J14,867
50788937,626,402
50793014,A46,420
50793849,D43,2836
50661588,F20,542
50669306,726,647
50672817,H15,3643
50673172,D22,281
50675195,A27,385
50679257,117,223
50681515,F22,1757
50795444,A25,812
50545664,L29,1373
50546202,D25,574
50547429,Q04,274
50549001,M12,250
50550783,L16,179
50551102,M09,293
50795818,244,392
50797765,503,742
50802956,224,281
50806836,245,762
50807495,A21,235
50684236,242,275
50685019,250,1381
50685274,243,645
50687637,L16,136
50692596,632,176
50697485,L08,257
50698344,Q03,293
50698997,J30,360
50552044,L16,446
50552494,L16,442
50552681,M08,580
50552859,L16,429
50554478,F34,445
50564872,R11,159
50808284,A28,330
50809342,M16,536
50813895,M05,661
50822826,244,293
50826322,F14,345
50831816,F06,2236
50699494,G05,5096
50701850,L05,475
50702408,A30,557
50702550,A30,557
50704666,J30,483
50706815,A25,326
50706878,707,662
50707891,A47,1027
50568691,G34,635
50574468,L11,408
50575615,F01,4091
50583386,252,1053
50586925,708,584
50588332,251,372
50593578,726,361
50593873,726,377
50594529,H06,547
50595710,R05,651
50596016,617,490
50831853,713,346
50833394,D29,236
50840675,F22,1255
50844104,247,1795
50850599,726,435
50851753,705,235
50614701,A44,231
50619651,A30,557
50622095,638,253
50623654,B06,5392
50634288,A27,514
51001407,H11,8124
50709185,246,419
50710947,M12,396
50720125,F01,6333
50724280,119,329
50728845,A12,285
50729758,L29,2550
50731544,L05,234
50853546,J12,843
50854532,A27,778
50862774,247,129
50866798,L08,259
50740601,Q03,635
50743177,M13,445
50744270,A47,1028
50744441,Q03,349
50745200,H15,3721
50749649,224,836
51001908,J30,580
51001957,715,514
51003836,621,334
51008529,121,264
51008582,723,550
51013625,632,240
50871220,G33,410
50873910,M19,286
50874018,D14,156
50755431,A30,633
50755857,Q05,295
50762178,R11,316
50764841,B13,395
50769055,D14,188
50874085,F25,359
51014536,A18,121
51019131,A30,557
51023350,L06,1416
51023989,A15,450
51023991,A15,505
51024266,607,3631
51025107,249,443
50875290,714,1135
50875520,247,1787
50877802,A18,29
50879115,227,275
50769070,R14,129
50775933,G33,775
50778696,A25,660
50782009,R41,888
51227641,Q04,573
51228351,901,201
50888320,F18,660
50890282,F25,218
51035025,249,359
51037782,S01,469
51040846,G30,387
51042544,B21,611
51045369,A27,378
51058734,126,296
51059180,R18,383
50892818,L29,2271
50897694,A46,696
50898831,L05,501
50899124,L06,164
51230660,A28,479
51232872,R01,445
51233737,M19,64
51235989,A28,571
51241506,F11,328
51243376,242,508
51246356,J31,950
51248654,D28,354
50900377,J29,285
51059798,Q03,598
51061698,A48,784
51064101,251,2145
51064493,L11,590
51068516,D27,301
50912283,A32,48
50913395,D14,165
50918485,104,436
50921324,M16,298
50925457,Q05,115
51081964,A33,483
51083869,206,20
51101034,234,98
51109929,247,1974
51119388,R01,931
51121141,L06,796
51251317,L11,344
51257815,A46,611
51260918,Q04,1015
51262232,G26,317
51262978,D22,247
51263392,S29,700
51265152,251,470
51265207,A45,430
50925570,637,371
50942618,S03,372
51265906,124,396
51267133,R01,1288
50943154,M05,2092
51143643,F16,298
51143675,246,1170
51145379,L11,442
51149917,115,647
51150521,D10,411
50953084,M19,320
50957892,623,456
50958541,L06,737
50961550,L13,214
50971404,L20,466
50975371,F01,3484
51165082,M16,893
51166991,Q03,598
51169564,M16,728
51174632,S23,6196
51175460,Q03,696
51175938,S27,5252
51176539,L01,482
51279306,G30,274
51279896,M01,1860
51281056,632,249
51283129,G32,579
51286547,247,28
51290734,715,756
50977430,M19,280
50982593,D18,191
50982601,632,549
50991222,A47,960
50992996,L11,249
51305818,D27,239
51306036,A18,218
51307052,A50,259
51321125,L20,991
51321191,M10,275
51327110,A25,487
50994682,214,1871
50998578,J28,264
51000097,L06,266
51195082,L29,1759
51195659,D22,225
51196272,M20,211
51196476,M18,316
51197475,709,1575
51198851,F20,477
51205263,705,1489
51421349,701,2614
51345893,S22,7995
51346279,626,344
51350836,Q05,278
51356492,R18,402
51429497,701,2837
51434147,118,353
51439915,234,48
51441187,F01,6415
51205592,L11,585
51211344,F26,694
51212669,131,220
51215712,R34,664
51226268,G22,258
51444991,238,492
51445783,F24,870
51447515,F11,390
51449212,245,628
51357616,708,1814
51358202,205,231
51361023,L08,492
51363890,S29,410
51364003,J30,399
51367149,A27,875
51383927,J31,549
51386433,J12,988
51387550,F06,1320
51450548,J30,894
51623333,249,486
51636415,F03,1187
51637875,A27,763
51639195,241,347
51639443,249,892
51639873,124,260
51640258,252,938
51451368,632,349
51454723,R42,239
51455566,A14,712
51455941,A14,436
51455950,A14,680
51461593,230,465
51387723,246,1097
51389174,G05,3043
51391054,701,1121
51391555,D28,773
51402678,G26,609
51407096,S28,685
51464250,H03,1386
51465312,416,1058
51466826,242,323
51467306,R42,265
51653479,250,787
51662471,A25,569
51664307,630,710
51664813,248,628
51667245,248,644
51670402,247,236
51670813,A27,763
51470664,701,1359
51471374,220,291
51471445,626,361
51411254,M19,202
51411625,707,1804
51782007,609,858
51783037,D43,2778
51789106,A47,675
51791648,M12,357
51791962,M12,71
51482510,Q03,821
51483825,R11,240
51485535,M10,510
51486881,J30,848
51487553,L10,297
51493315,G30,617
51670947,A27,763
51680457,D29,78
51682883,F01,8185
51684534,M19,274
51685104,D38,686
51685477,250,1714
51691170,H12,379
51699905,R11,365
51494382,115,274
51498194,123,223
51503294,Q03,586
51792172,M12,213
51793102,A63,370
51796945,A48,847
51799070,A28,435
51804543,L29,1626
51804585,S18,8001
51818793,A46,689
51825274,A27,408
51826933,A18,160
51702923,L08,524
51704149,A18,121
51709109,L19,74
51507287,636,476
51509581,A30,573
51517634,A46,409
51519926,214,1862
51714960,F01,5123
51715178,F01,5123
51715205,F01,4931
51720274,Q04,510
51721119,R11,365
51721133,Q04,510
51519947,246,1676
51826952,L06,631
51827299,708,2166
51828187,706,608
51836707,A18,215
51839530,608,640
51840664,A18,279
51862472,R14,193
51863390,701,1293
51522141,A18,420
51534246,M11,898
51534404,706,106
51538601,G36,999
51539646,F11,180
51542838,G19,509
51866726,A25,705
51868126,M11,294
51868685,G09,733
51868745,G09,684
51868809,G10,830
51870855,A25,489
51724883,A27,490
51725222,M18,483
51726180,227,270
51726376,R08,464
51727396,J31,958
51560696,627,418
51561670,A25,786
51565221,F01,5589
51888947,G10,680
51888990,G10,823
51889016,G09,733
51570734,A30,378
51734038,R08,620
51735848,J30,245
51740604,Q05,115
51740739,R11,299
51742352,714,830
51744329,L29,515
51745454,M16,572
51575637,A18,207
51580102,G29,341
51582710,Q03,586
51889577,G09,694
51889674,G09,764
51905886,230,394
51585959,S22,9370
51592852,A25,31
51753768,126,108
51755775,A48,764
51762694,M08,1004
51764436,L06,556
51764485,J28,323
51765447,J30,527
51603968,J15,488
51608080,A48,717
51608497,S22,10588
51610857,R11,365
51768775,206,304
51772649,R17,187
51774310,D37,624
51613018,B08,363
51614134,L29,1659
51907134,F15,249
51907246,F15,189
51907281,F15,156
51907377,F15,189
51913352,609,2188
51915213,A57,2003
51917088,J29,402
51917224,632,167
51615709,A27,368
51619252,H15,3721
51619634,F14,268
51619751,F01,2256
51620955,J22,157
51621362,J22,35
51621583,L05,353
51777608,F26,726
51781289,Q05,244
51961227,R14,184
51977461,D28,283
51978202,255,969
51621590,J22,221
51621735,J22,253
51621907,J20,115
51622613,A25,835
51920836,246,616
51927775,701,1215
51927795,M16,875
51929057,120,323
51933590,R32,512
51934249,726,366
51939606,J20,378
51940555,A21,281
51622736,D22,221
52169355,705,1229
52169754,R24,259
51980527,D39,3272
51980770,L14,540
51980852,H12,226
51985589,621,1060
51986202,L16,578
51987241,132,274
51987334,247,3321
52169805,131,139
51945222,M19,290
51945257,H12,359
51948208,709,1940
51950079,Q05,615
51955482,224,46
51956352,B06,452
52169886,137,79
52170063,131,65
52170623,131,30
52172527,F15,189
52172540,F15,189
52172548,F15,189
51957818,R08,158
51960731,F01,4771
52354591,G15,2466
52360862,H10,309
52365494,624,470
52365660,D32,674
52366169,F26,621
52001672,M19,324
52002141,R17,181
52009700,F15,189
52011240,R01,1773
52013393,G05,4184
52019272,L06,655
52021432,131,51
52025707,A25,695
52184522,A25,31
52188420,R14,105
52367339,H10,263
52367668,416,691
52368136,H10,277
52368832,H10,248
52368962,408,247
52369054,H10,229
52372037,229,295
52372247,A16,301
52190454,A50,290
52191839,B12,609
52194261,718,367
52026028,R28,499
52031750,131,172
52039176,129,294
52041617,129,122
52059533,251,571
52060325,108,190
52062263,R17,153
52209121,F05,1052
52211971,F15,376
52219116,F05,960
52219943,115,264
52062993,R18,117
52075215,622,318
52075647,603,2729
52076178,L11,870
52084225,723,658
52085221,726,364
52380858,H09,563
52381790,G18,735
52382837,G29,99
52384047,G28,261
52388002,625,320
52389360,M05,643
52221919,115,259
52223600,A48,894
52226410,A25,764
52229417,A25,31
52231166,A25,31
52231615,A21,544
52233258,632,346
52399609,M11,1249
52399899,A47,928
52404588,701,2926
52405277,A54,443
52407383,236,59
52235688,L06,944
52240531,F15,313
52089998,J29,981
52095695,Q03,140
52101440,113,328
52102524,132,256
52105294,D03,690
52105349,G05,3282
52107496,632,391
52109956,J20,364
52110070,H11,7833
52246989,224,277
52251326,633,621
52408941,L29,2690
52411201,Q03,431
52417096,633,747
52417197,244,164
52418045,M05,290
52419044,G11,1202
52421812,248,595
52253807,A32,203
52258307,114,361
52110071,G29,168
52114771,J31,992
52125718,S01,403
52126679,252,2116
52128548,F01,4339
52128553,A49,134
52128775,R34,343
52131795,225,144
52132742,R42,591
52262568,636,223
52267290,B13,231
52267684,A48,905
52426248,245,140
52427297,L28,1136
52427990,615,411
52435248,724,514
52440958,J31,314
52441335,D27,303
52443892,R04,313
52444758,119,254
52451077,210,317
52271041,J31,669
52280572,F01,6036
52281259,J31,219
52283472,225,562
52283675,F11,224
52142843,D31,441
52143943,122,494
52145241,248,497
52149565,M19,273
52153731,131,210
52154854,S31,823
52286333,M08,434
52286422,A60,1804
52288075,A47,1003
52451281,J22,243
52455685,241,367
52459126,G20,464
52466688,L19,944
52471756,S28,2093
52472350,S25,4306
52476530,B23,3404
52481960,Q04,194
52300094,A50,837
52162163,A25,31
52163880,247,318
52164877,M01,2470
52164915,129,124
52165147,A31,227
52165228,603,2741
52166223,A18,29
52167873,A48,959
52304392,604,628
52307085,H12,347
52307807,119,293
52487784,S29,3031
52490036,G29,222
52491515,D22,262
52492041,L19,506
52492455,A47,539
52500005,M06,328
52500799,632,168
52508207,249,673
52316185,131,204
52317592,B08,125
52318271,234,48
52168422,707,2193
52168496,136,347
52168525,137,317
52168779,137,131
52534882,626,241
52535430,A43,361
52548658,G32,487
52551120,M19,191
52320080,G15,757
52508496,L05,161
52509268,J29,304
52514819,F14,583
52517517,A14,480
52551973,M19,173
52552429,F14,185
52552638,M19,338
52323876,120,231
52324031,120,230
52324341,L29,1572
52324528,D17,223
52329966,A45,298
52527440,120,346
52534281,A30,557
52534815,A30,557
52615451,252,1649
52617173,R17,240
52618225,M01,1867
52618390,J20,500
52618396,J31,127
52618610,726,836
52350901,120,526
52353508,H12,500
52553725,A25,395
52354363,255,506
52634243,A46,460
52635900,635,159
52636880,247,2580
52637377,A30,557
52637973,M01,1683
52781681,R42,377
52782607,R42,405
52788498,H11,588
52791162,501,1384
52554380,225,148
52555884,257,1452
52557797,252,985
52561467,L08,168
52562444,G26,213
52570981,A27,345
52793095,M01,1468
52639158,J30,270
52651961,L14,610
52654519,137,588
52656590,R16,149
52659735,120,316
52795397,119,545
52795626,230,382
52797203,M20,396
52799338,407,522
52801190,633,747
52804286,J30,214
52807490,Q03,586
52578551,G26,347
52578966,A53,572
52582634,F01,8142
52585129,S22,10783
52586577,D39,977
52664308,G19,303
52665729,715,398
52666694,A28,416
52668079,G36,165
52670276,A44,417
52671855,226,583
52672732,701,2289
52674546,226,256
52675191,L13,507
52688154,B06,6333
52822823,224,276
52823884,L12,954
52824025,L08,637
52593299,R31,337
52593554,M11,1025
52599501,244,494
52600890,502,949
52607337,F20,517
52824389,224,199
52689535,R17,240
52690310,A47,1269
52691176,120,517
52692555,R03,695
52700537,A25,91
52700622,J29,88
52701221,G26,599
52702018,707,2481
52703094,111,333
52826514,G33,601
52826943,D33,302
52827359,707,241
52830424,621,718
52833897,A27,378
52609953,A47,729
52610408,Q04,636
52611423,G15,378
52611526,F18,317
52611770,A25,695
52613594,224,599
52614426,120,527
52834116,A27,597
52703852,G14,494
52705563,D28,603
52705960,D27,835
52706726,A02,178
52714650,Q04,572
52716416,D39,1904
52718388,F24,697
52721803,F02,833
52836962,A25,197
52838667,G29,196
52839619,A55,77
52839743,G34,326
52842129,S30,3777
52842845,625,533
52843726,J23,457
52846635,201,1347
52721824,248,522
52731161,721,949
52731316,G26,754
52731419,721,649
52732645,123,511
52737799,D32,532
52744634,F01,3290
52747790,A28,430
52926435,120,280
52930589,A48,745
52934351,F35,636
52934401,L08,155
52941331,244,877
52947788,M18,1095
52948831,M09,169
52952799,A18,506
52854012,701,2837
52854992,M09,432
52855420,M09,410
52857463,A17,334
52858606,713,176
52749770,416,691
52749784,416,691
52749804,416,691
52753023,224,75
52754282,A47,395
52755364,L08,81
52755449,245,518
52953940,F16,360
52968839,113,542
52969085,H06,832
52971091,F01,2529
52972242,M16,569
52861365,F25,413
52861792,A27,367
52862058,230,70
52868962,M16,675
52977888,A25,381
52982901,120,244
52993669,G09,1290
52995360,D40,471
52997244,Q03,197
52869658,Q05,615
52755593,A27,475
52755763,G10,539
52756284,A48,777
52756850,302,295
52757238,A25,1349
52761116,G18,341
52766414,407,110
52769186,632,408
52871655,625,314
52879829,B21,5453
52882662,A02,311
52883668,109,394
52884956,408,400
52885971,G05,2235
52886556,226,168
53011236,504,365
53012005,238,465
53021262,707,170
53022508,F14,237
53022671,F14,210
53023798,238,241
53025816,L11,269
52894094,Q03,321
52771412,416,691
52772214,230,382
52772578,230,382
53109044,A48,802
53110748,L10,345
53111559,902,234
53116201,G14,24
52901227,A44,574
52906284,G34,277
52916520,122,314
52916582,122,330
53027258,S30,3910
53030482,F01,6523
53031902,115,222
53032375,115,305
53032542,115,948
53032739,115,387
53043735,R01,574
52920789,M18,685
52921783,L13,63
53117856,D04,170
53118209,L29,722
53120519,505,396
53122420,M16,422
53123360,M11,179
53123361,L29,2360
53126131,608,712
52922566,D27,484
52923303,B18,335
53045130,230,382
53045250,230,382
53045283,L05,307
53045316,230,382
53045446,230,382
53045512,230,382
53047016,A17,331
53047254,B08,560
53047664,A14,174
53221519,G11,521
53126188,J31,94
53127153,M11,752
53128684,A20,237
53130521,119,256
53130809,120,218
53130902,119,442
53132475,M19,168
53132818,A33,117
53133025,A27,595
53222519,J29,578
53223918,244,1333
53050789,S09,1655
53050810,G28,690
53050999,A47,610
53051081,J31,463
53051231,L06,431
53051569,M16,214
53054858,A18,580
53057885,G06,521
53229531,B08,226
53135888,R06,390
53143687,120,259
53145833,L01,603
53148906,120,248
53149000,120,229
53236575,G11,843
53058438,Q03,322
53060702,253,1130
53071607,A17,339
53073848,R29,626
53079605,707,291
53149771,119,281
53150114,120,344
53150335,119,345
53150444,119,311
53150639,119,303
53150648,416,691
53150666,416,691
53150820,120,342
53150923,120,233
53240079,124,224
53242466,108,333
53249946,637,321
53250816,M04,297
53080602,245,1490
53081378,J17,2356
53088652,S28,1020
53095529,B08,155
53251757,L20,694
53256987,230,294
53257905,123,257
53151188,119,394
53151407,120,380
53151823,F29,703
53155237,J29,458
53155469,F01,3641
53161679,L19,423
53260928,L10,542
53261632,708,1901
53364824,Q04,968
53373979,R05,424
53375640,M16,752
53379658,721,526
53381376,131,220
53384134,701,2949
53262764,708,1844
53263395,708,2154
53170821,M08,636
53171838,G32,103
53173426,M11,1012
53180695,F24,833
53188172,M11,906
53263629,708,1912
53267116,218,402
53270564,628,348
53384575,D12,744
53385771,Q03,719
53386606,L06,943
53400412,243,156
53402699,243,310
53403946,701,1388
53280628,L13,208
53282903,G11,1048
53286280,619,906
53287361,Q03,202
53189912,L12,235
53191182,F01,2315
53191232,F01,2315
53192744,F01,521
53194567,621,391
53194676,602,4175
53408117,721,494
53409435,301,678
53410702,133,391
53410940,M19,316
53412410,A49,941
53413454,701,1142
53414148,504,1438
53292101,Q03,350
53292725,M05,1103
53202170,F22,1820
53204406,245,838
53211837,R05,1087
53213847,A33,248
53215556,251,523
53215623,633,504
53216577,F15,209
53294328,A46,647
53294652,A53,485
53296353,M06,288
53415549,D09,1243
53417238,607,381
53418934,503,1108
53420671,F11,515
53422309,243,223
53299304,S27,389
53299373,D08,885
53300313,701,1888
53306350,G32,195
53425369,721,494
53429873,621,642
53309419,701,713
53311697,J31,752
53219891,420,262
53495710,J29,579
53496227,251,686
53498315,119,520
53501342,R41,414
53501732,A45,735
53502758,R18,273
53503106,F01,2818
53505044,A25,170
53313409,230,447
53315072,707,2239
53317759,M12,203
53320871,G32,179
53320872,G32,415
53436872,238,697
53437547,Q03,407
53441894,A27,778
53442786,H10,1534
53448680,S15,977
53450489,F01,2123
53453680,H11,6346
53511447,Q03,586
53512290,131,220
53512507,M16,271
53515102,Q04,376
53516635,206,322
53523753,120,367
53524397,636,476
53326519,L06,1097
53328559,G33,462
53330115,L29,1054
53335766,122,624
53340131,F25,307
53527603,G15,2237
53528553,F01,2357
53531890,R18,116
53538132,505,550
53542590,A48,308
53542641,R18,365
53340147,F25,69
53457920,249,693
53458499,257,2142
53462276,R17,199
53464092,632,410
53465589,111,77
53467848,D28,477
53471515,G32,423
53343701,212,777
53346269,A18,278
53349532,A28,246
53349734,A28,246
53353569,R36,624
53471519,G32,142
53472533,632,422
53475354,624,558
53480206,R03,62
53484201,G15,668
53355572,624,274
53544002,Q03,760
53544214,M19,318
53544686,247,206
53544739,723,487
53545175,104,577
53545394,L20,897
53555701,L05,129
53560560,301,927
53560986,R40,232
53356951,622,924
53357250,623,204
53358037,H06,1023
53608551,632,574
53489130,R01,531
53489560,M19,176
53491341,L08,269
53491480,R17,269
53494300,M08,613
53494944,J29,720
53728290,R11,749
53562029,714,452
53569871,R04,348
53572597,R04,301
53573536,A50,518
53615384,Q04,100
53623779,Q05,353
53626202,L08,535
53628816,A48,544
53574404,R04,159
53574876,R04,366
53584914,705,492
53587623,A27,602
53588172,R18,174
53588627,R18,270
53739963,D28,331
53740410,G14,462
53741142,M16,494
53741603,251,2047
53742866,624,588
53630203,N06,650
53630220,607,2105
53630655,A47,684
53743242,A45,414
53746978,120,367
53751903,D22,290
53753273,L16,357
53754167,H06,432
53755563,224,227
53756457,J31,959
53633058,708,1884
53633109,M12,731
53633241,G32,589
53590037,R17,263
53590193,R17,246
53590832,R18,144
53593168,607,379
53593362,L06,773
53594181,115,239
53594675,248,462
53594793,L24,376
53634502,G05,3135
53636623,249,521
53644375,J31,831
53646749,J29,173
53596672,G32,778
53601751,R01,968
53602634,632,170
53603216,632,128
53603321,633,238
53603421,633,193
53603491,633,193
53603574,633,186
53603682,632,415
53604779,632,167
53604923,632,91
53756834,J29,339
53759746,412,629
53766143,A25,884
53770530,714,443
53771167,709,1440
53772655,726,755
53650203,607,1267
53653438,624,208
53656900,M16,857
53658866,501,1173
53605076,632,397
53605090,J31,873
53605625,632,307
53606101,632,242
53606452,632,133
53606617,A46,738
53606895,L08,954
53607099,R18,81
53607569,R18,307
53661970,F20,161
53662451,A45,482
53666929,M11,1225
53773701,G10,1098
53773839,G18,771
53774579,R34,210
53781715,M23,419
53784778,F01,5908
53784825,J30,398
53786119,624,458
53786333,623,215
53786471,D27,634
53793402,119,261
53675152,D37,1064
53676368,D43,2839
53607959,R18,93
53608127,R18,307
53850682,G15,2263
53850746,D28,618
53858082,G33,900
53861294,119,274
53862013,723,497
53682017,628,386
53683669,J17,408
53689694,J17,261
53689938,J17,482
53795503,L16,1867
53796187,A11,156
53796341,236,463
53796775,A54,557
53798235,J30,232
53801158,H11,7746
53802072,H11,7875
53806496,J30,338
53809708,G32,1058
53693128,622,358
53693977,Q04,194
53863561,D27,213
53864193,J29,124
53864330,J29,353
53869676,H11,6811
53874130,G33,789
53874529,G33,646
53874828,F14,270
53696990,M01,1652
53699054,L29,2397
53699744,419,110
53809925,G32,1058
53810195,G32,1058
53810255,243,347
53700256,607,3819
53875417,M19,148
53875921,A18,231
53875935,A18,117
53875954,M19,115
53876346,G18,235
53879568,111,93
53701060,N08,260
53703509,726,1003
53812386,G32,1058
53813081,S30,3947
53814025,L11,997
53815424,S26,1378
53816858,A30,226
53817954,J15,331
53817985,S03,424
53823703,L08,684
53826433,A25,561
53704110,L08,446
53708171,A12,308
53882491,130,91
53886001,H11,7007
53890468,208,512
53891639,252,497
53892659,D27,192
53893056,251,694
53709387,M11,1254
53719446,A27,893
53720201,A16,332
53830757,G15,2239
53831146,A25,357
53831670,D28,280
53831766,633,171
53832868,S23,8275
53840594,L29,455
53845422,M12,332
53720606,A28,427
53722444,606,1249
53722560,120,310
53893384,R17,211
53894411,247,1070
53895180,M18,198
53900513,J17,258
53903662,F14,507
53723870,L14,85
53725725,F06,945
53725779,F27,397
53847813,A31,187
53848694,R17,247
53849102,J23,188
53850635,R34,774
53725805,L15,344
53726439,120,280
53726935,F06,945
54108451,R28,474
54109419,D01,427
53903785,M19,190
53904032,J31,667
53909238,A15,366
53909434,D10,450
53915505,J29,410
53916899,J29,308
54114542,F03,262
54115612,F03,106
53980069,A03,267
53980416,A03,394
53981147,108,363
53988526,R36,350
53988568,D38,628
53988773,R36,241
54117644,634,147
54122624,M16,710
54129391,246,653
54129568,215,379
54131340,G11,642
53920517,701,1577
53933376,633,81
53934304,G32,489
53935712,F01,4837
53937868,252,290
53938859,G26,245
53939162,G26,245
53992539,701,4319
53994947,F14,666
53999738,120,743
54001498,247,3694
54002531,A28,562
54003147,B12,258
54003481,R17,221
54132661,Q05,545
54136634,119,443
54136738,G05,5388
54137553,638,93
54140633,Q04,352
53939267,A60,1998
53939453,G26,245
53939534,G26,245
53939745,G26,245
53939828,G26,245
53939843,G26,245
53940686,R42,103
53942042,726,499
54144015,416,691
54004046,R18,178
54004374,A02,412
54004596,A03,268
54005271,F11,593
54007743,619,502
54013154,A46,1055
54018489,A25,878
54018763,F06,945
54144455,A09,146
54146364,M16,539
53953891,G26,170
53958813,M11,975
53967226,624,184
53967245,633,603
53967351,R34,967
53970600,J29,87
53970830,J29,415
54148158,247,2833
54160031,A09,64
54161007,112,306
54019918,R36,202
54020186,108,362
54021730,108,397
54022749,A48,424
54028410,R15,33
54032723,B20,1000
54032853,A45,453
54162906,A09,57
54163608,G15,646
54163789,112,275
54163912,A09,135
54164357,112,188
54164587,R17,276
53970914,A48,904
53970963,H10,1530
53971055,G12,2127
53971111,246,272
53971403,G34,475
54242854,M09,138
54243072,L08,741
54243687,G26,496
54245109,G26,113
54245163,B08,506
54245594,112,433
54036658,R17,170
54038902,M18,824
54039046,410,866
54042480,221,515
54045965,F01,261
54049778,G26,245
54049940,G26,245
54050176,G26,245
54164726,D28,309
54167112,G36,535
54169005,F01,3608
54050549,G26,245
54050973,G26,245
54051067,G26,245
54051259,G26,245
54051352,G26,245
54173093,D27,333
54179594,A33,60
54245960,R11,559
54246235,R11,570
54246425,B08,548
54247180,L13,171
54247733,726,464
54258024,B08,473
54258718,R11,515
54260194,M12,94
54180355,G30,542
54181198,F16,423
54183564,624,583
54186567,F01,2789
54193168,122,464
54260674,M09,531
54262388,B08,561
54262883,B08,805
54263436,B08,842
54263674,B08,527
54263886,B08,741
54264164,B08,478
54264262,D27,154
54264944,245,234
54065958,D22,308
54067905,502,1749
54068602,251,2160
54068618,621,355
54069349,639,210
54193549,L11,647
54194995,G08,1620
54195597,122,463
54196350,123,451
54196744,122,529
54196777,123,659
54196947,123,670
54197051,122,467
54197179,122,489
54070767,L06,577
54071410,M18,694
54083128,R05,1269
54093527,F11,530
54093824,247,383
54101952,131,220
54276494,L06,980
54281443,503,252
54281603,503,357
54291034,R18,120
54291234,R17,258
54292164,129,297
54294086,G05,1088
54295682,245,44
54295697,245,111
54197182,122,450
54199296,A16,402
54206877,B08,125
54210471,A54,488
54210998,A47,482
54211784,R01,862
54302784,112,71
54303003,A18,231
54303183,112,257
54303623,112,271
54304065,122,462
54304382,123,408
54307163,623,769
54307170,622,994
54102963,G28,220
54103419,252,817
54104181,503,726
54108028,D26,245
508095992839347917,L29,1142
509021288759072717,F01,6784
509912694780678266,F01,4172
511554590284267375,R44,625
513695012431520567,G26,549
54213367,625,249
54214433,A03,281
54214666,R06,464
54217724,L12,246
54220873,503,1157
513923548156770577,R44,661
515036044381761823,R44,704
515270964752201497,R42,265
518689109208853861,123,195
522425855620716170,S29,1546
54226057,114,69
54314301,229,185
54315055,611,625
54318636,H11,7990
54318921,L06,1379
54319024,220,732
54227270,R05,1204
54230938,119,543
54238053,A44,313
529157103042604647,250,841
529737934145319533,R44,642
532108412257110742,244,562
535565578084281184,Q04,552
535581626561206870,625,356
535752107419422529,623,249
54238875,120,367
54240974,A44,253
54242006,Q05,499
548016857794352761,B13,250
54326605,B12,933
54328203,Q04,283
54334216,224,609
54338345,R18,291
54341162,M18,942
54342351,S04,231
54342792,M18,919
54343089,246,655
54344557,R34,582
548041570921178790,J31,935
548058061023756340,M05,213
548511865075106092,J31,950
537808541086146067,619,572
539084025529334382,J20,435
539742633266082757,Q05,344
539900905376069260,214,87
540399699729264340,J29,854
548559882209685166,N07,260
54344780,239,42
54351519,408,234
54351650,D06,248
54352197,M01,2713
54353571,701,1701
54355778,120,401
548672572096028312,625,223
541449474530378012,711,96
541838334174119591,F11,472
541840861640055585,F11,472
541841229631087312,F11,472
548826190789392066,M12,522
548963764109682390,G05,3265
549026772417423162,705,1942
549194883005854692,F11,719
549264345064528625,621,910
549275003907405309,G35,235
549362079534421010,F20,335
54357934,A30,557
54364623,G33,174
54376286,M06,172
54392381,R33,333
54395062,M04,385
54395760,L10,281
54397475,623,393
549418712123925136,D27,586
549465289587099130,603,694
542239053789372886,L29,1320
542600943912847794,R08,434
542640652151641703,243,313
542677269372360032,224,355
542681386076586696,627,511
542747072792865853,502,567
542765936993178756,G32,1021
542856379990916626,R01,657
542897168768814229,F01,8005
550026488081973881,L05,326
497221656953912856,R44,559
499228785781795835,625,128
501404598925361958,205,211
502235608092478513,F01,4457
502887119852002992,A47,954
505665954041199093,S30,620
506753378825712040,A22,305
555035387107768750,M05,262
550135601428139032,A49,917
542959954217251648,F01,4195
543373265235326762,A46,1158
543491929592827552,F01,6229
543635425943076778,630,655
543706507891143003,F01,7976
544401457419857074,R17,182
550410803871292045,F01,6025
550555428777442357,G33,430
550618527775379687,S04,180
550741674554463731,624,526
555036643800097019,M05,262
555038069440891496,M05,262
555040866773492377,M05,262
555056971119508988,D22,26
555073510443058547,A50,859
555159034896034407,633,272
555171202368184293,L19,767
555253571958535908,133,528
555610543409267205,633,149
550786709610206712,F01,2900
550841600859360458,Q03,880
550845920087869266,S03,101
544867022494251692,A50,499
544998650078746770,M19,148
545050187717763060,252,918
545090914375173479,A48,519
545163157468611464,705,75
545552773407024467,L16,530
545563697666112561,G15,603
545653384677866355,Q05,113
550905294962321318,A47,1200
550923487986078016,S31,818
550924397505635837,A49,613
551334234415439458,J28,495
551445523938181140,G16,1321
555687828315016864,S22,9365
556247091679540869,705,421
556365927024053098,S29,1039
556680269479602024,G05,1287
556960737995069310,M05,431
557031472849294373,A47,604
557214768983156460,G20,449
551494862092193850,R01,514
551497141931129148,721,116
546256455955963923,626,19
546263114511633831,633,191
546407517674976443,R08,354
546438376359380052,M16,831
546489197632602270,G36,74
546555949054231567,G33,492
546689834460719148,G19,364
551846781913884240,Q04,51
552042242548350696,A48,813
557308562445321576,Q04,414
557486369436961003,A50,1005
557509075015430163,708,1548
557912715961485952,245,451
557953921538656336,B08,125
557974776402309577,119,543
552075850942208488,131,133
552087932017334952,A48,755
547058790481548248,130,319
547086501522814424,621,689
547150124220387168,S30,595
547219823037006318,251,1364
547793067593304321,B08,567
547797787916616213,A46,166
552094356450388612,A48,942
552098297559362978,R14,222
552113158032353754,G32,1028
552148250523188165,A48,716
552174943582511016,A48,983
552208563699318844,S22,7625
558191886076090391,L14,564
558191951714926846,L14,414
558306500468820859,705,1492
558310482962197626,631,440
558374435893895678,M12,261
558575557122330909,A25,641
552211233896015720,J28,411
552738484785957570,A46,1144
552782382741181875,709,1905
552798012536553490,B04,1233
547820238225408462,A54,353
547998622525410778,M14,71
548006572647649285,B13,330
563007560084567383,632,332
563148000514980908,701,2576
563246706811573391,A49,1008
563268292006599316,A55,491
552804519831447428,M23,344
552819087046615521,A12,278
552839358870025051,R34,293
558666686049436599,F04,425
558732520907162146,D07,693
558746223707426780,131,220
558874976542597786,407,210
558941566399441638,411,321
559485519806458663,A47,447
559544054895092780,J27,208
559572983981929450,206,332
552972547593855946,Q03,437
563561579325525118,A44,540
563687425156513173,719,156
563690104682126377,719,144
563719467035680846,G22,232
563728723224510265,G22,225
563737087590348053,632,454
553005121220644891,A53,504
553029238283466076,A28,378
553424076777304679,J17,251
553429976605273304,A28,332
559586504917827345,D26,597
559592743617283842,A47,439
559643918547951479,M01,2080
559671382972443261,A27,296
559730944824545082,L19,356
560093947389451205,R36,580
560149197063785531,Q05,191
563814027308620995,A48,142
563878450144014953,607,1846
564229280225504107,225,241
564274377974292757,M12,156
564281474587681881,R34,697
554125687285092457,G10,417
554272057299642031,103,458
554283191774753015,Q05,57
554590833584755715,A49,474
554785184147676671,130,41
564332364431245843,726,478
564392277073018712,F02,2025
564542318120486446,R14,155
564546597596686694,F01,3125
564602108695275173,F01,5471
564602702188075826,G22,286
560205663949770570,M19,147
560224400703639699,245,532
560239229723612016,M11,329
560241529792006404,A33,430
560612212665776305,S29,505
560746623203080695,Q03,197
554951330810060879,D38,794
555005271135605811,A47,415
555025453219071978,M05,262
555028278236378188,M05,262
555030246357854273,M05,262
555034459812571155,M05,262
569557641370592374,G33,537
569581554159922370,A46,447
564682824371493121,H11,7799
564779036975389184,L17,601
564807913864754690,J29,214
564844435225916025,F20,363
564924380211338644,J30,412
564973275397535318,L06,150
570034665527308088,R18,278
570116660574405617,632,312
570119178313367609,632,312
560823556149262684,M12,203
560922841979568080,J12,184
560997011642218304,F02,2116
561056459074470843,R05,190
561411694369629388,B20,470
561438111914086714,H06,1053
561580874092383695,M11,843
570120222538996261,633,429
570195549062750609,L08,861
570203804646855967,701,1170
570205745497904256,701,1383
570208020443569412,R33,242
565112303079121006,H06,669
565114924350358637,501,882
565173112445230681,221,482
565177389638327305,J29,554
565233874502784851,J31,658
565352945991314340,206,141
570245065716823858,F05,2571
562139098992282665,718,106
562228465268570725,R17,221
562316603338483299,120,451
562418047487826132,255,556
562718405196083742,R36,372
562884903457128974,416,372
562907819641129672,250,534
570289761234523888,F14,389
570305497537981707,L10,661
570313162895244824,G26,348
570496731191437257,116,522
565773369515481713,L29,2516
565932625780175955,122,435
566029911248687183,H11,8432
566095342748806780,M16,981
566099298837722354,F01,7024
566115227830033854,R08,171
566119623093680636,R08,353
571047174375999004,701,1516
571047830548495957,701,1383
571048519257374044,701,1047
576093855337848259,252,2197
576217808263109182,R01,616
576554964542755713,701,3004
576645744639819051,721,243
576650068700400424,F12,251
576779694848403067,A49,527
576895620697427204,A25,223
571085392689494584,501,1384
571141289630267262,238,633
571202858982575120,R34,378
571533506242496688,S29,2526
566548245549224932,F21,597
566763086373559560,F01,1884
566770293194580846,Q03,610
566793905975010808,L05,502
567166736329761635,F16,139
567257583731577667,A19,573
567569597445331901,R18,98
568049789197012466,A46,275
571584519885225281,M16,143
571598171738337849,247,1705
571725114860159505,116,458
571766238245027554,R08,186
571775114354808335,R08,209
568179775239963391,M06,200
568270572432528148,R17,269
568511583610564835,632,312
568678991620780735,R18,303
576997675656254818,D25,133
577164177523405787,243,177
577187306174934665,705,452
577353418726528790,636,339
577528145632005017,H11,8169
577568858041619516,A50,358
577638418323881838,L16,885
571784186153729853,R08,244
571787380140782204,R08,464
571799455601186486,R08,212
571805879005480127,F07,284
571916281271663365,J28,281
568772914092580222,622,697
568782483385919603,F16,285
568804282571008048,B22,913
568889960851600487,F14,389
568912566505799424,131,202
569183451383157192,242,350
569489053139938853,J28,325
569546404049883549,633,176
577657240307522892,243,301
577671424155519066,A49,808
577684671946039020,G29,388
577717132178906992,G26,196
577857477164670474,A63,288
578099444956394228,902,179
578100862597124078,902,261
571977872591258118,F23,433
571983284291918685,117,226
572326237669668984,F12,313
572326531219816196,A27,724
572328741163521340,632,312
572329024533412656,R11,749
572366166013701340,A50,465
578113779579494301,A27,763
578122976308702760,701,1617
578327925011346119,252,1069
578338335733827926,244,696
578423657057251360,705,1099
578430230117365467,M13,472
572484660497450512,225,454
572530913771194520,251,1541
572546257431058646,L08,443
581858374016685042,A48,741
582035740622571978,B06,941
582099168237779070,J30,262
582137289665171294,R01,709
582240067190821159,A57,1984
582466438103477967,R36,260
582478029279386383,L16,326
582525816928227231,M19,138
572547486242459152,F01,4494
578445066626711411,705,905
578592072056483887,L08,621
578656399549614123,H11,7808
578769192318564193,633,527
578771193995873617,L06,224
578814651253110076,A27,763
572612125615500056,R41,329
572620870722180872,246,1767
572714852622616657,F01,4341
572733089973738908,F26,682
573004455033653038,126,411
573291593605259333,249,321
573610185765083286,A30,118
582626681889558744,L08,272
582678773466303522,L20,1095
582817278861712149,F03,31
583018303401434498,A14,332
583029260519350121,R24,342
583136653599213378,J31,842
583261334774123938,132,193
583312696230574640,M05,262
583316946369555057,M05,262
573737351748791309,L27,741
578897008704988139,L05,313
578923571089407152,246,517
578946747998659752,246,517
578977880199483445,L15,602
579513654453597247,L16,228
573778791400513725,632,312
573937970477329055,F01,3656
583318124446202798,M05,262
583318937810048085,M05,262
583319794962810365,M05,262
583320859572486216,M05,262
583325206900651137,M05,262
583327900385039624,M05,262
583428565614956095,A20,354
574069389069400131,629,217
574111905696387981,711,1144
574562832846093413,A47,401
574586117293355737,627,511
579543533372210260,G28,652
579605285222029528,F01,4324
579679370505962821,F24,470
580013014809987573,A31,760
580155764329845254,F14,699
580204728935308567,L08,796
580221270316789820,A27,724
574603442936137674,A27,763
574757974742325254,A12,487
583791786268204937,721,494
584053658746490241,707,2185
584100149741768240,M11,373
584108904096805948,L20,626
584110672069834078,705,390
584464841351499309,M12,273
574783901288734397,701,1388
574789756800906492,701,1366
574797503001569338,701,1361
575123973920036701,R17,237
580271592654434952,D22,184
580327989332197053,F01,4783
580476325425880145,L05,234
580480407893927850,705,499
580589040494696466,S26,1162
575167991874744304,633,574
575177553813624922,G26,337
584631850749087164,G28,223
584674468204558690,A18,211
584833406345340639,L08,745
584843453194315608,M16,821
584903103239670051,247,1652
575262161943675844,A49,896
575296507654359448,A50,133
575323635538805522,237,422
581146598600431139,248,187
581204831879275676,J30,374
581276193109315899,F01,6508
581411547269622388,A15,362
581427869630920755,A49,655
581703896020442376,M21,424
581707845699487740,206,261
575377822891771622,705,390
575410155636588388,A50,415
575932751809366069,H12,458
594978188146529787,D22,780
585116610819537455,238,715
585116748406863439,238,771
585291307421718603,G05,4798
585362461929487447,D28,432
585382126083893704,R15,149
585393510573578069,D30,79
585415117916198725,238,723
585421591267602334,238,749
585485781418964904,S22,9050
594978227209109001,D22,802
594992794630052260,114,75
595046810022277356,A42,405
595491366424087670,F11,472
581756065537386664,M16,872
581804203112075143,A27,276
581828450067457846,R18,106
588748105671065001,A25,336
588970063349178677,H06,648
588971722304912342,245,40
589077888822822507,G28,282
589197973220202667,L29,1183
586029013505140144,133,202
586244870263367585,711,236
595528055387349071,137,490
595543365276878517,231,264
595613559093932418,L16,636
595652970230241413,103,460
595656476182329187,D09,621
589598122351179060,F22,268
589746507763311188,M18,862
589855151621795399,M16,204
589857043016769966,L10,476
590040648193371393,A14,537
595879031780542616,A19,548
587034845529468111,709,578
587207524120016838,F16,242
587606395719069171,625,292
587615709441605979,R40,165
587632543526103568,R35,424
587659571869719096,F01,6365
587842332142199671,N09,292
596165065028890644,505,871
596203731563582651,M16,426
596361949342437513,701,1967
596413252706204441,D18,163
596413302681259342,R19,178
596869190484509912,119,206
590041263854398620,J29,578
590157685038987810,709,1001
590390648297717410,F01,3092
590422201407835236,723,1259
590484773612652071,H06,541
590493898611831944,M12,212
596946485985538229,H15,2058
588211929863905201,A25,881
588263591786868588,Q03,285
588273937819990870,F01,5742
588288327470809159,F18,530
588433935054614821,607,3903
588550970022904542,M11,365
597013333352448220,J31,477
597077746482427681,Q04,761
597087942704646402,M16,931
597293762881765844,F21,812
590541486540140894,J29,359
590543805794852854,L10,644
590551081727585539,L11,730
590595341992355609,J31,942
590714165817961123,701,1737
591168265331519350,G34,335
591317872598386976,252,1426
597304555711876002,F16,156
597752885764924164,R18,279
588559469616617641,M11,251
588562529196152934,A17,398
588627515187957928,M11,905
601395300140040942,F16,228
601400178545759728,F01,4172
601410914087072537,234,386
601436798783503804,245,151
601450993668834041,A48,815
601621921556384429,A47,616
597775417684775967,122,288
597885471876205835,G26,165
591322358832287390,F25,435
591340911912499423,230,457
591427135680545574,J30,290
591485868352836863,H11,8303
591525078289936163,A45,399
591632776960108670,408,977
591883582403156068,234,94
597938230465576741,L06,736
597970057292470584,707,1800
597980544989694525,M11,511
601643366462947554,126,149
601684518197356654,A27,936
601690867947727847,J29,228
601809481239819914,L06,653
602018638543355450,A33,407
602019372802508438,211,453
602029215213888162,211,453
602759934255145305,224,384
598371691339736940,G36,133
591969184938312703,257,152
591982694850524774,225,509
592160838482377458,A47,503
592174108387820078,627,610
592231928282119554,609,1483
592466368246789831,J13,363
592529354391161532,630,362
592573997737825938,F01,5725
598418961025528178,R18,279
598423415434781224,R18,279
598428972310981226,R18,279
598451687067310074,R18,279
602763112123283056,224,384
602780849247393930,623,716
602791797587630510,R29,1059
602823682550416384,224,384
602827356114645635,224,384
602829257111124533,224,384
602831381226115612,224,384
598456006209498021,R18,279
598459577490449094,R18,279
598488193327054398,R18,279
592616778784585873,A27,878
592679984594951626,J13,412
592736448808176674,R03,864
592770456978707178,A18,279
592893183768538881,G21,188
592914921857097651,G15,1049
598499099324319670,R18,279
598503098845264438,R18,279
598507858224426373,R18,279
598600568938104304,A22,380
598713051061239312,249,917
598923105171759382,Q03,197
598928506031816181,214,1830
599017022512024975,F23,530
599077997645477697,423,518
592923226218573943,607,3896
593310907721075575,Q05,208
593322347340602809,A30,276
593539441379982570,J29,870
593539645856888063,A14,433
602833605446123047,224,384
602847514991741383,A46,680
602928733998502439,G26,656
602952577502027312,L13,113
602971370945279067,L06,618
602989716661668567,252,2172
603053165683406487,636,433
603083900088109982,139,226
603145399437635044,632,559
599114974037879224,L12,194
599163855232485384,A27,833
599189337686133352,A28,209
599256513633250977,R03,610
593628573423529888,J15,897
593684843078544142,701,1166
594108734920583369,J28,387
594159308931470808,A25,552
594168710234003387,603,2071
599411803159805553,D06,241
603288724410012895,G05,4191
603315506762043698,M12,315
603323604235900959,M12,276
603516984683399236,G35,290
603858956459000309,L15,243
599452961415418542,J28,377
599466894517671462,G21,77
599780130229041931,R06,359
599806687631020705,R40,165
594235684678364310,A47,179
594240338554500815,L05,252
594278892712646603,245,1548
594364901323939440,607,4005
594686068974696323,630,362
594686502384672497,630,362
594808092992638358,L08,739
594818355675207868,J28,369
599857800756664388,F01,7266
599906169922777608,205,1097
599992429950840153,R19,281
599992807763168166,D18,136
604213081528050189,R17,259
604274785806949333,A27,661
604574846282012598,R31,19
604623136540022796,J28,309
604977398783818024,726,836
604979090670594317,621,599
605035448454706797,115,233
605051948071435121,602,2079
605057284037163093,H11,7224
599993984917025377,R19,189
594914131275091113,252,1068
607841201085063007,409,736
607857571989965974,901,494
607933688375392709,H06,938
607945532912774703,115,347
608065350562145555,R04,996
600011341366442097,633,747
600013989830559229,224,410
600113695273260585,L17,267
600263116064127765,M19,190
605090421306435930,L29,286
605153978187086750,G33,535
605300020193610016,713,359
605583991244171226,Q03,503
605677493735522649,Q03,433
600516115073736856,M12,243
600705397043965626,224,384
600953895762341350,J30,307
608073586104603179,R04,1028
608153789298309501,M14,251
608316367002672662,723,550
608484199640101037,723,1369
608609524765569811,L06,530
608618639198821844,247,2404
601189303598379053,J15,340
601344149069397462,A50,834
608671468736291174,M10,501
608754282841359168,R04,1044
601383847863781109,F16,148
601387378295632609,F16,251
613045587854720391,A07,317
605720639370929870,G18,636
605734646204848683,R06,486
606366094972532271,A48,376
606406524027500438,622,193
606502008318501202,A25,801
606544996803495153,Q05,458
613098581353641369,109,429
608829370155852978,H13,399
608832957622750076,A45,311
608840004988738509,701,1308
613169372456144088,413,145
613199633140677112,133,129
613230113020408121,H06,221
606690225420596522,701,1121
606961940356841317,251,1074
607145426901839341,247,2070
607202437461817180,G36,56
607328822575142192,708,2307
607334009809889875,705,1625
613266153587015491,G26,234
613295222944590211,G05,3311
613429806262281723,708,2131
613606685400763792,J28,655
608883254672780320,238,574
609219525346430851,A47,442
609235605449086737,701,4438
609238880596760919,701,4184
609278205075943432,702,3554
609374779504415266,J16,464
609425709203864417,632,217
609485334617648116,M06,272
613625022147622040,602,3464
613649143663298138,120,183
613658945946121900,A49,595
613798700673277733,120,412
607527880077351661,D29,242
607696246279491997,F01,6096
607787384382455500,120,367
607837648463076810,D30,317
618973131846384024,A25,914
618994191723179959,H03,2154
619263844054027323,A54,488
613807325009015175,251,1388
613808562601795981,D35,393
613809022021280612,601,5104
613811655392005198,115,214
613840699365840579,M16,614
609956068365812790,123,179
610212395047524279,A32,213
610313074951797337,M16,826
610397447841855110,A02,267
610414224153337918,A02,477
610418835243217843,A02,371
610424024716164801,A02,365
610745546680973191,G36,673
613842278291796082,R03,479
613948541551662793,602,3050
619266532102143496,134,266
619354374288622502,F16,81
619381766727404134,D27,214
619471347276644775,707,1784
619493228177621291,229,221
619496242599733097,L05,418
619504021677189809,A30,259
614008463885442204,R41,134
614321790165772374,Q03,275
614412564467355649,A28,339
610891800789188590,F27,435
610971500647041917,A03,234
610995636848918433,D43,2580
614440509928289280,708,662
614471078556109773,L06,548
619523165838380933,A64,335
619523534073453300,A50,869
619598201001500398,224,258
619762115206375738,F01,2156
619968653451288600,123,843
620091110736498694,Q05,156
614509099548801376,L29,990
611391968391044777,D38,501
611470894386067928,G05,3452
611736171410366121,J31,314
611783256714909948,J21,396
612093137295248455,H12,703
615043660276866260,120,348
615118262419946816,F01,5707
615147103937720079,J13,690
615180685247297195,M12,42
620127898324451424,A15,183
620385164597679213,F01,5985
620428760444478344,249,777
615395641198034052,M16,515
615432684761025204,115,318
615846408980719554,F01,4226
615904441638758447,201,901
612146795311921850,L12,215
612178257211694119,101,784
612228203284776025,J28,193
612235967341730418,R36,761
612288987277395824,236,51
612338884237506055,238,453
612409930265187755,H11,7813
612872711453169565,L29,1533
612888390919914838,R04,1153
616045163495228503,M08,840
620569593739163094,A12,349
620578868328318638,B10,250
620830412189713603,A18,238
620919324221630458,622,1007
621000144783155024,D30,368
621581270186251413,A46,374
616441439987634743,G08,173
616579900837775210,130,100
616588223686232585,L21,361
616867664648376188,D10,945
621692324553291873,H08,400
621763568649914469,G32,732
621880905850087827,606,4663
617108139243397475,R34,595
612945509331555870,A18,234
612991065549809752,622,603
624197678735957167,D09,908
624399238774557651,114,330
617276903379514004,250,414
617339277916579641,A09,299
617348066884967902,M16,880
617440782709168418,A33,298
622282373326580697,Q03,343
622289283359247413,Q03,544
622350469075907189,J17,726
622355656173465587,A25,262
617478786022109124,L29,2587
617499038697675576,R36,246
624564459912553577,A48,432
624585985635107552,723,524
624632015335254608,723,681
624652602355764943,F11,733
624662381318884072,630,706
624668883011039248,630,757
617871935670392856,L11,621
617976469167890423,125,132
617996666218494904,J29,220
618023128301471110,622,980
622356173587527197,A25,262
622356627526404589,A25,262
622602193403700800,A27,849
622622320675898463,A46,444
622647238390881096,633,491
622852689794634047,L06,235
618029927103390496,B19,507
618136830609238321,227,218
618137879433124876,F07,521
624678118491722763,630,783
624687753142583669,723,673
624694699394680598,723,664
624695997934785475,A49,621
624804271494857253,L27,160
625101948280782536,416,313
625120941568839885,220,353
618155488881850494,G20,336
622852964134031818,L05,198
622853236242589115,123,843
622853578857500280,123,843
622853930405575823,123,842
622964050408357805,F21,455
623082106605347836,G20,448
618184915139767958,L17,323
618282597619443456,R43,426
618390733290143782,A53,241
618451653506979162,F01,4319
618599774783838639,619,393
618694402413486023,R39,374
618708161953854098,J29,695
618731819301540593,F25,708
625130804427996264,H11,8394
625134192873905720,F25,458
625137784525256492,J31,692
625206952539862808,G09,388
625327900692074881,135,251
625395041557538907,211,676
625396851096244118,247,2475
625470772596139920,R40,85
625506869650504874,F21,1207
618792015114033966,L16,343
623087251740124065,J28,405
623185525340790807,G28,343
623311353812146045,701,2479
623316905566055675,R34,390
623514517668546155,A25,170
623657977519782139,A48,926
618832316866966127,Q04,416
618842603796198772,J29,441
625519191136597349,R40,239
625559308859723672,R39,178
625575155202250468,F36,336
625575587655149391,Q03,573
625607057280802438,A44,354
625792034614526869,A25,254
625794540207537013,A21,487
623763533917886225,A50,480
623812432062401934,G19,167
623869990777003378,723,1323
623882710917814272,134,487
623911914751029129,S14,371
623922493793823954,A48,330
623930544541593281,F01,3754
625945305310477544,J29,665
625949325513875956,401,321
626368815819350675,244,373
626742288830983894,F01,2166
626767327976025919,A42,395
623939702676372002,D35,496
632551534039863241,L13,228
632586631810442130,L13,50
632608899902231779,A07,992
632632066789092268,718,580
632726981512238069,G28,406
632752608177110815,R06,75
633113362893109950,237,784
633114777738202849,627,511
626813836065046331,F01,3292
626940120481689338,701,371
627005307194527586,G28,262
627028314789354917,R03,99
627075354277215363,G19,277
627209317291505870,619,535
627209991370408129,619,885
627371470100795624,F14,237
627380994474321106,L20,995
633115105120193759,A27,724
633168575271694958,701,2687
633318450007507030,A47,245
633321495378275269,501,1352
633492364636824182,A46,611
633741921038906371,721,494
629608042637648455,H10,1180
627445495897026917,L29,2090
627553930119405271,249,657
627768301668465642,J28,250
627897706345600965,J17,781
628054598742623877,R36,53
628138206727405883,D28,321
628375857871186931,251,966
629663355074558569,M01,2600
629728707925098234,714,1144
633930221689532784,F11,604
633939380745222351,D30,117
633956160953215663,624,293
633968806284955396,721,909
633977351927953398,D40,617
633986809547076584,R14,92
634033315397058152,225,87
634035217889553523,A10,120
629738067148149172,225,137
629785812320853020,F01,2985
628382340509109222,L05,587
628769873559199151,D35,761
629036001404946530,244,173
629040494057779296,A54,245
629099709887557109,A32,300
629828621166494625,F25,328
629937865335706536,F01,1491
630127601876610614,M18,553
634276902012072709,D40,770
634543701516019054,A25,254
634696594171846190,F11,653
634737185619080084,H06,609
630134452451645197,D28,195
630149949140915081,D27,321
630337719111556566,M11,521
630424920231712059,A45,285
630457543628889239,A45,185
629196150330969487,L29,3513
638208932898066716,R17,276
638274411802977958,R43,90
638375695955118228,R34,774
638405806968345946,H06,865
630494641216712852,A46,485
630499749987945658,G28,602
634743259855202791,F01,6356
634898625226634059,726,611
634996589413630576,212,776
635125760914245990,212,598
635301868080561725,J29,361
635349981223517857,S30,736
630501828250730546,D09,199
630539037367901963,247,2893
630550882860410542,638,168
630606368063091272,G33,497
630782288962640020,A14,454
638411614489556367,R18,89
638451573988709495,A42,194
638452467910880184,A17,262
638454791738509873,R18,318
638593187408318846,D39,974
638943669371529428,632,465
630863953200294159,630,362
630864416509205724,723,550
630866621074508493,J30,771
630921135487536795,619,163
630962489899690048,J30,896
635383523425875590,Q03,435
635406284291901953,A46,671
635420521327405738,L19,342
635446393352142475,205,644
635474429874721360,123,288
635484369090867609,A54,280
635574615894942412,F21,525
635617204486061688,R31,373
635840098829073925,723,850
630988343816913041,A45,223
631097874868219629,D31,449
631149892014601626,625,196
631297971412473276,R32,309
631410769451035402,D08,946
638965000463155963,715,565
639259145023364485,G11,980
639317233046143765,G15,944
639375848801087010,F14,634
639540429317887373,224,448
639549197073947929,L05,198
639664591087069915,212,971
631700434097171960,F06,643
631736560411380264,J31,716
631782880451117310,L15,486
631823229287186669,F20,215
631838483322074518,R43,354
636051632523341934,630,362
636167593975534277,M09,300
636216578068395468,245,488
636274456676328779,S09,999
636384130950359856,L08,595
636748829958680554,F18,756
636750580304250017,253,247
631869038931868233,F25,536
631893185455656817,A16,204
631940481660435023,630,492
639694558611399338,623,821
639705836870039306,R18,274
639772463912396637,G28,432
639920141110609277,207,924
639943977146307117,R08,339
639986041202943450,L06,774
639987961838040881,J19,277
642882282666809517,R08,240
636801605735543805,F24,509
636873795592113226,301,745
636944681866019204,H12,114
636959724917638564,257,2019
636974759066296574,H12,168
637041914856524482,H12,135
642948543237637972,R36,36
643036839521359188,F24,599
643292338531013503,718,106
643309952273240997,721,494
643319222792682565,J31,421
640028812820854472,A32,280
640148680845711037,G09,864
640159275260186822,A44,545
640270260790083804,F01,286
640366504429539829,G26,160
643399667682678297,G18,75
637524390360273018,F01,4929
637634357376846351,250,697
637660091350480104,F18,419
637744816439999158,F01,5837
643410103404182626,G33,431
643420063748562514,A25,236
643468329339124241,R32,103
643471736626808139,R32,223
638044371366059533,726,508
638186562751522999,123,843
648552533965336949,F11,644
648587804094088553,230,145
643473669546971313,R32,164
640443472855597440,G33,375
640476155541307345,H12,512
640508290069155758,Q03,381
640546114975692688,723,1105
640550903674715854,D09,523
640553844980086309,207,197
640577546507007342,225,145
643478753128785623,R32,55
643479175182355349,R32,138
643878224920282752,L10,277
643975067258502855,246,1108
644053798396895113,M19,190
640612171111039003,S29,2268
640698584228535894,244,908
640717537442605608,F11,962
641072234133563797,636,303
641128802903031792,J29,771
641209854002197271,234,455
648592683552031495,708,2367
648624892795898509,A55,1507
648626938629605757,F23,233
648686501635596386,J27,142
648732550651285115,A14,863
648733914773975406,L05,238
648767260782957609,F07,1053
648775559661516156,A47,519
648857359350164301,M11,418
649075074887124641,627,582
644156882646200864,H12,111
644176324966821813,M06,444
644202319559232710,123,398
644311938371273827,G35,421
644371190094658863,249,1336
644391116758129571,D30,437
641407498918275357,A47,574
641443656520012132,708,522
641503239935717251,221,820
641503565693174262,220,1540
641753911937668445,F29,522
641863227870851745,S22,10716
644608008451518771,633,527
644818373615039359,N08,240
644845156231451666,F14,591
649107665318683109,G12,609
649110754016519016,A50,245
649129686097497520,230,401
649171234457483387,A14,216
649174647761073124,224,98
649185211357475650,A17,309
649192796335835527,224,394
649196902646021083,139,470
644893239131306705,R32,422
644940552640814865,A31,111
644996126447510028,638,211
645056913089000891,F21,507
641928038476344706,J24,84
641930068984421251,G26,187
641966849143161975,701,2279
642004894846322446,622,270
642060325365353277,G35,427
642193534164032936,607,395
642204005625892887,225,205
642617234993807538,A46,633
649243480456322528,S25,791
649265769107676530,M23,596
649265807138349981,M23,473
649266764109046867,G33,567
649267754730612723,243,216
645315165254782741,633,594
645426662953840812,505,696
645446410837726780,245,530
645666659875635272,M10,289
646115947890871926,M18,553
642755693102173459,123,504
642778580946457478,L19,740
642779491628382351,A47,149
651629086666838151,252,897
651634314032635229,101,624
651640728974046766,Q04,842
651729832349920816,122,568
646116286313431627,D21,335
649344196401364433,244,280
649361804801721027,230,204
649396817211747108,A25,569
649423203553367743,Q04,371
649470584792583345,247,206
649493072234819209,701,1718
649522948140887617,M11,804
649701695006936118,412,753
646234869189160847,A27,770
646258324909440669,H03,606
646290906877998095,726,361
646325822391260382,M16,651
646371982877063378,A57,725
646397294912944159,701,2009
646665510489708708,701,1550
652172745279262844,A27,677
652209616641745176,A50,326
652279676468280165,J28,379
652765195663334252,M16,624
652933534451877293,Q04,1134
652937345632974037,G28,224
652943524305648321,L29,926
652993992835732991,A47,1028
647125962319558621,626,350
649814577876399920,F07,305
649819721923399503,D29,547
649907962236132573,246,850
649930539132835017,R08,364
647142881824370304,J17,224
647221355173490472,G12,839
647266787507443295,F01,4963
647623852337935394,252,537
647670913385420699,A65,2145
647705805867409740,Q04,264
647713196690082967,R04,497
653015092633711688,D34,198
653033565392375865,L10,499
653115959913997889,L16,177
653121626548977499,A18,403
653258474247952642,A25,262
653295261335760706,123,379
653295592214768980,F21,307
647725378677755778,R01,1002
649952179707636731,G21,535
649958810437390374,G21,463
649965690762945524,R08,375
649968161200990873,618,517
649968169559996381,R08,355
650038079521479637,A32,90
647754438721915924,230,171
647827764669965037,701,1718
647871864272863224,A30,708
647995381932475686,224,320
653436475529853186,L29,1653
653462989981755151,J29,192
653507297797336134,J17,2110
653536694333017814,634,458
653538289455674361,Q03,247
653607125944399593,L15,226
647997237954609900,F01,4810
648002347981302350,250,760
650091090835962950,D39,694
650118088095149287,A27,889
650138361418935954,Q05,376
650139894928176912,638,185
650156553358311474,R08,243
650481967750264191,G35,377
650494137473244378,A49,518
650657373008534596,633,140
650682583711603866,708,2388
650956611349081780,M19,190
648033676238017128,407,390
648077091113308243,L08,293
648339852314068317,L17,466
648364867651197829,F01,1493
653909555821012638,S31,1023
654030106559187690,120,367
654073673847797610,J28,120
654206843986971609,L08,828
648377407209324860,A17,158
648415349853084453,726,684
648487968072894005,A25,503
650969850624566810,130,185
651141070866801705,D22,176
651315208890296394,J20,63
651338556174245862,A48,548
651379369974834329,123,437
651383983309519498,224,563
651405001634350671,L15,102
651449714253705996,L06,758
648501530742752063,709,1208
648543338159103074,F11,622
654213698930297417,131,242
654236650153476579,247,257
654272694167633113,D18,222
654274540781636364,130,173
654361482306091105,A25,617
654369142722453169,J19,309
656289993889198021,F11,472
656290328418228490,627,511
651495086718522145,G34,200
651497507012443462,M01,2260
651564440114113277,224,538
651587873612601114,Q03,538
651593916026998398,247,1517
651615646478624151,A28,410
659997673906063358,A53,214
660029898282117215,J31,430
656292512767358715,D22,176
656388033574218797,243,354
656394974994716619,246,754
654402388376149877,S26,2789
654403670398653419,L05,326
654412686701270062,A49,1005
654499264267120637,A54,277
654528694889785621,A25,371
654544771425247916,L29,3394
656418876163642889,A47,183
656439552095891153,A27,305
656480577099546545,L08,418
656571870851532866,247,222
660042195395876548,M16,651
660052120631955356,G09,459
660056513559633413,D26,447
660082095537116529,J31,179
660143703289707879,S01,389
660204875025359364,L29,626
660299931863349952,D18,211
660299946944611779,245,543
660310667265628435,M06,1010
656572443194920483,247,347
656613711417727477,F01,6165
656619145059845047,F01,5943
654558158981000200,236,444
654625640417543306,A51,315
654726207711039975,136,112
654949802542096801,L29,2606
655057865614543377,G28,144
655061924755781969,A46,334
655084915447823076,420,422
655119049254518736,502,482
656984227698035180,225,339
657007491901880680,J29,601
660449497312289132,A18,347
660464226861212827,G15,355
660621871798289009,122,219
660645047444775206,256,460
660801366565819095,L12,530
660806119289637869,L06,522
660878177372429228,G09,1395
657114792493776062,M20,214
657125083842330352,A27,843
657148208532648393,L06,288
655136103348782329,G29,278
655144931255799849,627,325
655155221993894189,M09,296
655205438300291534,621,991
655238160094915460,B19,1220
655241486161179082,G26,672
655339007497638499,L29,2929
657161625137901422,F18,301
657441930493975647,M13,261
657450415752189395,Q03,311
657831597044910300,J31,937
661051689303484701,F02,1523
661072300808739106,F02,1615
661082174673264411,F02,2042
661124761175705523,L02,314
661147139425587430,G06,2595
661149465260974604,G14,312
657836649849238363,F01,7185
657945772316259432,A49,888
657962221012628823,G28,237
657985069638694860,D26,524
655565090602020122,R11,786
655584355247194106,A16,410
655606853429815213,H01,616
655655590735199413,A17,457
655733624096905947,M04,1705
664497748383780160,715,826
664513250478584875,224,495
661404047684581697,S11,2166
661414349506912943,611,907
661507166274157667,F01,3676
661552460178932280,G26,348
661571589480416747,G26,348
661582521798525657,Q05,219
661630205577243354,R01,1043
658476893753152665,638,224
664572843276859586,A06,216
664579373936408809,A46,903
664633132220977386,S30,1516
664636711297826137,A47,574
664786138147954127,G12,444
658545811833091501,113,593
658567847166417444,R03,657
661706684975350438,R01,663
661713782277628102,250,1949
661730417858478185,R08,245
661781799902754847,A45,654
661782930987139565,251,415
662194644295415176,F06,645
662225821326078046,A65,603
658652034156317401,230,282
658658419167402439,M10,593
658680445829252719,G26,348
664858490982848128,G12,356
665096684159385562,244,107
665138527790480004,M06,1373
665156020477225426,A18,66
665194268205617883,D17,114
665207224147437182,M16,425
658698666358924862,D43,2783
658760978030704860,723,542
658772827164292906,A27,529
658778407325963223,R04,284
662322807381323149,R40,357
662324653098427815,415,209
662468221101298052,R06,614
662475127673634015,F11,310
662719849289901468,D19,97
658797762075613569,A25,1208
658840248450586454,F01,5409
665216186202601911,205,205
665261673918293920,R08,357
665312789712426381,A20,119
665409290103351494,123,261
665683449975313297,F02,1520
658848031386457087,D38,262
658852188801289401,L29,3195
658872910949576878,250,411
662908139346389329,227,178
663185874925783688,A25,889
663619511043068535,129,379
663621928284719005,J30,416
663649634317192434,Q03,492
665824099468566235,227,285
665857667645966460,227,360
665881240261196973,227,308
665937856862413383,G35,291
665957060402579185,A48,663
665980631217887084,227,129
659192804246853527,L11,403
659260971295206222,242,624
659310625338344733,L05,662
659318499793428434,D40,28
659329592070542766,224,384
663697610236716834,D08,610
663718440837696429,115,620
663802664162665250,L19,650
663812250075043786,501,1324
663833979768493524,J21,367
664069026786529219,D27,247
664131650504538216,123,379
666022943667475224,A47,244
666039859586324230,708,836
666452158465930957,252,705
666482362855955099,420,400
666546073287471564,G28,206
666553660571847932,M06,224
666647240323900209,R42,314
666687689202133264,M08,347
659420459502596346,L16,243
659422624325644314,L16,243
659483103190871635,R32,426
664255702585134531,G36,108
664357173915207634,F02,1352
664375845830898773,715,706
664390826805768659,121,614
664397229263148421,D18,124
669064816219867515,A16,443
669124977887839244,L29,3792
669305594749936462,A47,308
659506943405862911,251,578
666705065274020115,M08,200
666720978502253554,M08,140
666757974043019449,A49,465
666928089924200608,D06,1135
667193462423431721,H12,273
667260564999109254,S18,277
667322847280708223,F14,370
667347787528220620,224,482
659524468137662241,712,1363
659528166968284441,A11,180
659631472910843766,M01,1730
659786580883647183,715,693
667379768469874498,M08,665
667503501751137216,H10,833
667539668193564442,A47,400
667681707929418857,J30,275
669389148056543438,G14,270
669434958503706800,D06,298
669462162306456780,G14,307
669488239177845173,G14,272
669491267862682923,Q04,572
669514968467200932,A27,778
669517161697427565,A38,121
669586810357581963,F01,4758
659895773898892978,423,476
659898672803776629,F20,363
659898991484098598,M18,768
669720939119467877,111,64
669726309815956918,214,1906
669881612090048281,H10,908
669975637538940388,F21,306
659962127827331285,J22,250
673339628005219034,L29,1373
668015611171512819,A48,824
668072542591926094,A49,944
668101492405958388,G05,2407
668184500955261231,A60,1843
668235574980359823,R15,190
668246733213442620,M12,629
668265663179820153,F01,7102
673371494715317188,A57,239
673400435299130792,B10,167
673722620349844470,A40,313
670113209169345300,D08,351
670165785509109009,L29,2579
670239788354887215,F01,1445
670258225097904745,J29,557
670291854273683571,A47,439
670294489555303282,F01,5087
673763196022491865,721,494
673765667567431243,633,594
668306085348412545,A27,448
668336778831639835,L20,565
668782753074319290,A47,351
668784032759232580,D08,602
673784924326195986,621,568
673786603652497562,R42,422
673798856558999445,A59,821
673803763328291112,636,222
673811142418548144,F11,668
673811223486765639,F11,491
673811265484009501,F11,622
673811286668342935,621,694
673832429183322395,M12,233
670325129117711026,701,1382
670329573323739442,G21,452
670343762862892910,619,344
670347356576318038,638,276
670375952726446648,S30,3782
670401205229303119,S30,4026
670433084394073293,F27,695
670508782333755778,J19,346
670528666075637080,G36,56
673832833253700135,F11,622
673853471795094745,621,378
668867522409494045,710,508
668902093131935246,J31,796
668902255426418000,J31,932
678710313922536057,M14,219
678788359112415515,L08,410
678794291818450722,212,700
673865940435507299,621,454
673873192225899360,621,655
673874846826602871,Q05,379
673891949409493355,621,668
673945070295033994,Q03,285
673978775729099603,117,305
674000890781448536,701,1258
674009411610783803,A63,1041
674040603017953502,624,156
678851274729740778,A03,536
678853457233224820,701,1895
678876863179024660,A02,448
678919180976813127,109,565
678955228217767382,L01,562
678968165461368245,124,837
679083434084759443,L29,2287
670578061835591281,M09,331
670760245146901007,M18,312
670797178397299587,601,1736
670869996943190290,633,497
670870838934272298,H11,7313
671034927249204257,R36,848
671053676457324655,S03,409
671093035569281358,R14,323
674043655320352871,A50,1091
674117411689401093,Q03,285
674289725303082989,708,394
674524605711151888,R34,669
679119267864920124,252,508
679558822608911685,124,717
679604722787295688,701,1531
679610066679499298,Q05,121
674573762284442785,A21,357
674641911507626377,204,624
671123801706291795,M06,1373
671188401549574869,R04,1565
671197809028227677,G18,283
671595380930437038,G31,320
671650608187114753,D05,1274
671658213452240171,S01,346
671717284247808828,F11,473
671719926157001801,L19,905
674900479261224037,F11,353
675147298695151692,M18,505
675489669821327713,A15,410
675637354003240171,M06,1373
679639039552683894,F18,386
679669067993743821,H06,340
679674057718086634,F07,2098
679702021882633653,245,597
679737864262116907,S31,1050
679750050214460766,M01,2797
679789376101116375,L19,796
679793888125076039,210,370
679810163377737065,219,503
679820840001432631,625,339
675765317337436091,721,494
671732447545454504,F11,619
671745578734344543,D39,783
671757203904977852,G26,348
671831802785282113,M06,1373
671852433528637182,S30,3783
671900378304577311,R44,820
671904924954937418,L29,255
671988286121132662,A33,148
675894671648952785,718,106
675959117355164668,A25,444
676078765992325073,L10,290
676206857756954751,242,253
679857043553287443,632,150
679903477039048830,A03,389
679987510857371972,257,301
680280955847184022,250,591
680330991490808518,F11,321
680341463529754504,L10,106
680360485707632968,M04,886
680442938388437436,R05,657
680477646462919105,A49,610
672289464526690179,723,451
672291117149229775,F24,567
672459717259106879,J15,290
672500835605671640,D18,155
672522014124319806,R19,191
672527145784967504,D18,145
676691150991486082,L29,2490
676705749178508791,L11,388
676709338551896783,D39,820
676731522676199403,230,259
676737279656757218,R42,269
680484863680480626,M16,826
680506283244593374,A18,319
680527395305587176,R01,511
680550539811300085,D32,410
680557505870104482,S29,884
680563059050396133,L29,1242
680586350161738984,R42,70
680609560461132351,J17,387
676778209945329666,A45,321
672584509447841012,406,1101
672679520595641012,D18,169
673065585750527297,L06,758
673102765757221060,M16,430
673171576876246023,218,294
673213798306719028,245,728
673259519238099266,F21,213
673302194338130414,F26,194
676802005388260537,A50,1070
676810214656585436,R36,462
676955867231155817,706,1580
680847139950470129,R01,729
681025139336985246,615,496
681095875381595879,S15,1357
681164404044413348,M08,270
681183272731076396,A18,14
677064038629345796,A32,89
677140188770256698,G14,710
677152319340682750,L29,2641
683326142665670776,D08,913
683349159262420204,G28,880
683368120186220988,G05,1574
683521188198131996,132,341
683523642121128796,R44,117
683756499047497194,120,103
677408866265433530,709,1725
677481616825247069,H15,3679
677538041688162695,L21,264
681210158470081528,L29,2617
681296327139376370,A44,619
681340518773187020,D08,1385
681380028722476177,A53,261
681504125966887847,R01,581
681520430140459985,R01,581
681533496702991847,R01,581
683832772356785161,415,227
683855848444214769,Q04,733
683856808253507761,A43,413
683909861921823774,A18,246
683917359584827882,M23,122
683927980325010111,A27,885
683996557814541468,503,984
684032725886785671,633,195
684038725769965643,632,355
684039950274738818,A25,243
684061540597852601,A18,117
684167152890227720,F04,403
677666479277771695,L29,1481
678035888016921335,R06,273
681548825618098245,R01,581
681609393472185980,Q05,501
681730243323738679,J30,756
681805560172871680,701,505
681942422763550516,216,322
682011038406152082,F24,560
682535527513924139,G26,427
682569640765881074,A45,682
678213347614482633,H06,797
678216792904885634,257,414
678299990425384008,257,270
678307673647236628,J30,369
678320552070670465,S04,436
684333733159579768,G06,2563
684335173772455036,M04,341
684342030838981455,L11,66
684380893411439779,M04,973
684533628871857518,225,214
682641202868881015,413,174
682739715009522200,G06,1822
683226302696572362,F26,919
683259855400881147,706,258
686948308860858742,J30,363
686956328127294822,633,139
687143636484310713,D40,562
687213757947864332,J29,231
678331335413405358,A48,893
678437875562130185,A47,481
691912167824183117,A09,266
691916839536951122,111,343
684598459983753356,625,195
684685929473485562,A10,120
684753116716834893,G26,348
684777616434180638,238,433
684788720978219067,D22,275
691948132177132137,M11,229
691963044801266991,A57,2282
692027859282829341,A45,227
692075948348759261,H03,2918
687351522421269786,714,486
687561322939099711,B08,320
687654908406137989,247,404
687698474968214276,L06,357
688347307752642589,A17,507
692125334129380493,J13,266
684815654246207718,M20,272
684818345183889619,S22,10532
684845666675241305,M16,342
684918328617783376,221,933
684960054251261950,A64,284
685107881527039066,723,550
692154261804082226,G19,613
692185719708852412,A09,508
692194279143080319,A09,435
692200007832969582,A09,467
692217645174890864,Q01,48
692252792758522886,A09,406
692345486097351709,111,317
692378138313449984,111,583
685395980170030260,608,3059
685457110179966644,D39,1630
685479595715868125,J28,333
685557273719009254,D15,235
685585785808625737,F01,8190
685588304301383800,A27,585
685623166091060477,J19,484
685666561879713046,A27,755
685669351584584501,121,572
685676699427435848,216,1330
688439859259240086,A60,2120
688475381592613781,710,362
688500937567104673,R05,308
688602835794547518,M08,728
688696272821787483,701,358
688995040218369146,G15,349
692387294521905195,110,602
692387706860229243,111,394
692387808563178909,110,614
692599752789657674,J29,374
692641654304732985,A47,378
692677118136223825,A49,689
692677180661715061,A47,678
692700316570921760,A47,437
689043579053364669,709,2309
689090528824596886,A25,28
689097846834777912,A15,502
689168899782649267,225,264
689295463908141843,712,1509
689338762468533158,G32,963
685706917487823608,L29,2461
685726194938497987,F01,4493
686081419344249200,633,666
686088987656857863,623,104
686165744322965219,M16,412
686167351012894994,207,882
686188355262073294,229,123
686224538952004466,701,401
692726447958336704,A47,404
692759176797642090,A47,481
692810208844929987,L27,345
692813905111173363,420,266
692931991563879774,212,600
693291705293690136,M10,463
693332520080553680,G09,378
689759067944171480,116,410
689860101947398104,701,1616
689890425467758374,225,482
689892790771456013,L08,628
689915773903422973,M11,959
693451056866395915,G35,643
686325667143369470,245,358
686417098893252591,A32,341
686850958889728569,D05,1309
686913481730758774,M06,585
686946682932820685,M20,293
693452603520851951,726,695
693492812081694815,F01,4843
693567361025762253,G32,964
693619339991699741,624,221
693681944305880340,230,404
693682129068012891,M08,736
690026595251511990,A49,685
690028967517364430,G36,1152
690036302901424615,L13,393
690037658614567343,M04,735
690070364410526409,247,3180
690231158885167522,134,257
694012875906713942,632,178
694024141571245527,A27,545
695575113098792324,M11,1105
695587837737576376,Q04,572
695645035940802712,R36,476
695685012481775604,245,90
695688904235544228,131,207
695742749164895552,A17,428
695755456324715761,J29,1018
694085224169979111,A17,245
694207890420253457,723,509
694208483636229401,630,253
690456760581628693,M08,185
690475685515719489,J29,551
690537802369649949,D38,1932
690552616328239393,L19,416
694248076453511420,A48,1059
694261490272490565,L05,706
694277163270989131,F15,92
694387559588416753,J31,568
694405510672672330,J31,429
695757611557146564,A16,227
695779291962525074,A16,476
695793844031730151,239,220
695817663464762787,S28,1275
695923766308374088,224,231
696203267090675587,244,418
696408170720458028,A54,967
694730806676379784,134,257
694769596180562086,A18,37
696453300870035307,G05,3685
696460039951904084,G05,3706
696522438499806958,G14,338
696558738505882577,D40,677
696607933704936182,G14,338
696614683123032785,R23,113
696616459846609727,Q01,61
696618978992271885,G14,338
696620581974515556,R23,149
690787676906691363,701,5244
690789292617238611,S22,9286
690814821959585555,M16,830
691109892839269230,A44,440
691161893025139013,503,334
691169735744906187,503,524
691173081458173580,625,330
691255376289428094,A55,590
694859929654131083,633,603
694859987865921785,M19,49
696623677328852773,Q01,133
696811607506823150,Q05,183
696897568852506833,M19,356
696897885891595504,R32,348
694897398595994504,M09,69
694902191509735869,L08,1034
694928981372858824,F14,356
694930103507598445,607,1440
694958372781022948,D03,355
697155684676038214,Q03,458
697162273018281181,F01,6075
697216048380406500,701,1449
697369019894201104,D17,216
691255512367890158,A55,590
691270986280465661,H11,7539
691287196886058167,632,412
691362988978008446,A25,41
691414042580306814,634,136
691440340919194195,226,145
691523395653351965,D43,2513
691569646575996680,D15,281
691653368293101718,639,142
695060989831158809,709,913
695135968242041566,G15,273
695343343573591644,H11,7439
695447606081906268,711,432
695488688975869568,A47,1269
691676460109271194,Q01,66
691684916095150541,R23,158
691767025683358245,133,281
691811914823074708,A09,534
691865820282757967,A09,486
691905182126336286,111,348
699900472291364183,A31,190
695515249027746508,F01,5040
695539871397026127,224,384
695544287663396890,224,384
697714446235246853,227,88
697719311988590720,A49,1052
697768254837542779,R01,335
698083825440599492,J29,214
698089546533464498,701,287
695571491830508727,617,659
705090791379955493,234,447
705092395335030529,224,446
705093546823502977,234,492
705098036070886749,125,436
705164127784347385,D40,347
700000812390093269,F25,415
700003119167999746,A46,639
700064775616824780,L11,338
700088418861058994,G32,449
700111269108709591,D18,165
700146181833846394,G32,384
700246592261412587,R19,297
700541785124718676,M16,593
705279229767442266,M11,463
698371147649198204,L06,217
698398472027614415,A28,208
698419852045609952,A12,526
698451569987978758,G32,407
698473836731921553,B19,886
698652438608360566,F24,526
698665597836185143,245,338
705299351835293272,F11,289
705306134462780216,F11,367
705320706869030009,633,865
705384795679376315,630,262
705389873738014950,A54,410
705397728780327740,J23,450
705424352499354914,J23,475
698672087827554947,250,672
698690204501230734,411,957
698690678897268945,114,127
698726604633974540,133,379
698812600923000746,502,353
698893427097590418,A07,339
698952060530193546,F01,6415
699081955951522189,723,550
700568844878553081,Q04,646
700586064334508163,M16,350
700629595665616550,M16,455
700656334389279385,F01,6496
700690819241202734,D28,336
700702850623136200,615,217
700731410900565809,D28,206
700777447801988252,Q05,507
700819811164895055,J19,318
700850368069608837,J29,704
705438631142622558,J23,475
705444904455940964,J23,475
705701235826157421,632,808
705712753930029428,J19,110
705903037541353700,A09,442
705938583194518339,S27,5022
700855290806384555,J29,627
700871408306613219,M18,561
700888293266225258,R23,101
700893842468034810,Q01,117
700962934143319603,623,753
701279449329328106,A49,863
701301328743911799,A48,426
701321715853254012,625,158
705960660317173546,252,1849
705983605034112203,111,78
699168737421368390,A25,906
699189080597169915,A48,919
699219056401621013,F01,4949
699238002983385662,G11,1270
699239642948521140,G05,4425
699287688809132434,243,319
699354979403842297,712,223
699383408601565388,S22,9523
706103073370158062,A17,253
706367279048593468,R04,176
706489590710398823,119,336
701327529930434947,633,497
701343273401697008,633,497
701345962006300397,633,593
701352651977610667,633,497
701389905710753121,B08,213
701401510655012752,J22,463
701478587424915639,M12,150
701504561702033782,A21,556
701628011751305103,708,1253
706670190539378189,G32,1035
699498492683663177,132,161
699799295716034636,H03,2826
699862597447371397,G26,871
699867644911279327,625,159
710390925155739661,D05,1319
710726635217898143,L10,516
710743600315683032,R17,276
706749317126636033,J29,107
706785767610887259,Q03,305
706948802191867977,633,527
706995781271751600,A48,662
701924156799918023,125,286
701981073507216587,M19,375
702005190750685766,D05,1158
702011787477127477,631,211
702015743416166619,125,259
707176930993535300,L17,388
707250744053305867,247,1696
710763466304966408,R34,328
710826296034073493,L02,131
710878298179390241,J21,187
710890195983972232,111,296
710897185427371328,G30,114
711043549546928169,J12,503
711099239733543956,A47,197
711477188594962909,L11,350
711501151642222800,106,2035
711610182466435235,A14,506
707545277974486775,245,851
707776965375863518,715,681
702051927069357008,D39,440
702151892808700267,A49,279
702151942322613794,A49,220
702182051146913189,G09,1033
702234705476101326,J17,684
702360768619906155,238,293
707951038061444439,H11,7577
707958114252508497,H06,816
708005695505462051,D28,248
711630267993788729,F11,468
711637483502170664,A25,658
711820084444046096,D39,976
712191801514007811,A16,118
712203688268700761,H11,1329
712211225378154664,110,271
712211756060399505,636,481
712234090137382640,230,179
712259421592289934,R05,395
708072093129700898,124,1377
708126097161266393,F01,5242
708204769870618920,A61,929
708233950807009909,G26,291
708495014350230261,R04,292
702747529352284354,R32,535
702953973018419988,M09,198
703477777113329774,F14,733
703482585590551120,L19,373
703673081008153191,714,399
704187120309184131,615,440
708553815454088469,L06,801
708593748254632873,627,340
704255897463350082,603,3711
704369158423712706,G29,253
704441295872491081,633,614
712271296660203021,602,5291
712281667658704072,S22,10070
712285563313632501,Q03,296
712317270824038988,246,566
712377668023114014,G05,393
712795713817372750,D27,480
713008213144612817,255,691
713136715421041302,G18,430
713185241032100746,A10,282
713214108006823555,D32,279
708784876021513580,623,205
708808138924351782,623,229
708883217066615089,R23,108
708991049578397838,M04,232
704509709325061320,S31,1250
704584079874764058,F11,339
704603985956988065,J30,875
704784534051457441,629,290
704856393767697728,Q03,325
704897605995886312,251,2122
704924951363219080,D32,388
704925015465957888,709,2040
709322814736031533,A33,395
709322845715748398,F01,2169
709359790734858050,502,991
713214379982079823,M05,495
713238888940954995,D27,489
713252716801514128,J28,273
713297417910028754,638,244
713556504588749227,G29,320
713690174109417452,L28,788
713696585074780233,R01,569
709364398556175620,F01,2136
709370156914396553,L14,230
709375379081321949,F01,2226
704960933715417604,708,1795
705004710308579542,F23,480
715330674852310027,B10,94
715331215192876668,B10,94
715332535821520790,B10,94
715332697833872098,B10,94
715338931943461004,G33,305
709533840920714673,Q01,126
709538422466881714,L29,1543
709989735145005464,R03,271
710109513630547162,L29,562
710165384487980305,L29,1842
710185881341802225,R05,352
713742380592686364,254,541
713834359204438567,119,273
713836647349232871,H10,499
713920711978791782,J30,333
714000161449042513,L19,933
714287337671664534,G33,511
714326525468073992,F01,4743
714368791106415814,250,644
715350310635388569,J31,479
715396870203139220,H07,665
715397508249778602,D05,1085
715486791878836690,L16,688
715501176123029895,D11,579
715579236224105612,A43,302
715656179412377243,636,303
715656999511634651,M12,439
710330070838976659,D39,671
710385179558087687,L01,710
710385606950283114,D05,1355
720301145851339224,713,461
720488795152405211,G26,320
720499956736661192,D26,465
715842881002822241,618,101
715843557995962569,F16,332
715969830545996246,F11,147
716141628555857031,245,309
716359039183246493,124,717
714474551539929407,F01,3900
714494752693308199,D40,527
714525070567154089,G09,1008
714525159374684074,G09,1248
714527517050377664,632,831
714527856020761530,B10,96
714527931805091670,723,1323
714528028978107172,B10,96
720505365691423669,G05,2274
720634340601945336,S28,2041
720710154234486243,R18,203
720734674577622946,S29,986
720788233766408840,A49,817
714528356937191116,B10,96
714528519763158457,B10,96
714528682440070396,B10,96
714528842855635500,B10,87
714567353707182889,415,620
714646922500528314,J31,622
720862992345912073,231,380
716487547165088716,G09,1107
716518412795445502,247,5049
716560648283336637,248,464
716577023762617548,F04,737
716579970852567086,F03,811
716606118813933853,709,2140
716819070349981256,A25,501
716924236838890483,714,401
720896670635654011,F24,781
720940670470827692,A46,159
720984712450297572,242,720
714820895011326478,M06,1373
714936072143571657,M04,378
715016585645632744,M06,1373
715019792407184814,M06,1373
715020931107317711,M06,1555
715023902393711266,108,464
715129818689885030,A48,587
721000569241610344,R43,119
721009702892259433,S29,5079
721135809916651324,G18,1051
717197794672647065,F01,3806
717220830029391123,F01,4656
717373799370447236,S04,316
717434452159962692,F25,590
717557610336262134,253,655
717934854636856044,M05,1993
721215691788584480,636,299
715268612092343760,701,2374
715330304780837039,B10,94
724258438851833345,129,376
724285069714184078,708,444
724285328464936245,708,390
724442948593741619,D27,465
724478427910818191,J29,651
721339316862852742,M06,184
717948583679772145,713,907
717989014406445763,D14,391
717989379478373538,723,1141
718031653455200639,Q03,410
718037328155265207,M04,623
718045777713069841,626,292
718113626026834032,D26,682
721612728001471389,M12,277
721733540827419505,B10,218
724511815615022203,204,371
724513783589902461,F01,1348
724517724355614663,F02,1375
724518292928075902,633,275
724535783876553795,M14,321
724547158315559722,M11,943
724635668635496527,246,2022
724687619261429246,G18,842
724712165452391439,L28,139
724719197235678837,L28,365
721751344187456272,F25,668
718333714865500745,F03,605
718346128793838109,F03,683
718389176579416848,113,488
718680878969125336,131,220
718760700475330223,211,319
718789323133836515,207,355
718814212312265324,R43,393
718872680332254558,F01,7327
721846250448319952,623,537
721869934612599931,244,55
721904195594487495,701,302
721912126539392246,253,908
721917164353135853,253,670
721927508792405981,D22,364
724727129214369671,R20,339
724835120949186187,237,369
725073741505940799,119,247
725088224980807119,D39,756
725115492238831030,M18,203
725127683573391265,204,499
725174632104784756,623,474
725201256638546056,204,315
725207627976588501,251,911
718911506276427092,A27,496
719054235443116316,L15,227
719058422411140581,D03,324
719062366977533285,H15,1263
719099870887169579,708,536
719127902147162360,G19,579
721959611016208603,610,566
722174109497563429,625,158
722303686947165307,D27,78
722328771203163875,F01,5393
725211850843486191,F01,4353
725243436882376244,901,386
725253395449891146,901,447
725265752067758226,901,230
725267821235974034,H11,756
725279153695249377,632,502
722416737381606975,A20,351
722449899271854422,237,222
722492556613373205,120,272
719132295331082716,A47,599
719236297825192290,Q05,329
719285097117124253,M19,356
719285408977754914,133,79
719358307043508558,L29,783
719424749652587023,M01,2265
719495891698342037,R32,328
722621339681261744,A43,407
722667459085480621,L29,693
725284817891446470,901,204
725374269862818359,L29,1241
725482656106188093,A45,345
722724523887446094,G28,1319
722748515511570066,G32,182
722764556457111282,118,558
722788537831890600,225,412
719520596476855202,G28,441
719593216551653075,A50,535
719778089121701138,504,1077
719995268388951520,A25,555
720072722198622483,M16,779
720182762767765576,A07,122
725591176014925644,A49,778
725792455364919003,L06,285
725792742255312604,L06,477
725832343729707990,F01,2626
725966967587357427,A27,496
725981859408433983,701,3201
723029810986239533,G32,308
723141727755088232,236,440
723290057134167937,J13,368
726679319187119772,M23,385
726691054073114790,R01,1866
726795202821831233,F01,6063
726871477775738378,A22,310
726911215820092470,A21,505
726980561418178924,107,283
726998314453788976,709,2061
723312573019470197,701,495
723322724964202008,F01,1304
723326004107290023,A27,353
725986142193287056,F03,527
726018745632954909,R01,1112
726026082789429635,H12,360
726038186245781989,H12,366
726051328615599170,R17,300
726057650522445330,R17,300
726064730287611587,R17,300
726065035073784943,R17,300
723396979906254244,G32,206
723404316908135712,708,668
723456435927632001,101,1922
726070710428229569,R17,300
726074123553985535,R17,300
726077999015035223,631,269
726080284648377138,R17,300
726080714216367305,R17,300
727002652481662101,S30,5340
727067452156246364,246,593
727094584087324095,A02,65
727094751882208933,A02,267
727195003556962655,108,251
727195064267167304,108,248
727312631524178549,125,237
723486009288550240,G32,279
723822033416473918,G29,401
723861207309008728,L13,222
723878111397724292,132,233
723956849520711622,214,515
724100094009004913,D05,1262
724108112790458125,G06,619
727329511774515361,632,380
727393508691090676,M23,385
727393620129250709,418,155
727394016312534644,M23,385
727439577532735416,M19,231
727457092217293467,A47,335
727496523979033427,A06,659
726112702825047806,G18,369
726119851349364741,F38,955
726146340579191842,A47,842
726191136045733121,L06,830
726205107648048166,F01,4377
726219384836980038,134,101
724164762115465599,M12,710
724176268503296364,G32,525
724176305399511436,M12,715
730986962526556970,A44,462
727563616843537662,R17,300
727563795390098633,R17,300
727563987822777761,R17,300
727602214221214247,M01,1606
727635111550428709,B10,96
727734064500278359,709,2210
727832613571928027,A48,205
731214915263523282,707,2228
731237194552561506,A20,362
731276005376621259,G33,414
726344889201919789,216,815
726412384135678928,L29,1489
726469632450695613,A44,358
726505320137651736,M13,467
726579130880945632,124,276
726626309889942397,227,170
726667728496451227,503,925
736143192475629940,B08,567
731279097670482626,226,129
731342456361090851,R34,788
731363063067597348,256,225
731375908393497665,633,689
731712826444841903,633,497
731729526869469898,120,571
731784525862689115,245,1758
728085702664098904,257,380
728160311581420967,247,1224
728193530651281929,F23,205
728283927534298491,R06,534
728324579254521292,G36,56
728469995983065455,618,349
728795847476708926,H11,7859
728898265855426177,250,756
731800309107118826,M14,352
736148738990041271,J19,2643
736216304989788040,R23,282
736216685759993219,L14,608
736306604387468764,F14,464
736313238393733602,A46,638
736330645469694030,709,2228
736420734072697799,710,219
736427204561194184,715,857
736446347557912709,G14,284
736462450819335206,708,537
731820184781162841,F20,112
731852946981388150,G28,269
731903556064617611,F16,206
728959740839453264,F21,625
728974638707556180,B08,210
729000632141002581,M08,324
729009942205510892,J13,368
729011132612075891,M08,377
729020850035785862,M08,269
729079841065362453,A49,582
729093021465019177,707,2151
731940007156884626,M10,396
732015468917137084,111,125
732081188915968486,A53,356
732109804589016317,201,898
736479219797807190,F24,427
736678331800252109,D41,442
736732701163914761,A59,1594
736883715878353399,F01,2689
736935741903228510,636,325
736935903731706713,A25,550
736937979271475200,104,821
736965655445471779,F03,256
732407002362979676,M05,368
732412230246403599,255,782
732499499283055968,M04,429
732530709907169836,M04,429
729096618222905266,503,894
729125823009270662,707,2260
729185297231443131,A20,275
729559350454124966,126,184
729567707956628031,J30,721
729610276083038542,F14,791
729721629145505897,L15,483
729745044802488456,A47,543
732575553845138314,R01,851
732676772301128352,414,932
736985875740793560,636,325
737015982193204327,F03,22
737077373962465110,246,512
737130536861792516,G08,1300
737188583474491405,256,376
733181162645786973,619,500
733203158811776159,134,456
733219724258180821,M16,413
729790014222031318,Q05,292
729814772008750766,Q05,133
729851683107334670,F11,566
729851909412860042,D10,183
729882104428326289,255,450
729901170307417800,R39,231
730146657324424694,L06,1360
733422980036577408,244,138
733643513468176349,L12,567
733771384971943418,J31,804
737373064682765825,M20,198
737474142949878796,L29,1379
737535736317180074,F01,4754
737539992975231292,A46,894
737567109090743244,L11,91
737616938369086269,R17,300
737647813122514311,L17,264
734033945493294651,701,1352
734060738824589056,F16,375
734088502582394286,F01,3567
730151695984674528,L06,1360
730320770789117629,H11,8028
730322098122161810,F12,283
730384944915172215,D18,334
730397424509623614,721,359
730539617976108809,714,437
730574439705544433,G06,787
730620209721699066,Q04,408
734137973420177752,G08,191
734146997394470152,G11,1184
734154018348711412,S26,749
734167560905310417,112,500
734217966968048115,A46,330
734218369429025853,608,551
737718519546722846,S24,6390
737853468116887919,A50,347
737873907630409682,F01,4558
737877918821333784,115,713
738550730671307518,A59,384
738594574645655257,226,51
730806224413736320,F12,270
740654894919684749,636,269
740725192615343242,A46,475
740743485713081436,F01,3962
740805106520747832,H03,3420
741178664950324853,F02,779
741203384678717076,G06,1059
741224200594669992,Q04,572
734234083570975359,R23,83
734241935990286841,Q04,526
734299289826981049,L29,2732
734505370282762658,120,367
734508389359559075,721,494
734632429122941216,H11,7821
741243111598984805,Q04,572
741258879565847173,420,422
741259529129879788,126,98
741260126908890860,139,140
741287817783270966,A10,249
741304412879165092,F01,4272
741304743431862990,A10,269
734670689144946957,Q04,735
738673555884916721,D34,1253
738962214400586787,G18,681
739023711602043484,R32,524
739112539830946258,D31,369
739195121853682695,D18,60
734682208263244829,L21,211
734711419793571699,F01,1331
734738222848364398,R17,170
734810929658737801,210,574
734846747989529693,G20,284
734856159054967893,F01,1889
739232719991932583,M01,2852
739314926079159676,601,1683
739315499050884201,601,1683
739333866230665371,R45,547
739353430791373395,A53,273
739670023874151238,Q03,474
739758265100844130,Q03,285
739776077107508523,G14,176
739776411733999088,221,398
741407967250747313,L29,2501
741416829933711693,A14,1111
741531697395335107,A65,446
741630536336437867,601,1557
741730313598556488,R17,172
741855432786425988,Q04,572
735286735702558767,133,267
735423541309079837,A25,550
735531096154997193,245,319
735551051888273909,R30,1470
741856106447591515,Q04,572
741867669405328335,Q04,572
741904760414691668,A30,540
741951889226170199,Q03,285
741962066446182403,Q04,572
741962324502200158,Q04,572
741971895925871723,S22,10751
735612595906525217,G32,393
735631763810679610,G26,901
739834417351177521,A49,754
739895361417621462,G32,242
739933686932667572,A27,548
740118115021378182,505,665
740362442397130150,M11,318
740405625762067517,J30,111
740414959590827579,Q04,572
740430164115683052,Q03,285
735638043453159182,M04,411
735740047616638963,618,163
736049653083835769,R17,248
736050174167790500,503,685
740446516694389016,Q03,285
740514885087653391,Q04,572
740581159062231033,636,359
740606284690310306,Q03,285
742105070935395430,111,483
742224718214908605,121,171
742232031742777766,A10,306
742244640792040119,201,1049
742246741289035376,A09,315
742246964097639508,A10,228
736067616889139930,M04,429
736084795061799206,M04,429
736086215467906691,M04,429
736089644757189679,M04,429
736091766551385632,M04,429
736114514393186916,R23,227
742550372170721908,249,577
742567489503884321,713,428
742579079773788872,133,493
742687873762810307,133,306
742712860134731702,S30,1473
742714386869902245,J19,274
736131273924020245,G26,428
736133252972764787,B08,560
736139385311072356,R43,389
740630623928708556,639,276
744733352328495344,B08,611
744749403071337881,625,357
744770529833440564,G32,145
744796548590277337,618,585
744829750133256721,121,173
744865550787331092,504,533
748738181686866655,F16,420
748776693953354467,D10,231
742715813437890794,M16,571
742782792117753136,J23,394
742846569646585640,L29,2538
742998749453434439,M10,779
743022845874791243,F25,552
743030219130463392,H08,655
743044126030965291,M04,373
748994847204919928,F11,303
744906774156280600,A14,466
744908934921683014,A14,466
744909621163671206,633,603
744932142269775261,255,701
744935000442450119,252,1133
745051425164634863,A49,636
749139083726291164,713,241
749278370480262289,G18,269
749445915164605594,F20,656
749494745811966615,B10,50
749496803777210350,701,2060
749791080990625595,L06,371
745300371158355608,M12,331
745377464961599841,M12,304
745555272015423459,B23,3608
745627039931945103,Q05,460
745632549952601244,A25,710
745640311964628437,R39,355
749791392549026619,L06,371
743048167676584395,231,538
743144725581158434,A44,527
743405374131206258,A25,637
743407453043625683,721,520
743430766348459803,243,713
743552965365692523,247,922
749808742967848139,M16,169
749994404489872607,726,637
749995208680067786,A25,853
750023199243457494,F21,474
750063210457454544,238,435
745647050744624708,709,1715
745688948281946847,708,2477
745717159444274973,711,180
745751296696283337,M16,773
745755112076050280,F20,555
745881711855691249,L29,2428
746104322016171774,A44,363
750101014637158472,M16,869
744111974490993924,M06,517
744159480269945189,A06,170
744215016935384966,213,774
744233285959436628,124,367
744254980057484501,M11,565
744262493550796218,124,367
744278325880141330,622,567
744290969874871062,701,230
750300147069701577,G13,1122
750477267798699634,505,727
750494588662372881,505,553
746116888957090177,632,555
746284414276369998,F16,500
746314309007431370,A48,734
746373585663654569,S03,290
746448940630442819,633,88
746609415323932939,A57,506
750505282907380667,505,553
750531394025062547,Q05,38
750593780976204297,A49,690
750630709509833993,M11,232
750710871111682947,H02,151
744307258225953765,R01,1159
744359014870528272,G05,5831
744362529094004795,116,363
752908864541788629,A33,154
752921953355238932,D31,355
752979158791929975,701,2650
753356086346283078,201,1281
750723710285471751,244,851
746667852407531509,A57,460
746831602893009488,A44,363
746852890077275772,210,759
746896926309492595,G32,266
746925705111006704,F02,557
750753904000998400,238,404
750835631234831601,A55,146
750848976700866789,106,879
750878732923935980,122,240
750897244570425014,F01,5056
750900533440778103,L28,103
750914635345448241,A65,2360
753529524355833512,201,827
753574482609407847,708,2202
753584699878284731,F20,454
753625625566767209,L29,2794
753925994443114374,G19,547
754134478242726210,A25,314
754261198080724775,A21,480
754303014491958884,Q04,575
754305296891617366,A57,632
750934716608055913,A65,2360
750938225856054796,R40,239
747005133469053153,623,658
747020141188283669,F24,235
747024222007908598,229,446
747034634993520165,J13,584
747128578147440471,L05,566
747270118567165916,R42,535
750941542611047167,A65,2360
751003075015712590,L29,2339
751033566635378285,224,681
751197861486680304,A44,363
747271541986706190,F16,324
747281464541904800,R42,545
747286094460461568,R42,565
747698059198507352,M14,503
747718813171243776,A57,535
747722195492393579,A57,577
754330591139720659,505,491
754389618036593839,F01,5282
754396050080864336,A07,374
754446798370738102,244,977
754495019590401182,A57,498
754531862309177538,G19,239
754532333314771606,F14,490
751264243680317608,A33,261
751266564043593979,L28,646
751321782606558940,G12,725
751327449938511809,G28,260
751359271785565868,A25,327
751398972746724429,112,225
754581485916391724,A49,499
754604578608166118,M11,529
754619431849960594,L14,520
754705050508576196,708,1274
754903813460937923,F01,3724
754912501009020897,J30,811
747788176671061849,G34,272
747795788052579372,D10,343
747811979906699962,D08,335
748008078823445006,R23,80
748057680426693490,R23,118
748470011797003577,F01,6629
751497620345877714,R36,866
751527152443176010,L05,263
751544681082578652,M08,277
751560271396048113,122,568
751590253777641465,111,39
751699636457395715,701,2711
751733068317841365,A49,551
751800577747138674,A11,360
748493536087479146,710,1533
748515135755016899,601,5996
748515700543196083,A12,292
748531874860758183,R23,110
748649452367589640,A46,248
756650222823891886,S31,1036
756660534724054097,A47,350
754964975725392895,J30,286
754970276793406798,J31,106
754979566412995800,G35,733
754983216992524823,247,952
755105772226825440,R11,382
755220737964381713,J19,327
752069608196724586,A44,363
752070179119385505,A19,656
752124019330703900,A54,325
752124066836971423,F15,360
752124417745502491,F15,304
752169617765852622,B08,389
755221394406142242,R06,346
755236868074533450,R06,670
755267697122482301,G05,3828
755286460663638372,J17,2355
755330629607514553,H11,7402
755335551291898531,J29,351
755386389542198187,118,102
752296738753328187,G28,459
752385716565938223,F01,6041
756737882259334268,243,560
756886660277220330,245,1346
756936791389874192,F03,411
757033482728119535,F01,6734
757149473920319178,G05,4619
757228774711849799,R08,436
752408572450230364,G15,546
752408660870357666,139,262
752514414550683953,721,158
752544464812293243,G34,208
752655228754167475,637,180
755389547492464436,247,3157
755634418778749809,L11,817
755673708679842154,A21,190
755719193573695714,L01,196
755778466825526669,714,1003
752655549882355544,L06,150
752731434443749551,G05,1378
757254022509601488,A25,658
757277022393109416,A27,1138
757305191807288850,A33,232
757363398086716298,G30,255
757406296840445291,A09,515
757429076597893284,257,295
757723885731661028,721,494
752831071821066645,F01,5584
760993455681450466,A49,348
755784207238872851,619,619
755798852926375070,619,575
755808864708679787,M09,269
755833845116246629,723,1323
755863550672124721,R01,508
755864309002645553,R01,545
756017911613112955,D06,153
761060573991467805,708,2375
761081163993833414,D07,346
761092020586433990,G28,402
761095696161301825,F01,5553
756315002691618118,246,944
756336742747682834,L06,371
756337045983238037,L06,371
756339762760284119,119,437
756340118753059733,119,437
761354793682533629,120,367
757862019875580464,244,499
757883032406289882,L11,292
758170978075093624,D08,530
758599843151404829,L06,938
758797764317871954,A46,636
761440964551045378,A25,345
761570023840746147,R01,502
761590468027663159,624,198
761613693125925496,129,258
761616212974802622,J30,622
761662359690165216,L21,17
758848341186428053,634,505
758898382905849482,A49,150
758954422050271170,L29,2039
758972902973903245,M04,403
759230767767830325,A50,1127
759312159547321270,J29,856
759327196556438457,726,372
761666718123905227,G06,1803
756375120285261731,F15,218
756540536210360087,415,277
756541905302646211,247,885
756592509277510240,F01,3436
756606060975862828,204,532
764028832460585546,J17,2299
764032078303262106,D09,619
761689185301754299,A49,357
761701570805304167,H10,1190
761751218620391134,624,137
759395448327677517,G35,736
759510323619765888,R18,88
759566158217194391,243,455
761811422193396844,L13,459
761826648238187131,407,568
761999092943530652,L06,801
762106384516079291,A46,690
762108355757780127,A44,645
764160445270416334,A57,610
764204323992384659,103,907
764320625295108312,M20,434
764451400540955575,F01,4569
764496621716415694,L02,449
764509534515516743,R05,379
764575349543735915,134,406
762235443968582234,F07,5710
762241527257255051,Q05,371
762261553288615353,135,249
762286860548970446,J29,499
759618126064467893,B04,1317
759629483491978223,Q04,70
759644640471449248,B04,1387
759988921323877489,L14,329
760025165140763703,609,2395
760067389876708923,G22,128
760086536368275287,L12,210
760094078662401363,Q04,772
760108051671400285,611,270
762312160651089421,R19,296
764578441677175829,224,456
764580020630815374,M11,296
764627669435933018,244,1232
764649300374679192,A44,389
764766608238216047,111,104
764818957705842595,A14,476
762330782833633074,L06,1230
762354667794020777,L17,366
762355634788904537,L15,628
762384139940705802,230,386
762388975585026394,D27,285
762416913912153218,B12,545
760108593429302062,610,254
760173471824448206,M12,78
760190109240680941,M10,454
760251269720096205,G16,441
760265299629196416,G35,427
760316248704941154,A27,282
760316567719628232,701,2004
760370608843977331,S28,2183
760377148896746634,238,350
765017453608235245,S30,1760
765087818851158191,245,414
765111841001584233,Q03,299
765118844676212785,Q04,732
765148667899215063,A28,398
765179360601952018,D17,160
765223964875173585,A27,1138
765229505754817003,J31,591
762429245666943839,230,386
762433518245016623,F16,276
762458991784656327,J13,294
762474821456521478,230,386
762480481580735660,A03,327
760425876057039109,R01,1160
762482097617218325,230,386
762485685708703023,230,386
762491072924707955,230,386
762507882453765581,708,1235
762526483701320413,M16,651
762544570846570665,D10,1070
765281056980264511,Q04,352
765298130099351811,113,504
765327602416869056,A49,465
765375246553212456,A12,515
765481781441556146,214,1754
765673625786204864,212,511
765807287945552082,R40,443
762545840532397617,L21,287
760808327741861820,G13,332
760831577880022251,J15,782
760861533251417597,633,497
760914208844849955,A42,478
760926154938891092,243,546
766666580976923296,631,269
766667822562345128,631,269
766668331526893858,631,269
766668848962262872,631,269
762771313461890024,710,154
762771372362453042,710,150
765955236862257442,224,529
765990025204967594,R43,245
766064842518858109,J31,467
766065140823310125,H11,1910
766096086063180068,115,530
766096522634607786,M18,190
766120603819225358,632,117
762777419274013912,M11,318
766677884307151479,221,733
766684927171631153,243,69
766760101825533808,R40,249
766778023016290813,A48,257
766779185445709749,M19,190
766811967495913594,G30,400
762779684841584616,A44,363
762780213003267628,L06,1456
762828738412800593,256,391
762880885741148037,L06,998
763044587478989128,Q03,361
766139255133320100,636,408
766143851141113634,626,338
766154411511432669,J31,641
766185201488093082,H11,6903
766186374255566430,G05,3146
766247328646786093,G05,3166
766254098303221820,L12,471
763058020165928394,D14,193
763058485614035011,A19,552
766867327829311890,L21,100
766907082203833190,N07,409
766992440128844738,A47,288
767231878009646886,256,113
767276831498620840,R17,300
767279084872407625,R17,300
767290620459168544,R17,300
763095935495869214,A19,460
763123027753258600,F11,669
763125103285604216,A55,1790
763186374158969600,G33,307
766278199081581936,R04,729
766544218723906199,G30,360
766586863150065296,R17,300
766587009305607706,R17,300
766587114043547494,R17,300
763256920991512311,R01,964
767300934500983246,M16,429
767307630876781717,R17,300
767310025267486207,R17,300
767310482416550068,R17,300
767335930771824747,238,594
767379256896961469,A50,398
767521098040013680,110,2935
763697427169274946,F01,5020
763731966740220241,M18,1178
763765859890748763,F01,5026
763886348952916913,714,595
766587876480102462,R17,300
766588749535982004,R17,300
766590908640895287,221,626
766594780937959861,R17,300
766595242178997406,R17,300
766602572542480306,250,903
763910718510137075,A49,949
767836915829700237,723,720
767916549446056034,133,518
767916883499342445,133,431
767919812132267159,S28,1223
767964650933745121,R17,300
767965856588216036,R17,300
763948654655084485,S03,685
763998145997517182,L16,363
766651417455076043,631,269
766651458567614309,631,269
766655006057705213,221,462
766657348274802404,631,269
766659572645882524,631,269
764009535010619872,A46,135
770834159010679789,G13,409
770898598733119665,F20,769
770939745976357312,621,843
767967646552010782,R17,300
767969220192009842,R17,300
767971386549024470,R17,300
768008444039086418,Q03,150
768051515089387007,R08,401
768054125640023806,L08,182
768055416816530644,D17,272
770949487661505259,G28,223
770951877817471110,R32,338
766659920133646601,631,269
766661542029355467,631,269
766662851061257667,631,269
766663775895314891,631,269
766665056551945374,631,269
766666152927296927,631,269
773899230684455375,J23,434
770972261780417799,D11,319
771020423813768188,L11,284
771087689598980035,A30,218
768239303625460600,706,644
768276890212217152,M04,951
768282087563056680,M04,951
768344399966300030,F01,4365
768367747340818549,249,231
771201666879112794,D22,368
774038870783382384,H10,730
774049935883707009,D28,458
774062557680188919,J29,339
774084891829212376,243,435
774129193889231826,210,222
774157814612040502,604,596
774466175446212322,247,1736
774620728248082420,R04,1494
774639072103641181,243,764
771202794766986015,R05,1104
771229480785827254,A46,408
771248576049582925,M18,216
771270809241656242,J29,904
771499666300242340,Q03,770
774653715893913056,638,97
774669212621922223,Q03,349
774720286543224436,S26,1590
774741244725477536,249,962
774761471642616124,L16,517
774766839213283130,L20,788
774778034807808122,D09,368
774802408005054624,113,511
774826768451201686,R05,328
771591241885965586,Q03,197
768469248929332207,256,556
768858775491753050,636,218
768911582117670134,A30,498
768962003786730102,A50,185
769042912138905521,249,493
769061333176336685,249,281
769077902215531520,249,452
769203788648758537,R04,761
771740206890969653,G16,735
771780727594397330,A11,316
771814619000188761,L08,180
771817036951495110,A27,726
771870136610057169,714,384
771918390264300599,M18,481
769423344734549749,A44,303
769524991917527110,L05,505
769596899906615913,F01,3335
769771789526487395,D17,182
769798916111101444,G33,685
769820904680056494,G26,557
770130015451026213,S22,10481
774843999742350040,G32,197
774847138346502224,A03,265
774997494059685168,A54,391
775141157558032530,638,231
775328752462827141,249,967
775347520118311909,A49,437
775370554168722901,F21,340
771962449581256963,A07,730
771967712456918474,R41,514
772002179366812090,115,185
772003410329132579,F20,363
772163145887336030,G13,409
772198560326818270,H10,664
772234088877834938,139,422
772279462487875919,F01,4753
775404417497255085,B10,160
775404906098039775,A61,323
775408101743191192,902,121
775408494394003987,D16,263
775492348920244062,A17,489
775598595236474968,F01,3257
775671824116090617,G22,170
770201033720908424,243,29
770285871397233955,A44,705
770288951055858979,J29,155
770290214254588951,F01,5149
770337906744143594,L03,349
770483747373569378,101,2799
772304450747416511,119,247
772388654659113138,133,214
772490456980779766,R17,300
772492532636629319,R17,300
772534152702839580,R17,300
775966284146509182,G19,203
776027620120107434,723,1220
776028553290709192,250,669
772544063239377923,251,646
772582741069585344,R17,300
772582827254717471,R17,300
772582961050465003,R17,300
772583089773437359,R17,300
770566178748431390,A14,389
770626111287655384,G33,396
777662577507681372,D30,560
777686245168591491,R05,267
777760571218948460,707,454
777772607597688935,A48,759
777819432822411458,R29,257
778012050970810608,423,476
772583096454227135,R17,300
772583145283456636,R17,300
772583173495353742,R17,300
772583284030848410,R17,300
772596782067442622,A12,284
772607042480055880,F01,3161
772683159414917117,406,570
776057468351287439,A25,621
776058905828707468,115,286
776072363078619431,L05,300
776103242936974883,B18,447
776129453363109091,F18,401
776152317850229170,632,379
776156499497617272,234,310
776250907335139310,A49,630
772725658656025875,R31,155
778012566509598679,133,237
778058244021786510,242,226
778085332786348581,M04,984
778207541912919166,L29,855
778211862154488577,M14,81
778240985641311700,L05,140
772730056277365796,242,335
772756968091149678,M19,190
772767421017560337,607,3939
772921509916924055,F14,198
772924691509673607,L08,696
773015666203783850,M05,280
773044313856212611,M06,295
776267527494946591,D30,568
776332812095106464,625,153
776525177219948145,H10,664
776615878891313388,R11,749
776620930082932920,632,404
776685513171440422,221,316
773100393141445120,623,292
773106803371262601,R17,300
778372032945748991,M10,464
778441097353195696,621,448
778457317754893437,D11,660
778471998312533603,L08,443
778572000129057354,723,813
778574542530282444,F01,4527
778961842180097549,G36,732
778969671431878921,A50,267
779010937952266773,247,313
773107581377335705,R17,300
773109547703733522,A07,119
773117291811272451,R17,300
773155078509233940,R17,300
773156080339112883,R17,300
776738128391277021,115,306
776759187442679676,G29,530
776812321278978993,632,477
776958081437989970,L29,204
776975856045992795,M08,174
776989156532266496,G26,637
777210105036572525,F14,713
777403051452968837,D10,425
773171759933099248,R11,478
779054083848267105,M04,984
779062833521269078,M04,984
779066714362553158,M04,984
779090854871808720,M10,464
779115268981528799,251,645
779482597825709997,406,394
779776296413227357,A32,190
773214568696699034,A49,856
773237631431486588,A47,351
773283704607466865,S01,353
773305417769982471,119,518
773411792567687344,L11,511
773451116846213530,D28,589
773602850831222324,257,26
777428711682463144,632,346
777430853925468516,B04,1663
777439966917556755,G30,163
777522182326623385,F12,518
777522603710150946,L11,94
777547471265399608,A07,374
777563851225513973,G18,200
777572930730588568,504,891
773726954569381317,A15,442
779785361288282366,J15,471
779805772745559832,S23,8298
779849998311560128,F01,3984
779947890561437735,R01,228
779973859525247404,H10,545
780006096308383874,A61,787
780012544575763338,F12,265
773826216180195039,G33,177
786557479422953962,R41,468
786561442853576095,H10,664
786567164909772806,G24,448
786689028697613402,B18,752
780226637180973739,Q05,615
780330742819725859,G32,283
780355358535644053,R01,183
780363355344579209,H11,7364
780367558387044721,H11,7451
786704154938363139,632,120
781837617897194814,G35,783
781851253728798676,G19,529
781921444998908083,A50,300
781949645524311249,503,394
781958828895172889,D39,374
781968768297440066,L11,372
786813064665583652,F11,742
786813426813213019,A44,363
786813705384661274,625,158
786824512560943945,L24,414
782300583829333108,H06,855
782404014855199852,625,158
782422485359542853,F21,646
782595339625590679,632,673
782602259984951279,723,629
782661008019550832,F16,137
782837059423533942,701,2246
780560899891607462,410,1047
780793386308713533,L01,452
780873794976431657,J30,503
780897141519639753,J30,304
786895030497240792,L29,5382
786915040612156936,M05,1833
786944318902153348,A49,537
786986645361368404,L08,122
787003220376895637,M19,190
787065483397206331,A14,287
787169234885074235,R11,501
787197176717299032,134,371
782868550918058550,250,1102
782932651604019354,619,579
783197230697315653,229,201
783291200468768256,F15,239
783305472099181331,133,299
787238307521673198,A28,843
781070167326135184,L08,743
781179155479529903,130,46
781241825396822509,G13,261
781242816348905832,A28,49
781311253609661076,252,965
781353493483293571,637,280
781354257177220014,F01,2141
787322546345191716,H10,664
787547046845187866,A43,443
787550427791648461,R18,200
787564313404336491,R24,66
787590858545007533,638,97
781387162275319892,246,315
781400979774367017,D43,2674
781447553772633220,L16,133
781688772983269636,723,1224
781689525335094212,L06,780
787639567025687909,G06,382
783324749766796882,632,453
783350966806640141,F25,499
783387491435863626,707,2199
783420775267244079,L17,549
783522420840578469,A47,534
783603959542380666,M11,701
783615162751617942,M11,972
787857735797161138,250,1452
787866935649635640,L08,187
787917881988426164,H10,664
787927073413255581,A59,648
787999065887227438,D22,709
788055270949292372,H10,664
781761125235738936,249,588
781800348872823259,A50,250
781804244104102364,J13,122
791243921943197302,L08,622
791250597874813492,B04,1076
791289377443396780,503,741
791325232039728302,J13,386
791362835878118534,R30,1242
788070664074856714,H10,664
788192708878691930,A59,593
788232571811385805,F01,2917
788247508204883788,A44,363
783619413754613935,J31,744
783623234937280854,J31,731
783995604151732967,L08,445
784006807530911630,L29,2741
784023302325164605,M16,971
784124479509853993,701,6021
784155384180596269,M04,369
784294277993627702,D38,472
784672458205813555,L06,250
784739684946519089,G36,113
788328674800030171,101,1930
788465505169839820,A28,230
788512025481953001,241,109
791371524330750277,R30,1242
791460584187166313,A55,567
791539646807027059,A06,576
791547385152000202,G05,453
791870872637565318,231,226
791899211876811806,D26,574
788623244188373762,M20,90
788636784435692945,F05,1973
788691798582721345,249,622
788972847900260034,706,749
784777365560010842,L28,773
784796714161686484,H03,3185
784864404356521208,721,645
784908269976623770,M09,143
784913772644779819,A46,684
784992346056177689,F01,4154
785307189248622614,L11,568
785362965883004752,F20,239
789029499490692194,F01,2381
789199307199774305,241,113
791933017132228878,G29,79
791961034657424212,714,199
792014763599128593,H11,7580
792016520538275128,R30,1242
792034633163081131,A59,672
792036426612454316,A59,1018
792071572004799347,G30,190
789257430540589759,F09,227
789315594016470303,F16,607
789446125370099615,D39,706
785403855673751437,624,162
785411909264885705,R08,615
785441392943528281,R40,302
785477500044951072,Q03,593
785499763795327535,Q03,593
785573790051977844,A45,471
785579879561981885,204,390
789818156626793452,F11,691
789829147997054743,G33,521
789835463760764236,F11,526
789847148265694934,F11,648
789850979080614897,F11,703
789857234658564657,245,183
792084481792213383,J29,435
792127771538948078,L27,389
792134666827224780,J29,547
792154227101270228,G30,150
792250086445040724,504,280
792261106552376426,121,281
792299596251716571,A27,452
792424049442672164,H10,664
792762785362533299,613,719
792766482547093509,H11,8394
790040738335583345,D30,1062
790110712110282257,632,538
790126950595547841,122,280
785601696900959075,G30,262
785614258641560502,J17,369
785637169517267565,G30,206
785688352714247316,A25,435
785740793749619403,G07,629
786136894869462302,A48,477
786149074369437257,204,1430
786153051297683129,D10,520
786178301572408675,D14,312
786219293800411819,723,582
790133329816336743,A59,674
790333576079499985,A09,403
792775101360784896,Q03,593
792793758746280508,A33,193
792797538929761246,Q03,239
792827337331390990,F01,2733
792894603379980524,A47,570
793061028524792296,G18,332
793077319627619018,250,651
793077855709558476,247,3090
793305335027186680,A44,363
790526078204876288,110,218
790527792300128395,L12,444
790530143812144447,B19,995
790545997885341824,D29,463
790681115900703507,A48,648
786291775348380922,204,448
786335345121370277,F15,292
786339755153004626,204,358
786351045272502197,204,193
786353625151565474,246,1771
786453675169924255,F30,869
795884298288771635,M11,289
795905156272901704,A54,196
793305971249108991,723,1084
793306261107429606,633,595
793357092847219703,J31,924
793436180551697640,F01,6349
793439340837320926,613,915
793446715018744491,613,522
793471885965153009,A10,412
793539365815167335,A48,490
790682390329571283,F01,6384
790689611092002953,M06,362
790690458373831288,G35,1049
790823862952309361,204,909
790946338212660871,631,269
790946345719115749,631,269
791089336676417488,H11,7768
796202435145665961,636,228
796272831722011455,246,1548
796277675829638670,632,402
796292950336850099,632,461
796330819102964562,723,627
796332140450277332,248,685
796353306275323092,R28,237
796409313475568477,A49,471
796476069779619310,225,110
791171438144825999,136,215
791190542412304547,A30,419
793551771063195015,D16,115
793638699862272241,G29,204
793641370570289731,L10,172
793689430315525053,712,574
793771032739364362,A48,418
793966927729526052,L19,420
794071520594124768,225,291
791200059474381820,247,1526
791224387772379947,S30,2725
800070641926361952,A54,158
800109577943565836,247,313
800130194293808699,M11,315
800175630360727966,628,373
794225336036117914,L03,237
794381586846683007,248,439
794387732348122664,A47,613
794987266231440933,H08,570
795110369832936703,G35,1226
795129805832705812,G32,355
796476747136417108,215,916
796485344365174116,A12,561
796500157243909076,F06,799
796542718936118514,A03,307
796552836624415606,R05,404
796586843818916029,F01,6256
796596570478214970,F01,7154
796660992700511337,L29,1499
796927511764767418,L29,963
796960449374949639,133,431
800225555580524286,247,3362
800437249525223935,B10,233
800545475384736198,D27,412
796973015167154994,A47,381
796973696740712786,B10,116
796986371882195221,A47,381
796987227532480934,632,384
796988135828055611,A47,381
796990125497199971,A47,381
796993840883802349,A47,381
796995020441290618,A47,381
797057069968168424,701,746
800605709572753708,A20,290
800617377856014420,701,1154
795151139193872895,209,577
795186991590914531,S18,952
795583668655544147,Q04,579
795588259233400373,L06,872
795600421725758974,F01,5884
795672952188987474,622,216
800621544990660790,L06,1385
800634656799444071,D01,554
800708511583015736,701,746
800738837396327435,D22,283
797161677213334866,L08,1033
797187969473896429,625,59
797294766825705391,L29,1072
797348073045001503,A25,679
797532770024273727,L06,908
797577207386252643,J17,2328
797663637249431951,M12,308
800784650035007772,S21,7372
800819591071273776,A48,809
800860095602948972,A30,557
795728060620513850,136,358
795748488553923191,G33,464
795767361445130827,F09,253
795852263648517470,J30,540
795853601050162136,A25,483
804468188565214896,A65,2549
804582918613581571,A28,666
800922424201638568,701,1021
801004802797774782,A49,322
797697023367597587,113,458
797749636813293902,R17,220
797846717846008314,236,36
797894095534905728,L08,592
797925670643058117,708,1694
798032385826364846,726,399
798070055983611922,120,384
798082812604809443,236,43
798085838750475432,G05,3068
798131035300073974,G18,421
801010874739650352,A49,573
801014523878814505,A49,253
801017993216537396,M04,960
801220797184122272,A27,724
804598390996343328,R36,155
804926135676472773,G26,238
805063753072151438,L06,1690
805097623277517080,622,158
805158793007109841,M11,306
805261820765910707,F25,407
801221322748639232,625,159
801221855341256765,625,159
798205651004437942,D43,301
798371719775859479,723,1323
798465931580249330,503,1101
798469969945221754,131,146
798499291435284270,R30,1024
798552098675454820,L24,257
798792308049527521,M16,921
801272264539187903,712,1276
801304229514196754,F14,466
801395317970759425,L29,1422
801447078817471585,A55,2199
801466561343424271,622,402
805262340426539445,702,5045
805276856761237522,D09,837
805277288619637431,F26,554
805288292321801605,F01,2372
805289943135390763,D10,538
805356815376500120,F01,5409
801474015810755017,A55,295
801478784227176336,A55,1904
798797430485788840,A55,1813
798842120936899682,607,2304
799170991396680986,M09,396
801500063199279538,R18,186
801606628280383620,210,692
801683077873210778,M05,522
801688678773662248,124,1019
801711929496391506,D01,189
805725215071886985,A25,232
805805963320996000,L28,680
805863165104844779,218,374
805889615351241471,G32,180
806060163730588111,R05,332
806208335662808362,A44,363
801749842377802394,L29,1994
801897907943056134,R32,476
801935804758714918,231,299
801950962536207360,606,114
802000625835644351,A44,363
806208895285808888,133,237
806209199376610940,723,346
806370638489893295,R18,256
799298437148913940,631,408
799406556818678045,L11,396
799414421319259127,G22,248
799440231073284274,712,423
799478806479524557,244,398
799513237725073820,A47,704
799530813091808684,L29,998
799545397069606750,F01,5957
799731614530696207,R05,377
802039755779496218,636,325
802134195320486104,134,408
802147501398480596,A46,661
802150073896104961,L13,311
802222492461534171,G32,500
802293068136903179,F20,771
799928647325845976,726,794
800044092477945905,D07,516
800054352598593965,M01,2139
808627859776945520,630,479
808628037194879729,723,332
808628302996990115,723,398
808628304855649271,723,301
806454044338089289,L05,325
806496948572480124,M18,329
806497435675144223,M18,329
806559695552186402,632,515
806593875700297041,122,353
802408047891912894,J23,587
802469165911414491,G32,345
802528180126158845,L15,260
802587549750267128,714,495
802646882034233358,A44,363
802687894128187641,D06,307
802701696358654675,249,594
808628348851918075,723,379
808628438347816708,723,563
808628534079968724,723,338
808629336659570094,723,535
808629343999219473,723,417
808629391209329400,630,607
808629522066886810,630,641
808629563338473159,723,412
808629644846116021,630,644
808629727441761020,723,522
802852592911003580,H11,1227
802877326807090745,F30,835
808629897642520802,630,511
808629899486594865,723,291
808629974245769898,630,513
808630105620176598,630,493
808630199296631199,723,436
808630277447023911,723,341
808630375571933404,723,465
808630467328402208,723,471
808630550223421071,723,540
806772034013586078,224,524
806807540134759323,M08,327
806814059542619975,H02,426
806899252911679312,A47,618
807000904173339945,M08,294
802886228752307356,M04,1097
802950550955708551,D14,173
803019506754857519,622,254
808630713892978799,723,458
808630794075602246,630,602
808630883049503411,723,364
808631031500163292,723,400
808631322516608776,630,528
808631333908940933,723,555
808631435183179517,630,578
808631713116748676,630,662
803036473552203166,709,634
803122432860577324,224,496
803150657798963011,244,1345
807275444865070916,G11,977
807283953535151481,G34,253
807299063858848749,A25,392
807367783300252781,A25,558
807467054653213959,L08,608
807573829682972166,M11,1146
807723813200018804,638,93
803382479124958259,208,601
803488091392976613,246,575
803552386184741557,247,3297
803581871339287715,247,3215
803590362118464501,247,3511
808631814620049469,723,519
808631861903365769,630,546
808631954436702819,630,522
808681126216283038,B08,560
808720738631007169,A44,151
808833553841121814,637,241
808885374393371918,G32,403
809348379579209580,115,394
803593741698056609,247,3363
807826416863866703,D41,854
807919911088300640,Q03,239
807945843450389326,M16,343
807957188943197036,L20,1008
807993496907237876,F01,2303
808048450412493213,625,479
803725152355903109,G13,337
803900033218779798,607,4072
803909163389869172,607,3925
804311125437360407,113,481
809427195635289424,708,2656
809457478921671235,F18,70
809503558229015441,M10,747
809518045636653120,224,504
808188195062982853,L29,1027
808296073504455291,J28,674
808386228706904148,A31,687
808466217693273962,M19,375
808466571599498269,123,223
808570671122929101,J23,237
808624705090281349,L10,129
808627685964930371,723,395
811561120935198520,626,505
811589415141588632,726,870
811605866541468809,708,1780
811616685470196321,L05,479
811638251522261624,636,185
811691110854757146,M10,560
811710519478869780,B06,649
810121182812488899,247,3784
810211455758594295,A46,752
810241752295430773,603,3344
810401147741395709,D05,1229
810426522723187669,R08,416
810446395831534876,M01,2920
810755302125055085,133,491
810755623656405604,123,843
811784480371839660,L19,361
808627778501508750,630,503
815228833904226428,252,1595
815302297449439868,F01,3046
815404839996804257,A28,585
815406323850393403,J13,643
815577430055279289,R23,60
815792550504150908,G35,1013
811794915460622851,L29,2276
811811665116059750,207,487
811860734658089258,F03,535
812142220944834128,A65,2241
810759129656828106,R01,633
810774276186071072,F01,5052
810830041327117144,238,578
810830154939980866,F24,656
810864321033852866,R05,1361
810871681374370809,726,761
812180797633934277,R04,656
815891316205624928,J15,530
815905515940429741,G12,319
816157784605639443,J17,706
816171035608966135,J12,877
816182291434872215,G32,988
812363361679077941,B10,371
812364312949019978,H03,3179
812515079646741128,L29,2359
812525039857019552,A30,414
812595351840904723,F01,5720
816198935601828467,G32,340
816222714338964212,G21,137
816320941221100049,B19,1222
816631469133589049,250,248
816646508081887906,J31,487
816753648317535998,123,212
816768813156134404,L27,411
811090179019174805,414,902
811100013407497294,245,692
811104333421246935,108,263
811117815315882021,708,573
811131528679964756,G05,4056
811452732576174040,A25,56
811503738270440757,M06,242
811509208342037066,Q04,700
812619518792931382,713,245
812649282770207903,M12,670
812650377737473108,S16,1978
812824433682429889,A44,363
812888118606679527,F01,5920
812891874403369462,A47,753
811516531230788102,M06,233
811518818275491545,423,476
811520842318764028,723,1072
819586023258001487,D11,663
819611500532619287,630,813
819711620719566358,209,147
819761922178142776,J29,153
820157543740584290,G05,4558
816783428767938211,R05,198
816848131067274281,A25,169
816918519230676255,247,1745
816988342858515999,M01,2731
816993818031596566,245,514
817035992237456061,H11,7284
817229143963095637,R23,264
817246542999315934,629,290
812942450524640668,G16,650
812960706146211564,F18,753
812963637210021030,G16,767
813080654981727113,A28,444
813087117074496388,A28,97
813179182445362705,F22,1571
813641968666191978,R14,180
817337173977098818,M01,721
817402844618103366,D18,214
817413068766513902,D29,587
817419227535954823,245,245
817490864743448479,L11,263
817540327186766705,L29,687
817571435911571082,225,397
820166028658823579,M11,1098
820269361113262338,131,240
820361475735199804,M16,872
820391438673266629,G21,242
820400240250706265,G18,521
820545553376050082,701,3631
820620549803913919,J22,506
813643267419061734,R14,239
813644062830607785,R14,120
813647055281162664,D14,193
813699540556853516,723,451
813699649442418444,723,451
820671459392875676,M10,713
820866532149885436,R36,654
820973617127079733,A57,353
821008630461119661,M18,329
821019243721350862,Q03,299
821019725341194896,L11,98
813699890174846244,723,451
813700036702759694,723,451
813700131988722555,723,451
817580985819220523,A25,148
817650219257594527,D35,1374
817890817475549196,A44,363
817891489793125737,Q03,770
817955264395137862,250,368
817989481842751653,L16,464
818063842815793153,235,304
818082696608058770,M18,329
813700178841582736,723,451
813700254399959987,723,451
813700326001228334,723,451
821020138220358249,L11,98
821027441104935897,Q03,285
821029707655831334,M18,329
821030948961436015,Q03,285
821031571738778785,Q03,299
821031760388969580,Q03,299
813700607153501046,723,451
813700748758406957,723,451
813700878957374342,723,451
813700902189641448,723,451
813700910308163425,723,451
813700923615597690,723,451
818087759889734860,M18,329
818090794671877501,M18,329
818099336473939614,Q03,468
818113264111815180,Q04,661
818117820760322238,M18,329
818118331588449510,M18,329
813700999695743209,723,451
813701095604735279,723,451
813701182063614934,723,451
821034110666008939,F16,138
821034451604729575,Q03,586
821035041004824848,Q03,586
821037493315566324,Q03,299
821039716685433489,Q03,299
821042511119924424,Q03,299
821045754911305756,Q03,299
813701258122616967,723,451
813723668254003862,L06,367
813784922457452129,A19,296
813793851865030503,J23,238
818119556081729494,M18,329
818123992750150461,M18,329
818124366423505608,B08,162
818125827182233766,F35,440
818179625602858926,H15,1561
818209290472580619,A49,577
818211569486005441,250,464
818227802719333778,245,552
813795604614689001,L05,344
814035938732105780,F01,7130
814140499041386815,L10,520
821073821703888212,A44,649
821496587955779196,120,367
821620096485245785,J30,341
821621850839464367,A28,542
821678072574201886,632,476
821694666164845198,257,1316
821745411929728188,247,1053
814152362544321220,137,473
814152493798462336,R18,200
814152878553377349,Q03,777
814153223490009645,A32,48
818273690583791382,F01,2972
818343840653731944,701,4826
818367829841705210,J30,610
818785714339118256,633,621
818852366357722810,252,1873
818879228507700705,252,1556
819298965203188593,225,42
814647963271155402,D43,2391
821812150063956321,F21,392
821872067238466790,R39,894
821890279132867622,J29,442
821903125413746583,631,493
821903428567245708,J29,196
821912872421792536,139,187
822188649801139573,F11,742
814665504437654778,Q05,351
814741679869275205,116,507
814892634456211326,L06,492
815120807794894299,A11,378
815148194323194736,249,466
822220386913710892,A65,1149
822381092426074362,J29,146
822383556854983290,726,821
819412869698280943,L29,940
819414242602084580,S22,9190
819507461872359629,124,367
823349333746787093,B08,540
823353128006666274,S22,4436
823357651013487120,A25,409
824835446046541942,B08,796
824846750512618687,A28,623
824893192236456425,626,298
824997515300157532,M18,76
822384074004886757,J29,182
822516214222849642,J31,436
822551687278405345,F01,3116
822558617844543273,Q03,269
822562635742641880,701,1592
822597665094988187,714,430
822627637431135533,709,361
822658910988915901,M16,889
822706296375987906,J29,303
822707124118259327,M01,2948
823377990550060379,A27,808
823392763573738506,A27,847
823403018504800609,M11,756
823406575491358222,137,86
823416365857983355,A25,342
823424973232990714,A28,522
823439230480225108,723,962
823456614151897188,A28,293
823475329896774330,118,288
825104177467949534,G33,263
825247324039186969,622,275
825394549344382800,257,796
825404242518614691,J28,347
822728503736189326,F01,3577
822759892870461459,701,1437
822778389069736671,701,1719
822928524915128534,L01,342
823162870267898572,208,401
823240139168836992,416,691
823268495658074188,L10,479
825477784904207437,208,685
823481564766373076,A28,611
823497836432683079,A28,296
823499295842099216,M11,519
823533625613996196,A25,501
823799350649037613,J31,394
823801547229200571,J31,432
823802490232227719,M11,1090
823814510650049791,J30,757
823846058822740902,501,444
823873279680543477,S03,427
823892595257100057,701,1708
823919993371756124,J23,234
823952971853742254,129,174
823957834958768027,125,351
823967185013463654,Q04,837
823980443835339124,A28,542
825961541772527159,Q04,840
828902282045207588,L06,316
828921231509400639,A10,361
828923867578229929,A10,361
828943044984014984,701,3199
828975443887378700,706,86
829004570141942872,F21,319
829050984090492960,L10,203
829139485988087913,H11,8120
829141633548661267,F24,777
825968755994219686,M18,329
826005317265632784,D28,282
826088902144797735,M18,329
823993957815916168,A54,494
824002783527215478,B08,657
824011222162507231,M09,359
824019592196865018,708,267
824020651172625704,A27,447
824027183533763671,A27,652
824043361946855010,A28,310
824061685139152766,A28,547
826094504335640745,M18,329
826119476162676963,D08,499
826143163900874973,D08,680
826156647361541326,627,380
826173276386825040,133,281
824070818784226501,A27,778
824108080864720053,A21,198
824137752947298282,632,443
824147186167780504,A21,155
824158611517383045,B08,614
824184435065961691,A21,196
824207931155452360,709,1243
829412640299033842,247,2130
829588915244027854,247,220
829674893757424818,G19,352
829707243638137134,D05,745
829749170373167728,G32,454
830074407524805248,R32,248
830074416009533879,A47,644
826179887903185453,617,332
826207656666256839,R23,23
826261336861117040,S27,1986
826289502008928314,721,1159
826294884471865993,621,619
824218029309043587,Q03,695
824243317827217594,F02,388
824311609636415604,A21,607
824316796061727879,723,1206
824327659189660889,A27,364
824505288280530137,G32,261
824534556141352442,129,54
824577227307374478,A18,274
824581370085361147,G05,3176
826301711151025362,F01,3381
826324925710643890,J16,346
826453415903291508,A17,346
826470917092943853,A54,409
830168647098232618,230,177
830243073885397256,246,969
830351042822418501,252,1855
830355450769846735,G28,914
830381769674857235,R03,1131
830527470253057745,J16,571
830610321913691030,J19,265
830634705984116989,J16,515
830647567231017102,J16,573
826490298309242331,A15,456
824642500642437382,R05,297
824651086289952929,630,409
824655023444498473,J23,238
824659055427131007,630,409
824679086783355249,121,530
824686093613308495,A25,623
824695090652114564,A16,388
824695228802740606,723,1164
826626089794986454,J29,592
826770129027843748,A10,361
826787661243638037,A10,361
826789265612203414,A10,361
826791045908778765,A10,361
824700906411010143,R11,751
824706664345603007,A21,392
824708897502231070,723,1339
824723283087430170,A28,321
824736120120911591,A28,428
826816052014979983,F20,815
826953587228902015,708,267
830656153550799267,R14,213
830675617804023987,125,336
830676060189560494,A14,444
830682282357157632,R14,231
831063643941032636,709,2254
831071199689672078,621,571
826954611754394920,632,373
827002640925575966,707,303
824749079501370777,239,431
824752784171698084,A28,590
824773807735374874,723,394
824780355637263365,626,400
824789430249331702,Q03,596
824800297869336058,632,605
824811980486472568,B08,593
833930218211281670,M18,329
827375358691225325,723,448
827423328399331714,J29,476
827423858824146634,623,178
827438472468771617,623,150
827442154457479957,623,102
831167886889726935,M09,420
831215011193019352,246,517
831287359195264999,R36,792
831315209017124521,L08,490
831345651987770923,M04,435
831397199080648683,224,448
831408392595434781,G05,3561
831527649339027569,M14,349
831617257461187003,R11,312
827459282145425543,623,233
827462961830020987,623,122
833935565445361923,M01,2953
833971342027321234,230,242
834025705865865629,G08,957
834135838650148296,N08,180
834211463376372321,B08,89
834674710327656289,G11,880
827528753744692614,630,578
827550514589263945,M18,312
827550929803566942,623,186
827637596661542309,G30,236
827664801029126722,113,378
827670335196395931,B08,89
827691914693479588,120,120
827798633571141179,115,374
831739059877804982,Q01,121
831750401259376735,L06,710
831755209225161600,L06,568
831871731252762706,Q03,497
831877664353048825,247,578
832116320078489581,R08,266
832495545734122740,B08,200
827836215881086208,A10,227
834778581270347052,633,229
834792528293666440,636,287
834818502256471453,723,578
834851134880546221,250,735
834856584078486542,Q04,343
834898684259417407,901,293
834949788293241118,D22,361
835034745398769498,210,692
835084945814496465,R33,800
835091050665213129,S29,3814
828084046100883383,L06,460
828152028875658486,S16,2191
828341400250381876,M18,415
828351902692226657,246,868
832521423146425469,M18,329
832527577617424055,Q03,586
832588755686473265,121,335
832635508980051174,713,319
832687086291691082,F01,1703
832706800108379129,M10,416
832731539351646902,L15,136
828379893246126050,R33,409
828468031489975936,G05,3336
835469828197383326,243,1039
835628809880515514,J23,415
835694570564388515,F01,4285
835746654919179374,L29,1436
835838690863724345,H11,8641
835879999990852486,A25,112
835923623157525975,230,274
835928798451571206,229,370
828516904142959209,M10,78
828797602316326682,247,1304
828849279205396178,129,266
835934696620291215,230,84
836106623462339161,230,214
836109742135678312,A27,1283
836110322731098202,A27,1283
836118007460273820,230,37
833310434929138937,115,340
833367086111730401,G18,339
833385295456880593,G19,462
833458528952634774,L05,325
828892761093335605,A10,361
837805409340962721,L05,143
837852270134939044,D43,464
837888270806369904,D43,193
837909730353865269,701,3785
836120656034901766,A27,1283
836120834301143556,A27,1283
836121760362411323,230,271
836126872335757274,A27,1283
836129981914196311,A27,1283
836143712015846264,230,51
837943422499844318,M11,831
837954385452241019,706,1169
838047023330162496,606,504
838047027381953926,606,290
838056713765994438,S30,1161
838140438684301140,622,292
833459635350821137,701,2531
833469190636161184,J29,251
833472723526637676,J29,207
833553765502450102,L06,723
833588625708953989,F26,437
833871341556397892,B19,1092
842077360551879392,F01,5111
842094104708757026,L06,775
842118935122565420,709,334
838140921544263409,622,64
838141198693830649,622,186
838218404811254111,D06,1496
836149853009345396,115,225
836217704130033621,A65,1960
836251283404712012,625,316
836260974611821702,F01,2492
836291707199025319,M12,387
836329016202899281,A14,553
836392619479597624,715,255
836435885170591095,H02,1582
838318413207505639,A25,1015
838321552121170735,J31,385
838394397813629156,724,447
838395550207777533,724,447
842154812552617797,M09,359
842270334846674618,A14,466
842303573357572989,F01,5161
842332006598538904,J29,263
842654095670281349,A42,558
842691777475545064,F22,1657
842693421738271534,Q04,739
838395592635084674,724,447
836505598393075125,D43,384
836823818517192081,B08,692
836909205162247606,242,97
836929065600380921,R14,272
836969659440950649,131,293
837020791066932572,632,73
838396200639462555,724,447
838396258978907145,724,447
838397208918790811,724,447
838397235092710954,724,447
838398014030428314,724,447
838398909112953315,724,447
838398942008603733,724,447
838399571553368478,724,447
838401104644859332,724,447
837029221074776517,M10,283
837067530170726009,D17,214
837108131763380339,633,231
837149679437985752,246,756
837213410815312557,A25,679
837553678722454357,J30,415
837566909774970014,418,118
837568127506532853,418,118
837568954273931987,418,118
842710704051634071,R11,428
842724427498164965,M16,865
842725190103388713,S18,555
842737477080675783,A51,655
842755346079535776,724,341
842763254864969121,R32,48
842776676158517297,F21,1751
842790326832860482,J30,570
842802021893434513,J30,555
838401736384901161,724,447
838420711435488755,627,483
838435059333997811,245,1551
838475540075168335,R14,246
838643680804220913,Q03,688
838864017534757170,A25,1003
839002442072975085,B08,246
837570147831223278,632,225
837590494379094798,625,336
837596213891828121,G29,314
837601171260417968,G12,201
837615861348802891,A14,466
837637518064498209,A25,462
837666970450706079,F01,7405
837677241873217389,J31,285
837698762818158615,L14,478
839011785416234767,G34,688
839016996293180615,224,474
839034010728630188,J29,743
839138896528698210,F01,3106
839158506527320267,701,963
842859220033081539,G05,3855
842876131443629692,A43,385
842923312130748655,724,341
842978126440326634,D06,293
843026966136839934,R11,636
843041198653798373,G15,645
843067632656304283,A48,971
843120641045897604,J23,344
843182778674338264,J21,350
843260927484263191,L29,872
839214509166617431,M08,185
837710549549184416,D38,406
837729407448901485,245,478
837753949170835159,S03,20
837800636838438304,D43,292
846019068928133440,714,455
846159021680447362,Q04,681
846162633162567022,133,493
839331256860792652,F01,2547
839363985423930842,A45,668
839373823395998459,H11,8383
843397008430876455,A10,239
843420472067241296,A09,301
843421506658841795,901,230
843433367407788343,A10,171
843468602620951565,M16,379
843487553292371210,723,909
843522384418926967,117,132
843566843959251599,J15,148
843579161660140499,D34,544
843604153165005184,724,341
839415800079955074,124,358
846357775746150075,Q04,585
846382535724977704,110,84
846426507440770607,R08,165
846450091131794279,204,1088
846483577749999772,118,91
846524013295393960,R32,790
846546411200661715,A14,466
839728752538060549,F24,797
839814083143454171,S22,7904
839832783319798273,L29,1420
839890870797460528,R30,1242
843636324402955937,D35,527
843637443120669075,M16,950
843639399638398264,M16,860
843665683615037862,501,975
844016394264859192,110,389
844017044001139450,M10,445
844017048694252681,M11,379
844029641961371023,120,391
839904583057491087,S22,8105
846574892613212583,F03,980
846586911099384637,F03,1057
846587639339097812,F04,1092
846588200975991761,F04,1080
846590675323805869,F04,1072
846635199398720517,F01,1838
846649168437586864,110,390
846649972533138229,110,220
846650210494283864,110,420
846820283724677140,A15,504
840040983573141067,G05,4721
840073360095363711,250,650
840185619302876324,F01,2357
846927779366533939,A27,1169
846954471654735419,M10,481
846973595051672684,J19,290
846980678788058333,L03,237
846996887188956947,R13,141
846997594331753366,L05,386
846997756027374861,D15,306
844045896754574247,115,420
844243178408061665,F01,4300
844259563928803490,248,253
844299534820696669,A14,466
844467180001617592,R41,184
844704808236548087,603,942
844847979722007663,249,101
840868276915949369,A47,235
841160224790717487,244,456
841290111633455074,603,1631
841292661317496577,A09,224
845041278365372205,M08,359
845209255123786924,A52,282
845212590532301127,726,637
845223334521579003,A28,429
845309991878712816,J23,351
845498300976332882,F01,4947
845527050253596944,G05,3880
845549971133257062,716,1223
846998028506317248,D15,306
847060268481987785,A05,447
847073826029422248,110,371
847074245784350188,110,175
847087780844574910,110,387
847088264340785190,110,411
847088716587790052,110,382
841300394500737442,D37,1739
841313992614806016,J30,221
841411699665185569,135,551
841416582693430357,M06,901
841529572949852894,G05,2890
845560218300355960,L29,1070
845673513670510598,A14,466
845739414386723045,R42,591
845774618918742817,F01,5290
847095858274228094,G22,276
847102011520679894,110,398
847103411295151523,A47,381
847104056413213162,110,374
847109091829310539,A47,381
847111592468506161,A47,381
847113109243256072,136,320
847113408334252715,A47,381
847114373874850420,A47,381
841536197790389488,A14,466
841959017859906169,212,492
842055611883190347,L20,695
852231888519393589,402,857
847115675515322373,A47,381
847117939267245013,A47,381
847275579020579828,A14,466
847276077259113716,A14,466
847276083866577520,A14,466
847330895220128568,L29,1004
847350869830035151,Q04,902
852293809096264492,636,312
852308974299854597,Q04,256
845820996652390697,M16,805
845846218230382008,B13,242
846012692245520589,J21,484
847906896880399387,G20,262
847907277684435044,D22,115
847914604605420267,M19,208
852359140114169638,R08,167
847386759152293390,110,279
847466013022342204,110,209
847601654133805278,120,367
847617675503248401,A14,466
848015889649001582,G11,859
848016474539459585,G11,863
848016516513859179,G11,913
848063156347741909,G11,835
848080152090891276,G11,1052
848080360692448777,G11,949
848081973688682867,G05,5814
852835857036904951,B21,182
852861045942692034,L06,1380
848092180307734416,A25,621
848096536616781570,G12,1581
848096577738722997,G12,1581
848110183986168498,G11,809
848110289480552133,G12,1312
848127304112491553,G12,1581
848127498966265828,G11,812
852884650232682299,J15,259
847645121415435614,117,411
847655639426494365,G12,1581
847655996659849184,G12,1580
847660310915905721,A15,321
847763623244057702,R08,103
847832723985425443,G20,138
847855209945591399,L19,278
847858962645131056,R08,160
853028685326156511,Q04,543
853129844194650967,209,1074
853297381076137114,129,91
853394785192534016,M19,356
848404919151240985,G05,3351
848416944928326419,R45,712
848434404988665136,901,319
848458045522763649,S21,1000
848571829871964537,L29,1983
848627681349272330,Q04,815
848639150774171406,638,174
853395099537494702,627,542
853397682106333181,G28,422
847869591414278117,R08,167
847871751646907604,633,475
847892495602190847,A10,361
847893904007149152,A10,361
847896617602380673,A10,361
856641660722719100,L27,446
856651933812762904,709,1382
856674365271587414,M11,120
856735434937708938,H03,2218
853640628931786609,M11,264
853652057537718017,R23,86
853681987994867643,639,130
853708485423716426,723,375
853724218862614772,G33,418
848648275744932650,F27,818
848688887881823440,632,614
848700499893494953,L21,135
848902677120579848,G14,318
849089372266891592,F01,2022
849141207957610737,M10,278
849159989403541622,247,1049
854263144503416151,119,259
854263401766388076,A17,525
854291865963468254,M19,168
854361894828191891,M12,90
856790465100420535,F01,4372
856843124617214103,L21,225
856853589450059363,J28,229
856885310810415292,M10,543
857039314350675881,B10,328
857062198263789456,632,375
857079026453430439,R05,1007
854422829531546024,A28,418
854439069631231361,G15,2813
849199148002707818,R30,92
849315412913343353,A47,549
849355298615771362,A25,394
849458722007621708,225,356
849766949872596187,A47,669
850000058467889828,G05,4146
854453201801767998,L03,229
854462861008883615,A55,1667
854486627998924274,A57,243
854487874068144448,Q01,83
854515598479768654,602,3051
854520205864838749,A46,473
857118576611621658,G06,1017
857127509054830487,J28,259
857137247614597916,L21,287
857168594847563363,Q03,593
857216097977521005,J31,327
857341470604785256,J29,334
857417526155184478,J21,221
857422905691998850,701,2069
854539302563899435,639,112
854544231756347666,639,140
854904674304723636,207,1326
850068604258737442,212,937
850082047929987986,B21,381
850200906094037889,L29,2746
850663853879529531,F24,445
850753223914821548,R01,489
850779973183129128,723,1164
855169787137770665,238,530
855233330415172667,R32,535
855278854719325501,L27,647
855287462356191079,113,275
857576331544501191,M01,1785
857869072143873415,501,1110
857881360655894278,123,504
857920249258512670,624,88
857981626958643059,G35,651
858062545028044267,A28,180
855351057254313403,L27,509
855374496026412013,L27,618
855566840627585401,A49,581
855598725483695879,A16,343
855633038154233030,G24,208
850813236031594023,R32,546
850926985725345985,S30,575
850956416012110188,M16,676
850972829284174961,R36,367
850994914110684147,L08,530
851268870316740374,632,411
851431022872884050,D39,175
855666316990018916,J29,380
858187104921136513,F01,4718
858197365700453988,R32,363
858207672407178675,G18,123
858226550408323497,M18,670
858347373190592469,A06,276
858349085245822284,A06,151
858363213045151752,A07,481
858375248220142360,A07,266
858375339865080486,A06,288
855668327946765991,402,204
855690998868030307,L15,226
855705447881368204,623,530
855858117414211119,D06,438
855951770337839321,D32,797
855961894411260875,A28,147
856249316379328038,224,462
858399512890496136,109,367
858399593452569222,109,287
858407042370719206,109,296
858407311840630098,109,403
858679273196045423,L11,215
858692736399542780,A46,557
858697692672545141,129,399
858708323647967485,724,396
851448591738600547,Q03,593
851703525774434254,J28,891
851725083326094710,A61,852
851748434941515981,H11,8508
851923089381776992,R24,342
852041223399275274,L16,428
852055362497766950,L15,187
856256646708066759,L06,894
856334958557419965,G33,560
856336581177236867,402,315
856382292926202871,L29,2352
856469032632992649,Q03,350
856506863490306029,R45,483
856524140333584118,L11,544
852058233566906557,L15,226
852097762131147029,R01,340
852153991789569715,Q05,512
852216245968244426,634,179
860633567026070430,L06,538
856617809936726317,F11,704
858736119167717150,246,548
858742884623844884,247,819
858763587774457966,F24,255
858782177517024951,M18,1054
858818652549978819,A25,553
858883993478311814,L29,2180
859119320795456114,R17,178
859155756002790635,120,103
863733005126162178,M04,580
863746617249208195,R15,207
863837770757500365,J14,282
860735021598007671,626,231
860788937069153064,A06,164
860820994316209596,L13,320
860858621419051293,H11,8243
860909296421311500,709,747
860931776707434916,G05,5984
860932964024906492,R34,880
860957832109972386,S30,4102
863952239676350529,G05,3025
863970120056671899,L28,535
863994418425862340,713,218
859156243688052974,Q05,615
859215377591012167,A28,486
859272312597021667,L06,1290
859277415032066601,L06,1417
859466754634415752,A25,70
859474530990564004,R18,382
859496187360678479,A25,186
864065069541988795,M18,1089
864120969128195666,622,553
861015405984233526,F16,421
861092301997126583,713,372
861178335307696212,F26,840
861322572787764783,Q05,615
861323064956564179,A25,170
861425260494982827,J23,910
864414440563027383,G05,4183
864513603417867938,A48,141
859501218380850887,A44,690
859655761459922191,622,310
859664945143080328,L20,735
859676226888260227,F01,6519
859771139425703476,A14,312
860004609328968821,G26,360
860170703368011018,225,787
860171140269043383,R32,474
860219417695095744,G05,1504
864544711186559776,H08,357
861473992704197120,R23,279
861493265720598213,713,326
861535916944778039,M20,314
861536458476957519,Q04,282
861584964614132041,G05,5353
861588807272031658,M08,67
861625396155486382,A49,342
864683250052604503,R36,233
865171499991948256,622,58
865230549026339190,705,817
865335974410390719,246,962
860241816039531223,129,236
860268952074614380,A46,536
860346316409953113,J31,740
867508048947886657,L05,325
867626578080817403,A47,505
867919344637537365,R15,236
867919399958973067,R15,236
867959795483328509,131,17
867964370199094869,L06,532
865479841102912873,245,251
865486116964150164,G05,3279
865605175906629028,J30,305
865787534997394407,J29,229
861663857199612878,A53,237
861664397936882613,M04,799
861711118861248957,419,166
861766175836746276,D22,232
861772055508285344,H06,241
861919045907837234,B04,1303
862112728668106871,D15,246
862113467860818869,F16,325
865791593782195807,J30,194
865792496837867420,G05,4468
865795436428289529,J30,329
868137929514017172,G28,482
868140173684117848,634,240
868140563222071942,633,370
868301476668541813,621,375
866020391538719699,D30,40
866098267798992244,257,181
866110317260988889,257,142
862194409755167348,238,381
862268458010507312,M19,201
862301260631895369,227,130
862309799594851931,416,691
862309807710272679,416,710
866409594143336866,J29,209
868371733941482281,Q05,423
868473331674573987,R15,236
868473957746347198,R15,236
868474504131813527,R15,236
866504897024300729,A25,391
866505935950430131,L29,1376
866518628279065718,Q05,186
866646143317431123,418,136
866726967608392853,A38,56
868481232111468253,R15,236
868482354378987768,R15,236
868484441612518606,R15,236
868484804603018635,R15,236
868487134584210865,R15,236
866773461643841206,R36,692
862309823830890433,416,691
862309841720454551,416,691
862309850904527778,416,691
862336728395638313,G26,245
862341303159465325,G33,356
862353124565646661,M18,143
862392240139597676,A46,577
866859234391760001,A65,2550
866871393206664939,R15,236
868527466537394663,R15,236
868569804607766610,230,178
868570078307759732,230,178
868570296963582156,230,178
868570518187338432,121,264
866874329989815095,R15,236
866874879095710559,R15,236
866879808438077475,R15,236
866879869677043120,134,287
866880327681411530,R15,236
866882294421227568,R15,236
862396248650036781,106,230
862431286345139805,G32,533
862530950184425505,A14,621
862558605624506287,A15,91
862624693922580366,F02,279
862648661131276981,A28,348
862664998185425084,R05,1626
862665135567530067,B04,1120
866885193880964214,R15,236
866891013587486904,R15,236
866893898265506686,R15,236
868654090727822887,F05,2731
868720800559640520,632,549
868721078168588591,632,549
868739989021856196,M16,622
868765638450836099,122,476
868766002052094233,A20,393
868788073943141532,251,381
866894584627739096,R15,236
866899461988989385,R15,236
866900662760031357,L15,521
862911460310554685,632,394
862998268756294318,245,273
863050508170022913,F01,6441
863050698597928761,724,350
863058844114415836,724,469
863065516209820888,724,403
863079371414230030,R04,468
866901933910222481,R15,236
866902716333087268,R15,236
866904168446551174,R15,236
866904771582830776,R15,236
866906923479426707,R15,236
866907254132381431,R15,236
866980963931403533,626,350
867079122495231528,R15,236
868904239886488014,A25,706
869071959276932930,R15,236
869073628135619552,R31,424
869077062866866899,R15,236
869077725263004665,R15,235
869078428809938880,R15,236
867404878141992486,L11,889
863079784164472885,D15,255
863086394921757756,A46,323
863089350951779284,A30,557
863109165918400715,A27,614
863124089220260072,D25,733
863144823566273407,248,684
863149230242102130,A28,303
867448908138953559,402,381
867503961112419494,A50,405
870212853386092000,J31,1139
870319787566373067,M11,801
870420092221946863,Q05,435
870499041182642630,A05,624
869096015147085503,R15,236
869097722209167249,R15,236
869098581072857578,R15,236
869105498664146552,R15,236
869106083744671982,R15,236
869112668142050508,R15,236
871071720172614762,L08,471
863218871949482286,J30,87
863368962371246498,G32,517
863594130425703140,250,1922
863615264380782152,J29,507
863670264173228640,250,1989
874469617099566229,133,431
874704133332727362,L16,467
874892322289038312,207,1285
871075934437189983,L20,1017
871090697729762049,A48,631
871106244770990826,A53,390
871115043844246546,D35,959
871148039667443773,R39,369
871154085124580402,R39,271
869113519668634826,R15,236
869156231243048170,A28,554
869252028633520647,R15,236
869351964326385706,D28,282
869434362358340890,M11,1105
869436219398511813,B10,70
869485537018723078,L19,429
869517168278341365,H06,1117
871162499986291750,R39,332
875223366460944377,716,960
875230304910055828,L19,737
875308067901552609,701,1966
875357207348852810,701,2000
875397670499949808,A21,579
871200484656283015,F25,394
871253261417955380,L12,493
871264661238205649,J15,961
871418642369055707,A09,418
871580459593329391,Q04,539
871619561329335050,122,339
875402584193811191,701,992
875412715888417388,414,887
875426090400369943,244,910
875461933837332140,F01,3237
875559783557211358,F01,3729
875563738026069726,A27,778
875638047484129213,F16,208
869545990885002095,L14,194
869611205356082975,111,296
869681711796123936,R39,176
869724433981873555,131,58
869735621781020516,M18,575
869914087181379816,F01,5976
870029861826839677,Q04,436
870114342679438920,R44,562
870204063188789346,G05,4056
877978259455712594,630,362
871658809501519241,L12,400
871663274448137972,F01,4206
875891572389398656,M18,329
875944208628783437,A53,399
871690724659514256,M05,1877
871694470132446535,M04,429
871703040677169039,M04,429
871704761882387574,M04,429
871714936110930463,701,2231
871715183170311780,M04,429
871715898393504185,M04,429
871751061108347115,A65,2807
878152671005832472,A30,289
878171494064928543,701,1966
878174846329432963,131,188
878183485143735782,A50,309
878236716768082152,113,137
878248054168336219,243,439
878323950122469426,B10,225
871803798146386577,628,407
871915107924718633,225,431
871920706861738130,G28,306
875953820603062687,104,224
876035886247602169,A30,536
876082187462403683,R19,224
876183083761892060,233,231
876235231260401337,G34,226
876235378836442155,G34,294
876241332493385854,630,270
876256546845874342,229,154
876266328795403242,M18,228
871933212421118004,F01,3947
871947516587211409,208,837
871968806619646326,L19,627
878324692505211060,R13,320
878330334269238127,D28,585
878336991435374403,L19,387
878341490265135146,B10,167
878344866337191031,B10,194
878345911258968289,B10,160
878348575480539546,701,2108
878484956150776375,G35,351
871990853610302281,H02,786
876282504475875674,A14,619
876347715276058077,A65,923
876614264590071419,D15,306
876614541042696364,D15,306
876664384815230551,F01,3718
872353328761318419,633,497
872354212473704575,S23,6110
872364633069066620,207,1147
872401912531202162,L06,812
872433134615415805,R11,701
872437778753078941,R11,668
878486010112549434,L01,505
878489096899268968,134,457
878493181649245779,J20,581
878504836455661519,H10,717
878578926841233712,L29,1168
878849112452892406,G15,1725
872484146849792661,R40,267
872614266621442181,229,116
876684928497405876,D30,556
876713339623757524,F01,3728
876799791104516669,628,538
876801663993159168,F01,3955
876897059725496601,608,970
876960001305787820,D40,295
876976573490909729,M11,104
872649906150203058,701,2517
872682429699521331,207,1276
872684583358280151,207,1276
872955687554776108,L08,303
873042603262132939,707,1939
873086414676039507,M10,257
878854857984940867,F21,234
878904671193875855,701,1981
878982336794289506,Q04,488
879007455354395494,A34,204
879030966933509043,226,255
879107190027413874,D22,301
879109717689809490,224,402
873110287064843178,249,720
877021428085946807,B13,779
877259522989056749,D15,306
877260115601894218,D15,306
877378924316197141,A47,430
877469016958154685,G35,723
877470034896814851,249,806
873116037507590509,A32,348
873144717960029601,632,614
873155515991837871,701,4017
873180723841124206,F01,3827
873190321112437979,A27,1113
873229797733918189,201,805
879133274958780696,R28,176
879190235208239772,J29,942
879212821256418790,F02,999
879268108054440691,A15,283
879575087369763316,636,225
879595534130604151,R15,63
879597341691428191,R15,63
879598543920060217,R15,63
879604089705082068,608,1002
877508466982043920,723,1313
877518268818132302,A24,271
877582036495470050,J29,598
877589150859074278,A42,352
877594518474201118,M04,268
877602226028132663,F20,376
877620974568653457,G33,439
877621410232403938,M16,288
877622101671250640,F01,2927
877638836723394886,625,255
873267481107160615,628,618
873339273052877065,G32,23
873344317841191519,G05,3831
873392253229649061,A53,579
873413181470892642,G36,567
879619982852256438,A27,1113
879659947435780030,622,338
879677345725701125,123,504
879848302925367431,715,350
879940798328309722,F01,2910
873430115241136891,626,91
877662117836015219,L10,248
877731639504424119,G32,468
877753061864919643,A47,790
877760791836546905,A50,258
877830748057150507,244,416
881866129472923133,204,1115
881870312319382422,H11,8002
881879693631214968,624,536
873460455740000460,410,236
873814186773464575,D27,324
873916511344650748,R01,966
881951052718448493,626,49
882071689229714801,A25,381
882119743442916140,R15,63
882132074210475324,R15,63
882480223677449587,221,1018
882495408207604385,D03,873
882504391136032815,G26,637
879999605697157564,F11,742
880072783308872650,A49,294
880434490437032841,M16,533
880465322920413746,243,586
880473158416436159,244,658
880478634300478161,G05,3046
880492416678821473,701,4165
880510542191070587,114,183
874094083624913235,F01,1659
874129511957862751,211,40
874179378603271215,250,671
874183848767785412,250,669
885799158715550569,L20,1088
882522731362408989,F01,4862
882549893727590653,Q03,444
882618716699429897,726,709
882669707179436133,D08,703
882736540898192296,109,812
882757009539519244,A50,916
886122778021873283,F25,542
880514548120222566,A53,400
880643090819651668,243,619
880691318152067000,J15,228
880704288932050723,116,85
881138796238866594,L06,848
881201185244371657,A45,474
881238250671860482,701,1639
881270779058567244,252,1868
881292682362497953,L10,171
881322086488888673,G29,404
886123144988031902,D43,491
886123153961243035,D43,195
886123877714493336,D43,314
886123887345983404,D43,192
886124063208895750,D43,306
886132465591212134,G16,367
882786552465189061,A49,871
882800080322962362,A10,240
882854676538619391,R40,450
883013921802455774,133,431
883065285259132179,A33,318
886171838266304235,248,297
881332060506998108,R28,331
881361770950607277,701,1691
881373748568820077,243,448
881384171635357208,F01,6772
881414660645896635,701,2258
881425150946671667,231,274
881805988134105830,L08,776
881806004898184580,J23,705
886219533084350581,A46,670
886265109629501124,M10,205
886310753075905123,R08,298
883112096841319366,701,4110
883164965771621514,Q04,769
883176015603021693,A53,623
883178181130435692,A27,1283
883182374074172374,A27,1283
883193158224666341,215,1224
883193188438720142,D15,305
883201159097081081,F01,2543
886337532266112789,215,1276
886348642949589350,A33,316
881815895437767923,215,972
881850516071417144,A28,396
889473480615870803,G12,372
889475251699831134,G12,439
889476110467771648,G12,177
889501469587544100,G12,464
889501516298878961,G12,168
889554072794418595,G12,368
886380153672699150,A27,1113
886380461999835299,A27,1113
886417469102966234,231,343
883208966932456255,D15,296
883228628192098878,724,484
883256609907065715,724,387
883269987968352585,724,356
883280862128730137,129,202
883284982119955539,D15,229
883285676623233005,M09,477
886439728772953526,251,282
886492710478314470,G19,400
889554354331086133,G12,362
889566425818179772,G12,344
889566540064154051,G12,131
889566654051073571,G12,324
889592904643916548,G12,301
889593759763836175,G12,349
889594088646234583,G12,345
889622988320548425,630,362
886529699184775747,S25,516
886601349653370745,M09,421
883314441140091588,724,332
883329066226448215,D16,237
883376890472012193,L05,123
883404921227567663,G05,2556
883443215051312945,M06,1736
883536914437057720,R28,366
886733352930840953,A14,256
886759118206964183,630,362
886759599511427720,F12,313
886852236283389257,701,1003
886856156430249385,A25,300
889641086503997936,A06,473
889742723078950861,601,5271
889820911115998667,138,314
889881699353298612,A49,635
889923075890414378,A46,1052
889985943152089806,G30,281
890024618549880298,J29,384
886939753063835891,F01,5628
886941255592981941,S21,7032
886959702750763340,409,1121
883607653341164621,256,770
883767800069660956,601,5382
883799106556646619,A33,318
883865094666339873,S30,1395
883896500051204160,A11,523
883955753472122104,G32,1008
884114210754372592,H06,1148
884120983442669856,229,240
886960046624888196,M16,438
886986524185344876,H06,1152
890071098609522032,G32,574
890116632523721018,M11,1011
890348069961375415,A49,762
890421229308814399,F25,324
890443345054045797,M16,260
890493280151398769,723,922
890578160748025477,A45,831
886987512886191216,F11,420
887154685365791917,714,322
887160291832994336,121,311
887257857262565594,F22,1724
887538229003915742,R28,371
884182701924143689,250,687
884315775213323321,G32,1077
884645853457591358,701,2741
884661357873554269,245,631
884716836263283661,715,176
884717759824402312,A49,258
884721612951593494,227,171
884797357819808676,249,629
884851071791030135,G18,661
887604599187144034,101,1972
890865451922227760,A48,549
891259523090721267,603,168
891373162949637205,L06,1341
891379236454192350,255,204
891403684596430333,F20,120
891410283784110559,M05,2604
887670440630106247,M10,377
887698137449826556,624,358
887752876011773990,A27,1283
887825283612121065,A51,267
887888251157143883,A27,320
887917763854717245,F01,1838
891532159853891550,F04,254
891570929224045266,L16,636
891581211418572151,L08,842
891826372390355580,702,4931
891954955953617483,109,362
884852367757897872,S28,1157
884857952376173026,114,41
884927631933563971,702,5422
884977596472621491,F04,1148
885214491668212823,A30,557
885532193980405410,R45,1041
885620360659925308,701,755
885677795587208186,257,439
885691427528707438,714,322
885730568928410536,Q05,737
885741019242581636,D35,277
887939034837879097,L29,2764
887946742552972349,701,2525
888097439041063087,M20,316
888140728520503018,630,362
888141481251242147,120,367
888141810408582652,723,346
888158663695997803,M12,629
891972022242665951,632,399
892031805528633128,G21,872
892063550476731196,608,287
892074447721012381,M01,1570
892079701167817777,G28,230
892089187412452932,118,167
892107625748375934,714,396
892153575639889577,111,697
888253861914052883,M05,503
893612274665070055,622,840
893630966117525428,B06,5903
893642577224806699,247,3219
893683257073499708,F16,405
894060385873877940,R18,283
894089586985952896,F01,3857
894195367256167429,250,600
888318454888684639,609,1627
888340361696224224,626,458
888385005019472825,M01,1661
888393397093662974,111,541
888426985116704427,S30,1241
894236663009316679,M12,35
894286712932651698,119,654
894301369025750490,A19,348
894303627800187949,A18,470
894322542386341043,A27,666
894462428130958221,114,328
894500003651727444,628,313
892163187280345537,637,158
892205665073544010,F07,257
892234896229665553,226,97
892277263570627452,238,821
892640365984237716,113,125
892649108042423190,G28,369
892682416283989783,S24,2421
892744680973419764,A27,398
888464832995798968,D30,647
888515846857730382,R01,954
888551200498958434,613,1166
888668264357618033,224,489
894736262481713316,G32,852
894778231614694246,414,824
894783088681425080,A18,346
894883521311487624,139,176
888689436431655225,R17,83
888955844898354270,M18,271
892777186576928585,R36,306
892945902800833733,J22,179
892968676280864546,245,351
892982419216339428,244,650
893129836556260443,252,2375
893178433399302391,A32,115
893242869143203735,A12,314
888977225467358710,120,103
888991884573051686,A27,408
889230306877998461,A50,440
889324274258344955,G33,493
894909051395582827,G26,829
894940206642444945,A16,44
895007080264023582,H11,7332
895166281363796536,247,2070
895502673828974285,A22,303
895547053633648514,204,982
895681617796889995,R34,1055
895721582994627963,A47,281
889335002923209336,103,540
902301984135743401,A50,650
893384294866390910,M13,520
893419014177589726,255,218
893468101723043768,114,555
893539889281697061,F01,5309
893591304959077092,A19,329
893599521724577751,L08,754
898425696243041784,A30,257
898450531679969199,A30,408
902455878427288307,632,640
902459784093602977,D27,226
898535197012301519,A48,726
902634222332941527,D15,306
895798141173646301,L29,399
895829139047810776,224,457
895849504534728870,708,785
895852155449630100,136,230
895959960269467013,D33,514
896178972601608711,A60,895
896185778425447968,M19,270
902718214390417979,J29,337
902809383437129274,630,362
902812569692548885,630,362
902909472855857287,M10,507
902910536148547320,R01,942
898746552381581282,G12,1607
898755613660028115,119,156
898762908764470763,R22,312
898817174383059616,G12,340
898833379500155456,G12,325
898846217831725424,G12,319
898904640609152150,J29,334
902920099477213654,D18,219
902927650985371940,A47,1169
896396385687132511,133,307
896444436938739154,D25,685
896467430216714455,224,672
896504117378380893,A54,408
896547434400061834,701,2691
896569389103548178,302,308
902933858180439366,R30,1242
902938170390156566,R30,1242
902939115237127744,L05,515
898986216952301480,G12,200
898986457722079943,G12,372
899000055105472340,G12,367
899019461092822487,G12,365
899019513347024196,G12,136
902949521262955460,124,1376
902949768567349631,Q03,251
903013004337597541,F01,3255
903025741591233106,624,447
903027129454197865,R26,155
896651631960934014,R13,114
896939245238848955,101,1712
897089711642898827,M12,326
897096495164150615,248,630
897112860184859342,219,1447
897171274730049643,A46,671
897188303018264214,F07,121
897190757952784023,G34,133
903052654757256299,630,322
903067025276062014,632,578
899019587397699911,G12,407
899030143126289346,G12,274
899034823249263016,M18,157
899119632256906495,F01,2363
899205328206948365,633,277
899303829992786945,D10,283
899314293384838218,F09,222
899326733086710972,R14,177
899437938846343113,H10,764
903068061959225269,621,302
903105549597436717,252,1214
903456647456152357,H09,209
897191045434321961,S03,366
897323444335573582,110,167
897366772582089952,221,471
897441590874788617,A63,309
897596420535159358,A47,808
897622871165711966,G34,462
897671789573838437,M16,769
897773635353382964,701,3457
903472266941997664,133,237
903472612170930563,133,237
903497169182793234,502,463
903518091869585200,225,236
903532779992444851,M04,1679
899752796158016647,G34,219
899872776956071144,R01,493
899892308740180470,A44,31
899915234353462972,A50,343
899921833554830653,L29,1183
899938894250085681,L29,1183
899955635638086571,A48,956
899973821755358897,226,204
903538481180018263,F11,344
903598948687604703,M18,184
903694272951730564,R19,176
897861455839507683,F02,608
897889938438817775,J31,168
897949174044168754,711,300
898032158839073557,S03,250
898047985441174541,G12,1648
898077144962515384,A47,760
898139541091550572,H03,3084
898322310635830570,636,303
903726654705656695,F11,424
903808034491004746,F01,5460
903864583526616433,L05,199
899998186405504538,A27,276
899998468425557259,A27,402
900031651019083404,215,834
900036861618829572,L16,324
900041352632676461,G26,584
900095243340236823,M11,1205
900161726918924857,G34,387
900168323603616154,F21,615
900210961874346857,L27,344
903872405831157824,A15,378
903935533025871679,R01,784
903935606382398001,D30,804
904960548681723189,J15,259
904968514528702932,H06,600
904997635657518046,138,605
905010317935337932,R15,63
905023548703341313,R15,63
904259895461635228,A49,547
904276013705839099,G32,1115
904286092272787383,H03,3309
904332116672992001,G28,811
904414164220627959,Q04,298
905026117716678420,R15,63
905031073149861760,L29,2101
905036120342141202,R15,63
905070033065803206,F01,3916
905077900484113845,L29,1697
905083864275613467,A48,939
905109354552786380,B10,88
900301067012439683,A53,411
900438606900160902,A50,275
900523198699096632,Q05,536
900538735735963320,G26,474
900574988513659456,726,594
900694366864703170,A54,111
900756762692073591,S27,2883
900845159348542811,G10,725
900895229439907113,L15,340
901353931813750670,R18,250
901545811560679267,221,382
904418500045894711,227,342
904438966406791286,J30,738
905109367857877985,B10,88
905109893390620903,B10,88
905110024550239748,B10,88
905154913221917061,M09,307
905162558268637063,D14,237
904523946643334652,639,47
904524100106225881,639,47
904524223667771043,639,47
901609055054730360,D09,683
901659428219334853,L29,3354
901715413113833978,249,54
902105607895566798,A48,695
902141236113014829,A50,585
902177470076989986,R04,703
902190686960271673,726,335
904535168405115188,724,457
904535302708188130,724,457
904535398460438459,724,457
904536587376482157,724,457
905162619499931370,D14,237
905162681257368690,D14,237
905162750000710410,D14,237
905162795487112368,D14,237
905163090388472898,D14,237
905163280994842495,D14,237
905163832396660379,D14,237
904537540621885048,724,457
904539804821875705,138,605
904540367562348011,138,605
905163888060112243,D14,237
905163982379737775,D14,237
905164331540083948,D14,237
905164860097591140,D14,237
905164935043078475,D14,172
905165012097606645,D14,237
904541267271833455,138,605
904568307426790068,S30,694
902193682087373578,A55,1085
902208295121798734,224,693
902225058371011638,603,2629
902274036912133963,F01,5865
908718589831607250,238,393
908758734185174325,A47,644
908765271587049834,301,814
908782132165679917,L06,768
904585380099402394,715,569
904639583559716185,J17,306
904891464938130487,248,671
913349521354135175,A32,578
905210320377721966,721,47
905243732881843633,224,545
905310919641298879,A47,513
905319514083503911,726,694
905397583719001081,A50,399
905636887650555871,A50,275
905651319684253457,205,401
905821067093280628,625,219
905916927242175062,249,866
913351479875441973,711,1235
913357578641557854,711,1006
913430766168314982,711,949
908782153040474165,F14,684
908902110868808889,901,448
908911613377383627,F01,858
908972998408255760,637,313
909349194222367057,A25,660
909363784337919136,A25,660
909374871119358865,B20,5914
909413687382641860,A30,689
913517936554777822,133,237
913518239659716460,133,237
913556196684767548,129,245
913649203847330084,M12,447
913651309025783642,M12,439
905998253119152699,205,90
906405971128285143,G10,1469
906585491077215836,A27,1118
906602360602163043,B23,3714
906708901829665684,707,1602
906749194277796837,714,895
906769734194982627,G35,263
906795104264452299,H12,70
907088727200673307,S26,1239
913664880261753635,A31,741
913913652945789065,L17,328
909492443054363122,M09,81
909549411811489192,F01,6247
909624529045715360,221,1134
909635911978899986,242,167
909946357885285259,Q05,735
910081455813892137,R32,356
910115731942105916,A34,117
910116681468508560,R34,667
913925496138986779,M18,570
913979499533324610,A12,289
907164433967781820,633,497
907247040132055762,129,239
907252516607023149,A20,240
907302757092037662,242,168
907356347496873739,L08,1091
907422793177630168,242,244
914503982420675976,S27,646
907528228019359587,247,684
908013610996843306,632,493
910134978538777354,238,723
910153012037513121,238,626
910216180478477144,A17,439
910235084008240665,723,1286
910291003643099196,A15,455
910329559700258482,R25,53
910554926647877661,711,1015
914651482170510192,406,569
915094903960790848,L06,851
915099393883550173,723,550
915099832149081162,133,493
915111198552800309,136,290
915143478128199331,Q03,586
915164113918525424,M12,422
908067468230875350,A47,863
908168226182126434,F01,5017
908179761746967863,A49,533
908514518240064800,220,544
908634322847816388,A50,465
908674065556198820,207,1478
908677070021981560,M16,920
908678306945938969,607,2418
918518905939693392,632,411
910771154080515905,A59,1670
910786394092056437,L20,966
910836081162496898,L29,2169
910869080951174846,G07,290
910949023374171399,225,342
911059653094636598,244,1166
911382296831667776,S29,4517
911540975483008852,701,905
915195382103435091,707,2058
915407246442130302,R15,311
918519185390900058,133,237
918656390074238033,F06,798
918665614477414731,S19,8671
918838993806282033,A02,290
918887902897937374,416,691
918922755663096850,225,630
915450692103842238,S28,1809
911756533429812789,F01,5985
911813271676603698,A27,385
911833783853119078,G14,45
911890555720855466,F14,617
911987755597201939,F01,2639
912003079437996551,J15,580
915485774792788806,M11,287
915780736371404768,L20,1102
915810628947572057,A20,249
915896747275039057,711,745
912119017271777009,Q04,97
912119694048610928,626,51
912145313916489812,A19,553
912149898639905036,R27,294
912158210133915666,252,1430
912190924391215062,230,442
916141533448157977,S27,1600
919079290929930876,D08,922
919116471135457824,A33,293
919116887602916479,R23,134
919383845592883891,A48,847
919387125442548941,D26,318
919391026829825331,L16,417
919518849494471990,501,1262
916584033110679167,416,706
912198154257146118,R14,143
912239943387317373,R14,138
912258745235745245,A19,621
912263310611858508,A19,384
912294324411562584,230,507
912310416167011471,723,1105
916821110812610124,F11,383
916854231447228894,G15,732
916908855321033088,602,446
919625176319452795,420,392
919698648386324448,J29,584
919742181611245740,251,1500
919794429341881622,G07,456
919827882552409032,244,201
919843433071590384,G06,471
920068592892731269,636,302
916935346150480085,132,197
912333987362017752,B08,288
912355868324493373,B08,390
912372424580941879,623,705
912396732617862267,628,632
912401924564160654,B08,491
912510376402451395,S23,812
917234029357675052,245,773
917260113030074428,L29,2496
920069373723972214,133,237
920103826004223083,A27,1283
920109678115048743,R17,182
920175418961824665,H11,8388
920192085939852814,R17,217
920194483850422892,G26,337
920235590947471498,726,822
917280232416284960,623,196
917297550127335549,F01,5122
917361372686579525,G26,655
912598957771766169,L06,721
912717631989480956,A22,382
912839143978682230,A49,697
912954461491294373,S25,1873
913100388817665332,F14,550
917375093575662322,G33,606
917490319184727650,A31,719
920281729367862507,A25,144
920321982003015564,122,218
920323389045711545,122,218
920324956955905116,122,218
917508855013718799,G33,373
917521967079126177,A16,193
917633322049671093,G19,66
913227757411567414,M12,439
913323222250021583,711,1165
913341921156977472,711,1154
923184176938855691,A32,345
923197559312516663,F11,487
923207690874951698,Q03,291
923241683452324279,Q03,513
923280110640372934,139,329
923284967585951633,L08,185
917885222415016226,636,303
920396587945791656,M18,626
920867558233350907,413,1047
921243805509585892,J19,382
921319100095468260,F01,1708
918080641424602526,D30,194
918089480833410085,D30,192
918130735715171123,A48,196
923387293801507759,711,277
923399719873002840,A32,589
923501259774537600,A09,356
923815513633030246,621,417
923822272026545791,L11,49
923860359383615657,G26,644
923900704452428974,L21,176
923919849792767637,249,577
918141090813487912,H06,562
918158720284859176,L15,517
921390228920922351,M10,119
921643385169345805,J31,1100
921731972122044707,H06,567
921754895372312797,D28,301
921836496570677529,122,397
918299351414917573,712,1010
918355450872351634,226,477
923926316808811245,122,218
923932984833086904,723,554
923936039109338882,122,218
923974573909245693,L08,117
924001872239136033,D18,194
924096046403534301,244,512
924124016591986136,718,188
924510090567827314,Q03,586
918366430524968270,251,741
918367184813940843,H12,212
918388866035115888,S26,664
921973637699062776,L06,595
921985740130193871,A25,647
922205182778485353,M18,505
922380180116140037,637,317
918404144849811197,D08,417
928135852681483836,F01,4656
924522673156896830,A25,660
924523082287697779,A25,660
924663408638450361,F16,399
924666864724020545,D30,181
924755008538247849,L05,326
924768162233456430,A60,937
928143028684103281,F25,275
928150949438055792,714,595
928203844965377896,712,709
928358388994326377,225,219
928394724531306431,633,174
928436525828395953,R06,231
922488751273363648,A17,447
922527181364298444,701,885
922531986743506039,A06,379
922544917728869201,L01,101
922570487743691267,241,452
922665961458727772,A46,632
922748405120763971,M09,456
922763290425504533,250,571
928500961130701633,243,382
924803898227764218,A16,39
924865714349459795,611,405
925233576688659924,G28,665
925243479022156915,L08,424
925287509500728814,M12,341
925307278101325712,R30,1242
925308290525929449,R30,1242
925309296990217157,R30,1242
925332909222963253,F15,369
928513545611321046,243,382
928632961796271539,Q05,382
928901300696495576,133,291
928984413131741043,A27,450
929040557409885468,L10,368
929041589928050032,L10,368
929084397482773644,D22,219
929111862514004700,G26,828
923119089004402776,A50,494
923173058644795452,A25,660
932865847860645621,247,2157
932886366776445764,623,369
932893071035345056,J29,80
933199939452228087,638,298
933229024126753803,L11,178
933237475965833822,G35,939
933280384834396281,122,219
933281852150198942,122,218
925428913494853629,B10,88
925429595379758670,B10,88
925430526243206196,B10,88
925469920044846942,602,389
925671449931187449,G05,3858
925724714155045793,M11,685
926036116549614478,M16,684
929162167006449291,F14,345
929211353348584512,A48,692
929253135206315104,H12,302
929287811121217114,243,375
929478160790239391,D18,250
929584624748362659,S30,4238
933284844176319963,122,218
933317858671778853,A27,1113
933401156085324658,A47,418
933401164471711683,M11,1279
933636516515446771,S25,1390
933765874985398884,636,303
933904777683447370,119,493
926073967935452311,247,555
926080195432822204,224,241
926108401326308497,L01,264
926278118317339832,243,636
926312864566891761,S28,76
926452997548084866,D27,427
929679138005881467,D31,798
929747780149785100,Q03,459
929862356918731434,A16,272
929952582669707937,632,863
929953648424077129,A50,547
929978463825862773,229,204
930018778505413057,D15,330
930277168378143041,A50,154
933915462295022784,R17,304
933971768939004094,G33,656
934031903795021680,233,190
934053688724269328,640,493
934097609926046006,G34,441
934100065088277596,J29,387
934107469692156357,A28,432
934260446716517894,718,530
934275770858075149,L11,376
934319323648560151,J29,584
930373816996318448,A61,825
926458270520965380,D27,427
926462289092721802,D27,274
926728872918912348,132,195
926751884700611434,618,116
926845982059795936,F15,250
926906090238117671,G05,2712
926919329132078879,G05,2991
926987680896723420,623,476
927065431332544499,H11,8258
927117024608875847,H11,8164
927136297904368080,F05,2881
930566199035367009,R14,320
927348564034443687,Q05,615
927348854814354483,Q05,615
927353218349068481,M19,356
930597320286325642,F20,433
930648551063213028,L08,814
934380588192051215,A48,636
934473612721421418,608,727
934508694446219093,A07,339
934510271997172189,636,303
934510577919777737,636,303
934644132328153054,D27,271
930936774595626756,711,638
930936926471139471,711,640
930937060232117710,711,577
927425874394304949,A47,259
927531075448899720,238,867
927552764907318502,A46,587
927590286255504925,122,218
927594477555340305,122,218
927751966043550944,A30,276
934719220450807878,A44,333
934762743705655820,F03,527
934862979955950523,M18,395
935027213162316016,L20,977
935323497276063033,L06,793
935495799688132900,A27,902
935522748480485575,121,217
931043537485163386,G15,2444
931061652669166300,S26,499
931216252915282640,F01,2962
931346599700737114,A50,299
939096788299135432,122,218
939099210247604680,122,218
939121148158704051,A46,578
939153752933491126,726,1032
939268446662227135,B21,455
939387800231178042,M16,504
939431170319588496,256,284
931710465335446145,R11,491
931737583727167257,120,520
935537402485139223,M16,838
935632781765410277,L29,1446
935641323037716462,M20,186
935839383979445801,A25,339
935914641942789255,H11,8570
936124309654742052,R01,702
936130644061300986,R01,454
936138035059084534,R01,629
931754909794665307,413,630
931755371526339724,131,70
931952361611331402,M11,488
931997212799351474,J20,279
939707381622763018,R18,267
939751910723746071,R18,108
939756457237944916,M08,809
939782042054648737,J14,367
939848665473909823,R21,220
939887136280503228,215,647
939911859297240587,D30,149
940156629413345648,A27,969
932036061742273027,A31,981
932061950917066464,A11,319
932099943499845547,D29,918
936142626413916074,R01,393
936242589592828906,622,206
936314153892811228,J31,362
936835828064696598,246,412
936959756283937973,724,441
936999803098368312,246,535
937020395675326839,246,619
937049149080504982,A12,264
937088272013890054,S26,2242
932509525705477060,M23,424
932513881802567497,M23,424
932517702484463490,M23,424
932519451454057903,M23,424
932522047518865082,M23,424
932523901255607390,M23,424
932526628996295140,M23,424
932554388157652889,A27,763
932568622035093929,A27,763
940279919668139029,M10,302
940458538795223834,L13,558
940503370317405352,A46,500
940528776781272234,243,335
940626615274426464,627,470
940643437829841859,J29,398
940702861177012798,L20,779
940756653452768403,G28,852
941135917318610188,L29,1325
941212639695756797,633,747
932570206848068680,A27,763
932578265767796981,L01,281
932593024559764862,A27,763
937116425864902491,A28,509
937574445578039112,Q04,853
937613406225556655,111,189
937671047490491835,A27,608
937708024938552088,A30,482
937842682975806831,M05,1733
937873431653897161,A59,1670
937880575429081454,714,421
932597060367349114,A27,763
932658646851116915,L29,3125
945036621241359838,B08,626
945140514192291758,A20,328
941250501472266329,L19,330
941267689993150302,250,522
941268454474275765,F22,614
941340717491101017,S03,542
941401018286124164,F01,3027
941526822234794548,613,400
941557907167199278,633,497
941593392429578588,L29,925
941905097912157160,L20,681
945143380838777358,632,561
938280108235737499,302,48
938426319639302623,F21,533
938529516572780694,S30,4771
938542600432469649,418,89
938652341400092973,212,206
938857402335841220,F14,169
938959654340995163,Q04,1140
945418448033609833,109,415
945433153175759001,712,184
945554007778292101,M18,1172
945589888997232644,638,298
945602409561819512,R17,277
942015991579055232,Q04,501
942039635983891486,M16,597
942107749155144577,J30,794
942119359731768484,A06,259
942183608740173414,608,2947
942263483606516515,D28,491
942296039625766543,250,877
942394186707379939,706,337
945753993360829251,L06,530
939052842960441956,242,157
939052940054958263,R18,346
939093570322682514,122,218
950633540058086852,M12,470
945823283305739634,708,1894
945869533082985700,A27,650
945943800810865099,501,1305
946191121459066867,411,682
946251498631212313,M12,263
946447856386514031,S24,6933
950729153375366077,A25,294
950760354634472980,D07,306
950789058125970114,M11,439
950811986764896643,239,179
950848677535894971,A28,150
950857524230310407,706,327
950945548518671288,F16,463
950960023109020864,M11,312
950977050079855273,R05,1122
942577089963887749,G30,84
942625772911401128,901,279
942710768503037353,250,709
942733581675934093,622,478
942751602060214384,A50,257
942787222654669024,G05,4640
942789916504865346,J14,388
942866549062627160,F01,3208
947081553406544914,138,451
947101073823190038,G05,4949
947184015001854560,701,2245
947225543055638970,R14,271
947227242982589922,247,1281
947312309893755569,G26,798
947338824749890014,N03,979
947357514213752269,L29,1403
943228744483186066,A16,464
943339716195685741,A25,660
943355475316082705,250,511
943360194879720562,M06,397
943371238701435307,633,252
943407090207252431,A20,423
943419084180379025,632,362
947382440952465575,F16,468
947406723156322893,B16,760
951283938469772317,632,152
951290001212126600,R14,183
951379563230528793,245,798
951553196276318579,F01,4852
951571743611145829,D28,268
952213620811085307,R18,346
952230046768622631,R18,346
952235385988026953,R18,346
947506677820065380,L29,968
947708237377081975,M18,360
947748255892941763,241,156
947751330348815891,707,1939
947812293105229520,D22,389
947814065586984234,R08,454
952282208649608234,R18,346
952394433494138725,A12,71
952403908081009301,R18,346
952408460558400002,R18,346
952417627193014787,R18,345
952430344707624082,R18,346
952440321735513154,R18,345
952444280211995537,R18,346
943448404698310515,632,475
943454489635225050,A20,558
943532117931729388,L05,325
943562811506042858,M16,585
943707153287511998,255,660
943780020325684092,706,197
943789666349337789,F01,5135
944236621599209077,R42,488
944241745269749895,D22,146
947942898178043576,A03,179
947990637125132193,723,534
948073089435542820,R18,248
948074897183249086,L29,2660
948154615971768276,L19,364
948160046984994544,251,397
952451857525858755,R18,346
952455301934953242,R18,346
952465726593503508,R18,346
952468798459016382,R18,346
952471368632957564,R18,346
952473552453018401,R18,346
952792704677899527,L14,175
948380746612788025,247,1190
944831938640547421,255,303
944840863824995866,R21,562
944898365098168917,628,380
944912791363398658,L03,291
944912962440670211,L03,291
944920536775536702,726,596
954409858822364497,R05,1097
954416106078461534,G07,456
948529812205693771,D22,620
948566915733303630,F16,457
948571500147013460,F20,231
948583956858487097,129,246
948641738106703685,Q04,770
948686702143302519,621,865
948842213174120198,229,457
948965851476384808,J14,212
952798329936840147,124,846
952824969723825832,F01,6552
952829600740335989,A25,981
952878493728030140,L06,448
952984142614272420,S16,1730
953082621778685235,D15,306
953092713442237503,408,280
953102865275048099,Q04,502
953206229223459043,A12,299
954431936531898557,D22,579
954811174828138756,D39,1246
954968669432641550,A50,382
954977821157428078,234,493
955021520281902760,G09,1249
955034667956489782,G35,488
955050227421369755,A47,1127
949015083661627174,M12,483
949203092352821304,L29,2348
949211575885214022,H07,1243
949224321229263998,118,306
949234336228113845,211,468
955102598808666581,Q05,143
955168568146763274,Q05,143
955641002931211440,627,683
955641708252700384,M18,505
955642047468711045,M18,768
949251364400329401,G26,419
949264702916929713,M10,620
949265372729570235,629,243
953374339819644784,A30,367
953391145939365107,225,652
953551779964382496,122,268
953648370950219232,603,853
953676633258858896,A12,205
953709683318097157,701,3624
953728610532190232,632,489
953749709894151239,249,663
953828756330090292,L05,257
949268359066422850,629,243
949274358936897763,629,243
949277070616892307,629,243
949280014906858915,629,243
949282062861822755,629,243
949284629071808523,629,243
955648648399082078,A25,254
955696793185611740,S27,4986
955757854520890146,701,2767
955770350166622194,621,693
955794046126735510,A30,554
955801266390516689,601,1749
955842473362618091,N02,54
955899560315923046,L27,667
949288691549168003,629,243
949400303873290231,628,518
949486536388006369,710,409
953831266529128673,L29,2055
953873085836036385,120,331
953884582009992940,A44,249
954013635793717147,F01,1150
954203854664822839,D19,259
954215732943587985,119,319
954215877577072004,A18,386
954239000010599102,247,2273
954283379414654919,723,633
949729555472891578,F11,472
949902736506232978,F22,2036
955982807488068454,214,812
956116282739680488,R44,323
956315593100013830,230,249
956572242219688781,R01,941
956637921456579090,252,1512
956673432204758423,S27,5099
949940706376643143,604,1005
954298098284771504,630,797
954299772270320483,723,496
954300939099227966,723,393
954305781860517709,723,691
954307423551946038,723,469
954307563027422794,A07,812
954322057643536426,723,594
954330013939237910,G07,456
954338450548949071,A20,350
950088048554818503,L05,325
950110666381625817,133,349
950150663573223073,230,321
950168592361022132,M10,421
957076524269538819,S27,5142
957180843002831029,710,682
957256229805799881,M09,149
957270452215143039,M11,1168
957303156931207604,A03,410
957362915117972428,G32,174
957417213711130957,A03,420
950316243638576156,G35,194
950613063933116818,M12,255
963116369097877691,243,206
954363583010781575,D12,671
954370729256029436,A10,249
954376322754844300,630,641
959360376980857230,D16,307
959483358389401109,F01,6084
959487132458696940,225,652
959488755369970428,724,336
963153880177022920,D39,330
963159451615470070,A27,715
957425381814766097,G05,3294
957484574310360183,J29,429
957768545886397531,M13,404
957818857975204814,130,44
957840105436009773,A25,879
957935036050907650,A27,473
957945358641843537,A50,490
957946390155047482,723,1257
959516896569152304,224,162
959526760678891421,Q03,329
959602807291281436,A27,505
959603104962841960,A27,705
959667125949545689,A27,481
959700743851454721,Q03,504
959745656323099608,G14,324
959946117705023825,301,631
960106439790909562,701,1290
960123989588215141,Q03,497
963369737715683373,J13,445
963371797604061344,L29,2288
963568680727420431,B08,340
957967655576972781,F11,442
957968867778010709,626,242
957997561762518256,R05,167
958019510453136553,M19,162
958148812089033219,245,446
958174385917394679,M09,289
958259665696602114,Q03,331
963627843672912854,F11,362
963676412262803693,J13,988
963696212258651543,R18,119
963719859916841872,M08,304
960252148706511680,623,241
960258169135210648,F01,5793
960284822920196092,A25,599
960353377119642101,245,641
960369879026294496,708,2278
960483610886728736,L29,1809
960565066505033598,G12,364
960792992041170317,F14,231
960802474144312739,F12,184
963733623334681051,247,364
963743118811741225,A47,1006
963752814816200902,A47,1006
958430408164791754,111,329
958483783087820252,M19,158
958558125469831900,701,398
958610073245715978,J30,843
958668457048548195,123,504
958668503625039193,A27,875
958668605542635977,A27,1113
963753922876932895,A47,1006
963771864938788099,220,429
963775739081591184,Q04,572
960803210657433132,F12,184
960804652550437543,F12,184
960805353810541341,F12,184
960806463378408324,F12,184
960806774951498739,F12,184
960807174486368490,F12,184
960807923889705033,F12,184
960808430254177727,F12,184
963782690020202626,Q03,550
963789422666124992,Q04,572
963804208409308950,A20,571
963806755084027377,D18,108
963814714581341839,R21,358
963876905178785865,A25,835
963880900259575583,A25,502
960808465837278006,F12,184
960808925444839986,F12,184
960809504670641684,F12,184
960810042194803796,F12,184
960810722415414213,F12,184
960813601139525414,F12,184
960813984253928172,F12,184
960814393147089142,F12,184
963888047601554678,133,359
963889303393518087,A25,1039
963898358315700969,A25,1185
958735792873026478,F24,393
958835117292862482,Q04,447
958891583704104591,M11,1056
958909593719491638,242,601
958940970927847507,S23,1171
958972019916575251,S23,618
959209642509325824,106,244
959308487644032372,707,1603
963914944993129500,F01,905
963924328426517775,A46,500
963998015345188306,R24,235
964121383827414786,A10,265
964125398757840958,A50,140
964235915747817963,504,730
959344147221723685,621,660
959359870617219142,120,211
965830246757892252,609,3227
965831407638620348,M19,152
965836734967050413,A47,626
965903065559481280,F24,395
965972728839907811,J31,348
965992693591250810,F20,263
965995992034672989,J31,538
960822410559368357,M10,586
960863548264366915,627,354
960863554272994859,R18,200
960869046954167399,R13,194
960870128916074588,251,469
960875317288334604,602,2255
960883666210378517,M19,254
960901063510719919,J28,325
960955897399366037,F01,6498
960986775414264835,L20,973
964420907082026117,103,953
964428733563892675,632,188
964438667689318197,G05,5224
964449748366461485,A27,521
964490043156249684,A31,431
966007202301299080,F24,447
966015814531483475,J31,168
966021427249868810,S03,508
966053705670125310,G32,1098
966075614879803673,D29,95
966077154092000207,701,479
966077910106063326,A47,869
966141894035636477,701,479
966526373755872916,A27,606
964580862175553321,F21,484
964663362266512518,103,914
961033156841573782,F18,761
961040467494189722,L11,600
961102840821453179,726,581
961219465029002448,706,590
961527622157301522,M12,373
961583712267369586,A46,851
961712378933765607,503,1161
961734517987231970,G05,3682
961818212559589191,221,416
961836418495370418,B19,710
962189814042077806,D14,157
964766056473184169,701,3543
964872115077685352,G05,3018
966639031314684792,F01,2905
966708656281258288,A49,484
966732971872955190,243,507
966740091055327436,L29,2146
966775673600386645,721,163
966776877776043465,624,310
966821144198085863,G36,1173
966874541313648251,G32,555
966917087282735307,M11,346
967417239150226565,A16,445
964872185290069168,418,170
964981942801450068,Q05,756
962288502694718934,A49,357
962361429254113252,601,107
962485786688871927,630,534
962535551214838738,J29,615
962541812307943926,133,358
962791720021643770,617,478
962939782996570342,A14,410
962941722185189247,A14,410
965033404639076969,M18,490
965072157099213665,Q05,615
965075188819910365,133,79
965075551050725927,120,103
965075878880346855,120,103
965116437418404522,632,240
967536405500579160,L20,619
967572040503577303,L28,1197
967637028883999741,F31,302
968043184639361760,L20,810
968052518875387461,A25,607
968090367625068114,J29,565
968117958661367161,726,472
968132719457085471,J23,271
968138190116958758,J23,311
962998923901128884,229,414
963013022002239624,A14,410
963017194270461755,A14,410
963018858907397944,G26,363
963035416697714200,420,399
963038831435657022,229,402
963046100751973782,420,240
965160360662831113,F21,651
965292515062423473,632,424
965319537209564235,D27,428
965350569769330663,251,1361
963048078029205948,420,466
963050321235273887,230,321
963052675248418723,420,134
963053029284213047,407,561
963066386070131161,229,413
963085620841841358,229,190
965370066480069051,L08,605
965474127659977246,M09,428
965505333713118531,710,404
968146040275203709,J23,168
968158472503477954,G08,1830
968165379716775028,Q03,777
968232639190407327,G33,395
968246016505554438,H06,502
968278843988039212,R03,393
968356497739578739,134,217
968479961934034963,L27,245
968598106754507577,631,476
965519387874358648,122,278
965519397068939795,121,399
965706328966754098,124,717
970072934238390539,A28,301
970107108782228634,125,275
970213432972312352,G32,816
970248007829272555,L29,1211
970314665699856874,F34,500
970314946666010164,G05,3123
970318365895422240,G26,528
970364193542146289,A25,660
970394774041225066,A48,950
965709350570453289,A25,254
965709633075349012,D21,343
965709977898767387,L05,198
965816156178565916,L17,250
974125072212125485,125,602
974227248765395489,G05,4318
968796501661082781,621,660
968819722669063441,F01,6170
968870682060442981,A50,340
968888543324752321,A27,740
968909763063437946,A27,614
968921608892347832,A49,539
968922429264222420,211,441
968943326386341222,R32,299
974333058451776793,A25,639
974391601107624428,D32,282
974595688545830503,R04,636
974768925562616199,F12,184
970433469370775501,G32,555
970497589664733128,L29,753
970513355093049469,L08,598
970554818362587457,A15,446
970653078127575418,G15,639
970818556729760468,Q04,211
970956880456551340,L29,2341
971014919312107685,709,1101
974896319454328448,D09,503
974927953560232331,713,747
975104119329939624,D22,95
975138959448456465,A15,132
975203627957797239,H11,428
975273537094295498,723,553
975282423991954507,J29,472
968961111636531690,Q03,618
968982002561156213,F01,4268
969020047281643924,J21,363
969035784970111373,A48,620
969046191401522947,257,1026
969083574093441615,D08,909
969127796395247392,R01,1006
969429540603462926,A47,1005
969450944687841104,L13,161
971017228077053672,R04,655
971101887044988474,M12,807
971248186527312092,G05,5394
971269555409003026,701,3324
971574348597854706,250,719
971594939474655781,701,3426
971653733668334227,G15,466
971748602940958727,726,656
971852833016548288,A50,333
971862308015568674,721,198
975395203298072020,D22,235
975423767784306410,S03,203
975443645021222998,A47,1006
975446337136486679,A47,1006
975528787109367099,F11,393
975557781301854322,A15,335
975568948675780399,A15,337
975709423503449198,632,645
969458692398111487,A47,1006
969461391626046879,A47,1006
969462426603921243,A47,1006
969463803755237494,A47,1006
969471972225907553,A25,864
969477419980535733,627,376
969514008107126414,701,1120
969521494667176747,F01,5172
969527055763631540,F05,2667
969546377878285001,A25,626
975897434407302403,A50,1147
975923866742134317,F22,771
976134439875101380,R03,568
971907111940311957,A38,119
971930833189858191,633,320
971985344645165863,623,384
972008124482098468,A25,712
972325698235775364,230,172
972377389533980113,607,3560
972443650532062896,G28,255
972573127714248461,R14,170
972617212028384644,A14,349
972690287530826962,125,378
976147002498798097,630,494
976176076070338913,619,162
976190720830064747,A16,294
969558852641361621,A25,645
969625326040173764,723,396
969626098881522361,723,354
969626917135027888,723,535
969639647663628867,A33,87
969644867825232122,D22,142
976213593216792398,D15,432
976288891069593330,706,242
976290086007012652,A16,294
976682170530405163,A03,324
969672999368896556,134,363
969675031818823854,F24,583
978973668995905832,D15,433
978979276292267330,A25,660
978981767053187155,A25,660
978987017382878565,F34,451
978996864491722615,M12,198
979000835943861278,G33,312
972740017700582747,709,1616
972801737981857762,709,1496
972805172969056732,709,1415
972841979416428333,721,349
972994895711627601,G05,5383
973050743642447559,726,461
973186910160545391,R04,651
973200600534337339,L01,46
973202272068906394,J19,433
973230446767851762,A06,261
976766563716249181,A47,323
976784386743786662,619,191
976804722089314968,416,354
979002417804365971,A25,660
979005462869962985,G33,312
979006571228615807,L08,364
979007107482059702,G33,312
979007950925577135,G33,312
979045197515800591,G33,312
979046337046011452,G33,312
976898757702361060,R03,547
976932497784891034,901,246
973238404538275285,A07,349
973323507723677110,M18,393
973328245446103672,A10,179
973354135681593503,J22,414
973363318660197175,M04,454
973364593745898968,622,268
973379136714119879,J22,389
973383462086039008,604,1414
976938289851058532,724,238
977510333611168866,R15,33
977566062648075863,603,1951
977575903579108702,603,1991
977580929666714335,614,427
979047140389966042,G33,312
979047996638552491,G33,312
979061108613895849,709,1354
979172812932060651,M16,689
979452911734968222,D19,63
979453621750662155,637,347
979559714970976139,R18,70
977616206126385574,A10,198
977616731845565164,615,519
973430263558977428,115,227
973435848249028533,113,471
973460201660073637,246,1738
973498059843152493,R40,466
973742322678721966,A27,959
973834338009694848,F02,3265
973877376052421518,A25,400
973880434381835546,D27,696
973899385540744661,723,319
973925725405824793,G06,1862
977626278939345924,239,331
977629654218303000,415,250
977653299500768416,G32,555
977732692492896948,114,227
977754993026073103,R18,219
979575159251278222,M09,174
979673238990239197,G14,699
979702194042540335,G15,342
979784664536319800,245,580
979809968248456618,710,562
979841425635125625,257,1505
979902979221942739,L27,193
977767444513453396,603,1501
973926823669823710,G18,609
973954372095741069,D41,313
974036792425507586,R04,658
974046667971083306,L05,572
974059099437963900,J21,81
974067561235430226,A16,294
974085137535602566,701,2673
974106237995487073,A25,1032
974111912547734871,125,737
974119318572120161,133,161
977788959206970815,603,1696
978012430499715954,M19,375
978186823944588985,220,1281
978187771536597634,L29,1768
979972287079085757,F22,2233
980015069757960171,604,1134
980227435509794627,F21,397
980358054626464376,629,239
980408563480059112,708,2275
980481734816658340,S22,5400
980573611700193360,120,120
974121272902331394,120,341
983261804912264665,416,691
983263064441073410,Q03,497
983263497821159174,Q03,497
983328825961116508,G09,377
983429000121858386,R28,612
983463043413515218,633,548
983486077767415410,G30,313
978191817244397875,L10,326
978281778523334764,A33,89
978360232982713232,A16,294
978390068201449135,R04,588
983922315853342765,Q04,728
983946677656066462,Q03,513
984058456651479331,A25,550
984117615632554961,723,1453
978403972159622065,R04,625
978416401199367195,G28,693
978443139173660339,623,245
980578515043030225,711,566
980581231424651455,G14,839
980597457970566165,B08,413
980616260826796990,B08,381
980617449810787175,B08,522
980619476220059126,B08,706
980619551933164508,B08,347
980619691545526997,B08,685
980648904106993469,713,132
978506040990799416,J19,405
978561260920834118,J19,270
978647529811129540,714,546
978911600123510961,635,221
984125807958212444,A47,1006
984127388387318348,L12,628
984129955873097270,A47,1006
984132532393018457,A47,1006
984160359805858722,A47,1125
984190096737619872,G16,315
984193535742296747,F07,2415
984206531397675136,701,2809
984257537434970040,M11,78
978925745429168294,257,716
978939555511615677,A25,706
978950134453137205,723,428
980767574007808177,E01,134
980902455209107285,A25,254
980902982129959017,632,474
981022462655996345,L06,362
981054110042468664,H11,7983
981066808825911979,L11,221
981104669203817777,G05,3648
981183733840544000,R04,667
978953048200290110,901,287
978960020569385321,901,199
984278704291135597,503,272
984543466066489761,120,367
984544006571517301,L05,198
984544319725518768,632,346
984544663293142439,D19,63
984547070140734431,A65,1525
978961717573021371,A44,396
978962051986018048,242,281
978968341543041417,901,330
986934194112064725,F23,325
986960461220624070,111,298
986964417175400412,A53,316
987034292790632065,J15,59
981215096714560429,230,112
981238829775031305,129,203
981244920997760223,G05,3607
981373391931970516,244,449
981390554747685223,S23,688
981430516942515827,139,226
981872762549819929,726,455
981904996886257439,723,678
987053145441509416,131,204
984665381826134150,A47,1006
984667555924799835,133,143
984669584272464560,A47,1006
984670477924074027,A47,1006
984671810028101771,A47,1006
984673166695575558,A47,1006
984675312100441360,A47,1006
984676295568733978,A47,1005
984694782799715654,A25,660
987082797213735421,726,708
987157188477759486,R34,182
987496705890384286,A30,586
987646006992781950,J16,619
987646116404974436,125,419
987691107353734787,710,448
987711623534708163,710,429
984725303384646166,F11,218
984843626459844191,J31,534
984845128438726829,132,121
984877132975580649,247,578
984905638210475309,713,2716
984942864285850958,R34,466
984953691868171314,M05,1679
985018927664356222,139,443
987716283276855584,A48,719
987717105504020235,G15,401
987735186033425429,710,537
981936893723440768,A55,564
982130899713091667,R32,256
982172393543000727,R32,206
982214382636326896,L05,611
982516022152861124,726,385
982522383091784018,A28,429
982692088582914751,244,116
982774754418503647,G05,3202
987744404359869281,123,504
987749282672916874,D22,609
987755360515824960,F22,1842
987760982489385340,406,262
987767833411348082,L11,542
987774238584422591,G16,299
987822447995244830,H11,8503
982781191690938081,D22,495
982787887777810293,713,303
982809251824941366,F22,538
982812964885848793,Q05,111
982829571535281244,139,226
982833752250568153,A46,109
982893705254038962,713,143
982900189767439245,F01,6162
983167691286253890,A30,195
985020705862714485,633,228
985029421339482762,253,590
985167005975036518,F01,3754
985326372803136953,B18,94
985390832322641472,D22,336
985398033818297264,633,211
985419547082037217,Q03,459
985522671568178417,J28,216
987909203001078451,R34,152
987993224753303867,J15,57
988345754563311046,A14,240
988399943121784926,F14,424
988421679105576353,132,110
988427745443522408,F20,303
988430419589767756,A25,485
988441125143566860,633,119
985552887552298229,J28,115
985628208911468189,710,529
985630795755726806,711,426
985662110222623555,R04,258
985669478516380608,S03,449
985688634102569248,A47,676
985784657564256643,R44,1339
985788471270013441,M19,112
988530577928351800,225,380
990592779149941085,Q04,273
990612003882729490,L08,245
990686048687376526,L11,897
990686461634169656,257,273
990703873253686034,B08,550
990723330952862828,250,626
990723645034323101,250,794
990743032897097952,A27,886
990746491630045838,257,269
988565130972118914,S03,376
988588059461179985,D08,844
988593784744831395,S28,2004
988598692790659887,D08,908
988627190607740969,J22,518
988687066020965190,J22,540
985788761158310211,M19,191
985918833272545229,D22,279
986037545160311597,D22,268
986076857672094234,138,133
986263425862656510,A27,489
986267218100121538,L29,3575
986289413069791144,L29,417
988726158732291458,J23,105
990798417345656604,B10,306
991236862659991689,A47,507
991257665855152119,D39,1027
991297220927356270,631,199
991301559931083002,114,401
991327800721394622,A47,687
991329695425304733,F11,302
991331083909142924,A47,592
991609130902323876,J15,523
988749669169080603,713,159
989012589841358531,632,461
989037008922411531,J23,449
989038927149794222,A47,603
986317428628645989,226,403
986356192177709501,F01,5095
986771708420366603,F14,582
986777423260444075,115,197
986778683331694713,726,617
994767238822016447,D27,392
994790963393975466,133,248
991623222460717625,A47,512
991650900538829555,L10,512
991835854516739801,A49,1005
991935440389894408,701,3150
991981287604308290,701,3068
991991358246446446,247,261
991996408319576802,701,2948
991997896317744699,R05,506
989067965054662105,256,647
989078677343719958,L08,331
989080014313685695,A19,351
994791500371567444,123,223
994791843427497764,123,223
994794812600733748,A25,1015
994795054239159286,F12,313
989145105968736289,633,154
989188722816855766,J23,128
989225979064990280,J23,284
989238448217747057,R34,465
989273077282515810,J22,513
992001643293387249,701,2905
992018520500411232,114,156
992033931066536338,114,300
992230363412129175,G26,170
992285225039563541,G32,521
992288056003104934,701,1466
992585887716684545,L11,203
992758163619203613,632,236
989328318542771011,A53,270
994795378830070956,F12,313
994795699457716646,F12,313
994796226657433970,F12,313
994854380472617594,723,1438
994873849149042851,R17,171
994893884507627446,A31,211
989334284225183279,L11,222
989390687371386754,J23,425
989413512272421322,139,226
989455238513058578,M18,1093
989716756428423660,R18,173
989774262575745021,M06,228
989810820624097194,701,757
989819090451455318,701,1713
989912074263222430,A27,1076
992814196429281613,D15,311
992917500054796096,L10,344
992970965790772607,A27,334
992974980287590415,628,147
992986905033951226,120,31
992989780812562339,M11,1275
993345539227815562,R20,349
993376816759109537,D07,380
989939161066242708,L16,209
995017065620198504,Q04,527
995017187155167022,711,606
995023832490126330,711,809
995095494292465041,111,348
995132747994090209,247,1669
995134334362357919,111,351
995136216928862979,206,848
990034714176173488,A25,640
990109588121547826,257,433
990134031876195574,257,594
990321527568171660,L06,894
990321876462067634,L06,176
990420260648778710,F14,302
990518462652857065,701,3110
995516149051503639,D28,209
995541786379684806,A25,262
995683781967427706,R35,412
995686208234684657,J30,319
995731222790857879,245,496
990528204399198792,617,286
993465561394161427,247,1400
993530015229616900,G26,261
993531470666901837,G26,261
993534425755321958,G26,261
993535856412256026,G26,261
993537989352329160,G26,261
990544420615365923,633,233
1000023148920376325,L05,604
1000041661179181846,627,274
1000103124244467969,G26,169
1000114407765528259,244,422
1000126313762418098,F15,117
993539392518088768,G26,261
993540230282587422,G26,261
993554226277677368,257,1581
993563148062414056,A47,472
993587808279005316,133,233
993602358246276944,L14,309
993647929569558279,A47,506
993701958252290515,A59,801
995750644114020164,250,779
995884756639416846,252,430
995941212621416043,A47,560
996348915145118561,R23,455
996349061926855284,R18,96
996349291341530695,701,1690
1000637485791641900,139,171
1000637914058448005,633,197
1000691832643780415,A14,515
1000697739867775924,251,1146
993726764319807393,M06,295
993740332378198800,F16,912
993753874316344578,M18,635
993759176942173865,119,156
993794008162433901,L10,443
994149040515763700,636,157
994196156227828711,624,520
1000734250823805720,F15,99
1001166370551563656,251,991
996361712072301966,R18,179
996659251355170013,R43,238
996688489279727538,A28,117
997093934680613043,701,1651
997175010827752885,622,184
997293739861552181,L21,555
997432199888717593,R35,413
997434971292281828,D40,556
997705730507242413,J15,189
997802618442437334,G05,6079
1001196188496667612,630,322
1001196522969253055,630,322
1001343758334590824,A47,768
1001393648020126510,L28,1374
1001408288071274711,122,218
1001442118570469957,J17,810
994196359630313253,419,228
994256092414108326,R41,591
994256775060885378,A54,750
994275293119376239,R41,601
994345635201993836,M16,907
994482767079610455,F01,4411
994487707069650877,D35,501
994748134628684461,133,314
1004609802932390957,F16,266
1001495090409402195,A47,827
1001499819525418664,A47,827
997836174809372933,A45,449
997837698254182166,B12,307
997912097450161394,R43,199
997986353932503170,F15,166
998131337513068593,M11,1320
998413730860234189,R18,255
998643579317856973,L02,315
998760962620102444,G16,194
1001504295699017046,A47,827
1001505543049134353,A47,827
1001507167604490878,A47,827
1001533760739742081,250,746
1001535719995297015,M20,467
1004797911209762220,630,322
1004933046061134895,L21,594
1004956180920728506,D09,686
1004960466960763499,111,345
1004966777244088455,111,345
1004979528339732090,111,345
1004983321950071187,111,345
1001598392441206590,A49,662
1001730138556048837,701,2793
1001737519563399181,J31,671
1002020087000567531,M11,948
1004986421761369903,111,345
1004990672744515674,M06,228
1004993904718985186,M06,228
1004994819197830219,M06,228
1004995995724745222,M06,228
1004996944604302262,M06,228
1005110189764921353,G28,79
998789259734857465,710,573
999271132363384608,M12,341
999369329537073695,R35,683
999476398117566543,R01,703
999504545056832839,250,573
999627702195973740,R35,486
999668586599938835,M09,494
999770779083944221,139,171
1002265134898404856,M11,1090
1002286461745328872,714,1113
1002338091891147677,A49,749
999771308036502312,139,171
999771804203262022,139,171
999772274871964117,139,171
999772794962783206,139,171
999773287760551066,139,171
1002349284786586987,701,2064
1002372308719939596,A31,599
1005170940682176047,F01,3346
1005207590507549831,R04,120
1005227946414893645,G21,151
1005366083246511307,D39,144
1005370783122110219,D39,437
1005455401581521842,139,226
1005472293004395476,G33,827
1005670166131650190,630,322
1002374434926532095,201,540
999773762903306032,139,171
999774263993715808,139,171
999774727861426844,139,171
999775215264479826,139,171
999820797694613492,R17,185
999838216919170534,R28,80
1002379682073037803,F15,282
1002762231875704553,222,107
1005673684502420287,630,322
1005674051567310833,630,322
1005680400003560176,A47,827
1005699715476632962,Q03,513
1005718268391592996,630,207
1005727678268135675,A47,827
1002808727964654800,F25,555
1002823881758639223,R45,584
1002825899474348002,A47,699
1002938301240121368,249,64
999867862236982436,D08,749
999964466102080007,R18,232
1008073352246997879,632,547
1008246140374586613,715,829
1008287143958164384,L08,670
1008301599260572123,701,3158
1008315491855065333,701,2991
1003007059776362718,F06,2250
1005760022125022077,L08,232
1005814235498714382,A47,827
1005815475598371052,A47,827
1005816756950762505,A47,827
1005945620349053784,D07,177
1005964782939475271,633,419
1003185235835253133,L06,1600
1003352849001222179,J29,819
1003388069721002744,A25,336
1003437049851150279,A11,316
1006003305651856876,H03,1335
1006068540323632978,701,3036
1006408020334839385,L05,198
1006408371449823451,L05,198
1006408710425030358,M18,862
1003438862092649925,714,354
1008681402440530338,632,271
1008684865225089784,A51,182
1008695241970793764,A17,313
1008761034690239341,R05,366
1008769514216653898,G30,91
1008779929527637195,724,409
1008781781839490021,M12,241
1008782792044941009,A14,410
1008785772699560452,A14,410
1008787472768541467,A14,410
1003456391781394928,R13,179
1003603678526992890,626,448
1003605108747472715,L15,139
1003605509170725526,L15,139
1003623057347580030,A27,666
1003627906971158899,R18,200
1003628149571622270,R18,200
1006414069902175519,632,876
1006416060412152707,630,207
1006418799851249472,630,207
1006454732303784817,632,786
1006478539412614897,121,195
1006487297634998418,L25,282
1006493394300852627,630,138
1006526346791543478,R04,311
1003665546182490793,Q03,291
1008926567820593504,S21,2132
1008950698579129113,714,502
1009191381161092468,633,335
1009234762958456511,L27,351
1009355300157306237,122,218
1009533381680399446,L05,715
1003675031539830453,901,491
1003700405706338295,G16,61
1003733132314788523,A20,474
1003840084389394300,114,363
1003874427745708958,A12,133
1004095772865729525,630,322
1006527301056313841,J15,543
1006529639621355376,A27,771
1006579966989927059,D27,690
1006590912316196166,A16,366
1006681477271989960,L02,504
1006786464665372746,701,3099
1007195302734513815,Q03,459
1007199440000321831,225,133
1004249761260526414,A31,719
1004250291069589609,A31,719
1009542110611743262,A27,402
1009556551598403395,408,1207
1009579280107555192,630,376
1009592864410933065,630,128
1009597601673297416,630,419
1009621175691841712,L06,1145
1009699512413915648,L15,581
1009711786804562856,245,174
1004275203463075946,247,2429
1004293603040155452,R32,424
1004328796940846724,Q03,300
1007225310288466255,Q03,459
1007225552327203248,Q03,459
1007225844823503320,Q03,459
1007250126684081182,607,2668
1007300419126472895,J31,466
1007305742992789862,L29,1932
1007421778971968598,701,2505
1007442859572150357,701,3595
1007480104408240518,L11,248
1007601556813394060,118,70
1009920147263075999,134,267
1010083125968738233,628,543
1010092233694522877,A14,410
1010122514884550235,J22,320
1010164115494214214,245,365
1004411350487116351,F16,342
1004416200240866150,B08,178
1004419004578789418,139,249
1004428776661057322,B19,711
1004442886221909241,F16,916
1004466409355496588,706,2550
1004507987284505214,A12,21
1004606831833534678,D22,513
1010177895772776001,A28,612
1010194712660417968,A14,410
1010199392593288245,A14,410
1010200773712690524,A14,410
1010201807138185749,A14,410
1010215062154388163,251,527
1010216381122564701,R28,741
1010230391687402450,Q04,338
1010237549953170592,A44,626
1010279287170639082,F15,243
1014451242059786811,D29,747
1007614130158371923,M08,432
1007617181975356195,F11,412
1007620700354927842,M08,119
1007668452792896638,M08,417
1008044309422309241,A53,195
1010816621788352605,M08,607
1014464341709100420,M05,380
1014531478548592340,L11,82
1014607070981548282,A27,862
1010398417049773773,A25,607
1010414543621222149,D27,162
1010503905929192028,A27,309
1010631999598223279,R17,185
1010673362514237824,R18,170
1010695942882458445,F14,398
1010697569745388391,Q03,496
1010697696354497127,Q04,763
1014657144205221078,L06,662
1014657466592684290,613,544
1010826458206155334,G32,350
1010874063701112844,J29,249
1010886192679452402,R03,681
1010913037774463492,G32,350
1010914162758178420,G32,350
1010915036478193431,G32,350
1010915995314769921,G32,350
1010934071108557198,R05,399
1010941533813299292,M08,607
1010946872609750814,M08,607
1014729191484829933,J20,666
1014762144431371619,J17,325
1014966591212919668,R42,176
1010698130171630204,632,678
1010699358940032431,F16,856
1010700368314723605,125,356
1010701184173961463,Q04,531
1010701324261461472,Q04,58
1010701383139974348,F14,711
1010701479753255931,L06,443
1010701819520561456,Q04,515
1010701992956234230,L06,454
1010702360730358328,A25,723
1015027813525407338,633,594
1010947700541318826,M08,607
1010948660179857782,M08,607
1011136401237659787,603,989
1011159735983596022,A60,600
1011205237072667883,R05,676
1011355228798158366,623,542
1015028181966283124,633,624
1015141909908447145,Q01,183
1015168578871804091,M20,476
1010702711495351492,F14,543
1010702906303832508,M18,1045
1010703174091044653,M18,1081
1010703402000304858,113,453
1010703830702570625,F14,372
1010704786990165424,M18,1053
1010706207238028243,L06,518
1010710743342845410,F14,374
1010720661942382329,D29,503
1010722076697864938,R05,477
1015178551586504919,Q04,260
1015203525260165853,B08,285
1011380639640712555,623,503
1011465266199320007,121,26
1011479433844246230,139,171
1011479899961695926,139,171
1011480142170843901,139,171
1015236489718360455,G30,60
1015297538502606345,J28,371
1015357234838303151,M10,236
1015390252345027742,R04,457
1015496561428131132,M11,1068
1010722436523579299,F14,504
1010768775628092224,A30,448
1018973469919731368,635,180
1018994351772627655,A20,444
1019091036096678857,701,3078
1019262892323702903,118,241
1015684642970558727,133,235
1015684977966771762,632,240
1011480382401571385,139,171
1011480622702890345,630,322
1011481145576039394,630,322
1011502669478142650,A16,371
1011503182332783001,F25,411
1011621999180896683,M12,269
1011632387083691144,630,258
1015744976125852571,R42,148
1015757189408408744,R42,121
1015843750576959483,M10,293
1015858565969239450,A54,223
1015918433589429214,251,621
1015958372468042115,609,1997
1015992201072239066,115,517
1016004482042560235,A27,1113
1019274864068294450,118,74
1019429690426278080,J31,635
1019483164293833321,632,346
1019512928446717493,618,286
1019554505167865654,L11,1209
1016022731250285787,D40,180
1016029637115266773,251,2324
1011638967625287250,G34,511
1011653407610821403,R03,354
1011664069029780820,R03,298
1011710391138551690,231,166
1011793895064416157,G29,128
1011818562289610219,A20,394
1012289356920555730,L06,567
1012345351818089240,F23,85
1016062872267819040,G28,483
1016124375833661253,R01,602
1016151137833274828,225,328
1016155985925140334,G33,375
1016164672026561489,132,484
1019585668829442554,225,526
1019618568571379980,H11,6959
1019629533271481308,224,393
1019640095376235782,J31,763
1019645060934557521,224,584
1019653865784274979,225,697
1019679775919640933,224,438
1019700356152080364,224,553
1019707537917309945,224,602
1019716240581980266,224,552
1019720628472155850,D30,434
1016268870420191920,B06,1112
1016295447412845534,A25,774
1012402188594012680,113,475
1012456623342826878,123,843
1012463065092346250,Q03,502
1012610921280338920,A18,296
1012933371188448209,R29,572
1012988420019348258,A25,807
1013058228781438750,A44,333
1013106338310034298,A44,333
1016585125756842578,630,198
1016599683702806669,A46,811
1016618958526024089,L06,1082
1016657029340036999,L29,2511
1020224178453200016,A14,410
1020238807362460254,A14,410
1020278049478659352,A47,381
1020280756370673164,A47,381
1020282701018874374,A47,381
1020283766470214850,A47,381
1020284567535553280,A47,381
1020291488212743193,243,412
1020295972034520549,M08,607
1016667809847251975,B22,502
1016707139766409388,F26,750
1016713070307227385,A47,711
1013126854297515145,634,419
1013138671419296074,L11,110
1013293137558770633,A17,232
1013319174207599722,M16,1024
1013320907450515752,419,193
1013526152465341172,630,116
1013577737689075054,627,683
1013632155850220616,R18,260
1013632380355599044,R17,271
1016825148595065353,A49,497
1016858650638508129,F15,91
1020302460310493937,A49,364
1020317944680025325,M08,607
1020318924718002541,M08,607
1020325080427729176,A49,162
1020325377096342358,638,131
1020340862401523912,M08,607
1020361297646295120,R04,341
1020370671984833864,J30,252
1017206291946736077,S01,258
1017430380242019274,J31,816
1017457157959208051,A25,741
1017535766542159357,702,5325
1017650805773782165,A17,101
1013651311908564737,R18,176
1013661596872390937,A28,353
1013674864835064998,701,3886
1013709156917167615,R18,172
1013719008616614306,R17,226
1013745399413953045,R18,289
1013756338093524354,Q04,700
1013766112876806542,D04,432
1018042935230242018,723,831
1020547495067825829,A50,639
1020660300348971167,A27,972
1020696614069404268,Q04,586
1020901025557783580,632,840
1021010229409461460,G32,349
1021013444959094279,G32,350
1021014944535778418,633,246
1021015857801148328,G32,350
1021016864155006010,G32,350
1018143409510321723,R32,504
1018187128604089650,406,661
1013813949110105351,123,183
1013814472023496694,123,183
1013882388980738219,225,133
1013896771741699739,701,5758
1013916207138136945,J28,543
1013933134833891698,D04,404
1013933384020647976,D04,491
1013946326187929869,D04,655
1018267402066684725,M16,773
1021017708022970945,G32,350
1021027858055889487,D14,112
1021072915892293490,Q04,535
1021077259072899973,L05,666
1021084059362986746,634,507
1021164225327910374,L08,379
1021164485336480356,R24,275
1021167820214545600,632,366
1021209119661167704,A25,72
1018274947599434006,134,256
1018280359573876973,Q04,424
1013949597532297600,D04,617
1013950908788847919,D04,430
1014296846467270142,R18,116
1014319983262481470,R18,111
1014367358598054830,D35,276
1014408029120671763,630,425
1014419760379928931,R18,124
1021522122859441709,133,248
1021522461924875539,625,159
1021628928305609941,225,399
1021671515623364753,250,1034
1021683047607804659,701,838
1021712281009237122,701,838
1018328802597527290,113,375
1018621838995251978,A30,114
1018730052478345166,710,362
1018771987843520425,633,246
1018806314810839720,A47,744
1018896545155637079,R18,105
1018933040911584133,A27,904
1014438256711644057,D28,661
1022845408225467847,Q04,150
1023025614222310468,L11,957
1023120530500601598,R39,193
1023157172581342378,633,77
1023162259211795310,L29,2752
1023168045825060857,123,183
1023284107526996225,G32,555
1018935988138990863,F25,215
1021725640792380276,F01,4196
1021729100823789599,J31,580
1021738415510509168,224,562
1021772550827128957,G05,1334
1021780587264573107,G28,261
1021816341440151111,F16,246
1021905789967071594,A27,315
1021965378817390715,255,303
1022311659837669027,A48,770
1018960735667540431,B08,689
1018960737976076961,B08,391
1018961240481265861,B08,521
1018963765856272885,413,351
1030353300340142449,229,201
1030353867053493764,229,201
1030390127312130098,J29,288
1023307480793588649,A47,534
1023371010670890196,J12,793
1023417053729543490,A53,600
1023483102236733270,G32,555
1023494946501931856,701,5829
1023496163912515326,121,315
1023496167449097130,121,483
1023500902948498040,230,378
1023505747100753005,H03,3525
1030425415018545602,230,204
1030425670028396214,D15,392
1030471955409301019,R04,497
1022466230508584338,Q03,329
1022570041168235900,A30,113
1022776149513448453,A25,689
1026222232281055628,244,170
1026374295595084575,R01,551
1026414843857482028,230,186
1026443970774362027,A27,731
1026476003967845517,H08,489
1026494883611436012,A25,358
1030485845671429046,132,212
1030503494042831518,M13,653
1030521032786848110,630,189
1030582663901645263,236,567
1030583783320300121,636,296
1030599882030482842,418,229
1026501723048148668,Q04,490
1026735701575995237,132,137
1026759746975641390,F12,227
1026823823173233967,251,598
1026844802266255599,A25,262
1026930869517663727,902,236
1026932842296933504,J17,630
1026958200440279982,A53,331
1023540539129642573,A50,297
1023555479605761306,F01,9907
1023765160868287919,608,861
1023852772552357244,L01,290
1023859305815064970,L11,441
1023860576551144172,634,251
1023880033177692143,250,939
1024001423989945857,224,159
1030642237754023238,111,450
1030672401840244130,B06,5222
1030672403793966731,B08,642
1030672898968436435,B08,593
1030683669627618471,A38,43
1030685682018740063,A57,706
1024046024450319524,Q04,654
1024051110082920917,633,747
1024218171809513483,138,204
1024325781317907514,J29,118
1024487428883213270,124,118
1024579897243722832,229,620
1026958598499558284,902,115
1026977344432175035,251,813
1027032751654217105,602,2164
1027191919081337511,A18,346
1027439086951798876,A27,750
1027509804398931423,G09,1217
1027513163797598666,A57,404
1027518763993844240,225,454
1030931589160982780,A25,1015
1030932053946030222,A25,1015
1031072658802970399,G26,215
1031098062491609876,713,39
1031177272962058672,A17,92
1031243845273593604,Q04,655
1024580565749976452,229,620
1024580808404229389,229,620
1024581285424412055,229,620
1024581556862500954,229,620
1031252846776033127,A14,308
1031292829310481951,A27,1038
1031826486238321728,A28,246
1031826859936033507,A28,246
1031916975423945485,D25,566
1031922804313163200,L06,447
1027584986416827955,J29,121
1027588197936424968,249,535
1027775162141297216,A27,979
1028210591958989521,249,632
1028322429577330288,G16,183
1028341381102136591,B18,240
1028405007295411708,117,624
1028470137032892866,A03,565
1028507425980147638,A27,594
1028641003993601924,R18,251
1032256734634216859,F01,3492
1032513943516521434,J31,507
1024581800143161453,229,620
1024602367703591268,A07,372
1024603235202612986,D22,273
1024611102410531795,B19,733
1024702216606434206,623,560
1024757757438009060,252,613
1024825444447674626,D22,356
1024830600054824762,F24,482
1024966183191386359,A09,498
1032521488757917553,244,541
1032533524834002025,L19,623
1028809650440492488,Q03,770
1028813169737432170,Q03,770
1028813583299578691,D19,63
1028814409197583111,D19,63
1028815015986066730,D19,63
1032595939060462118,627,379
1032596032924282144,626,458
1032596168777494960,123,183
1032596208836249157,123,183
1032727700749663580,636,312
1032844645357836115,L29,3728
1032875325263161073,J29,256
1032905729887293427,229,318
1028834725459414626,Q05,439
1028910710718335538,L01,93
1028911317064514408,A14,391
1028921718566728320,A25,363
1029024468197803771,R18,318
1029047003692025876,201,1266
1029083325973056321,119,510
1029119321407305746,630,189
1029125365022473668,630,189
1024974485982352326,F01,9977
1025026416481257890,A33,370
1025163662145828866,J15,668
1025195563531352222,724,351
1025196908687141792,A48,605
1025204455815288168,724,375
1025276529065060825,L20,561
1025313635554997991,250,308
1033019798667589326,F11,420
1033057963245388126,723,764
1033294176547081250,701,2838
1033365539141147355,J31,253
1029128244805089224,630,189
1029148916384970318,A49,539
1029190475492733848,A25,323
1029256490418151453,714,595
1029317224873552477,633,625
1029490111259601395,F11,742
1033389540368464794,F01,3657
1025391402617508678,S29,806
1025424243538257181,713,656
1025562306847191878,R08,372
1025666312048448890,F02,2460
1025674753621522316,A50,408
1025708690580656012,231,29
1025734531838511626,701,3118
1025810367409475200,724,344
1025933594037670856,A30,274
1033527197628685189,621,424
1033555318888190858,M18,315
1029490519115427865,632,220
1029490902663794403,632,220
1029497609134512892,716,976
1029666092532042199,715,545
1029667278109157347,629,290
1033563488863149569,H11,8102
1033594152124762800,F14,344
1033633370292103864,H11,7372
1033665025367277341,A32,149
1025965247830923591,A27,208
1025974706561308918,D15,290
1026009299854219304,Q05,417
1026093383801867727,G11,1148
1026103008412085829,A27,937
1026135119577143745,701,887
1026171552511575057,248,507
1034533673223544322,139,226
1034533949807489629,139,226
1033917656236769965,A19,656
1033917984737819474,119,840
1033918338174422544,139,226
1033918654686101310,139,226
1029692543095350940,629,21
1029713156755566284,L10,367
1029718396636573541,623,52
1029752862113650417,630,189
1029753759407075573,630,189
1029766290483905399,630,189
1029768598914791090,630,189
1029776177395261809,A27,444
1029780342115548841,630,189
1033928058346993729,L11,484
1033953863075333478,110,401
1033955559027329334,139,226
1033965000448003107,636,267
1034002815994694257,A25,1015
1034534236829242309,139,226
1034536861924450963,A25,1015
1034749271994349012,114,687
1034752543782836355,R23,174
1034762851428251097,416,691
1034780207806976583,A09,441
1034787269959098719,701,3361
1034015845992979230,A55,740
1029783191207154739,630,189
1029788344197600674,630,189
1029791210554209668,630,189
1029806211924798500,L13,317
1029867990742702879,244,609
1029872184146517556,624,44
1029872939778153250,G30,267
1029976818835713765,D35,501
1034022739469997420,R14,192
1034100855619075023,M09,284
1034106373368010940,F15,188
1034113003712981730,M20,361
1034121875324577879,R15,149
1034127602506574999,L29,3276
1034870717937153927,A25,660
1034878442347631899,A45,350
1034897833823176761,723,568
1034915633546378150,L06,228
1034962239819796348,J12,269
1034977854572102778,J12,447
1035063789755603504,D22,99
1035362823116379718,A19,656
1034128450049103094,F16,241
1034220186060069422,A27,378
1034235578841143848,F23,205
1035370368418119898,139,226
1035373871473298400,139,226
1035374176350450478,139,226
1035374494082986986,139,226
1029993985161821317,D35,502
1030004105389009501,D35,605
1030038657520362227,632,494
1030041934802208436,632,574
1037443481542584282,L29,281
1037532048961364881,N02,931
1037893954700010142,252,978
1037979759518038341,A38,63
1038500285792495171,G30,143
1034266243065937291,L29,3089
1034325119213422367,H11,8177
1034331064246329985,H11,8074
1034434505251215260,A25,337
1041529392391817714,Q03,643
1041621342095143169,A12,453
1035374774860667619,139,226
1035375082790489047,139,226
1035433294591240366,J28,342
1035503974195948507,135,128
1035513445878037862,234,260
1041669476938766278,F01,4240
1041908689559698615,F18,527
1038500834823176760,M14,59
1038503044950364268,120,227
1038546220836926685,709,199
1038567908768979163,G12,1068
1038584688653893262,L06,450
1038693433297229435,230,214
1038724022208908962,229,405
1038727420303893707,229,220
1038790975859277027,119,418
1039049849056743202,Q03,593
1041973249601151890,242,171
1041980408127081749,R35,495
1042054162835980391,A27,1283
1035516094065706441,123,183
1035517422998461912,631,460
1035528921013784774,631,460
1035549676605118099,630,436
1035641818891250209,632,376
1035678410792274896,Q03,278
1042100010525986133,116,183
1042136838759782915,Q03,593
1042137021674701046,Q03,593
1042218107096684067,701,2460
1042247884743226656,A16,399
1035830390935280687,A49,666
1035939598377691112,230,178
1035940967027764765,230,178
1035941494843178212,230,178
1039053305366925702,Q03,285
1039057147878209266,Q05,508
1039104317628299034,630,193
1039133098605886642,L08,744
1039199155693798265,248,626
1042652901378720384,A49,509
1042877228869104772,A12,441
1043030167024241521,253,836
1043041856219811403,M16,1077
1043428512128559956,F11,615
1039216530959665328,A28,486
1039243266340853872,G05,3410
1039303278183487476,L16,211
1039387830704024048,A16,355
1039441037561398753,D08,703
1039719005706038699,L08,326
1039753101132672547,138,456
1039756751753144559,A30,390
1043446269533438345,246,237
1035961933887794067,130,136
1036133789600061839,416,691
1036195335901188776,416,691
1036201188089079727,R15,236
1036210856620938383,R15,236
1036259745835736631,L16,283
1036273713121371144,L16,284
1043603895706682262,247,1534
1039775375347211052,230,178
1039776121808822509,230,178
1039876194157328406,G20,423
1039883330806875972,L10,367
1036276150421118929,125,705
1036276185860158740,L16,284
1036277325720061392,L16,283
1036302925052852340,A17,265
1036309838728178575,R01,976
1036374813343214555,631,460
1043748549960976228,122,339
1036494663880720197,L11,290
1036686253557670526,R15,236
1036687143634517827,R15,236
1036689087089859225,R15,236
1039924567224255419,111,327
1039965089477166943,F07,144
1039996973262353772,104,621
1040070660427872874,A05,355
1040093349544593632,L08,427
1040131205375805128,L08,435
1043990142732257518,A25,254
1043992168755579759,A25,254
1043992593024677530,A25,254
1043992946677121772,A25,254
1044109392284240901,R45,323
1044226337540626550,624,271
1044292023316621293,632,601
1044443602707098676,J29,999
1036691719092945072,R15,236
1036692653697767153,R15,236
1036693686167816752,R15,236
1036694394616474383,R15,236
1036919697576123604,120,494
1036945730394332398,D22,361
1036949890162558963,G10,578
1044485172677898752,124,294
1044575475887434204,224,535
1040497401333364792,631,460
1040524257616584068,A47,775
1040577676963399310,230,178
1044697636830705546,R45,323
1044737059771710498,139,226
1044920456567949813,633,277
1044995463995747787,Q05,347
1040578934356733842,230,178
1040579615332825317,230,178
1040580248552704861,230,178
1040580844273414547,139,226
1036968899079873494,F11,209
1037016964147348514,H08,708
1037084574043042259,631,387
1037088700497416622,Q03,513
1037092871309110146,L06,1381
1037197830785216680,118,97
1037314434052682558,119,193
1046656287282687252,248,189
1045020649198959247,A50,311
1045422595038640117,133,491
1040635412705241317,122,132
1041248971426615395,Q05,339
1045422932660605917,R15,33
1046765851091797326,J23,487
1046881470236820933,A12,320
1046903352627025663,139,226
1047045004200840969,F24,468
1045423353253422323,632,312
1045577206367237342,F11,391
1045625585393356139,621,924
1046024946935843816,A25,788
1041424936772937608,701,2404
1041429771082732951,R01,228
1041439960157186098,125,276
1041449989786816094,726,865
1041501490833920179,L06,223
1051954628020992595,123,223
1046268520067514879,133,248
1046268856354547357,139,226
1046269210177353125,F12,313
1046288984910404214,R17,272
1046312689185266393,A12,252
1047110999128240121,F29,565
1047116194395779115,F29,565
1047124111969540022,F29,565
1047134824286187568,H06,1026
1047194632899115974,A33,76
1047203057332679874,215,708
1047222024885820367,L08,890
1047245552706540706,L08,608
1047308210273620628,234,478
1046325012407828041,J28,398
1052035760330432152,D15,301
1052183153542542593,A47,827
1052202585325643259,A47,827
1052259410309987157,D18,209
1052294182424144426,B10,236
1052398712379279599,A15,302
1052411543964095430,A16,433
1046330878473034298,A50,515
1046352281440824954,707,352
1046357785587450908,416,691
1046365844124834792,416,691
1046372475682855523,416,691
1046459231329684547,S23,6013
1046471044418633207,F29,565
1046486764198506126,F29,565
1046503081311194501,F29,565
1048474395349114502,F26,261
1048531890309084613,B12,491
1048563563403000625,709,1999
1048595086959375823,708,1613
1048676268623841777,M20,326
1048749148249520661,415,284
1048922932805066353,R35,334
1046506049396401899,F29,565
1046506922921701131,F29,565
1052767826783426157,R31,271
1052888640324549517,702,4933
1052992405473874982,L06,384
1053110011763035222,A47,349
1053527589797192977,246,1379
1053591611410336431,131,168
1053652465790968543,F12,392
1053783422481390823,712,959
1053905812534942894,249,122
1054375518474819539,F14,221
1046508845139051872,F29,565
1046632736813066395,129,234
1060098314384850325,M08,1017
1048925866005753912,D17,299
1049173777970027790,M14,250
1060138677215669245,210,666
1060192371328219223,A27,310
1060239147534903352,A25,660
1054463012526523296,M18,926
1054528883890923211,L29,2138
1054695605777036943,A48,742
1054766423954233739,247,2252
1054922113127805726,D15,362
1055008778043705675,R18,279
1055030718576614568,R17,275
1055037646560689002,R18,279
1060239215738679244,120,355
1060241871693461480,M08,901
1060249590176474814,A28,559
1049187653715329467,G30,138
1049222605474907072,A25,363
1049282302817004028,250,700
1049299400432085524,244,715
1049318056495875404,J31,497
1049369302862416200,231,903
1049484215033550460,255,468
1060302258730794153,210,770
1055145734011625285,A33,46
1055200488171982996,A25,363
1055444597484933368,716,1078
1055653489529918135,139,226
1055653820981064193,Q05,615
1055685876065835505,H03,3610
1060352217117589168,504,1115
1060477773287184489,F16,234
1049631890775955111,633,248
1049940767703198807,L08,453
1049952793502900635,626,250
1050013204065045061,F01,6012
1060540532486354515,A18,265
1060638349590084347,F01,2137
1055695105896757829,A25,262
1055700311323338650,A25,262
1055702159389489729,A25,262
1055704464756784705,A25,262
1055715974330280991,A25,262
1055716454042890036,A25,262
1055804351964620545,622,608
1055818763482154807,F01,3126
1060790025196109539,225,379
1050048796422516580,L06,555
1050067537509382432,Q03,291
1050103047625170204,131,288
1050115578412522466,G05,3699
1050120817675342661,S03,205
1050195982235342963,L05,171
1050254022973937596,F15,348
1060848009618799743,L08,744
1060887396442907526,H11,8128
1060893985249841233,131,146
1060926963416227728,721,515
1060974724524304862,M01,2370
1061001680165253060,229,119
1061049354700025622,250,766
1050469840170584622,139,226
1050470245746400509,Q03,770
1050630866324327134,A25,637
1050631290477104451,M18,519
1050667017393639309,R18,117
1050759223735837626,A17,322
1061056176589586161,248,693
1055855035131489398,M10,353
1055914998447389060,A25,232
1056374752769445510,A11,316
1056376520439117729,623,846
1056509899939593559,L28,639
1056557930024047301,131,170
1056564961383687067,J31,328
1061113702595817537,114,443
1061218733836374194,R45,884
1061243380459743528,G05,4927
1050770980329376346,Q03,300
1050771766607519903,F01,4772
1050807955203588919,628,540
1050831980985744781,R18,233
1050859703674581568,Q03,291
1051266669019573479,Q04,446
1051303514337719594,230,256
1051317684074466195,A47,405
1061461150709867848,S25,4205
1056625840573715781,224,687
1056650231082472276,119,320
1056755774413954879,R05,605
1056766544774419122,F01,1294
1057127398484370730,118,250
1057206257573876254,R32,633
1061470503176432568,R18,258
1061481461460001697,R17,153
1061486628451281875,R17,225
1061517681080659162,131,220
1061614635974174288,A27,1274
1051404502211155820,R05,654
1051427357348578117,633,376
1051505442588448739,D18,107
1051693960593774847,625,235
1051729639412992248,B08,755
1051730788488389156,M09,256
1064301195892473870,134,257
1064301503148118026,A25,254
1061616810265679219,249,83
1057270663669889175,M09,151
1057775995368202634,503,513
1057797641064287773,J29,433
1058181792327916615,227,55
1058203066420327663,A15,244
1058226731205197288,A15,430
1061632233644512468,D16,290
1061632299472282421,D16,290
1061632564187992922,D16,290
1061632669312353240,701,533
1061632971843436364,701,533
1064523868451932167,630,193
1064524524096641494,630,193
1064569340655786287,632,557
1064578253551246633,632,702
1064635831979828858,414,974
1064724494450720877,D30,967
1061633025832291732,701,533
1061633131713767733,701,533
1061654638574398884,A25,628
1061722807664728309,R21,326
1058338485248789800,Q03,593
1058708346603333856,M09,271
1058752711303934611,A27,378
1058815379622089227,A27,378
1058838981888807485,L16,443
1059399783161257709,R43,343
1059609886889535146,Q03,756
1059787657125734957,G33,689
1061949170995507464,122,334
1061995840557392701,L13,475
1062145273744656883,R11,749
1059832394169922022,624,666
1060067517230203090,A27,249
1067197105852649873,130,335
1067198515281843241,R29,59
1067198895992407969,130,335
1067199614718841566,130,335
1064778522188783515,R42,512
1065009656872358442,A25,254
1065123350709282894,M10,730
1065170144620421598,A20,371
1065240416426347624,L20,962
1065261714964080001,F15,180
1065262056366021513,F15,180
1065262230258220430,F15,180
1062148354797546178,250,509
1062204874827086403,M06,544
1067200330555496177,L08,978
1067200736348365568,121,386
1067201362028677654,F20,173
1067201740592807516,M20,316
1067202423419715850,F11,593
1062225573804533925,L10,294
1062459732279895233,A27,272
1067203124580186208,F11,593
1067203678034406155,229,268
1067204367727150172,229,268
1067205046140237726,229,268
1067205773422410606,638,97
1065262230644399835,F15,180
1065372627170730644,R03,921
1065394869170744322,A46,471
1065403714551533946,G32,451
1065521273924596622,G33,300
1065716820074814380,D15,306
1065734338333399135,111,345
1065758362601303702,111,345
1062478810779287031,A27,282
1062506366862556498,632,199
1062514888943930705,110,158
1062524509478702982,501,673
1067206739656586763,R28,268
1067209647005946753,R28,268
1067212150616971848,B10,275
1067212478316421989,121,386
1067260508709400475,F11,593
1062633589528383767,632,360
1062774160479785080,M18,38
1065762399416234253,111,345
1065769971445201312,111,345
1065778832869908021,111,345
1065782226324337615,111,345
1065813715720697691,B19,1005
1065966988567974343,123,333
1065984848729854350,A28,505
1065993241115215359,A28,482
1067261069455924689,F11,593
1067261658067892912,F11,593
1067262240665667762,M18,463
1067265010588452154,634,362
1067265534940003691,M18,463
1062932916029042118,724,188
1063126161307363729,246,946
1063136773468377411,A47,1555
1063154135278569157,L06,666
1067266357447762257,123,131
1067266702530511276,M18,463
1067267769047454084,F14,172
1063420446715091204,238,742
1067268168915094723,F14,172
1067268631904752268,L02,214
1067269258225505974,L02,214
1067271045546379464,130,335
1067271770974690997,F11,593
1066006276901163097,A28,344
1066028196715633422,L12,828
1066045572533268679,L06,359
1066102862445188127,G32,175
1066170537254641780,L29,1979
1066251806256864005,L14,241
1066321301742414062,A54,811
1066323006884877800,F01,3754
1066342455061282999,125,402
1063769212897446946,A50,889
1063875033923981857,L08,558
1067272310379193518,F11,593
1067272880627018649,L02,214
1067275090408807419,M20,291
1067275400639266158,121,386
1063887869836214561,H09,921
1067276041750736141,121,386
1067276571138900398,121,386
1067277153030201186,121,386
1067277749779946963,F11,593
1067280121863878692,R34,580
1066541695851150471,L19,642
1066619270250545241,A25,418
1066623888304208005,630,99
1066630837020823893,D15,306
1066661715722364503,Q03,617
1064014662356519337,S23,175
1064300515053828558,D15,306
1064300827695462584,726,704
1068407150433353514,254,137
1068537120626967876,249,138
1067280599818532034,638,97
1067281595536834729,130,335
1067282381280768555,L08,856
1067282933172289340,L08,856
1067283409064361441,130,335
1068599774862743594,G32,449
1066759323819826424,M18,712
1066762261661304577,A27,1283
1066763158569201601,124,531
1066837013767774923,628,402
1066911214449074405,201,1039
1067021529837978290,633,331
1068730297270620086,F01,9829
1068741903107300651,F01,9942
1067178493484312501,L02,214
1067179194621464135,131,216
1067182008497376953,636,326
1067182484672957868,124,113
1067182914568130128,229,268
1067317365627051315,121,386
1067321001126892421,M20,291
1067321337872162811,231,226
1067321734852931233,229,268
1067322490487464466,M20,291
1068910052601278603,G24,350
1068912065584586603,A65,209
1068964032867039816,714,358
1069085193397966592,G32,389
1067322793813822917,F25,220
1067323264117362911,R33,370
1067326029022351370,236,280
1067326290090101851,A27,1283
1067326498814721642,638,97
1069105907558329161,249,256
1067183558456275827,420,235
1067184029941781832,131,216
1067184953845495160,124,113
1067185371259851854,420,235
1069508594681767937,Q03,587
1069516393596899524,H03,3735
1069519704758206736,A17,69
1067188859061887812,B08,228
1067189169950924679,B08,228
1067189478788560150,B08,228
1067189792341741759,638,232
1069526703582727134,Q03,372
1067326682565133945,A27,1283
1067326881507697240,L08,856
1067327446059499665,F18,451
1067328462412024733,F18,451
1069578477394124208,J28,773
1069580354212412517,A25,285
1069581505361098170,A25,176
1069587960830987188,S29,299
1067190097579226006,M20,316
1067190412229603502,131,216
1067190891801753512,131,216
1067191358391431099,230,370
1067191873757227843,M19,200
1069591046301767800,133,473
1069618889356272594,627,289
1069632244080963141,S29,419
1069660706506079136,Q03,144
1069721161305728281,A27,374
1067328912284568992,F18,451
1067329577842647026,F18,451
1067339879599785124,A27,1283
1069736400348119133,F15,132
1069775825692003208,L01,352
1070151758129815454,123,615
1067192199643171600,M19,200
1067193514859480261,420,235
1072482707234834146,224,575
1072490292073582343,A60,341
1072521783407315734,G05,3749
1072539443769246406,A44,301
1070231131306779107,236,513
1067546821288390834,A38,142
1067590275447169026,131,170
1070268279697476132,Q03,234
1070270537377163305,233,222
1070271021848012165,A42,250
1070272052169818710,R16,82
1070272637247149842,902,200
1070288096436919169,M18,452
1067591227921878270,R15,118
1067597917209821924,207,479
1067638572137152034,702,4922
1067731688089235754,A18,299
1067746487891672538,R32,941
1068219915878365503,M08,153
1068228716746876060,121,495
1068340630451313320,A44,265
1068368638122118305,D43,1774
1072604583533985335,J19,374
1072622791437897100,L20,976
1072666397777078123,L20,617
1072684527538110393,D30,940
1072748663391133153,249,235
1072820049144501891,714,507
1072821907394094556,A33,285
1073179448074357226,M16,634
1073243377727789422,A27,764
1070292150676551812,A49,631
1070303317706928641,M12,65
1070312662525454388,M12,278
1070327706166386414,R18,295
1070366659961101671,A27,907
1070371720469031087,121,451
1070372218321962755,A25,712
1070376523863400975,627,555
1070382902215466684,J31,514
1073746988444955064,247,3362
1073915671655296338,L08,683
1073976914212097232,A18,228
1074177249739756939,701,3224
1074617829677960916,246,440
1074760466136368472,L06,353
1074798354467358272,R04,326
1074824222599384771,236,570
1074849421491993038,701,5738
1070385146027468023,244,810
1070398579281953495,M18,323
1070450891681156687,E01,89
1070493140523217364,M11,595
1070493385323671933,L20,917
1070513361665260516,M18,165
1070531707221095417,A46,780
1077670079766597099,A16,237
1077855441244601453,J17,760
1078295487634551725,D22,169
1078336770127529285,A27,235
1078382022906540632,A27,310
1078542524356506599,G18,1026
1078615004033084660,J20,427
1070829705357248519,125,410
1070859096976599259,L06,674
1070901052420848550,248,551
1074873319881210325,A25,677
1075056454421698316,Q03,115
1075227292383892324,A27,920
1075342600501590104,207,834
1070953454554049877,D16,299
1071016550690235899,A27,1108
1071034758733407760,J30,630
1071051978115920209,M10,413
1071065733869462689,M11,324
1071083738326573629,M10,440
1071085232599196862,634,178
1071097470129706565,G33,559
1071230531368875750,L20,958
1075439252135899720,F24,555
1075439438887826725,F24,353
1075472992489210989,F15,207
1075492199979189364,622,131
1075503942306453897,622,260
1075508827303644927,A27,524
1075541536118279128,A30,226
1075541594512550784,A27,262
1078923644639661537,Q04,527
1078970250684682908,G05,4974
1079002319295560537,R16,254
1079055928537511033,F01,4636
1079061115884416812,J13,316
1079093999350541176,A25,692
1079110643206381992,J13,395
1079152229019153537,247,2149
1079176033625590431,723,391
1071333400427167471,632,95
1071419963016698498,R22,261
1071606997626297526,601,5342
1071688769658832375,M12,826
1075681521566604158,636,305
1075693579028892349,901,497
1075906713750679075,A49,421
1075973073963279494,R40,305
1076002620052074926,F11,472
1076003044998951982,R11,749
1071703160614211263,L05,272
1079279590712988717,611,358
1079681043834051748,L29,2385
1079776280274419721,120,246
1079890729260575946,636,268
1079896407529546282,G30,369
1079901507671871800,901,307
1079910993717982400,M10,334
1071712108811245554,R18,117
1071731861726122320,131,170
1071774511414610793,227,245
1071846713751416214,L02,214
1079995154639151276,F22,1979
1080257145132881627,A25,254
1080332270027681110,L13,128
1080397066127126288,Q04,424
1080413276408130595,A46,411
1080435805579214180,Q03,382
1076020923987011399,632,601
1076087081895237203,L06,364
1076090494277276878,249,472
1076099247250886021,L06,359
1076202541738635891,R08,485
1072089744850191566,D22,179
1072416905292439778,Q05,473
1072422929427482902,M14,218
1072438872838139128,J29,581
1076294427267406758,A16,223
1076304991439445196,F11,532
1076313962143053879,F11,668
1076809641847517288,230,542
1076824544318787993,608,690
1076826477174986073,Q03,378
1072441340307274036,D14,174
1072441700199654943,F01,3624
1072469407115663434,J29,580
1080453335264829723,A30,661
1080462560309052603,118,234
1080462674336399167,118,234
1080524247229234431,Q03,382
1080563234569887520,D17,306
1080615169929014643,F01,5627
1080670869604350580,626,348
1080769743669960618,L11,655
1081094943593999779,J29,185
1083103814000174217,A33,324
1083232309817492677,244,328
1083354516854663093,M16,401
1076901960949481562,123,658
1076912523623540812,L05,414
1076951289493106487,Q04,539
1076963862671622156,624,350
1076971713700684447,A17,415
1076991778701346144,A16,193
1076997502152420940,A16,282
1076997582730997566,A16,173
1077291587779409400,627,683
1083369496555924750,F16,118
1083396985265703852,F01,3841
1083413347114647900,626,407
1083457132325313315,247,2235
1083548110917142090,246,791
1077292045029557363,D15,306
1077433267729271369,M09,505
1077534747756179116,632,601
1077537721962654260,J20,295
1077609889483335534,J17,742
1077662087434089930,632,396
1087580640421984763,630,270
1081124181956231759,D07,528
1081153334878873969,G28,1009
1081185973600372871,131,52
1081266736098131414,M18,315
1081270921702774205,626,273
1081325911262510863,F01,5276
1081329204523525342,R23,120
1081331112442286544,639,87
1083605109713339980,G10,765
1084024890622936681,110,66
1084025560242946299,120,398
1087588544639499882,630,354
1087597996562719101,139,226
1087598300394910991,139,226
1087598584095581526,A25,1015
1087711057756763454,721,371
1087757731838889684,D18,271
1084205649822413286,120,345
1084273676586833841,G05,5246
1084314858874629365,L29,2404
1081332555917799456,639,192
1081333701175123215,639,107
1081334909423823810,638,282
1081337617525702444,639,81
1081449253104266697,A47,288
1081478068142690666,244,607
1084339111065922406,G05,1485
1084394044812218151,F09,148
1084674420406657460,245,583
1087766440336121612,D18,187
1087797016521732530,R04,495
1087798431786089199,M09,368
1087800217989122112,A27,1283
1087800916009051587,A27,1283
1087899933601287528,A03,617
1087901565405749798,A16,245
1087931058584862187,630,290
1088028431891766930,226,397
1084681359373913660,S24,8030
1084768769972494316,632,660
1081507139395912406,S24,1870
1081530683168113812,S24,1896
1081688074862046736,A25,254
1081688478179193530,A25,254
1081752668837474884,G19,577
1081761700670315735,F11,420
1081774764145429147,G19,682
1081935749436412239,H11,8003
1084827854461923721,A27,812
1084828217755386005,G10,945
1084833456394644733,G05,5185
1084837678155303157,A27,578
1084871361591875604,A25,658
1088440249735666904,M14,266
1088448586790398597,D18,177
1088458482112063683,R18,241
1088462354138947183,D18,223
1088828497990492714,M14,227
1088995864090222713,A27,524
1089089128041463550,M14,236
1089113738080022020,G30,135
1084942063521972337,A16,167
1081941463780204485,622,210
1081961630589799599,129,293
1081962213151884751,622,268
1081971812474517820,F01,3554
1082041638958874074,D28,273
1082049386895627511,A17,342
1082300585235338849,636,269
1084949680335673625,901,349
1084959621038613144,A17,444
1084972747484392455,F01,9703
1089185458346740440,246,421
1089290609745517673,A27,213
1089296002453052696,721,699
1089413171661165083,J30,362
1089725892764328452,F16,347
1089729246192794843,F16,171
1089766702290849908,A25,871
1089799002538865369,A48,802
1085008081394017762,B06,306
1082456808583651240,255,390
1082657949191521796,A30,661
1082660771919357919,R33,532
1082734770312717710,L10,537
1082846840608354586,602,299
1092581244045250595,M14,185
1092764040708555355,A27,292
1092764922849525879,726,576
1092801249343488052,129,348
1085122041734203848,B12,539
1085501920403799667,626,458
1085652974861396322,230,427
1085774261317139329,R05,605
1086082438509839176,623,262
1086200276891664933,M08,309
1089816470431705091,Q03,353
1089849330286362160,S03,463
1089912037059935747,726,636
1089929370227826369,F01,7410
1089955449713193738,120,165
1092801822152327660,129,228
1092821257448313786,J31,483
1092927557165898276,A59,484
1092928294708580275,A25,315
1092950423832012772,126,301
1092951641472377416,D14,157
1092954036179575901,126,298
1086223966113652436,R17,205
1086260209854681581,R14,320
1086276027766371466,621,459
1090028270316624297,207,747
1090041604677130047,J29,270
1090058212987498404,J28,252
1090060243063984033,250,196
1090287138945435080,F15,48
1090334660960669917,G28,586
1090541400037539368,Q05,615
1090541906381461567,632,312
1086276094929218455,621,524
1086312344495922694,F15,150
1086319559710656328,Q04,568
1092955444883191996,126,325
1093528784858965151,A27,894
1093615036600977781,A27,812
1093627832142540212,624,332
1093637322687475492,726,564
1093648989560593539,D07,215
1093677108223598854,D07,314
1086339114654189624,621,753
1086339247892038745,224,762
1086339339871879470,621,779
1086349465074257953,F15,183
1086357613808814524,G16,111
1086373655299407944,S22,9302
1086379650709474075,A16,304
1086394938118286708,A16,496
1086523201857001367,F01,6219
1090553830200685087,D40,771
1090617582725521721,Q03,263
1090638611066390408,G30,276
1090713696580310351,250,737
1090719722431358808,A47,438
1090741182977771016,F09,159
1090796650803365546,A18,325
1090829533298182424,H12,362
1090894126706891382,A25,1259
1090896854066122915,602,4145
1086566160611105600,B04,1023
1094010528655760689,L20,930
1094202291670785749,243,596
1094211166635531058,630,336
1094241915446241027,A47,236
1094248768330564027,M12,781
1094266816874777232,F11,758
1094338015491551388,A30,521
1094455766433039056,F24,439
1094581406003955735,M18,516
1094761010140633632,122,130
1086829767088724403,243,363
1086857934528282644,J15,215
1086871715782143028,120,424
1086887827070400937,A25,254
1086888066183067947,120,222
1086957723918342538,D22,283
1094762151844093977,122,130
1094764389824490264,122,130
1094765911844541646,122,130
1094767436963006514,122,130
1094768575810425003,122,130
1094771527480877085,122,130
1094773469623443535,122,130
1094775082583002100,122,130
1087036286146060057,613,947
1090925801241106637,602,4118
1091221131418995026,R11,727
1091299935203308643,M16,601
1091347715467092431,S30,3597
1091367866089351329,633,87
1091433054357686356,G28,643
1091802018768802489,118,282
1091914240452213678,A28,560
1091956529067117133,A27,886
1087094198290625423,Q04,375
1087136782736252981,F16,437
1087139137702855655,M18,196
1087144595237396840,252,1226
1087165768251308424,L21,248
1087385956162294812,123,327
1091978336906268918,132,219
1091998427751796380,D39,1073
1092069890164873183,A47,827
1092072336012573142,A25,128
1092086093913368347,A47,827
1092089558587883407,A47,827
1094777151341930866,122,130
1094778509948613457,122,130
1094797239366835045,301,793
1094797804470209350,301,650
1094798050183949653,301,671
1094806998523731750,122,130
1094808192959006232,122,130
1094817105402046178,122,130
1094819456089419636,122,130
1087478093366283374,623,300
1087559244367558497,139,226
1087580351979698682,630,72
1095201205113554701,R39,833
1095303457850517678,229,400
1095553040711152680,301,538
1094821863189646828,122,130
1094825145022408348,122,130
1094827760811111927,122,130
1094828974462390323,122,130
1094830279649231470,234,269
1094834246619155716,122,130
1094845169526286962,122,130
1094846910093881527,122,130
1095553256623190741,301,565
1095582600306510167,301,648
1095582745389771049,301,765
1095582942084666709,301,763
1095599632079330447,301,711
1094848592248598541,122,130
1094850740859468109,122,130
1094852106965758709,A30,281
1094852250821907788,120,321
1094854129910468799,122,130
1094856719742290170,122,130
1094860088554764411,122,130
1094862441728384049,122,130
1092225727659758476,M20,228
1092280833430415586,F14,484
1097164750741381817,M10,395
1097167349412197953,A27,407
1097189476704713904,J28,813
1095599916245109812,301,845
1095600062834174789,301,809
1095622155895088093,L08,891
1095622374147611563,L08,591
1095625586961263397,L08,589
1095631633664131095,L08,653
1097224211313304798,G30,275
1097266893958266284,247,1679
1097303268172426209,L20,976
1097321035472565545,M11,427
1097418298061181114,A32,256
1097428200625674167,120,495
1097697203605630282,630,254
1097714446468754357,G28,611
1097804268016705494,M19,356
1095632351915962087,L08,525
1094864191677112358,122,130
1094865520021826431,122,130
1094895605343224424,234,283
1094917594745443433,J23,328
1094973250036740569,115,196
1095003644154224670,A25,174
1095008099179477611,A25,77
1095641486721475266,L08,604
1095642526311759724,L08,888
1095643937701178901,L08,573
1095646668147768174,L08,607
1095676542886687773,M12,121
1095691878848758661,A25,598
1095729147022090049,630,255
1095010137780365162,A17,538
1095016556426393939,R15,166
1095018491084238599,A25,165
1095034111907244676,A20,292
1095064373785059700,J31,351
1095067625806122686,F11,302
1095104848494207001,D38,505
1095142607572110710,250,146
1095170294926054525,R29,471
1097817640272268339,G32,840
1097848686671487952,624,184
1097851403485558562,624,184
1097862263564063749,250,659
1097867998728778169,624,184
1097871770734072043,624,184
1097875069076935985,132,222
1097875731576744055,624,184
1097895081984963736,118,316
1097961844061495864,R34,937
1095737290006810489,D22,259
1095746267737750809,A27,257
1095762511256498837,F38,464
1095774395165850616,D22,220
1095774717737238981,G16,216
1095776782918899581,A28,441
1095791212418437838,F38,483
1095903383946887262,Q04,212
1096015826578780464,R05,1495
1097989140191924730,G30,251
1097994319431722674,G30,270
1098002690058104972,A18,634
1098016572818291672,G30,248
1098330445325214321,L08,775
1098834972663701875,250,350
1099006796100972947,416,699
1099233228880778191,L06,622
1101129819687240230,A25,612
1101146791950591921,A53,348
1101284191239320661,A25,254
1101334105867355921,F01,4379
1101358995272409640,J31,539
1101427105433497290,701,2880
1101457790272318669,A27,291
1101458158192555817,A49,392
1096026449962984362,R05,1678
1096304392988080939,Q04,424
1096316325060629841,L08,875
1096316862149152416,L08,823
1096434482421931061,G30,462
1096458753806309063,237,356
1096486041200031130,624,184
1101470215361697223,R14,194
1101478490935324787,F11,537
1101479604660196862,F11,559
1101492492319048720,118,204
1101497440864202911,112,320
1101511721554653006,112,49
1101514947474281604,118,204
1101526705334833910,224,535
1101527629359077994,118,204
1099280878716032408,R32,287
1099724818228646300,L05,209
1099996333103547177,631,288
1100017091124262104,Q03,574
1100037283310543012,A28,442
1096492708718540311,A17,192
1096497378189892283,624,184
1096536087254342431,L20,1060
1096549532530211832,M16,740
1096583187139156674,624,177
1096604925689700051,G32,334
1096617389974697573,632,928
1096624749928777947,631,200
1096644441308147113,L29,1969
1101583066035983774,A27,278
1101608849587480219,R32,517
1101653706097706924,A47,475
1101690357816734016,638,310
1102082151658183636,A27,274
1097010415717725941,J31,1138
1100098194411375781,L20,630
1100113573480833195,L03,229
1100113731225813586,L03,229
1100113903778815423,L03,229
1100149550283531701,D30,974
1100153716637050505,A25,409
1100167767643925764,G05,4477
1097030119523190924,624,224
1097075517686404851,118,204
1097081328081903192,118,204
1097087501647496816,118,204
1097103380023407028,118,204
1097113965212046724,118,204
1102093121006002912,A21,347
1102093930679454330,A55,1608
1102123641767898783,229,87
1102143591304442291,630,279
1102148127809451153,224,535
1102152011417101288,630,123
1102155066042013863,630,362
1097114648877714131,111,319
1097118273217792095,118,204
1097125455525075775,R29,602
1100188470327687501,G05,4190
1100277641920135153,R39,325
1100361598208118066,623,258
1100372908149410724,R04,220
1100507609129527478,M19,356
1100556386386561997,B08,546
1097125624434587092,R29,602
1102175636079034600,224,535
1102181933171990977,224,530
1102235861740061720,Q05,481
1102237529626518209,Q05,518
1102280523543975933,A47,521
1102282997570124942,118,204
1102291576008942700,118,204
1102293210777929921,118,204
1097127613661681409,118,204
1097128400576202625,118,204
1097129270356869111,118,344
1097130161811082073,118,204
1097138273704394049,M01,897
1097146402872824283,M10,649
1097164181186372662,M10,510
1102297995476744783,A47,308
1102299689722653894,M13,591
1102305145593756275,118,204
1102306332702071960,118,204
1102331692663829399,625,252
1102347209561419713,A45,488
1102420689981539702,J31,840
1102458160848756590,J15,329
1100569193093536116,B08,565
1100586816839903018,301,627
1100587404542771591,301,788
1100646737441546777,M16,958
1100781973307336883,L20,637
1100790345394366056,L20,920
1100802109442151724,G33,617
1104436283497085631,A27,248
1104472941469620295,D29,631
1104483313812454862,A27,386
1104499946077899332,A27,506
1104517580415154089,A27,532
1104589800709825162,M16,589
1104635195934537883,G32,555
1104924200309768587,M22,191
1100818061957791790,L20,700
1100908287650949854,G34,300
1100945393171794060,F21,485
1100996446560351140,L29,3671
1102819583594705620,252,220
1102895033236050416,D08,734
1102934542095541409,R05,286
1104924591396866069,632,312
1105005305074754036,130,214
1105047766686966160,R18,187
1105053393338898178,120,58
1105056457017754168,D37,5858
1105070094045904051,120,189
1105080641554033221,A27,1113
1102971605581262547,622,267
1103003763881354673,G30,287
1103027953456511332,G30,286
1103088524196656891,A27,265
1103172794842065130,G09,1877
1101053548655027903,301,580
1101053809095530238,301,748
1101054288867445369,301,837
1101090051433885766,225,69
1101110523419007264,A25,398
1101124537366565735,A25,372
1106715976103386657,G30,384
1106768502180203675,A25,796
1106772501343820576,A27,819
1105123568565389419,H15,2974
1105157097466404669,120,66
1105157109357751415,120,167
1105227850941853147,A48,840
1105462821419503909,M20,545
1105496514661879085,A25,158
1105524212012370745,A25,270
1105531878875307358,A25,424
1106790475253895312,250,314
1106816057491095740,L29,478
1107041388701440106,G30,237
1107060145729848677,G30,243
1107085753083842643,L20,874
1107089414471605323,F01,4371
1107092928265815857,L20,889
1107218753492391849,902,224
1107221502972673264,D16,198
1103600863692203549,L12,479
1103649215263954375,A47,1113
1103686769438289089,505,482
1103704219358078972,A27,495
1103724274943024888,A27,272
1103754701199991999,A25,337
1103765358826380128,106,2008
1103827004871780558,L12,407
1103886634747275961,249,438
1103988756068919543,A55,557
1105551289502996737,A25,776
1105555935955713382,A27,890
1105701818305172554,120,103
1105702301042334214,120,103
1105702699897725950,120,103
1105726516446842770,H03,3006
1105728403589641263,B08,398
1107321382010216458,625,179
1107321490848928456,B08,79
1107420594171076665,A50,904
1107443561440572530,225,145
1107444003424511006,632,436
1107466007857998876,A10,337
1104241321082408203,B04,1124
1104327697050358536,D22,575
1104349873802426432,D29,687
1110905168675081715,J13,465
1110912045715122654,R21,202
1110970596015128008,621,779
1110972431446341412,621,805
1110975047193878768,A25,322
1105738845568823677,133,384
1107830745735786586,726,753
1107831092152405927,726,753
1107831428888443615,726,753
1107831742640480966,726,753
1107861712292911792,R01,1043
1105741556569949130,Q05,311
1110993438677864788,L05,325
1110993915655239590,A27,1113
1110997503201864450,F02,484
1111026855904056709,621,725
1111039670657549612,621,539
1111051121581066464,621,796
1111051230032467166,621,486
1107992473287294667,R32,289
1108003180015135304,A28,205
1108028455046004023,D17,79
1108033877492468350,D17,302
1108067764114973489,R16,158
1108082653379426204,725,54
1105761506522150980,A28,410
1105771415070916042,631,269
1105789556866988372,J28,292
1105895433928720782,G35,212
1105922720648344919,Q05,396
1105948045676380098,A17,342
1108092335923668839,Q05,533
1108098398533782554,A27,378
1108126065533032978,R05,462
1108182122490553088,207,430
1108239778930840969,H02,858
1108381670907814799,A42,460
1108394382315627564,603,3887
1111064247858641484,D30,330
1111069426294385344,D30,126
1111070044294135199,122,402
1111071226514488327,122,344
1111072216805246742,122,85
1111072720693755574,122,98
1111073455017860470,122,155
1105965375878507190,A27,500
1105971701246484579,A25,307
1105983045865143118,G30,388
1105988778554598626,G30,284
1106001456581509960,G30,212
1106028260714833173,250,273
1106058239758942476,246,1001
1111076170714979390,D30,317
1111076211477934454,621,546
1111112319589903484,M11,1224
1111219828853444703,G35,235
1111467358307767724,R16,71
1111468336655364551,902,119
1111469166952399014,D16,100
1111469726684605187,D16,49
1108677880360370991,F01,7262
1108891228259931949,A27,610
1108961754172691008,A25,426
1109337668933371568,A31,271
1109440883056083759,A25,320
1109532542852921266,713,259
1109560132735405326,A25,463
1109568672579690541,224,530
1106252332742883143,133,267
1106258701477536746,D15,217
1106478978928072650,A27,815
1111470252916396113,725,78
1111471727964938540,R16,66
1111521365863732716,122,367
1111526223636937826,D15,306
1111530244924783287,D15,306
1106503342430113525,R17,299
1109573749838442512,A25,325
1109578356622645997,A25,355
1109624768134912351,F22,698
1109634888266503902,249,79
1109650004740223219,A51,339
1109654543639961451,M18,190
1109657423339018730,A50,208
1109657592376517431,R06,319
1109675460093255334,A50,283
1111538705991605733,A25,191
1111540336881417764,126,4
1111609937553723816,126,136
1111612207063541662,D15,307
1111626653056183952,F16,348
1106511008237916202,R17,299
1106526556526531077,A47,838
1106541289402959443,136,130
1106604621416368343,F14,610
1106636387471645456,627,353
1109675724707718441,A50,306
1109911011385843843,J31,95
1110090425248538008,B12,617
1110095258847823300,F03,667
1110118574840268761,M05,1907
1110201796954441182,L08,590
1110203057629816204,A17,461
1110243838410975611,632,753
1106650651116205037,G33,312
1106663744322707547,G33,312
1111638766309267875,B10,173
1111643313914269816,F16,275
1111643482827141591,L08,190
1111665858167390406,R13,222
1111665965272421981,R13,222
1111666023012679487,R13,222
1111666150326773564,R13,222
1106666179961470072,G33,312
1106667595753321693,G33,312
1106705590031182956,247,681
1111814726067302895,D38,422
1111828999604259081,621,479
1111666189502797460,R13,222
1111666358951926713,R13,222
1111666461259507312,R13,222
1111666496980873964,R13,222
1111666722608069202,R13,222
1111666846550197497,R13,222
1111666966430724392,R13,222
1111667095611564257,R13,222
1110284715112501472,413,1058
1110321873169952243,S23,165
1110333654798322516,A27,488
1110355451903707267,132,136
1110407714665965658,246,573
1110577872139209188,902,207
1110578563834555617,902,212
1110580750895991230,902,218
1111839303902810415,224,797
1111892693817795878,F01,4071
1111987255543591440,A30,296
1112023546762857225,633,257
1111667518549873713,R13,222
1111667865312639571,R13,222
1111668017147687957,R13,222
1111668235114554994,R13,222
1111668741363949906,R13,222
1111668821800905528,R13,222
1111668952583464683,R13,222
1111669815665797482,R13,222
1111670028116667408,R13,222
1111670409390647896,R13,222
1112035529044283890,633,210
1110582578094302314,902,188
1110583877459517706,902,313
1110790405313313117,114,338
1110845499878974239,126,147
1110847898990560606,114,338
1112190815989801312,A28,500
1112265207664696374,A53,472
1112291569465739144,A12,566
1111670644723270152,R13,222
1111670875030380240,R13,222
1111671446835633847,R13,222
1111672014479078678,R13,222
1111672508046014380,R13,222
1111672634422819489,R13,222
1111672853839920280,R13,222
1111707325901125421,R17,220
1112313952031734864,R08,357
1116643396778760404,D40,132
1116659029637157436,A25,1015
1116693554594421762,G30,443
1116707411784455212,632,823
1116713538927097537,G30,122
1116729772468124199,R18,93
1116763616207150309,G35,747
1116772957632397742,633,603
1112314761461589461,L29,2562
1112317611985718983,J30,47
1112344756155061784,118,204
1111749756699029402,A47,314
1111755170836154020,A47,143
1120982175254555104,633,3
1120984964853213286,633,66
1120986161733678919,633,248
1121071083462663275,S22,7904
1121074659882797643,137,101
1112351229041577978,A18,218
1112393231691668935,A27,488
1112405332315125254,118,204
1112405887592709246,A27,488
1112407338199543926,126,387
1112412330409417849,118,204
1112413663345413314,118,204
1112415747017722562,118,204
1112416918696367005,118,204
1116806421398122216,L20,599
1116894896977374505,F25,302
1116912932427140492,250,983
1116927219695127568,250,726
1116930231790877712,401,1640
1116944603082675265,D09,525
1116956583540278663,701,3506
1116961730053926359,701,3526
1112422943507152895,A27,488
1112428943920033310,L29,2581
1121082242645807038,137,107
1121084506733937234,137,123
1121085081120589834,D22,169
1121085931719332414,137,125
1121097388919060794,M19,33
1121098794146870631,A27,822
1121673693861808064,633,700
1112435683945505646,A27,488
1112445207875785356,A27,488
1112474208194512978,224,793
1112521342674312346,G06,560
1112530043994749894,L06,482
1116968235116811334,701,3327
1116980599219165405,A47,673
1116986059041927579,A27,530
1117326207587983417,F12,226
1117348562410002593,230,175
1117350487164620171,M16,430
1117392950529887686,M10,277
1112944929336437834,L06,392
1121771929571655131,G33,312
1121796716965999635,S29,607
1121858306063246244,A25,661
1121908053293137461,H06,329
1121981426388504295,M10,464
1122069073279197774,630,479
1122072466892127468,630,228
1113018441358108311,Q03,177
1113019757148804965,A27,378
1113030110156474204,A28,420
1113030168317078062,A27,378
1113047751823435876,A30,285
1113048051231581389,A30,285
1113051250641981233,124,717
1117406325382308439,B06,590
1117408615752781344,B06,542
1117411104238983342,B06,4529
1117458059379181331,A47,673
1117496740720620113,A25,610
1117512108535863744,B08,560
1113073401939237390,A27,378
1122265328870455427,A17,433
1122273406068231545,A47,444
1122288365281690203,133,794
1122341264871250207,A27,554
1122363436937093697,A27,284
1122376994681674148,A27,473
1122461403861166485,A27,368
1113088052713757132,120,346
1113158950244251541,A44,537
1113172571561700595,A46,392
1113186084971222904,G26,413
1113258559882130112,630,379
1113279088764300219,251,1881
1122482629886469254,633,497
1122491867192041810,628,348
1122517963920692180,711,848
1122532916182362889,708,538
1122540038944566836,A47,827
1122542601453748725,L20,826
1122575256700615814,A10,346
1113290108800873108,630,243
1117520708516978979,J15,347
1117532744097489604,A27,508
1117561089485142851,A47,673
1117575469976164572,A27,124
1117721798584451198,618,476
1117859419184943659,638,320
1117935917476687376,714,547
1117959264674169314,M12,273
1118148174507368445,222,355
1113463250186485659,D43,907
1113767184980310341,J30,311
1113825829090486677,M18,998
1113896863240020357,L12,207
1122780255479613680,602,4076
1122810910933359230,701,1134
1122824149047065852,243,969
1123058674200272789,712,129
1123062790203605218,L11,503
1123076422563764224,710,123
1123077365953960432,F16,217
1123139068980316541,H06,1192
1123155327289521410,726,660
1113975653556242121,G32,197
1113990710461644900,L12,134
1118173970575255817,A14,410
1118284154882166548,126,100
1118447284939729494,G11,1001
1118676440414345098,250,998
1118678033574629048,250,855
1119779223582471106,R14,70
1119990552003968441,711,513
1120033214936282994,F15,210
1114539686734458704,715,218
1114648940731264008,D39,1929
1114771396821136188,A25,881
1123155681198830366,726,660
1123178688100365695,J28,436
1123275389878502035,246,1634
1123291802006525572,251,1217
1123331749308769023,631,459
1123435135901431749,J17,760
1123474873283609263,L13,423
1123479976623636058,M13,391
1115238121412577322,632,482
1115294849933964740,R25,60
1115296316091602449,F11,673
1120120917663313525,250,2059
1120169656879720792,707,2447
1120186882723159230,D08,578
1120200726975912830,724,417
1120200764487842981,724,417
1120215751027046086,123,183
1115302659617044491,632,710
1115311624254150430,632,409
1115334437409198353,633,603
1115372362964057519,F16,256
1115380808111478492,418,4
1120267212254262726,F14,412
1120346290475424856,A34,275
1120348428508594780,135,274
1120350431112519928,135,250
1120370336809286836,G32,350
1120373926540312797,G32,350
1120374739634095349,G32,350
1120375458576488496,G32,350
1120376135115063153,G32,350
1123487480393660739,M12,504
1123508465565975975,M12,470
1123536669391233220,B04,1266
1123743459729686198,B04,1343
1123776431230095841,A27,269
1123784306015693556,R01,1170
1124126281825724517,A27,337
1124204389033268401,G33,312
1115471563998250173,R03,748
1115903542547996840,726,704
1115967878783497786,114,183
1115980846989416764,701,3424
1124515503871939606,G26,623
1124574711796175408,L29,1028
1124593153326057528,D07,187
1124679179837406747,J31,519
1124737195407142770,H06,389
1124763455906903266,G33,508
1124785781926662756,A27,492
1124822815836751434,A27,528
1124909486762704847,J22,395
1120407740838728828,624,184
1120411445974677115,624,184
1120414324364217815,624,166
1120417006583335748,624,184
1120419289800030647,624,184
1120525515285577613,A27,1191
1120554725921380231,701,1152
1120557503116264906,G09,1374
1120708927839982087,D15,218
1120914540069060744,R15,33
1116042385708833643,M11,1105
1116080980495306645,M10,223
1116238248246467589,114,360
1120914951050400851,726,660
1120915640151289132,A25,1015
1120916113978892056,A25,1015
1120950645849135201,R18,233
1116245822770307509,701,1559
1116529065414290664,G30,367
1116555539786039678,R14,127
1116555653879118965,A25,223
1124927353218071086,A27,591
1124945060516214790,A25,576
1124952055350894587,J22,492
1124979327324611288,G13,2171
1125139098078786312,R25,75
1125141139412549867,230,226
1127753693824936309,225,242
1127760258809080188,225,504
1116562418961095548,A20,415
1131357937601443396,230,22
1125224478670531330,A16,402
1125319724853414750,F01,1783
1125394067603414786,D22,726
1125396587745754932,G05,5219
1125396693234888561,M18,704
1125402679115844799,R32,577
1125454204459203690,225,111
1125471529511161183,707,2264
1125496033302845693,225,317
1131359251246177272,723,137
1131370992328703196,721,1307
1131389554169623234,B06,590
1127771435081987491,A19,548
1127780809107587152,R14,119
1127825761765238641,A27,342
1127829160757909681,Q03,258
1127869544979696720,A28,386
1128086130426522034,Q03,458
1128086147457445373,Q03,289
1128086155487117700,Q03,328
1131458412663503638,A46,682
1131731418453124755,247,3547
1131804461707241703,701,2427
1125647449838700909,131,170
1125700027098239450,250,848
1125931126069578400,D15,306
1125932164853722753,A44,363
1131850403606204027,F14,316
1128086190895642702,Q03,447
1128100770879732846,G12,369
1128123045687998364,632,220
1128123539848789678,129,193
1128141852228986763,R15,290
1131881270491233607,A12,393
1131882333761849972,A10,361
1131888181139772396,A10,361
1131888962475292890,A12,365
1131890281950917866,A48,884
1131893557656442392,A12,177
1126047181362612516,F02,697
1131903840207473600,L05,480
1131928128991752349,A12,112
1128145408411182795,R15,271
1128146427186237718,R15,266
1128147919524464105,R15,320
1128271703183585451,J16,179
1128290579418865013,F21,308
1128323155742982777,L11,558
1128348809406074738,725,178
1132053250279638945,H03,3196
1132182913168109059,A25,185
1132303429135208251,A27,739
1132443321030696239,F26,559
1126050815312115722,123,183
1126052924442652990,123,183
1126075657490554047,Q03,185
1126079789337906197,M10,415
1126085274679148461,627,255
1126092277413709536,Q03,265
1126100895901778255,627,235
1126106648674787077,Q03,373
1132562970181176758,L29,2013
1132568650618412962,G28,863
1132595760648458557,723,269
1132597607837256164,723,265
1132597716790457917,723,265
1128359432253229131,216,505
1128406823045262884,251,404
1128408755712383279,A25,794
1128957058125592930,715,321
1128974197538669137,L08,185
1129016441448820604,725,218
1129017549247571973,R16,48
1129018472325857606,725,203
1126163691986174137,R35,467
1126206544537300215,G35,283
1126301595049779339,726,649
1126307743071754670,A25,537
1126546713333778601,G09,507
1126602892983015449,G15,376
1126672026506678194,L26,257
1126734893712907790,418,99
1129023585088317098,D14,150
1129024928327680831,126,225
1129026160340567973,A10,286
1129099998219661257,632,292
1129284665091805756,123,55
1129406858712912754,M16,606
1132613753602087142,F12,315
1126768898291189419,F01,6099
1126771159296447415,M18,194
1126795233828622215,A25,539
1126809626612191460,R06,1362
1126814011677133203,A31,237
1126828940822383104,A50,294
1126841815721111245,115,73
1126849697330062763,R18,111
1132614016108595116,F12,315
1132696153002407234,726,422
1132725585850150695,636,390
1132730275548268631,L13,194
1132855911634500020,242,313
1126851781829119824,630,75
1126867035259816155,633,497
1126873772309611321,628,348
1126900280304882697,129,398
1126910409710723455,Q05,224
1126919451935895188,129,432
1126966099045953731,133,245
1126967841699237411,A27,595
1127032923251167783,M19,197
1133096611392702259,M12,156
1129601269644684197,M16,656
1129675421613511516,209,701
1129703035300362946,R04,165
1129725561862377757,115,365
1129863613393533259,J13,460
1129884166388336939,B04,1157
1130352927661347785,247,5008
1130359890267482188,247,5060
1130408086684008463,M05,413
1133194385011113169,M05,240
1133236247856205260,A44,363
1133368838042195395,G28,248
1133385001583250973,G30,387
1133425427934157761,L10,356
1133442050009143598,G05,1343
1133497996163042147,B10,60
1133615168029545428,242,290
1127050892290534116,F01,3071
1127093495237855564,711,405
1127256032083822858,A03,318
1127291535165894031,712,442
1127439245762741580,631,437
1127442941688125871,630,194
1127492187924840140,A25,404
1133798558570448077,D38,640
1130426604038596371,S31,1414
1130439831728803694,A33,362
1130487141779723920,A30,692
1130500597508501445,D39,598
1130512636246238678,M05,241
1130546708132687453,M05,325
1130554947591177764,226,488
1130564683296642125,242,292
1130578873525622134,M05,337
1134279829927555746,207,933
1127567482124798458,723,1189
1127572102033971269,244,318
1127580588045182893,A19,345
1127585604540738152,119,744
1127589031357915903,A25,689
1127618972927429118,F11,652
1127629210723794052,A25,431
1127654951906502258,631,273
1134848362047275405,S23,752
1130596201693517371,225,552
1130709970011553279,247,3069
1130916874131243610,D15,278
1130923261190076903,L06,1078
1130984920779090952,M05,197
1130990210853399562,A16,251
1130999315453942980,M05,220
1131053323791104321,A27,560
1134900809771751391,250,724
1134904030957348245,A17,422
1135001473807903281,S23,433
1135132969725003434,A60,791
1131113740999058953,133,79
1131114026156037226,632,346
1131120295543369637,F14,640
1131120552108388018,F14,640
1131131648155667701,R21,327
1131158979066369341,G30,71
1135404412261240153,701,2431
1135498795806614404,632,776
1127656056268893557,F02,2534
1127673494764492728,J29,649
1127675205194230132,L14,636
1127691066317540610,122,167
1127744374249883129,S22,9865
1127745978749029148,126,121
1135641471808906754,R15,23
1135648739079725143,A28,312
1135507718137636738,632,554
1135518772607470810,632,533
1131176984014963656,D14,173
1131177509430293941,D14,173
1131178947992015517,D14,173
1131179428466352949,D14,173
1131183235250331590,M05,419
1131184574459872895,R15,256
1131270139005803250,626,193
1135525468359626789,632,688
1135547842630964371,R17,155
1135551312105589917,632,66
1135553540868223490,623,117
1135556506085545489,632,649
1135563305973038248,R17,229
1135579518870410397,247,1480
1135655434873218405,119,336
1135764584124579607,B12,517
1135971694166443312,J19,607
1136088741033887491,L20,627
1136092230819613097,F14,286
1136151512842150679,Q05,386
1136174312971923211,630,116
1136213102649672641,A49,545
1136214050748057367,630,147
1135582748663487089,R18,317
1135604236237112577,A28,760
1142791797065037922,A25,262
1142793043462362541,A25,262
1142793852382997220,M09,201
1142799747235447449,405,649
1142807822816275667,230,303
1142821407662262251,723,638
1131276351983166343,Q03,488
1131289860288054400,L06,574
1139702111189288295,M05,347
1139765739288761497,122,349
1139788843133115297,F01,2768
1139789223673640272,M06,1891
1139807825597315292,123,351
1139832006209579248,S24,1699
1139885746712973129,624,354
1142849705524030617,133,291
1142851385321964708,G33,508
1142856922485617959,G33,456
1142907745550508854,705,1542
1136297072647779971,629,365
1136319298308384096,G30,302
1136448443454522771,J22,465
1136460388848342242,A53,572
1136516979028831479,416,699
1136519007142850147,416,699
1136788372396039808,L20,621
1143308111626740315,250,940
1143324733024967980,726,660
1143332975627271171,632,660
1139894296589296485,A25,175
1139975290224842576,J23,406
1139986631522158600,L08,824
1140031690403235672,A50,635
1140112176584547988,A27,810
1140339957176282992,G30,378
1140344954470239827,G30,71
1143344291552560139,632,561
1143371378287742784,632,390
1143375543937423684,632,378
1143391752328531518,632,373
1143481472804642857,631,288
1136892426650312343,724,492
1136909641159288895,122,462
1136943398805959285,637,180
1136944024472836101,F20,782
1136950633064920624,F14,350
1143481906122866645,136,174
1143580118584880290,M06,227
1143642080325430363,117,241
1143650097204344223,D40,770
1143803861226784005,230,242
1144113483663215512,633,638
1140385401734533968,L20,917
1140564304605952367,A27,402
1140577299073199594,G30,341
1140598072502860150,A47,585
1140603185018434730,A47,611
1140615348793654823,G05,4692
1140652168196606652,A46,501
1140656170513294047,M12,423
1140715017508589269,121,419
1140810318606716799,A27,383
1136955898324243841,L20,880
1136995206770405437,F01,4858
1137049282639602814,G30,270
1137070510478429149,H11,8066
1137240281631695584,A42,183
1137255018515797030,A16,381
1137287868719423017,244,318
1144198570094669308,J28,120
1144206955380638834,L06,519
1144233699949589543,J29,102
1144438489648240435,R14,187
1144890996664366449,H08,184
1145166858062709684,F27,370
1137453208885117817,L20,856
1137517639314874823,A16,449
1137553970040139348,L20,814
1137594916269802737,225,366
1137606587083290168,D04,1754
1137614642795418866,244,303
1137621358187674705,G32,110
1137622612757446323,225,293
1140869013339984093,Q03,203
1141227954744031546,G05,3589
1141259813165182278,J29,453
1141268696977589275,120,367
1141309872692483778,J20,506
1141349080895281223,630,324
1141353184138318990,630,251
1141361682610337691,630,280
1145598121586539538,A25,889
1145626712233091968,R17,174
1145649837286129108,G29,511
1145716883000400366,A25,611
1145818787251204992,131,166
1137658465928047088,225,130
1137659690270773991,225,277
1137707637749446979,Q04,391
1137722591602709096,A16,449
1137753306931860819,G09,1536
1137760572803491439,119,483
1137786264388228199,633,117
1137793130549341723,724,183
1137818063784225355,630,349
1145888860384716703,G36,85
1145944282509017215,A54,423
1141366852353337785,630,282
1141375785847953036,S30,2495
1141376911262231407,H15,1794
1141449395638467836,L20,886
1141458748649715025,G28,875
1141528742817186587,S23,8401
1141539180238206678,S23,8118
1141545946910311364,M11,1173
1141618421747635009,301,578
1146409808397284516,123,375
1146410005818308220,123,370
1146410282056282466,123,178
1137824054196052553,630,353
1137833103701536201,630,229
1137840200145948134,630,111
1137884051828743509,107,622
1138212263332920772,212,220
1138217480030587150,R15,352
1138217481800713016,R15,352
1146466286883568385,R18,100
1146548371745388992,F24,743
1141624463407635141,119,384
1141627415924262429,M18,932
1141804759863805148,A28,129
1141927569477964889,G30,183
1141933195856435819,G30,199
1141963099135559051,133,453
1141969613730032715,S22,10156
1142003088797954533,230,244
1146548462465101629,F11,663
1138290291631438451,A27,270
1138301742231954525,R18,77
1138337785334485033,R18,91
1138369146868364801,B10,384
1138430546954452150,A17,405
1138480504032443313,G26,755
1146571352375076866,G21,126
1146649619326108208,F01,6789
1146753108357926642,F14,278
1146753963938449419,F14,278
1146754863160664320,F14,278
1146755569241845248,F14,278
1146756223531642681,F14,278
1142018733944392304,118,204
1142038285243709888,118,204
1142043133585228540,118,204
1142047894523674386,D17,386
1142048721696770947,D17,312
1146926015197516568,L08,323
1147037716231719858,A48,596
1138551794674279547,A44,146
1138585505172289456,A28,444
1138592729866407631,Q05,127
1138752144048383838,F01,2122
1139008430728083402,A28,284
1139140865784011331,A42,255
1147084611473924738,D40,770
1147105878156327722,724,435
1142078382465058620,118,204
1142080924452624277,632,601
1142085197774447875,118,204
1142086480006759842,R14,199
1142087238661118683,B10,311
1142087725147585570,118,204
1142125676070008126,G33,441
1147111206126339499,133,301
1147166519515928855,J29,266
1147174224210375956,J30,287
1139287892776789560,247,2083
1139331688098032940,706,306
1139399302559935460,249,50
1139430167198224176,249,143
1147892350721430711,M18,1207
1147968412058939491,120,245
1147974017020054965,118,204
1148041351436795250,S19,7815
1148094768180137248,709,1388
1147177261454074491,J29,131
1142128655151068091,630,351
1142155781946405822,G18,213
1142244830562885349,D40,255
1142270446696234041,M20,106
1142681820200998913,249,115
1142686260926610730,G10,456
1142696611253427494,120,367
1142696894619785145,726,753
1147185172899974347,A50,268
1147198162516197150,A51,225
1147218769509078911,A27,377
1147340630941716425,701,1427
1147350900299584007,R16,122
1142697438825138126,128,283
1142697816285277796,726,660
1142710890420273676,A49,528
1142713791029870240,A49,542
1142715650032375010,L11,631
1142715929556950252,A49,769
1142735795274193087,Q05,485
1147706571147821466,F14,278
1147817758934173845,209,228
1147823097401173414,120,171
1147859866270196088,118,204
1148183217012999555,M06,716
1148183574112155222,R28,421
1148415583851225843,A49,170
1148462183776298043,R15,299
1148611065583492998,D30,444
1148688437614934754,L29,3191
1148779217624178102,R11,337
1148864142240704311,M20,305
1149338835484550957,120,353
1147863063940754978,118,204
1147870497747276265,118,204
1147871459389748096,118,204
1147872470762119662,118,204
1147892086093669724,M18,529
1157399898282114126,G33,650
1157429015649374719,A28,230
1142764800512125542,D14,163
1142790543231864809,A25,262
1153517334106910814,M12,66
1153533053567933397,M12,308
1153548171936926861,J28,442
1153567629778120197,A47,599
1153687212909483910,Q03,358
1153751973176624412,633,286
1157486936826235879,A25,496
1157554658213927191,D17,215
1157613893781912488,M16,428
1157713808050113417,Q03,202
1157776073200375890,J30,369
1157780677423182643,J29,129
1157785717271804943,J29,200
1157790822975192961,Q04,662
1157792206022428693,J29,181
1157796350358599007,J29,350
1149358945522481760,227,209
1149504167645700330,A46,740
1149533863702762999,F05,2756
1149553821752634294,113,584
1149978601732480534,103,874
1150073620088684723,D25,313
1150083229376322051,114,344
1150106882765063811,J15,698
1150109731017852930,636,466
1150342805049279880,A45,635
1157900296383464296,134,298
1157962645994268273,F11,278
1153766722322961714,123,183
1153791643860208820,111,184
1153792941517217463,701,775
1153798184304538084,A48,851
1153814539476222987,M11,1168
1153860659602699823,L29,1426
1153922989441359237,723,562
1154008541926835914,251,688
1154270096498997357,L06,1003
1157978341548890561,M16,392
1157986393909875539,M16,564
1157991547915157626,R18,163
1157999417746123228,638,357
1158000575255458162,121,500
1158022700557265106,R18,231
1158031589091051555,F14,141
1158036284237494994,S29,1868
1158056628085190794,S30,1902
1158106320609887397,S22,10167
1154275281756359908,A46,592
1154370465868314728,G29,315
1154383032797794096,G05,4314
1154544392831607955,G08,1616
1154556782240510762,L05,850
1154933141935231582,A07,108
1155101211287750818,D14,346
1150631181740682174,F27,338
1150638721490604571,M05,285
1150660741401064108,S27,1763
1150713257734529417,G09,794
1150833779594577445,F01,1362
1150875449330438164,702,4856
1151064702488048108,A15,290
1151390937475548603,S03,439
1151393023661030065,125,562
1151431654090933328,L06,372
1158563900084850676,Q03,735
1158602474475474005,R11,390
1158620843038330028,111,226
1158633006776999397,230,382
1151435308346713862,F02,146
1151463058052789845,635,298
1151473664711556510,M09,365
1151487119349918820,F14,278
1151499997719966159,B10,270
1151504801901817607,B10,270
1151505327664465793,B10,270
1151506190677461772,B10,270
1151506272772375158,B10,270
1158653696748073958,724,348
1158653698325596710,724,348
1155251099918856396,131,220
1155316551298844152,A46,661
1155345060662921091,D16,282
1155363801092917565,D17,283
1155719449518235785,249,781
1155763709845759288,701,602
1155784674475160335,R44,300
1155804870556862017,701,581
1155810138136015385,701,632
1158653986677506132,724,348
1158653996040798180,724,348
1151506628188523331,B10,270
1151506714844753551,B10,270
1151545684873519779,F14,278
1151556536294453241,118,100
1151571133343534415,118,164
1151572387742547998,119,292
1151641178583790381,245,241
1151677783276124826,A25,156
1158672341831924192,A46,427
1158680903426144637,G30,362
1158822239391648858,D17,397
1158825833686353392,J29,374
1158940967802757920,F20,565
1155823259605142586,701,1996
1155863900283575485,A18,271
1155914477966679546,629,420
1155943556816365963,243,338
1155994208421380936,A27,517
1156028699995113494,A42,228
1156066855878419848,R27,171
1156080303867289962,633,253
1156391923343194437,A28,489
1158960139571760268,712,602
1159053260701230398,L05,279
1159193211874959099,A14,415
1159567713560424533,A49,702
1159572565512139804,F11,481
1159654184769414055,A42,571
1160218866802928798,L19,511
1160246264827815824,F30,640
1156413929372688840,D16,283
1156462085300017461,A32,64
1156547137661347824,128,190
1156548485842085217,Q04,397
1156554847207826030,L24,561
1156583884030132941,701,823
1156584272379624601,M12,199
1156590041510204284,M12,264
1156595301791417164,701,666
1156596405309092483,701,876
1152019836429548341,A50,870
1152028214696276847,621,344
1152074221651701076,M12,169
1152113190559817005,G05,3891
1152163162253009863,709,679
1152188439826811813,M12,255
1152220111599220373,A25,1015
1152230381113264288,A47,1133
1152282136695232926,250,725
1152372080092135348,A16,422
1160255881835697589,A46,562
1160843985069887115,G24,182
1160873118733792455,721,1068
1160898704380271176,A38,60
1160903898505246627,249,445
1156608191302146912,M12,217
1156614671118327928,A50,646
1156623030616375944,250,276
1156624883087167208,230,80
1156626647562706196,M12,267
1156634111402023473,M12,308
1156635783015189633,L24,543
1156658607250716102,B04,276
1156713518442743761,250,157
1152384221084514461,A25,329
1152656109641800120,256,471
1152818845305564558,725,387
1152829134880423280,F14,278
1152916387786747741,M05,712
1152941731563673838,S23,8155
1160995402775468662,F21,467
1161162511910235062,120,340
1161426638357282571,Q05,579
1161520987145992311,F21,397
1156823160048267908,A27,395
1156833200612630293,A25,522
1156852367898738067,A27,387
1156886612042523980,L05,182
1157040148180663731,726,753
1157155043074005989,F12,209
1161590328282171804,A14,247
1152972711471489007,244,647
1153007572981814487,F01,4025
1153050874387520798,M12,149
1153177258823904185,A27,608
1153482204109450518,726,753
1153495062565533782,M12,144
1153499916455672831,M12,110
1153504728938516631,M12,145
1161593459916217073,R34,389
1161729885598198479,624,539
1161772077761598439,G33,399
1161779657540201044,G33,477
1161822622018802289,J22,586
1157225606391311395,F35,484
1157225718519495014,131,186
1157263921116889885,M12,65
1157267753536374358,L06,84
1157267936077909423,A18,186
1157271265304327587,A16,228
1157276044203998487,A17,482
1157297291730536711,R15,256
1157308171198779853,H03,3304
1162353501828814676,R18,282
1162388170239022463,901,197
1162391790200266813,D22,256
1162392324462030686,A51,356
1162395989077494138,129,184
1162454771886304951,F16,280
1162493514532718062,S03,732
1162710706127095172,701,482
1161852019227175942,L05,326
1161889907204990654,A27,471
1161936484532127046,Q05,530
1162216364912070685,M08,330
1162337451138273333,R05,667
1157321297978459399,M16,620
1157373408782735382,M16,422
1157393518555887737,G33,462
1164393970839309768,R15,39
1164397765912921148,A28,314
1164399011166310274,A28,127
1164400419901369039,129,283
1164402494958427969,406,682
1164405964932982269,D22,43
1164407117263572352,A34,23
1164565030503502753,M20,434
1162749997324124679,701,451
1162932792731478287,115,227
1162992033058456466,630,203
1163007631764086570,H06,674
1163013224800571269,121,295
1163017253722968270,A18,281
1163066518449751474,G12,1686
1163145870484342215,250,376
1163149524222187021,A50,307
1163166716068854433,118,381
1164566211206487183,M20,576
1164567391190735202,630,375
1164581850521308915,A27,99
1164408917685437258,724,236
1164420087469524250,A34,237
1164421634018072914,D14,75
1164426282310884590,630,156
1164426977543444217,M20,320
1164429303690491159,A46,562
1164429919508290807,A34,130
1164591122843061799,D18,244
1164594968242077315,632,237
1164596839600776831,D15,102
1164607809066730258,D16,481
1164609333463855712,B06,271
1163198691605211545,A21,316
1163348496077881452,N09,563
1163491869958497782,701,3068
1163618939151862558,135,132
1163629234404720926,A28,400
1163671725578277797,B17,391
1163763415369886027,F01,7192
1164612423343111099,230,125
1164613621057835448,L01,355
1164432160635370458,126,115
1164435243049311420,D15,121
1164436377630805405,R16,274
1164438770781164753,229,268
1164439829773373254,R15,90
1164441595020945889,J22,447
1164442394843814685,129,284
1164443892993949162,D16,463
1164446078104777601,111,402
1164615074749935863,634,346
1164621166184890014,E01,155
1164623923675508142,A27,280
1164625573454277877,A28,463
1163848611106950273,635,329
1163849852039919287,D17,315
1163851951779803258,D16,256
1163852990365613427,R14,202
1163854338221462711,D14,165
1163864921183799771,R15,37
1163866051735058324,139,373
1163867106425109437,139,164
1163869754884823105,A27,141
1164631311126145444,A27,292
1164633949667681538,A28,205
1164635362983056426,D16,430
1164448457121007291,D17,428
1164448591732716671,901,413
1164449999292004260,A27,512
1164454452247459417,726,698
1164456848931444482,724,270
1164459563387039342,R14,174
1164460846044231027,R14,146
1164462357502102946,R15,121
1164463658104314696,F12,152
1164466950268464990,139,402
1164636954736202013,723,245
1164638164170221263,230,528
1164639045565578238,230,218
1164641596674247169,726,331
1164645610394278309,D16,474
1164647752160153661,A28,428
1164648836632978502,D17,206
1164650096614641823,A28,418
1163871326842309086,R14,79
1163877488114193371,137,217
1163878553682176270,R23,22
1163880842243234257,626,213
1163884331652036646,R18,126
1163889878899595090,A28,104
1163891539133256672,125,24
1163893965829369986,129,68
1163898717571709199,B10,213
1164651651997291322,A28,337
1164468044516579619,639,70
1164468732287877882,M19,250
1164470878211338842,724,521
1164472047194496194,A25,181
1164473709410069733,128,375
1164476491804114417,M19,134
1164478436486761196,636,337
1164479582203629530,418,96
1164485647522117780,633,311
1164658730498689648,D15,291
1164662573746157172,R27,28
1164667077434327397,901,54
1164668933392585257,A27,320
1164671102859042668,A27,346
1164671590352488149,A53,343
1163907366323294743,R13,161
1163909514395111317,723,411
1163914271974601375,901,168
1163915012094708135,901,174
1163915727550134213,901,200
1164312536849580406,631,466
1164313888143890715,230,151
1164315498503909485,123,342
1164316660371174759,R15,249
1164318023536072708,R13,305
1164672747887834267,R15,153
1164675356640434495,A28,168
1164486843668737649,A33,304
1164488054119583191,125,340
1164489212500246146,229,278
1164490127575723417,R15,299
1164493728333417946,E01,114
1164495582863458314,126,140
1164496132693263438,J22,480
1164496693303184208,R15,240
1164499581337342828,725,204
1164680484815098301,R22,115
1164684360365826817,F11,165
1164686900593500041,726,393
1164324248101922983,631,392
1164326424743724303,631,537
1164331265986209961,R15,117
1164333561779529154,A28,203
1164334861926688548,R18,108
1164336464839749747,902,227
1164338948809180401,R22,268
1164340790960822565,632,217
1164688982496495725,128,149
1164691637811695160,128,304
1164693843405529682,R14,184
1164702375199891120,138,745
1164704093733848793,631,420
1164705795990206436,138,186
1164708161090667537,A25,319
1164342105088851553,R14,106
1164345854967472625,902,111
1164347072320353656,633,125
1164356214913931968,D17,85
1164358724133820196,136,269
1164360283856578643,137,102
1164363487343155909,R27,176
1164364891023907873,633,221
1164370981106639916,A33,60
1164501164488348129,D14,229
1164502437381406896,R14,79
1164504163027712009,125,236
1164508379062773033,A49,578
1164509693060171876,R18,241
1164511609579463922,R16,220
1164512721184646213,B08,241
1164516777855303109,633,403
1164517927085105862,B10,302
1164522261272081050,R18,81
1164710740179782741,126,57
1164720768101407044,D14,140
1164725978874743894,F01,7382
1164830197529690298,R05,399
1165058914827056544,134,90
1164374500997372987,138,237
1164378806401918488,902,201
1164382457357632571,637,201
1164385251123133334,A25,185
1164386880933154282,F11,772
1164388234184134361,229,163
1167141886292193505,724,440
1167214519855150680,J23,523
1165148742023905837,406,647
1164523553867005327,R18,143
1164526551554310303,713,292
1164527054552478855,630,358
1164528276112339556,A27,227
1164529533784253797,A25,948
1164530617421203682,L03,133
1164532995322272238,D17,316
1164534747213002769,A28,695
1164535892671633869,130,147
1164539918808781057,R18,147
1165908700741086605,L06,664
1165965036051271935,R17,185
1165973337523216360,137,27
1166030843706237712,R29,94
1164540924229901578,631,226
1164541980838486766,901,142
1164543066659989998,D15,220
1164545933468216311,M18,78
1164547839140975154,F14,277
1164549583523150661,135,482
1164552086771109269,A25,264
1164553675998388792,230,344
1164562487359649155,122,262
1170607520338340546,F01,3500
1167230963185461637,J22,466
1167240334295469098,Q03,459
1167269819629271408,632,421
1167302392870990995,123,291
1167308666261923584,F01,4319
1167315125357515033,723,358
1167325491094087654,A27,886
1167373933181365264,D39,1167
1167434359005498700,114,291
1166041689726365134,708,290
1166084149211199170,J28,751
1166090512207969562,A47,218
1166118086665626216,121,383
1166236579959792387,G12,494
1166331208055704470,A48,311
1167497202429395190,724,442
1167557595302835607,A27,352
1167604944642105182,726,831
1167617970736141643,134,198
1167693321211855020,J14,625
1167837313703493463,R08,204
1167875540709032206,Q03,513
1170616948195206910,M11,1258
1170670494932737213,247,657
1170920508595976697,R14,299
1170967759871837750,A27,400
1170996373078796198,J31,842
1166464491625283879,L20,885
1166473177332534269,L20,622
1166487900438773424,D14,116
1166488176169276230,D14,116
1166492436356509163,M19,356
1166492712162142489,M18,267
1166594130384064621,A30,511
1171012769356179541,M20,575
1171048735255126040,252,1324
1171092946447246095,250,1479
1171095609819278085,S25,1343
1171128417170687013,S25,1367
1171165805793847671,J22,438
1171189068797057776,633,220
1171302136820753355,F22,1576
1171648490889909084,229,168
1166668321004872851,627,311
1167975742517801891,R45,338
1167995766552835416,L24,303
1168007906284515694,M06,896
1168091987963126455,A47,528
1168168558442207918,L01,81
1168168738463898991,L01,81
1168168742111738570,L01,81
1168168869176627884,L01,81
1166708562651517657,F01,4498
1166742135280652647,R11,642
1166840541946090385,G10,1301
1166910890725314826,L28,1816
1166985304842363938,A50,395
1168169359485094237,L06,511
1168169423572347613,L06,511
1168300598293521788,713,349
1168612036616137137,F21,293
1168686341536062275,L06,715
1168703023053244573,L06,1090
1168706691983071846,L06,805
1168752743571994035,902,259
1171688712626235580,D39,1105
1171784193331667071,250,405
1171818396809847785,635,265
1171872299435239706,224,83
1171874826602261912,Q05,380
1171907062596212569,F05,1519
1171933170660463825,L16,439
1172038457820533616,213,575
1172052370876056188,213,526
1172258953400590172,726,752
1175891485820742890,R31,301
1175917377217904984,L06,936
1176109588788492097,126,98
1168899697914029586,624,62
1168901498789615100,L29,923
1168902661787805861,624,262
1168969419634851242,H06,829
1169101124186546477,701,1001
1169532841098522211,A50,169
1169629540857873226,L10,476
1176125517996489308,724,383
1176130241982516230,A32,396
1172259302904879588,726,752
1172273243555039630,L20,631
1172294590570526294,D26,742
1172359677808550406,R34,162
1172390447761210181,213,704
1172445787241483731,A06,539
1172462116711578594,A46,562
1172482872067209423,632,121
1176131434996346036,L02,128
1176132135273775248,D17,307
1176133169924674209,129,245
1169664704428291999,J28,268
1169852638825824951,124,1099
1169858168835395933,630,395
1170182963226148070,A27,365
1170230963118362705,Q03,539
1170255004454854248,137,245
1170322411304044778,634,88
1170382047568453944,123,315
1176163500569034058,501,1059
1176170832470740249,257,593
1176179381586469189,501,1440
1172519997987945317,G33,461
1172529886815492541,G33,539
1172532404226920761,G33,487
1172604671884928390,M12,642
1172630145811618462,A16,207
1172650352166849497,J28,235
1176243945930185898,501,1222
1176333848981317789,Q04,509
1176638362163293425,M12,321
1170382232743463314,123,299
1170382464922375519,123,269
1170428810365985606,R45,323
1170434064487997413,M10,317
1170435457640013444,701,2069
1170435534385420529,R45,323
1170440093103733601,R45,323
1170446381119755665,R45,323
1176683033732747760,M12,361
1176740268467522249,723,463
1176741119044320976,L11,118
1172674114375162597,F22,1933
1172960017227697691,R18,303
1173103794217373729,R45,323
1173108387029964187,G22,219
1173155686408356519,R45,323
1176742148306400947,622,844
1170447796069675601,R45,323
1170449637391846183,R45,323
1170451381770726306,R45,323
1170453307286952641,R45,323
1170458830141183381,R45,323
1170461052236041690,R45,323
1176750384195541501,701,839
1176754800801853827,633,418
1176754942449540329,633,95
1176757546948053973,R18,284
1176757652865351125,R18,333
1176759865231956032,633,104
1176759873820689193,633,358
1176767328774849157,901,275
1173178020006389735,R45,323
1173184225634950250,R45,323
1173206196468921603,603,942
1173233962500563626,R45,323
1173237288996322274,R45,323
1173239609371845295,R45,323
1173311301512116540,A47,522
1173383689278589943,Q05,532
1173460101239720433,H12,835
1173497139301669046,A46,554
1176767474837148726,901,275
1170462643049849090,R45,323
1170464440178951116,R45,323
1170560542670562358,F11,553
1177520082587526383,R45,323
1177521100394928099,B10,69
1177525113594178910,902,174
1177528855666992778,632,400
1177531789521067331,R18,185
1177545792823749179,A27,378
1177545900726840573,A28,560
1176791392931671935,L06,450
1176804219528001761,M06,83
1176808518687530565,M06,133
1176809653170272871,L17,386
1176810507885060753,L17,359
1176814766851875719,M06,215
1176845338133841711,505,529
1173823529622100600,A27,378
1173927882151572672,Q05,695
1174195807248067873,113,542
1174211243885753861,M14,273
1174252633024473480,A05,279
1174564154769071761,224,38
1174664876231706501,134,479
1174665140305981711,A53,409
1174667263549170049,D29,416
1174718247251405899,L14,211
1174723353117494997,402,400
1176853764246777285,S04,547
1177546147205287242,A27,586
1177567784657027719,230,305
1177570343471580040,725,233
1177571866340049678,F24,545
1177572288353147259,221,212
1177572288411761056,221,212
1177575235184236637,D16,229
1177577518403761449,B10,185
1177578101781081471,M19,156
1177580233239222771,D15,258
1176898163498109788,Q04,816
1176901814870516575,A28,421
1176907881225088150,G32,446
1176914325857764724,G32,257
1176918102119796554,G32,566
1176922294793822825,G32,360
1176923380417917170,G32,360
1174826843393810403,G05,2464
1174943992395900711,622,981
1174964254378036352,F16,248
1175393719848631498,721,711
1181933203630652428,618,258
1176936179607448594,M12,121
1176949977746491520,A49,538
1177588064060087641,D22,248
1177591637239485793,224,202
1177606089286884104,D19,153
1177676646194169912,G10,1767
1177889307568532709,701,2839
1178154547956921938,L08,473
1178171946295620150,R18,278
1178253752425538458,602,4118
1178254959604207601,G11,770
1178295540109394293,724,341
1177327595254297656,R45,323
1177359119693006427,R45,323
1181987846467897806,A27,884
1182028248963470615,A54,607
1182031921680617824,622,186
1182210505899484216,622,47
1182586492072132778,L01,451
1182647495771890748,126,163
1182652033696961033,D17,376
1182655880647889045,A28,704
1182681537144438648,G32,920
1177419977162681836,R45,323
1177433226728660401,R45,323
1178331702133034216,R18,302
1178333093852927243,A15,439
1178334038915821355,M22,215
1178358905663976916,G18,277
1178415715054715654,120,212
1178419798695341401,D15,258
1178421569168776033,M16,386
1178425983423625001,628,408
1177449988217037376,R45,323
1177450613427045889,F20,277
1177452325259429952,R45,323
1182703112092638753,622,395
1182781852786296651,R23,201
1182793483521637790,G33,807
1182830975526020254,A05,600
1182922585884725755,D08,734
1182959878956973304,250,1116
1183112253545124012,708,265
1183141749043589978,G30,101
1183290796056119188,R35,145
1177453509132101787,R45,323
1177454816617609897,R45,323
1178865375768074643,L08,323
1178901341144672363,L05,326
1178927151122557053,618,304
1178933042306831335,230,247
1178940573030278287,618,450
1178989990878285035,M16,775
1177461605461458079,R45,323
1177473168936527770,R45,323
1177476704781804039,R45,323
1177478027022642683,R45,323
1177479084776610930,Q04,502
1183310711479885104,R18,410
1183315589676371755,135,269
1183319735897163640,122,391
1183321390502234381,N10,78
1183368684574476418,D15,389
1183370733179749374,135,399
1183372612053771614,630,338
1183377231211268635,633,249
1183379533723856621,630,219
1183383003000927854,122,312
1177479478277828907,Q04,482
1177479778077102447,R45,323
1179020591478413625,D38,1507
1179118942440580801,L02,122
1179574566320269059,L05,326
1179739442698641990,M10,299
1179802084308327475,A44,646
1180249397571221491,G33,581
1180273104017259823,M12,269
1177481454077077957,R45,323
1177486926345069371,R45,323
1177494948724690298,G33,648
1177495468022051968,R45,323
1177500655441331249,R45,323
1183398239642738842,R23,90
1183404325423019042,A28,511
1183762663726036513,250,1116
1183775642432615818,250,1116
1183845092476337761,250,1116
1183857113573988855,250,1116
1184015420727050313,M18,194
1184015830488997500,M18,194
1180992438919861080,632,121
1181127097467285907,L08,601
1181127097582334636,L08,601
1181127191887492795,L08,601
1177504045631878580,R45,323
1177505327183162711,R45,323
1177516630169566287,R45,323
1177518149924973740,R23,96
1186229966064384156,D16,316
1186233886414085869,124,927
1186244059405953744,F16,419
1184039275691644753,R18,48
1184046565495262732,D16,391
1184059411658290965,129,335
1184065583313071236,F12,335
1184068565040974034,D19,301
1184070598813464152,R35,378
1184122380407824450,A42,296
1184148860887704578,115,939
1184156894635177297,301,477
1186246679940530875,723,319
1181138848303115257,L11,707
1181158581346560734,250,443
1181162507748278407,251,913
1181193436897014238,B10,87
1181206568781962298,L06,468
1181208177611881907,250,443
1181229422097746099,A16,299
1181265124323821772,M13,494
1186253206194178259,D18,118
1186267082991370791,D32,881
1186283652746445708,229,267
1186285429282188251,901,446
1186289505460428535,D15,154
1186291510965460221,D17,58
1186294785158223953,723,560
1184370244265419637,G06,1086
1184612752558618970,M19,255
1184614275534021178,901,335
1184617429166668452,F11,250
1184628514222287717,139,165
1184629864936417769,127,46
1184632004227393091,134,232
1184850726195119439,M12,585
1184916440282229935,D15,164
1186304102999419420,F21,590
1186381663958729439,L10,590
1186411363056506266,G26,516
1181270784355831217,135,239
1181271508575452183,M13,481
1181272879540445351,L13,322
1181305119926100979,L10,581
1181361798958547584,R28,584
1181394579984036414,221,517
1181553817145803852,M18,840
1181718274221782761,L06,414
1181822862889162890,632,409
1186490519371878480,A46,781
1186805962669590822,L29,860
1186894907130370127,127,42
1186895527783667273,Q04,210
1186897872833466048,R17,176
1186903416017684192,A28,230
1181829235133550373,J30,238
1189621467718975021,723,58
1189624020069286881,122,196
1189624444619088028,D22,391
1189624960113136394,111,222
1189626679659488681,F16,347
1189627104072017157,633,264
1189627566958098297,629,218
1189748843602025370,S03,386
1189811230878500547,A28,652
1184929008625749143,M18,336
1184991550363914891,301,701
1185101406435194073,503,1504
1185149496223072244,R08,477
1185156531210050829,R44,914
1185298315132795997,R14,331
1185302319609046378,129,264
1185304139295085475,A27,349
1185305951832532661,A28,239
1185401055995420199,707,1473
1186917190724228634,F12,409
1186920458341667614,D14,216
1186923187535506741,B10,96
1186926990527101195,B10,159
1186928155424479590,F35,278
1186956319722004438,142,51
1189811724962540290,129,228
1189812606516620646,139,89
1189813049510553866,R18,414
1189815988494380034,129,35
1189820404103982633,M09,553
1189826259396155402,D17,87
1189826674664169656,A22,42
1189827119365775359,A28,405
1189832856499476492,A30,72
1186965891928429911,D14,80
1186971337208734740,F02,461
1185470040103298988,S24,1671
1185607961337001665,D29,761
1185632698494973707,709,228
1185648435788792404,A47,654
1185848618818015934,A24,136
1186177119755365263,257,506
1186184887466565409,A09,326
1186206258613223390,L05,770
1186211307589561873,124,165
1186974941555002497,F11,246
1186980205962754045,A28,451
1186983929679899033,632,294
1186988763745622430,R18,219
1189833293292607643,D22,450
1189834379096940447,634,334
1189840575806259668,R17,250
1189845545039028083,129,306
1189847458496192396,D15,217
1189847911780845818,D18,66
1189866576794192982,120,53
1189890756474213661,902,369
1189891638501593308,230,251
1186996024281690777,D17,192
1187010760511968299,F11,95
1186221745572681061,229,395
1186225358759444675,A28,94
1186229473688871585,F01,3138
1192777768092030914,J13,548
1192828515848213902,134,748
1192899750875253463,A16,366
1192903501898923056,F11,421
1187011379475488112,A27,475
1187189107122379344,701,1179
1187203236481708968,701,1013
1187225034841477822,J23,707
1187229111817119034,249,550
1187403743415458726,A27,564
1189893799929838102,723,352
1189894271487681565,F11,242
1189894711332118415,A27,496
1189895166919687156,126,143
1189901839042752812,225,316
1189902329602432682,128,104
1189941244377806758,F03,693
1189948550106841758,624,111
1189950356716358755,A07,165
1190003667888457875,603,3724
1190027079723501790,A09,322
1187611508857108659,624,542
1192992425961186498,A28,246
1193005542763264121,A28,246
1193016130087171760,A31,155
1193068036013405081,G12,932
1193165462139630650,L12,324
1193185407305022023,A54,915
1193422349521127527,622,666
1193544361676194650,A28,594
1193615199080005457,J13,594
1193625058642108187,J13,461
1193643218257629313,J13,543
1187612697684877091,230,389
1187614420725323124,M18,158
1187671575907468905,F12,549
1193646665023875066,R31,475
1194220430573770348,J23,203
1187735121834143847,A12,551
1190049216981114547,622,512
1190239794540320139,A50,265
1190409231701709002,D15,114
1190411185465042007,726,642
1190411624778066464,B10,306
1190414718192430421,137,157
1190415199001853873,135,87
1190415652281018854,639,86
1190417717213226689,229,451
1190418190586588457,723,633
1190418735130553577,420,232
1187755743089598473,213,628
1188015017416675461,L29,1404
1188152660591876033,726,752
1188328691952819508,A49,716
1194298359415348242,A45,244
1194365050158760459,H11,950
1194458269999890435,H12,317
1194923183975939127,L02,99
1194952629145660267,120,376
1195127532287767150,A44,543
1195183575688322184,416,678
1188371603911979496,D15,306
1188372056540438124,Q03,513
1188374111579094447,120,103
1188378599808665872,726,752
1190720365754919235,F01,4773
1190765411679424297,F02,787
1190846125102630968,723,615
1191200874104195163,R21,482
1191240975339905970,137,114
1191242249658906801,R19,238
1191250949783508128,D16,309
1191251742126662583,L01,633
1191261637583240906,L01,425
1188405272107891640,A43,336
1188540254211520980,A52,123
1188610736196457287,F01,6690
1188687698590570988,G36,526
1191265993878404967,S23,127
1191268838016424331,724,442
1191269855152658541,R15,216
1191273268316679015,A25,77
1191277459027740241,F14,74
1191282094787106940,M23,306
1191313973454981443,A52,207
1191355645650409872,A65,504
1188765896977220359,607,2473
1195285672281327232,F01,4243
1195554348855678026,F16,56
1195574533966322186,108,387
1195687502937147063,122,572
1195786673178332789,R01,1196
1195877462949588986,M11,953
1195915665649727141,L13,425
1195933198989558179,622,730
1195987111459548815,S15,1588
1189090141950355435,627,345
1189119030022037306,639,87
1189156163386130941,420,263
1189181159693670770,H11,8035
1189243425411300671,631,288
1189245776466739977,Q04,216
1189268427790672748,139,151
1189281043249431147,F05,938
1189291449899303109,139,146
1196346309498202769,A25,405
1196371809643493350,A09,262
1196497464450421916,R31,124
1196497724931928899,121,306
1196575552910707199,137,289
1196581295094457018,120,334
1196582000611779239,B19,437
1196631230237452581,G26,940
1191369249744555798,A25,969
1191404739326003541,R42,200
1191438920665329397,F01,6089
1191446029077844516,G26,875
1191451705516917532,G28,536
1191497840686809606,M16,624
1192038715281934580,246,650
1192252482358672169,724,341
1192255067147043092,724,341
1192262845661602738,705,214
1189294356665369380,M23,452
1189445665503919899,Q05,52
1189607875105675383,D18,277
1189608306724069531,230,165
1189608984448418768,A27,403
1196675137374418456,701,857
1196970749315364301,638,224
1196971045286992063,F15,62
1196971303099836257,721,494
1196973839793088515,120,103
1204771167699076347,244,226
1205037267836955281,D14,403
1205042267607786934,L15,187
1205048660046515301,J28,424
1205049196183731564,A50,148
1205056344990896189,L15,261
1196974278615670318,630,362
1197041310752427776,714,203
1197069668924931193,111,66
1197074985686013715,A33,192
1197101749992180941,623,207
1197166479464460452,D07,867
1197179275483826957,120,564
1192680944233810638,633,405
1198004382087812087,J31,848
1198100494592953253,249,1336
1198500125276158572,M11,362
1198752324486006811,R01,535
1198811777002173044,724,341
1198827262061105728,J15,477
1198836111913663506,239,229
1205066411396278345,L15,198
1205073442837466959,L15,192
1205140193812403320,216,1065
1205407005547534596,R34,1068
1205444048123935112,A25,928
1199223583280378178,R31,229
1199316153670600111,301,820
1199474355907371585,A65,1576
1199659642466549233,724,341
1199664142068108422,724,341
1199925122294872339,G33,773
1197192193855074712,G26,504
1197202407680659490,F16,453
1197239116836336271,126,149
1197265023578360161,230,94
1197284752024889416,A27,674
1197301200332876597,249,96
1197553209237863604,401,821
1197671862542343289,627,683
1205761267577581112,A18,338
1205846917993439171,J29,285
1205856768223692759,243,385
1205882392275820490,J29,256
1205964796674918300,D19,166
1206087775759046433,D35,391
1197713677525733501,F23,213
1197714063298372139,F15,62
1197752800400457659,A59,560
1197797780686528978,D22,128
1197856347393328934,F22,1598
1197859177973871671,715,222
1206400888255924929,701,3081
1199986812961212112,A44,313
1200041523589313376,252,2294
1200095554682154611,G05,3382
1200238572259388527,H11,7964
1200272569093940741,214,243
1200992643181522271,H03,2425
1201021216831769703,M11,162
1201240426079642960,701,3711
1201356664154626666,F11,420
1201356959261424659,F11,420
1206481896594390866,701,812
1206574535966326192,627,253
1206599900300233850,H03,2425
1206606432001246647,701,864
1206607624557111677,701,816
1206607880457066001,H03,2425
1206638234808543597,227,409
1206646876876751990,133,177
1201396044908809476,D40,1036
1201402452557052662,G26,397
1201430587365403850,633,698
1201494697567501603,M18,477
1201497791734624120,G35,264
1201732576038059006,D39,1451
1201763683180096780,250,313
1201805249658735257,M12,809
1206794730066104766,607,3631
1210072001477754899,S24,7597
1210154367185131474,L29,2087
1210195897677380303,124,809
1210344755949601767,A43,522
1210376505050084910,624,111
1210389969928838331,S24,7652
1210405344971565733,S24,7506
1210411941311186494,A10,239
1210615469034170115,R05,381
1207237382385354348,R04,358
1207253678620673118,230,378
1207287715537380602,J13,467
1201829528892562305,243,273
1202074411142206871,627,379
1202280416181729899,130,214
1207354160354048378,F11,523
1207387145759617094,F11,523
1207455129932342740,A25,286
1207507693046187578,M19,205
1210985381930563242,G18,124
1211051853015973270,F01,4033
1211075863285668785,L29,1806
1211209752256027824,J23,435
1211253830721220762,R42,723
1211440603017197851,M12,259
1211450180362619428,627,379
1211450411456895613,F18,453
1207515697807688165,M19,185
1207519278056487318,A50,332
1207548217188818523,F15,209
1207585830368402592,110,479
1211527213766088409,F11,513
1211539828374899678,L06,692
1207806421010100811,R18,302
1207853186170107041,B19,876
1202281667370725866,130,214
1202348834470237181,A47,678
1202485121125019732,708,269
1202758098779011307,A17,291
1202792274113175634,A17,311
1202840148643068975,A46,605
1202855728088668360,A50,399
1202858312395834138,A46,605
1202874477964231897,A12,85
1207860637535148946,G26,579
1207896540094942291,M10,317
1207958356004096911,Q03,277
1207961923628995720,J30,256
1207976838916835904,J30,375
1208036120501815502,A10,224
1208074634862528983,R42,159
1208074934904626929,Q03,497
1202875708853118916,633,570
1202876770330689873,621,761
1202954717657524854,L29,1602
1203013581191133386,225,130
1203101908839088892,B08,156
1203223866662961187,A47,524
1203564246582112713,L05,326
1211608172160011490,J15,784
1211632114992944986,G35,940
1211672157763868406,Q03,503
1211677338133559626,701,1075
1211758820311009120,A27,746
1211771041566767986,250,1397
1208084207760074124,R17,233
1208096226725190104,249,1384
1208097123799971126,125,393
1208099973553742658,M16,963
1208183506604880870,245,330
1208353706940091969,701,3219
1208543720182634795,F05,3828
1208622670943587365,F11,313
1208640642572493071,S04,332
1203607162308243976,J31,602
1203665176351727628,224,336
1203710607479353731,A27,674
1203866180302079266,A47,649
1203920929030589683,D35,95
1203936636043065935,G12,1485
1203960244971828790,M14,387
1204302723720539452,R29,242
1204306234368960777,A07,200
1208666089545224059,F01,3116
1211817562712075496,G16,2408
1212264314233147082,M14,202
1212269139895265215,G32,837
1212276901648969170,M14,167
1212288924457892432,A54,845
1212347649197198907,701,764
1212347883190844815,B08,580
1212360154333639901,123,253
1212435254401889413,D25,363
1208771172890765736,632,411
1208795441380509881,M19,298
1208854716995723501,250,508
1208916458454949106,705,863
1209084126239624286,R06,703
1209393633569416487,R23,71
1204321560216273846,225,283
1204336780713356924,G36,833
1204422788764652410,225,24
1204424191855903551,225,297
1204424467253452631,621,1021
1204425369999207217,225,45
1204609949048309710,714,607
1214351541513386808,L05,326
1214466941250847143,R27,205
1209395778771475659,639,87
1209676112847837893,J29,485
1212477898608171624,F01,5415
1212582611903151441,B08,586
1212624750680299519,F20,504
1212893880121060294,A28,489
1212974872781808273,D27,178
1213027158255885149,A32,177
1213078962610312802,A30,746
1213137843027383282,F11,584
1213210056918462988,245,1748
1213242300952170356,F20,275
1209762126227348383,632,586
1210002564144340543,F01,4153
1210054863016150123,M09,566
1214471070419041932,D15,306
1214478155363843346,635,52
1214478558280402548,635,52
1214478928294155994,635,52
1214479406267736723,635,52
1218841378662582872,A12,478
1218845399095529002,632,465
1214480664229985253,Q04,80
1214486311067293119,626,183
1214486987250117811,626,183
1214487278089765906,120,367
1214491724973053663,Q05,115
1218891471303123283,901,350
1218986470947678882,423,370
1213288727949202646,A47,674
1213301762411378760,A46,490
1213364464605802277,M16,1082
1213384935138284062,A59,1012
1213425687995363001,A59,713
1213610526930326115,R28,167
1213627489640171136,A54,495
1213688904422343086,D22,307
1213689725021251921,D22,223
1219016339909757511,634,614
1219100207830329728,622,138
1219216760016753934,B08,788
1214492079157445918,Q05,115
1214492566511365282,Q05,115
1214492924370864214,Q05,298
1214493375312932244,Q05,115
1214495260309473136,Q05,298
1219585714107198771,G11,1088
1219603028752164840,A27,378
1219610547001943684,A27,450
1219610634967902800,A28,413
1219625120232103133,M11,1190
1213689867762090159,D22,181
1213689943023433475,D22,250
1213722628230527276,A25,310
1213731743454095862,723,1268
1213757375894958330,A42,610
1213762639596599602,R06,429
1213825465241975734,M09,330
1219630411170805300,A43,136
1219646524673933372,123,270
1214597720283848285,120,346
1214609022039143562,132,228
1214636499668232791,Q05,143
1214703376004678973,A57,572
1214733721737055618,D40,770
1215117964253947556,D22,208
1215125404349939405,A47,600
1215192926699068019,A46,959
1215224488371019100,M16,637
1219756010828425878,B10,94
1219761487691460780,S30,577
1219811049883640695,L16,417
1219815548009925852,L16,472
1213830900403046409,111,222
1213853309354315952,M08,442
1213866285243857575,723,332
1213869313778119278,723,491
1213871657453559546,J15,462
1213918539223846664,R01,352
1213938382576828150,J30,522
1213993998633059525,G26,808
1219818636390744151,631,500
1219972839146493519,G10,1298
1220219701909794208,F01,413
1220824017812826327,L05,316
1220949643970349162,G32,666
1215284534623966283,S30,3035
1215413949850091685,G26,798
1215457493984728693,114,416
1215828458765595564,J31,395
1215883954729701156,A45,307
1215930899551057941,M05,2284
1216035212519458837,A15,484
1216120758101271029,L06,844
1221005306336413485,F01,2914
1221075409723204646,R01,1136
1221111591131392265,721,302
1214007448847086508,B10,94
1214181323231993112,M11,144
1225745926945677821,701,2525
1225950099262765039,M08,311
1226035407815319014,J31,740
1226083765946770554,J31,675
1226237301132622479,A63,43
1226370528514229838,251,652
1221121511065735881,M11,1210
1221699855812557434,252,1980
1221732669615197799,221,704
1216186927652289717,F03,2621
1216441085886573375,120,233
1216557850438762479,F23,204
1216589648560398579,630,59
1216589694179074357,630,59
1216590799837992383,630,59
1216590837884600772,630,59
1221844217141658479,243,316
1226416679716855888,707,1813
1226755115355469374,F11,513
1226759364639190356,D17,291
1226759499890819869,D16,317
1226759753772948489,D17,485
1226762740359020857,F11,513
1226780451927503437,B10,96
1226785506608965761,632,410
1222086729226668669,F23,512
1222409533615093591,F14,166
1222473226143955232,A65,308
1222591481786116267,F26,578
1222649687906738325,247,1606
1222662611695705618,L16,335
1222792519379699774,638,45
1223011626105182643,D18,71
1216638378553440827,A54,563
1216800334136638204,139,138
1216854624177570316,L17,331
1216871952367896427,118,352
1216903455474154558,714,729
1217265622240705335,S24,7653
1217279784872684048,J30,260
1217325913584495563,A44,334
1217369903000424628,120,346
1217377258149578928,A28,560
1223036077341645395,627,542
1223121524988333841,D30,783
1226793157066719945,625,185
1226804576164978828,S03,500
1226812479353670317,B10,96
1226819691395177235,F01,6328
1226822606875887766,632,532
1226899584080273038,246,1430
1226906785020333029,J31,640
1226985080764794321,J30,493
1227011006426506312,A16,17
1227311058043740187,A53,616
1223189346800417421,S01,185
1223195720648219047,S03,410
1223219340695988918,S03,410
1223221380208595577,B04,195
1223222988707279431,S03,241
1217386314089542044,A28,560
1217394271595088216,D21,205
1217429430116095120,A27,378
1217437532742323475,A27,407
1217501306123181903,901,162
1217502258688003358,901,162
1217502811846938429,901,162
1217503067963212405,901,162
1223224171657956620,S03,565
1223325139649690258,F16,242
1223327845813883484,L05,128
1227420009397765852,L08,406
1227420261419374585,L08,406
1227524153620436301,253,727
1227727207761043237,F23,348
1227818000807916145,L10,355
1228208636927429868,135,439
1217657027463550966,F01,1619
1217677941637752924,L19,474
1217745573483593183,242,245
1217932701715838628,721,875
1217938964570924766,A25,254
1218036824082270852,630,59
1218036870155600991,630,59
1223365066145591672,L12,513
1223778708547663301,R03,900
1228208840794867363,134,517
1228208873942226530,134,517
1228209041418823286,134,585
1228209227100908495,135,422
1228209499513589730,134,380
1228209537665417176,135,448
1228219156600528452,A60,1982
1223873298455113347,D14,54
1223908931949225892,L08,762
1218109174586796300,A49,417
1218127598324156328,A25,428
1218133204010939684,G05,5112
1218143744891084758,701,1019
1218149139595159967,F03,2877
1218187857380288354,G26,748
1218284328178874456,G26,748
1224070827522419491,D22,185
1224072616282673348,D22,149
1224073554655958276,D22,376
1224074648512628836,D22,407
1224075612952225334,D22,383
1224076540419059623,D22,694
1228345176676845327,633,288
1228359645034743662,A27,981
1228504657201317846,724,341
1228535553011702685,S29,4112
1228565276593542354,724,341
1228568404001669036,A12,222
1228572518384548374,724,341
1224079069637556316,D22,252
1218439205588842717,A49,453
1218692786582615835,R34,106
1218791045034994904,123,270
1218791392477263589,123,340
1230800439159310475,623,858
1231135197361698767,A27,1133
1231144645173836006,701,3102
1231269602290601306,D35,516
1224117475056038174,A57,742
1224234711493434544,R27,329
1224383436224814398,J17,496
1228576821149395610,F07,5613
1228599179307348312,G26,67
1228964974938045346,A46,734
1228989876364419183,R30,928
1229023902731509556,R17,262
1229047776128463972,L03,332
1229173157354393413,R20,160
1229178980884808089,R20,135
1224416899415264230,J17,323
1224701359485705064,H11,7580
1224933353394487480,A27,315
1225482382890787487,624,684
1231278871716422945,L15,2257
1231813822543642860,D03,196
1231928660362309154,252,1487
1231957944915161552,714,390
1231995208523823326,A48,407
1232143141342015494,607,780
1232163018849381391,A59,89
1232165228974075906,607,992
1232501562663810691,723,1161
1232521814491370029,M16,590
1225491538755543141,122,582
1229182096342551645,G05,5233
1229523606564646669,632,601
1229657495609120588,A33,205
1229669742898309870,L08,363
1229670048587573999,Q05,359
1229772502643630464,B18,397
1229818908920654651,503,579
1225499106662965922,122,372
1237094641902152706,G33,799
1237100764139053201,A28,596
1237138206798698945,413,142
1237531266602752132,Q05,423
1237699083346080548,G08,1218
1237716908695660523,R23,179
1232581865724727224,L08,342
1232599503843799747,250,443
1232695767588000628,A27,354
1232728276466806205,D26,513
1232732872159054205,M04,425
1232800963475699454,A27,609
1232815754802641772,G33,533
1232821948424238577,246,916
1232863059744383368,S03,280
1232867486321886554,A15,340
1237717005881741151,R23,179
1229887426591375584,D27,209
1230157735855856971,J29,446
1230393548626498362,A10,227
1230413477536936223,607,2332
1230433383851013524,A63,231
1230456467253112427,F01,6848
1230464737360638283,A28,490
1230580157204357701,628,516
1230687238569474464,R42,596
1230779489579019010,624,599
1237717109706768815,R23,179
1237717109925539462,R23,179
1237794099370330947,F15,256
1237831424957816643,118,169
1237845000378373649,F02,496
1237893377105897865,630,619
1232894051628173440,A15,403
1232908276400918208,A15,168
1232916502749090159,A15,342
1232921272429417066,A15,405
1232921678813330437,G18,244
1232950687599154027,M08,962
1233214287379071861,712,1196
1233309290292582813,250,681
1237951547965118352,L08,439
1237994099610950743,F03,856
1243407948732318297,D31,775
1243416180933866042,A50,392
1243439250383188600,L11,286
1243439296025850039,A43,493
1243476091823121246,H10,849
1243539702549842669,225,297
1243589400344031947,247,1960
1243613478682097482,723,312
1243635476218013219,A27,327
1238331353606952943,R32,537
1238331693437400297,R32,537
1238401183990907902,G28,325
1238507870748166391,A47,729
1233319156706823895,250,263
1233319874863533924,L06,170
1233326596009922628,250,443
1233328623909953623,250,475
1233332599257101768,250,343
1233340604762036378,250,510
1233355840337744276,L12,241
1233457958842441455,A15,416
1233462337347072021,A27,378
1233462719021008458,A15,199
1233474101391079709,A15,190
1233479243095410571,A15,406
1238533278398374867,621,434
1238545750632884261,R39,755
1238576818025767122,H11,318
1238724380621296610,245,319
1243734903294281202,139,551
1243997709406510035,133,266
1244007458259952492,247,1644
1244025171453617668,D22,370
1244077967367254733,F16,244
1244098550844777484,H03,2631
1244129048202280762,M16,648
1244144325025062589,A14,286
1244147868043244964,A14,388
1238744170136593900,244,259
1239075154633998807,R21,363
1239161290493617093,R18,268
1239165143018334568,R17,201
1239165783186837235,F01,4948
1244159815865781466,D16,410
1244159884004281532,D16,410
1244162205661898758,134,257
1244162477105434699,D15,306
1244163083306831392,134,257
1244163261050221471,Q03,277
1239167862033952950,A17,303
1233550549684575733,F01,1621
1233585573686363899,D32,638
1233741840559332037,D09,686
1233970831850160914,A25,51
1234061754979115773,A27,378
1234105027643190339,L05,370
1234123060353875436,A16,289
1234175613083137758,A02,153
1234209733802234379,Q03,392
1239170788895555224,110,270
1239344245537554608,R28,480
1239358310773949092,632,67
1239370492697136449,F01,3075
1239374670682339156,J31,370
1239414671424190461,R13,473
1244163327486284104,632,257
1244167203417941890,Q03,226
1244172360761770239,F14,753
1244172937099805760,129,162
1244202479863579716,251,413
1244242128845640429,H10,826
1244250404861933619,130,202
1244250558089359943,130,205
1239422928791950948,629,180
1239425515849164865,415,264
1234329085499860302,L29,951
1234343699153118755,F01,1999
1234370192919720687,A50,285
1234371026530565179,A50,444
1234422817745850130,F01,3491
1234465798811057658,A25,589
1234694640935764120,M04,444
1234737114054544276,D09,1137
1234762276793313957,624,60
1239781634809396041,R11,708
1240067700548682182,M11,1067
1240092111834979846,A27,658
1244315762211523437,R18,279
1244325659318422349,R17,186
1244401509492552499,123,183
1244409531177023866,A10,196
1244411990744785743,R05,58
1244532200052395431,Q05,607
1244885664283966764,A27,378
1244896024095954335,A27,378
1244904404079639814,123,167
1240614215523695965,626,397
1240662626849425984,G29,343
1240781192769856007,M11,1075
1240902102261861994,G05,5257
1234858259431720177,701,3091
1234871801934577004,L08,851
1234873681397884004,902,369
1234877711816338777,L08,821
1234888929469835175,L29,1176
1234988439710147245,R04,1039
1235012082648629899,632,256
1235136988029309543,137,156
1235412119913701151,A28,228
1235717649151249045,G09,1508
1240907389087561186,G05,5586
1241073818947566837,G05,5647
1241089095491325338,G05,5642
1244904829341716761,123,167
1244924585626295916,132,248
1244930737046076168,M19,218
1244931205585338425,L01,596
1244937341611765919,M10,317
1244988330818654502,129,238
1245050972909588383,G06,333
1245053821067166654,G26,333
1245074983422827345,H06,299
1241258879158850539,G32,1106
1241285636941190175,204,669
1241470878700755751,104,818
1241539695216902236,108,389
1236158450250691279,J30,335
1236186462408809498,A12,318
1236397454655676112,A28,274
1236476356945693101,L20,641
1236543137465968084,S30,682
1236545710562306407,G29,399
1237082867457012401,Q05,640
1247928234767699938,J30,739
1247931213162783289,J30,704
1247932278114122984,J30,720
1241629765839746006,D29,667
1241669919430658505,A48,795
1241917069399816763,126,94
1241918143091745981,126,173
1241968742982202541,J31,486
1242103807595845047,F15,350
1245097254558133719,M19,218
1245103923139096855,M19,24
1245148474416526150,M19,236
1245603696489176717,L13,255
1245656021841386552,F01,4854
1245904390168923183,A21,464
1245995490957597198,A27,348
1246333806730901018,F01,2851
1246477580102196956,715,1949
1246746701180152888,122,484
1242163385364930816,D05,1265
1242207256270289189,L05,326
1242207711854330557,L05,326
1242258674913144403,F01,4492
1247933073835931310,J29,473
1248159401384477563,115,212
1248190326319487839,210,186
1248365350794545418,B21,668
1248425634913103767,123,183
1248484618363627439,126,87
1242656828526993845,634,391
1242756633514883112,123,167
1247082873380050094,A43,294
1247103719316451395,135,194
1247111384674319996,F01,4135
1247115723682800959,D14,186
1247181291079614574,F14,454
1247195031487319513,636,429
1247207074492505900,M13,601
1247207786541659095,M19,58
1242804070146614563,J17,547
1242814148085548720,120,346
1242867963366537352,A14,528
1242880777431441507,M11,1137
1242882784875044804,A14,528
1242898939814869156,724,341
1242903460753382148,A59,451
1242940147823631932,D15,305
1247214693823909580,L13,351
1247272707249663045,L05,494
1247283070924901790,F14,499
1247414956916920014,125,345
1247715348604700690,723,1130
1247794900160665355,H03,3259
1247827401872114514,604,503
1247844585999640334,A25,718
1247847303475217685,A15,232
1248566167772196141,R17,220
1248646776449745178,Q03,499
1248671291414510463,L29,1974
1248674042061607401,A25,970
1248720851139420977,Q05,798
1248798720285698620,D29,770
1248808568609496205,631,253
1248817705295925464,723,150
1242953196053247081,726,634
1242992636408069849,R06,117
1243047044449907230,707,2537
1248821335059498404,723,221
1248824845753108845,631,270
1249201891590319108,119,225
1249202254384207505,A31,1165
1249221352694050295,R44,716
1249235793270885435,F14,328
1249253866727209740,F14,364
1243080490327577364,626,200
1243401660585212279,630,482
1257659081038880456,S30,1445
1257828763203524581,627,543
1247847538765264332,Q04,495
1247847762064389644,A30,439
1247919738289121048,J30,422
1252461149484283550,L10,203
1252473971468254993,248,176
1252485144356502513,249,686
1252793209778995166,701,5317
1252839629281667582,135,192
1252843556740000464,135,194
1257875127716268832,A25,1015
1257883200240879706,130,104
1257889081334810242,L29,4120
1249258674237254109,F14,363
1249320025783707099,F11,302
1249322572045047561,F11,302
1249338724924728010,J29,587
1249409662573500520,F14,238
1249477930400947860,F20,346
1249482431689771441,120,244
1249651982564832706,R03,732
1249885081655471103,A27,327
1257965787766429833,R34,67
1257991437450284242,G33,313
1257992680408068954,G33,313
1257994489370208832,G33,313
1257996235267745870,G33,313
1252843728153387692,135,190
1252845138049056650,135,194
1252845557275195279,135,192
1252846561929748602,135,189
1252928881088321749,A14,426
1252937241248290711,624,185
1252942150076539193,624,247
1252967896060227416,134,122
1258003022689956962,D05,1424
1258103879781081502,H10,816
1249885103311069319,723,302
1249885477081983500,723,302
1249939338375173038,A27,129
1249966230347873454,A14,528
1249969797352459833,A14,281
1249971905956990261,A14,370
1249974916920533998,A14,482
1258122909837293497,A27,725
1258130810353429291,D31,485
1258139686313458586,A25,775
1258267990600001591,F02,1217
1258286995992026736,A46,341
1258294347905673882,R05,267
1258295273477036504,L06,1520
1253006232411378125,123,167
1253017414331444900,A33,211
1253045441873124439,G19,491
1253064537376878429,123,168
1253074284739739727,A27,329
1253076398641184626,A25,660
1253088466262113309,A12,461
1253091734438965862,Q03,674
1253101652315725220,625,96
1258426991060262313,B06,241
1249977185980752588,A14,481
1250049815657627966,624,298
1250089535035745718,A25,774
1250133397486432315,632,413
1250139580878125519,A25,440
1250152795136898699,L02,394
1250291976263903776,S31,2255
1250323975616368239,F27,379
1258549260606059097,M16,875
1258574977252189061,H10,409
1258624899903340471,D22,138
1258664088087992224,A28,420
1258687805056742619,M10,184
1258739292511720833,A27,1138
1258792412151502445,A27,725
1253138154486113310,A14,194
1253378851257541753,H11,8196
1253587843589977678,723,779
1253619776470486222,G33,347
1253626771130062657,A14,430
1253634057204199349,A14,430
1253635163488058718,A14,430
1253637197155495149,L29,1997
1258858445455928575,632,373
1258859657820234315,G15,249
1250351804101372452,F27,333
1250353717301520094,A27,583
1250357331523889418,J31,305
1250415588517175726,M10,386
1250548740591932183,623,179
1250715534465316749,J17,393
1250785543979843686,711,623
1250815585042492751,S30,6117
1250831859693051649,M11,182
1250959938354495705,F26,621
1251415914671583671,723,342
1258866065053266297,701,1659
1258889530774942457,R18,305
1258919640023695289,M18,767
1253648416568413615,A14,430
1253649844228478964,A14,430
1253661560227470722,224,486
1253669986791564318,224,486
1253727555237366134,118,442
1253795479147635729,633,68
1253914461496904082,207,410
1254249393302749237,724,224
1254252187259766388,636,185
1258971504982898395,J29,556
1258990448060451560,A50,386
1259035476102833415,J29,552
1259238929870324954,711,492
1259265744366657456,A20,483
1259346787743465908,R18,259
1251484612814010193,249,780
1252024900650856172,241,446
1252100033011584054,A12,409
1252107172468902649,F16,141
1252107560022918034,L20,661
1252131792844223502,630,193
1252151005018387613,Q04,1098
1252174863417428839,A59,311
1252199797400381865,F16,418
1252209961246992450,632,534
1259349297009465905,638,225
1259394932644320828,A46,973
1254363600722938187,714,524
1254401172970301687,Q03,371
1254481492952377602,218,452
1254493991007166372,114,284
1254540362963774170,A33,364
1254681143607226822,J30,425
1254917685336216399,A30,558
1255004447234170344,J30,409
1259446139253642093,Q04,201
1259559725948985919,R03,440
1259564174733473738,A57,2090
1259621317677057016,G10,1483
1259713131991061274,246,901
1252251482262825469,R14,70
1252258738988184752,A27,692
1252258959314332380,A15,130
1252259007155112877,A25,519
1252259291896453030,M18,1262
1252259294341438790,F11,860
1252259311602955441,L06,561
1252259330397175954,624,412
1252339728846204419,F11,593
1252413066242522626,F01,4429
1252451165029445196,225,384
1259717237108392138,F24,593
1259851855754285139,714,1039
1260146803649599371,M06,403
1260223701298387076,247,4920
1260236683261653180,225,543
1260295283243722997,S03,552
1255050913206140074,J29,494
1255128131468529380,G09,1116
1255183631506767909,H06,594
1255432859696709513,A28,650
1255710872456259651,631,262
1255803889784021915,A16,133
1255813344266385185,H07,263
1255885186796158699,G33,637
1256599480518963521,L19,565
1256696774596202074,A50,294
1260348460977553263,M18,1019
1262879523737843355,635,52
1263007440183197998,F15,207
1263037188459959385,A27,378
1263130277068338483,R17,282
1263149353051460149,638,104
1263194938888022434,724,155
1263227181565675061,A59,551
1263229055887420449,H03,3323
1260357463058911445,G15,409
1260362557327702841,J29,889
1260407153589761079,249,608
1260858320667905935,723,1044
1260915037346535831,632,644
1261013353272775382,623,426
1256820994229299628,250,320
1256904874797003635,J31,288
1257025240961774482,708,366
1257178258232634622,Q03,519
1257237404957183130,L16,283
1257240094966294561,L16,283
1257241136612819859,L16,283
1257242176597657312,L16,283
1257244380059919055,L16,283
1257269011676256585,G33,313
1261071280018778648,118,240
1261570682665197970,103,846
1263235831434918256,F16,169
1263249889177268807,D22,393
1263444991180968557,A27,116
1263621622649556247,A25,323
1263664664932631399,Q03,277
1263703137945370807,A27,378
1261574922893047594,226,261
1261637171189899749,632,601
1261651974409238620,121,324
1261823101160881526,S30,3479
1261897966427843773,D34,430
1261914911656674600,D35,518
1257283103113705433,J29,297
1257287972746351647,128,276
1257304036581998417,A47,967
1257352297240273118,M16,626
1257386613173444315,L06,376
1257406350179524959,A47,1011
1257569420132502272,G36,138
1257583000360481508,M18,765
1268229579050977079,A27,725
1262203902763910053,S01,91
1263758349868059423,L08,951
1263817435303552137,D22,176
1263836565731458704,A17,456
1263845056327420894,A28,489
1263864982013283068,624,570
1263883866701452898,F18,287
1263907024375050215,A54,584
1262229944679607254,A30,558
1262362961353389278,A47,387
1262392606853447214,711,623
1262445412425588191,708,2094
1263984426933497706,A14,619
1264002589926448873,A59,462
1264089062763645578,723,250
1264437085735166969,418,62
1264463097113457641,134,361
1262487468831421679,R04,430
1268235814477942581,G35,393
1268277011171339468,M20,155
1268368509915651592,632,588
1268375002268643154,627,253
1268379012796078651,701,3896
1268383579464213732,D25,177
1268430318506004901,L11,858
1268458604993664493,L11,767
1268464235583305425,252,792
1268465957703624569,L11,717
1262873258934648649,R18,158
1273321993626044585,B13,374
1273359886259634804,302,452
1273363423384435065,248,171
1273429017227572621,Q04,253
1273687924680616345,632,542
1273876665856413802,112,170
1268673634073031993,B21,1248
1268747298409857069,701,3736
1268782012785428865,M11,1127
1268814871935282244,G32,280
1268819838970808330,L06,802
1268855545383944589,A27,378
1268908647420768687,243,372
1268937459378622442,632,382
1273887750459953967,112,180
1273892061324035629,A09,140
1264487349748909151,A33,449
1264515289633071842,M16,521
1264544827056065026,A27,383
1264556878473593913,R34,263
1264572506957114558,A27,355
1264624602647804682,L08,872
1264643368048815876,D35,1403
1265121669457252989,R30,224
1265214142866615616,J22,438
1273895402587027540,A30,273
1273897940988961625,A09,68
1273901684572144919,R14,222
1273902018372064612,R14,222
1273902320926333163,R14,222
1273902714324988592,625,211
1273906310008098256,D22,88
1268950356586183928,M16,718
1268967871754513027,113,435
1268970552899584835,118,351
1268971029526152451,701,2866
1269004912797968568,F03,2910
1269624435724171263,F01,10040
1269632299940546846,M01,2776
1269634682233400466,A52,316
1269639271310755351,A52,318
1269761297521337517,251,276
1273982320083759333,F27,277
1273999441913457977,Q04,806
1274018209485101602,A50,307
1265414843780166255,A12,473
1266014815917634997,F24,320
1266048867324074448,622,200
1266050526914264495,L05,319
1266099614220985016,F01,4371
1266221816823918152,A65,732
1266245822009648197,A27,816
1266532446415788783,225,399
1266643445383332317,Q03,255
1266664600275277605,H11,7301
1266667267842633649,624,646
1274076570220792723,J31,344
1274143776879009441,J29,552
1274200907157913935,J29,492
1274260479677981939,J23,328
1274492556229322940,133,281
1274605231101485814,243,450
1269780167728025370,F01,3220
1269819583334595757,413,728
1269857776408254844,114,199
1270289088833394638,S21,4830
1270373232572829349,252,2201
1270374216025896711,123,190
1270405869841506516,M12,263
1270501718885873944,L19,503
1270603216365109303,M01,2848
1274660031840113700,A25,427
1274691077561855573,S19,2076
1266682491308851581,S27,2573
1266787305018735167,R18,234
1266794251371041592,G33,356
1266812732373818616,R31,304
1266965813831199997,F11,239
1266989309156460364,602,296
1267261047591892406,B08,332
1267386030421794104,638,194
1267393506454063866,M01,2851
1274722590671904755,244,489
1274773188072371454,S27,3128
1274820999428562667,133,325
1274826163511555978,F01,1206
1274907523602524508,B06,6135
1274909412180886814,B23,3229
1274943629134607784,A59,576
1274985485027400340,A28,258
1270917903320485839,R22,245
1271084693192776630,R29,684
1271093478906297581,Q03,185
1271108885421186646,221,385
1271119734962673829,221,391
1271161565037212525,F21,253
1271183066337962796,245,547
1271189989544953050,F01,4622
1271384104604188602,501,1376
1271709679323290053,L29,3131
1275276318052624457,F24,716
1267419739074836709,L06,667
1267441997402319351,F01,3072
1267442159918193778,R35,483
1267449405198185516,A27,327
1267482075999230043,L29,1880
1267502386529187176,M12,438
1267507175384078029,A46,561
1267556868415501118,B21,867
1267563615844456532,B21,699
1275346270633096593,108,1310
1275369932926785232,250,363
1275404590621392936,L11,87
1275475475744269192,A03,287
1275489843344572046,A34,290
1267611439030726025,250,479
1267634673085622453,H06,510
1268021034388489020,G29,563
1268060771599136207,L08,780
1268061834889290908,A28,399
1268116616149913985,A27,378
1268146645583849349,R45,112
1278970073440413132,630,109
1278970081538305840,630,249
1275497998968880490,R39,450
1272022641708356549,632,723
1272031813713037196,L11,546
1272045884796246875,A59,512
1272076657921142795,257,474
1272090830944120848,G33,296
1272394631792431577,230,199
1272425612617326058,L06,1531
1275550769083831455,A38,76
1275564905070237292,A14,299
1275569928037006283,R34,388
1278970092972845475,630,287
1278970102927438086,630,116
1278970113945077990,630,95
1278970122752651280,630,153
1278970132978023428,630,156
1278970143578030549,630,248
1279026320984012410,F11,323
1276167665304314021,716,1010
1276211315180548863,221,656
1276222246131959855,L21,227
1276256657123457100,M16,675
1276830526137203498,A30,468
1276897674278796299,224,433
1272470902636045611,Q03,815
1272471144938598757,L06,331
1272520998450886557,J31,538
1272525324288177768,628,348
1272532389343933720,A25,1015
1272553847685302526,M01,2292
1272561496572653839,L03,177
1272659574542603186,R01,1016
1272764964320888257,622,539
1279167766339756261,L06,376
1279234564318920127,G26,824
1279399498987815184,Q05,146
1279514114428942589,L02,194
1279514923594862712,630,362
1279525416380121421,701,1473
1276962066925856818,B13,363
1276995025082918694,F03,1020
1277423170263506742,F25,639
1277514540857908776,A27,450
1277574482013322658,R17,165
1279566973107195248,L01,120
1279572005150250480,632,240
1279572331775151473,F14,640
1279572603956432088,F14,640
1277579374332627051,R18,110
1277582577634942981,F16,164
1277595699583112534,705,177
1277613014804999034,M01,2287
1277634170164164364,503,590
1273057132703639608,R14,222
1273057459599805099,632,271
1273130357269006929,S31,1746
1273217040868413375,D22,189
1273239150338408058,224,384
1273264356481916955,G07,112
1277646948639349904,A28,90
1277860842634805302,F33,296
1279652376594658493,A47,421
1279656855200281610,A27,1010
1279659842295891774,A27,976
1279666081527148590,638,276
1279668704913671652,A27,976
1279676140647985129,A27,866
1279691717688251905,A27,882
1277873605907772334,A65,209
1273264444294675676,A09,27
1273276578912529519,A09,189
1273296823713192279,R04,898
1282796744831256514,120,439
1282799142773659808,D22,376
1282908981076107223,R11,558
1283288978980733529,630,362
1277947896404468620,M01,2287
1278193226346803183,A27,1113
1278216388903243988,A27,602
1278246654585364405,632,555
1278280058999972839,630,291
1278297719419174824,716,1023
1279699245295400653,A27,1029
1279700354938802786,A28,518
1279730054509403787,250,585
1279754470047770842,A60,2093
1278406710373611529,S03,389
1278450674925184524,709,271
1278590472981134772,L29,5260
1283352602978328068,716,1211
1283471496919072863,A16,453
1283496810330563673,L06,569
1283501553251837845,M05,258
1283505503486436282,M05,258
1283506218457392780,M05,258
1283508781489380600,M05,258
1283540656275384002,A30,136
1283990392173732051,A30,623
1283991356849193162,A31,1213
1278904415560190202,630,341
1278911804539268712,630,270
1278911812432173026,630,408
1278911823574122037,630,109
1279759802665836048,A60,1855
1279838012608068400,633,107
1279841263666952825,416,699
1279846130440111446,416,699
1280015420663996112,R01,1336
1280039155054913587,L11,790
1280257243307498127,G14,197
1278970052705793205,630,239
1278970062508865019,630,50
1287801525313977680,L08,406
1287807615530472851,A15,535
1287828599090091641,L14,387
1284003032517870374,129,242
1284144040790199008,J29,459
1284145212926510331,419,158
1284145570317315848,D07,574
1284183370848524976,G33,313
1284187784659820986,G33,313
1284203271621031527,726,963
1284218136316352861,A50,470
1284243113357022358,D22,169
1284251494613331028,708,2076
1284305290711173883,118,317
1284323195767322682,419,165
1280374394750477239,632,413
1280416416827014705,220,552
1280441002841407586,F20,738
1280496094601575642,A51,309
1280611088367758993,R15,145
1280653458160564660,A49,470
1280779984673933587,413,370
1280784833142464571,A65,686
1281059918783004753,M09,433
1281093134421029387,251,725
1288223732677733582,A07,557
1288407043479912515,A16,456
1288412762209251262,A27,725
1288416366050416302,D31,314
1288577662192155172,G26,686
1288583592054595211,701,1792
1288764333737353436,G12,202
1289061412699505729,A18,463
1284334567125481832,J30,732
1284388451174158810,709,1721
1284483353713436156,501,1155
1284527126924891439,501,1403
1284724376820989449,113,508
1284750620700927365,A25,1003
1289091754673176311,F15,62
1281120730339115488,G34,263
1281230979116575465,A45,568
1281263542832791722,J30,497
1281431427554747842,619,656
1281465359952960262,413,728
1281910694629669853,623,753
1282016228474687397,A49,302
1282195238698316151,F14,305
1282241919059204971,D09,686
1289093096431602029,721,494
1289093627448198684,F11,309
1289094324927322753,F11,527
1289094659917078154,L06,919
1289098804404621589,128,239
1289231744576245243,243,652
1284751162775341865,A25,1015
1284758582776262790,117,219
1284768777844278319,630,267
1284859725044359928,225,360
1284863603199231535,F24,796
1284904964981044019,715,411
1284913460751502924,L12,269
1285043507619395323,B21,976
1289260959679144660,A15,336
1282396620548321413,G21,183
1282435644308608055,L06,1297
1282457514648216639,120,183
1282471756802376451,A27,583
1282545954980077188,632,207
1282545955165350829,632,207
1289271972693944761,A15,327
1289278904502725053,A15,234
1289291705269129881,120,346
1289364238716530216,122,188
1289377257599144405,Q04,329
1289464795198464231,A06,123
1289499175425676755,226,164
1289525740665191553,M20,771
1285057395908288186,D22,13
1285098325784673959,R22,102
1285131670173788352,R42,920
1285407990303529349,632,220
1285410521873706384,R14,222
1285410920221186569,R31,229
1289848510077273758,723,257
1289900598795323291,L08,371
1289900853572333017,A27,129
1282546479462535028,632,207
1282569577400814799,F01,4093
1282656672679723087,230,213
1282704567522101611,252,1705
1282732552914690293,R18,230
1282740259645697998,225,345
1282750052496655155,Q04,775
1282796486027584558,129,162
1289901188619086090,F14,575
1285415065405371415,133,248
1285415424054691845,M19,356
1285415763125619804,Q05,359
1285418221161460244,A25,1015
1289901494862642475,236,199
1289906220610228798,251,537
1289911415132474925,A25,694
1289922974425687983,120,346
1289945114068321574,245,474
1289945228657778175,A11,273
1289967817982388835,Q04,806
1290020957072695464,A61,750
1290057302083185194,A59,469
1291598697507625081,723,383
1291676391644596684,D22,609
1291680070107054691,115,163
1291771868732091728,F16,333
1291882163274642166,129,19
1292112304025287413,D39,564
1292167931889870238,A25,76
1292222260992487501,103,235
1292236884909540286,249,740
1292237372631578554,632,568
1292241759982737943,706,331
1290058989653954657,118,126
1290073319208422354,236,194
1285526805122933419,701,2586
1285600385879569184,J29,417
1285617393793288168,R27,229
1285625643936118380,627,368
1285665525322635572,A63,134
1285887172744396690,R04,909
1285915398525177707,F11,386
1286220872740967386,M18,535
1286227275510515649,S24,3855
1290181244693303361,Q03,422
1290483407607835840,633,581
1290483805186562618,F11,309
1290484171421571176,230,168
1290484977399958477,230,195
1290486157149814495,A25,258
1290486543911857603,A25,258
1290486953855587158,A25,258
1290487391295933082,A25,258
1290487837661408556,F11,743
1290488256716908443,F11,743
1290488631237451972,F11,743
1292243575838036094,714,342
1292244592058648403,706,285
1292254474266672255,706,349
1292259792383589784,706,107
1292314114066531212,R45,703
1292362142966654303,L17,266
1292508780689626821,122,68
1292573463761177218,G08,1866
1292771601232690670,A25,621
1290488993311067006,236,199
1286230517484892193,M18,662
1286235718022470886,M18,800
1286317209270568929,M13,557
1286376625557078941,225,581
1286532155164209258,256,683
1286942890913481818,J31,673
1287085243477928046,M20,98
1287085775345275722,236,246
1287114426742259858,H03,795
1290490963940818185,L08,371
1290514241169394772,F11,193
1290526529867690092,A30,558
1290532759636048252,630,38
1290532803928703719,A28,489
1290540076071378632,G34,131
1290543288000956841,638,93
1290547153584774862,A28,489
1290592430548307969,A28,489
1290652971277133324,M10,342
1290680526044434356,M01,2290
1292797757047068752,L08,202
1292804860193464360,626,432
1292806829994884564,A47,753
1292813072551431550,A19,449
1292840951307082081,F01,6828
1292855173673167580,624,169
1292859461638994844,243,643
1292887062326268292,G06,3198
1292914943931257528,G06,1447
1290712572437787645,707,933
1287234932645522194,M18,690
1287296794548498236,A59,469
1287503410245557899,F12,344
1287669572301540323,630,358
1287676722887788205,630,75
1287702087569067117,A27,265
1287739461481439132,F01,4093
1294997933952046454,G32,913
1295019599160645328,R04,473
1295045557421449986,G32,559
1295054021439479562,225,424
1290748192328149709,A25,394
1290755893548044343,S03,359
1290758282015059804,A30,429
1290760416487867943,A27,725
1290768376240023755,H03,3436
1295058207773420592,R05,294
1295060868803166653,R05,1100
1295082372288955428,242,413
1295194110768365332,206,650
1295226372562442418,G34,367
1295243164500589018,L11,561
1295691703768509551,627,543
1295692047470088652,Q05,359
1290782983190685992,A27,725
1292997798399147746,A48,798
1293013694478076603,227,245
1293015118025187989,A11,302
1293032378200701704,A18,513
1293150378298907267,M18,444
1293188439818227261,D17,45
1293505943912454306,121,363
1293583627676868019,A28,356
1293591775252383462,G06,2038
1290816484307146814,257,1732
1290927439735613838,R03,451
1291307990966527081,726,982
1291569378414891829,723,324
1295692552462033996,130,99
1295693412922616190,119,394
1295697218556420361,L06,894
1295697993602464014,A44,327
1299369433716816792,129,231
1299400118533309754,G35,745
1295698421350347539,A44,333
1295698600322874906,Q03,459
1295698918555148007,A44,333
1295699403133151277,A44,333
1295699768902276025,718,106
1299405124262455022,J28,625
1299471468428547287,G35,844
1299491137291843578,M18,638
1293603263406451329,225,507
1293615937418692641,J30,547
1293618881653216345,A27,365
1293622383383726855,J30,547
1293623674511945169,J30,415
1293624395435033229,J29,489
1293625371508952494,J30,547
1293626162517601483,J29,459
1293630926894664390,A28,248
1293635451739936644,411,328
1299502297252861385,J22,363
1295700430287482572,236,198
1295704285126526163,633,336
1295704636780424648,D15,306
1295705038190222304,Q05,350
1295720605743585200,F14,435
1295753453690983324,Q01,103
1299524131259285835,G19,714
1299618509120166833,133,39
1299667314297029836,A44,244
1300029701373344547,134,740
1300037681233437424,250,315
1300124362280946371,F14,573
1300178500689802017,A46,208
1295758338755859808,G26,261
1295766997019581532,G26,261
1295767781283506188,G26,261
1295774180041434930,G26,261
1295775243191978154,G26,261
1295779783927209332,G26,261
1295816599469836035,248,816
1295948259529518223,G32,317
1300289378125008990,A11,263
1300567835156222131,A25,1015
1300568410346446118,A20,483
1300568695477078121,A20,483
1293637933236275515,A28,678
1293660068970530150,G26,429
1293660931410399186,250,448
1293682501063425305,M18,925
1293804915955170254,L29,2873
1294254053604492523,250,349
1294290147841249556,A28,511
1294357209917236393,624,173
1294387352531114501,123,287
1300568967122505601,120,111
1300569382834238945,133,172
1300569640673653685,133,172
1296339138060192620,J28,326
1296404738128497862,R44,725
1296482331116509515,M09,438
1296594099465381714,L16,353
1296642503192248351,A03,516
1296669420470600650,A59,469
1296718362976813510,R06,1141
1297160329138804117,G05,3022
1300820745713362015,G06,696
1300823553800804690,G06,643
1294388669495954876,123,287
1294389252493707420,123,287
1294390363264990691,123,287
1294401352932112105,123,287
1294401898458773751,123,287
1294403149481742101,123,287
1294404569677291746,123,287
1294405057305124160,123,287
1294418125191639782,M10,416
1300839454193926836,132,217
1301525839130690770,D29,516
1301556798851896528,M19,222
1297219249495562544,B21,899
1297277611175594752,A21,467
1297348067401396837,134,676
1297388751512103486,L21,155
1297422699209994514,101,1544
1297762041714646973,F01,3768
1297820285809442413,F16,205
1297823716727648486,B18,400
1301561636371005523,A25,245
1301621334662595813,H11,7846
1301737585869376595,G32,240
1294484908559399175,613,1212
1294556474745828327,H10,390
1294686138639736075,F16,152
1294847782653168909,M11,1354
1294910428499824072,503,387
1294920999278292612,A28,446
1294945297471801255,A28,422
1294981504390916248,133,369
1294997733780901648,M14,339
1305023398903324406,J15,1292
1302175472720520147,632,466
1302192490457281505,632,361
1302206554705179618,A09,477
1302244340227836020,A49,857
1305059574266469232,121,312
1305080302547425769,A25,661
1305083038306649030,631,229
1305089956017145344,724,443
1305091192784256338,D16,255
1305092541518230802,418,80
1305092969836556862,418,80
1305093690842228163,418,80
1297832286041209097,F25,242
1297837822580522637,M04,651
1297882854575565311,120,315
1297891655160958881,R11,448
1297900361924171425,111,699
1297916611687858436,132,202
1297920874380365861,S13,554
1297954793929627638,236,264
1298016667175046182,A25,394
1302265517470649544,G26,571
1305094445506176270,418,80
1305094594871339028,418,80
1305095106716193497,418,80
1305095293816213388,418,80
1305095466098421605,418,80
1305095686123663481,418,80
1302313766953663246,M04,766
1302414061225602677,D12,440
1302440974253841487,M11,348
1302461915776942964,B04,1516
1302552552882271162,A42,263
1298059391582167979,636,385
1298068015400019203,636,235
1298078346992867733,626,340
1298087756403015038,L06,632
1298254618591900869,715,567
1298456467463343286,L10,377
1298483154935061303,M04,415
1305096322826956646,418,80
1305126466271364148,A25,660
1305127271309695379,J28,398
1305136788001791031,R18,291
1305155395885790298,A25,660
1305216263895459156,623,465
1305232994873379876,A27,990
1302570698015255251,F11,355
1302598873140366555,L19,506
1302749513767113405,247,733
1302886734172326864,106,259
1302915199248017590,204,376
1298553614369114796,118,261
1298736958709030142,M04,655
1298757225395241143,F01,3104
1299133904099985447,A25,320
1299194338143932677,A20,483
1299259936940062328,L06,1473
1299274159107059262,F01,4165
1299303649233998267,F01,4084
1302950043629169466,118,234
1303001580814715552,129,198
1303275785387886154,G28,453
1305258718947756102,635,256
1305294589180823626,F16,185
1305408801597888752,G35,722
1305715886149338004,634,487
1305767390166197442,718,368
1305812761872019845,252,2819
1305822010108188588,A28,539
1303469491827689617,234,102
1303498152597541153,234,102
1303498441828462537,635,363
1303498705343457095,M16,140
1303498949364272866,M16,140
1303544801495324319,G28,282
1303564120784875224,234,102
1308239764134525481,G26,245
1308239962355861774,Q03,517
1308288440807651905,F25,262
1308526950566373172,A25,671
1308654705671235318,111,376
1308688732205100474,G30,280
1308716552365145886,M16,140
1308780466970105207,250,298
1303587397243545059,F14,360
1303617700217918030,249,570
1305869134183275661,252,2814
1305884735502447649,A54,93
1305889068460883671,A44,466
1305930003190096391,A44,466
1305930848567796999,A44,466
1305931686533722060,A44,466
1305945251288603947,A44,466
1305946029208223657,A44,466
1305946832620258772,A44,466
1305989386371667863,A27,725
1306049433257191606,631,439
1303622154116534954,120,346
1303637913847248705,D39,2019
1303649987296582182,224,623
1303689041445035007,G09,1541
1303742851922211002,R32,413
1308791070578812470,A27,292
1308792861207481496,J29,208
1308810839695104610,A27,354
1308813592917247558,257,550
1308818815569048075,L11,466
1308822069323762943,114,310
1308849720653431555,N05,649
1308864666891601767,626,350
1308880811872782814,710,447
1303789015275349694,S03,410
1303792006148808804,S03,410
1303796688189367467,S03,410
1303808697505901906,M11,672
1303812144286246878,250,257
1303857126206577982,A27,725
1303859613356603180,L05,177
1303873258789253150,F01,3870
1308883768537910069,629,475
1308890102080452409,633,497
1308892090599082243,113,194
1309031254882729294,A48,901
1309068453752045154,723,1026
1309097799594380320,G36,406
1309434838018819902,S22,11164
1309436752421407092,M19,249
1309445836235423904,G08,1085
1309448819569450344,638,117
1306053246177173299,631,439
1306058110290127705,631,439
1306060122462234898,L01,453
1306141019599223277,132,184
1306692611742410370,A22,714
1306760524006496593,G18,197
1306775272424746206,G18,334
1306964850219973675,F03,237
1307179957177383017,204,413
1307205644227867324,A47,629
1303884604226371796,J13,279
1303893043252717487,A49,956
1303917519314967935,J13,383
1304417138516106936,L19,239
1304448898348857033,M13,440
1304474686789249372,S19,1366
1304549420589033442,G11,570
1307436337927204224,F01,7108
1307473542364592283,F01,4804
1307517932374928415,250,521
1307526528439125045,R40,398
1307590389811951061,A44,711
1307594981542592432,623,855
1307658363754176454,701,608
1307945273388687004,G34,569
1307952985686504228,L10,337
1309456468111336996,M19,167
1309475690879705407,624,315
1309475998047965582,R17,267
1309481208952816987,624,259
1309489498194420122,636,232
1309506029802138159,M12,872
1309559029737321449,A47,1306
1309565575952934825,A47,1306
1309567017494523553,A47,1306
1309568019196574613,A47,1306
1304556482432498977,D22,169
1304888327303334077,234,102
1304893383570136558,130,99
1313386233223217471,F14,257
1313430859428844249,D31,195
1313441654489724881,S26,2196
1307957788317994577,633,362
1307960993323551747,A30,618
1307962735840020272,229,257
1307981424683991103,F12,278
1307996984316755714,A49,609
1308042821496837399,A27,725
1308070189075730448,F16,158
1313587820026746312,D22,731
1309569185904747040,A47,1306
1309578837258277868,D15,306
1309589557119469006,225,285
1309594972119033421,D15,306
1309609267935235316,D15,305
1309760275985262427,F01,4562
1310132633661457888,114,191
1310132992387121679,A44,439
1310190853379112377,L05,502
1310207299275162369,L06,1336
1313600026929543794,F16,529
1313629691409424927,625,155
1313654044863810348,632,876
1313831322613236554,L20,839
1313850412764315637,225,236
1313866429333234266,A45,313
1313873315894374951,A12,214
1310265281936741203,A25,705
1310292474876772556,D27,359
1310323314934911276,L06,849
1310333463529048431,723,538
1310835542545485931,634,391
1310929424856847275,503,565
1311012817657836976,M18,888
1313887370337947013,633,321
1313887772691942309,A65,2740
1308085978089541612,A25,551
1308086238772289586,M18,352
1308095757751672505,S01,651
1308118274876094460,R18,79
1308124757052620936,M20,303
1308147004690094916,G30,316
1308178606830498075,D10,1174
1308179300183428077,L20,856
1313888345227624637,L20,640
1313898436335092936,A47,1306
1313899289905245368,A17,500
1313900599124342508,A47,1306
1313902189955845819,A47,1306
1313904957732342981,A47,1306
1313907558763090173,A47,1306
1313908881097500246,G30,239
1313921774622511568,R14,185
1308226925638300623,G26,245
1308233196381765490,G26,245
1315976981650077142,F11,593
1316013662675056464,D22,169
1316093126946173314,F14,306
1316140530321128750,A16,430
1316175756064754999,M04,703
1316176700184038537,L16,402
1316197866022645206,H15,1390
1316631934780825989,626,45
1313923291937321180,G30,411
1313950450887133162,A25,1015
1311039185852600517,F02,388
1311098874869995145,621,752
1311536486468788791,123,149
1311619035212778168,Q03,458
1311689357740272190,R34,138
1311717767585635809,G33,774
1311851965025083755,A59,469
1311895201837758894,F14,234
1311988990788249100,Q04,519
1314055810287235223,M18,762
1314371054437524113,G32,857
1314470186073443843,A25,549
1314491803706317325,R14,317
1314525533392492537,J15,783
1314549753852039035,Q04,178
1314555089480853682,A16,347
1312329050052009200,G35,302
1312421342949579840,A25,544
1312545604781075273,F01,6271
1312549916498073457,244,649
1312570839471078787,F03,2781
1313067928708737367,626,350
1313101880836038196,627,543
1313102390068816811,R08,267
1313109942824449282,A47,799
1316636724309429374,A33,193
1316668696369352587,L06,431
1316676553522721978,A27,333
1316708349170512455,A27,653
1316771104827409665,119,347
1316947194693127310,A61,742
1317089541844490655,F24,347
1317476314700376142,G19,287
1317760474411072079,712,321
1317771642704910011,712,425
1314652629371659879,D09,363
1314666285887992173,220,685
1314692063415977536,M11,550
1314710618035612256,220,586
1314782090718692471,D31,57
1314854424760333152,D10,446
1314909358645617455,227,510
1317776530722251327,L08,587
1317821489220677613,Q05,588
1317948795646948301,A46,497
1318038474472328677,A28,241
1318038812671845933,F11,527
1318039155988820844,F11,527
1318039459541133153,F11,527
1314909637974680263,F11,759
1314910190195491771,A17,132
1315210716656446509,220,589
1315219656673389852,R11,296
1315236981168867835,R06,1303
1315244571825005083,D15,217
1313122595316445483,251,332
1313151528226259437,A17,330
1313156485419305970,Q03,406
1313173956435506504,A50,916
1313238298445872544,D22,169
1313275491604130149,M04,1209
1313340092216962572,M11,56
1313351484190596189,Q04,331
1318118957268950121,A30,712
1318119411467040940,R14,222
1315244848480392300,F18,453
1318083316561908934,635,52
1318084007658572242,B08,251
1318084422389954390,723,1224
1318085057218198055,723,1224
1318085624594587977,123,765
1315245097183941787,F18,453
1315245332784117997,726,698
1315308657833199336,M18,758
1318119739361818702,A33,306
1318120061606018916,B08,246
1318120409178071251,635,95
1318120726836962525,635,95
1315319482276829241,249,683
1315327023209393188,M18,678
1315334356691344405,A18,262
1318086120483629780,634,357
1318086509109743082,L02,214
1318087264077513131,Q05,615
1318087753741207788,Q05,350
1318088100467570673,L01,342
1315343898864695841,249,609
1318128626210225123,A30,712
1318129134684263970,B08,251
1318129502948810376,A30,712
1318129963441053117,634,357
1318130342610189013,130,104
1315425085449413508,R04,254
1315506799813442986,224,727
1318088861115875944,721,494
1318089217948819942,632,368
1318090844176507931,137,601
1318091526565836351,137,601
1318091951273982727,130,104
1315540949217834747,M18,818
1315565699104563323,H11,7829
1318131064354157312,635,88
1318131416468553829,635,52
1318131986416906805,635,88
1318132325655998843,130,104
1318133256424118608,723,1224
1315617661442479612,624,433
1318092696624959223,137,601
1318093169712065363,723,1224
1318094196262684814,123,765
1318094578446230017,627,511
1318094924005883432,627,511
1315700102429260102,D29,445
1318133857550833832,723,1224
1318135989550970512,120,382
1318136372445052306,627,511
1318136766465348713,632,313
1315840927140294322,A27,327
1315872192558040243,G29,241
1315878769422056009,A28,241
1315924666207563599,F01,5173
1318138640681528200,131,184
1318139315029901058,229,268
1318140095012311460,229,268
1318140727876545370,A30,712
1318141689438456280,L08,371
1318096133252484173,131,184
1318096895366517194,635,52
1318097892567441083,137,601
1315939190751497364,423,476
1315939634981877463,423,476
1318142035569427741,A20,483
1318142355174664627,123,221
1318142962695202105,A30,712
1318143441326854551,B08,246
1318151355085965447,130,104
1315940056303531747,120,312
1315940405858849584,Q04,97
1315940965074657654,Q04,97
1315941461121004757,Q04,97
1318098479110754122,A28,388
1318099578421539894,632,361
1318099975855322117,A44,333
1318100579252742840,635,95
1315941934796467735,632,361
1318151985575161725,634,357
1318152356698681465,130,104
1318152907851247147,635,88
1318153219480794085,635,52
1318153719271042825,B08,251
1315969380341531143,632,364
1315969898297969583,632,364
1315970336409079120,632,364
1315970749484624396,632,364
1318100925635184764,A25,1015
1318101305923925752,G29,241
1318101869355533888,Q05,341
1318106083504328675,634,357
1318106415889167101,B08,251
1315971158910843437,632,364
1315971648428086288,F14,172
1318154121938068517,718,106
1318154849264484447,635,52
1318155354044027164,130,104
1318155874017803709,123,765
1318157438327902493,627,511
1315972107179147278,F14,172
1315972508134662558,M18,463
1315973187227034810,632,364
1315973657747266983,632,364
1318157760744666728,634,357
1318158213852133579,634,357
1318158562714219314,627,511
1318158906212266443,131,184
1315974096422434086,634,372
1318106721458004400,B08,251
1318107072746303605,130,104
1318107673123469865,130,104
1318108284371648830,634,357
1318108639871696313,137,601
1319226590000865581,J29,340
1319555922665686891,715,544
1319569215899340385,R04,714
1318159547701949683,A30,712
1318160195888481293,B10,275
1318161224227571785,A30,712
1318162128051438728,A31,665
1319760232672817119,M20,266
1318109181447365540,635,88
1318109482196566111,137,601
1318109994327059800,137,601
1318110489094937046,635,88
1318110808401265881,137,601
1319828822169765758,248,592
1320192903104387119,L16,229
1320243299566592061,L05,390
1318111269155148362,723,1224
1318111939043445841,123,765
1318112292585705451,123,765
1318112691730768482,137,601
1318113192840747899,634,357
1318163619939239852,D21,343
1318163986304992335,632,361
1318164459980695134,A25,1015
1318181335064766565,B08,558
1318216788716566719,250,700
1318226413266429616,250,700
1320340281932810469,D05,1342
1320409769902055935,701,464
1320653622217671428,G29,302
1320688645215804521,L20,1036
1318113615996108403,A30,712
1318114302118987749,A30,712
1318114926297556317,627,511
1318115225260395846,723,1224
1318115853859202406,131,184
1320899342241763307,632,368
1320992709168452286,A28,435
1321015801090338930,250,700
1321019127499188568,250,700
1321022159595114491,250,700
1321027425909199552,250,700
1321031882763745432,250,700
1318116449902612094,R28,268
1318116870745003313,R28,268
1318117481722272074,D15,306
1318117888252870752,A20,483
1327003285295293971,L06,866
1327032534577082984,247,1313
1321033089166529324,250,700
1321034759638630061,250,700
1321036825050428184,250,700
1318255884380883537,112,294
1318261047321763717,724,289
1318283326521482243,723,294
1318343801506336183,724,445
1318351786056351879,724,231
1318357973196619223,A65,3079
1318388972341998863,249,371
1318403022180578826,F01,6053
1318470838945354894,244,657
1318499036655551155,A55,622
1318507325705180008,A55,622
1321222172535254758,A50,181
1321226209678557133,D25,417
1321230492222322380,252,1667
1321270001244228841,252,1499
1321277150358166273,621,661
1321303917479771706,G05,2042
1321323479504031454,A47,501
1318507688692376955,123,287
1318508978198583479,D27,434
1318510556447792875,A55,622
1318513028126369027,A55,622
1318740134406799498,M16,140
1318792959958270378,L01,342
1318815629191165652,632,318
1318838623230135645,G28,841
1327539883958450145,M18,1084
1327621291124719094,A16,306
1327628946386222839,106,2824
1327638461226619113,R01,643
1327658498553709772,A18,569
1327672723969003370,A17,509
1327703764764475156,G10,1286
1327800338046518355,701,5681
1328246830727616836,A25,502
1328267981842013630,A25,415
1328271779943513548,A32,480
1321364084573100804,602,1040
1321577662261907481,F01,5174
1321928959723172319,248,646
1322043231741887418,A55,622
1322047199905880553,A55,622
1322554978541330812,707,1368
1318929014473982264,D22,169
1319015681380669440,121,271
1319022674512111823,M16,1227
1319022775863233271,G31,773
1319022934984304366,G34,1171
1319078032714535974,623,709
1331328148835085189,607,1303
1331358422902709603,712,421
1322561224337225530,120,489
1323211171292131546,638,124
1328387308665122352,F14,246
1328389210503109223,633,555
1328397168387419138,A12,214
1328413334684157438,M16,537
1328461012212996407,716,1264
1328491124382342287,A25,353
1328495753627707573,A25,331
1328577071611024033,A46,1173
1328878100689223671,726,619
1328983561641406156,R15,102
1329001004522943117,D35,1324
1323259878055045525,250,137
1323288995817898300,M19,80
1323298101934243952,A33,373
1323304660303068169,M19,30
1323477990710404145,F01,5807
1323487726495059444,714,897
1331386025471457642,M08,328
1331510015677419115,706,1117
1331537410605212824,H11,8024
1331554575275133695,621,790
1331561257452895445,623,884
1331981516236864622,J29,820
1332026372827145488,225,165
1332088851337594382,L06,463
1332203306488850686,245,132
1332222157727774290,S29,1464
1323596565152388814,L14,462
1323911715476200591,F11,435
1324126155942717697,L06,417
1324196587232498954,215,1506
1324892554089694943,701,1797
1329023907116663459,F01,6920
1329061753266993212,A49,607
1329073782410457299,G33,639
1329124004821686834,603,3612
1329132983581011350,L16,325
1329156079736899373,A25,394
1329178530114311554,701,2570
1329200046793147212,249,1194
1329218591028593875,J30,537
1329232928495416847,239,426
1329241880126834139,M12,420
1324901618430280180,701,1908
1324905762308380998,701,1981
1325240428914007338,M18,553
1325247998988527336,630,362
1325353666814301695,234,103
1332269767474894694,L13,129
1332310918881816823,Q03,309
1332618567060654444,R34,134
1332666494586594007,B04,414
1332823506718236066,G28,734
1332889831349518084,133,608
1332922746745732220,F01,7341
1332957374316797643,S30,683
1332961386051153152,L08,970
1333268675438835113,A27,320
1325354149285539554,L08,856
1325359920175203022,F29,537
1329252176809883795,L13,454
1329253560147076704,A65,2626
1329270094149980071,M11,93
1329305163271197946,M05,668
1329308875467693650,A32,395
1329682931680761627,132,188
1329687517158343349,120,346
1329702366325398094,635,363
1325366618594728191,G26,578
1325416622368073586,A15,227
1325424607700286136,A15,393
1325427459648251950,A15,230
1325464123444306272,624,284
1325470886479884542,D25,714
1325476876947943412,D22,169
1325494263481156396,R18,162
1325496308210338295,S16,2455
1329704438677582537,118,62
1329796875473060784,J30,537
1329805239565757064,R24,176
1329820304712321017,J30,537
1329829174359195492,J30,537
1329837522243800488,L01,686
1329837694678730256,J30,537
1329844199114064848,J30,537
1329850995210844078,J30,537
1333335693524083249,G26,498
1333396514105774911,250,737
1333400345191601375,R01,737
1333465565598309761,F01,7202
1333489028091156183,632,301
1333504568352496141,A28,435
1333516717751510224,206,590
1333525113273170321,632,288
1333547461782795727,226,674
1333602331547620600,247,2476
1333611945537439513,R39,512
1325520876512896030,S16,2111
1325534647595336112,247,1306
1325546394674885324,247,1207
1325585910512256569,G05,2018
1325680204128028169,244,412
1325889190039002012,247,106
1326061500346915155,H11,8387
1326074013593091071,A27,450
1326133128361665175,M21,603
1333998132911610062,A19,253
1334028366017922070,F11,678
1334051009779815699,F11,678
1334065138411505588,129,297
1334084983938115037,A28,441
1334116575384822407,G26,377
1329877868112213230,Q03,292
1329878481579448876,239,426
1329889857750866417,239,426
1329895192819700027,239,426
1329901907881476049,239,426
1329904211139233301,G35,357
1329906622376114391,239,426
1326150306392602315,M18,990
1326163932256076480,L06,761
1326189425588302720,249,615
1326194602644491136,F11,220
1329913292710077071,239,426
1329921986361554389,M12,420
1329939210921485856,M12,420
1329943827911620224,M12,420
1329948516891807652,M12,420
1329953910832173999,M12,420
1326207757766476296,A17,308
1326353626622780911,701,1699
1326392273055050211,F01,4345
1326475527169045510,M18,624
1326843545245474119,250,661
1334161280405951778,Q05,565
1334161357811884379,A28,428
1334164480705647425,Q04,572
1334172218623913013,R01,351
1334255652276276856,A25,681
1334272524656681070,F09,259
1334346245760561542,R05,1197
1334438520110389982,A45,208
1334697297154315074,251,544
1329975630750423883,F14,173
1329993043238177970,723,517
1330018504919571860,257,396
1330023315471418462,712,478
1330374307964956563,636,190
1330374643473867541,636,190
1330439807102814879,A32,127
1330474289385922747,723,413
1330589952035728187,D18,206
1336630811044016193,A28,184
1336928443835338329,G36,138
1337065884506499523,G32,605
1337121440902954414,629,334
1337197055935583451,R23,158
1337246407385058493,252,1705
1330590997468517515,A28,266
1330595893375490126,F01,4348
1330603515395441176,M18,855
1330757895031863378,A30,98
1330758594334795245,603,3849
1330765447522522271,F01,4262
1331218257726694594,627,62
1331307729376885553,M09,252
1339957476623457262,R13,167
1339997505427630252,A31,168
1340005327486324249,D16,263
1334738521202874757,231,412
1334813549873509911,231,412
1334826228090870055,623,403
1334830916453253278,R11,230
1334896936227397476,M10,602
1334901607131248881,F01,5712
1334903983704374309,633,555
1337274443729506176,250,655
1337354616633306955,S25,1294
1337819484961876987,248,631
1337831051170920612,H10,434
1337925489341478152,M01,2201
1337935453632062972,J19,2346
1337958517015737331,L21,167
1338005708777283899,243,334
1338031888435462608,603,3888
1334918854164100195,A47,827
1334924019925161963,A47,827
1334925854096438826,A47,827
1334950027382895297,206,793
1334984207204809917,R17,97
1335111561202048116,A47,196
1335177071117596151,D16,452
1335394864754734509,L01,342
1338261042556033957,L27,627
1338304413782324688,L27,705
1340021595419630582,G32,401
1340060917977422618,G32,487
1340152647901124222,A47,90
1340352405436673149,621,522
1340527907861815192,R04,847
1340540042078020335,J29,474
1340542116785072593,R45,465
1340563513768715346,R45,429
1340568564550224422,M01,1914
1340570452479397539,S29,1262
1338338553561488305,A25,660
1335395315572244948,F11,678
1335395636701000268,120,326
1335536974658510048,A27,875
1335540873258109647,M20,303
1335553886970388842,L06,872
1335621278436348388,M12,262
1335724136079205169,A25,660
1338382630141950202,236,446
1338396814205818201,A14,321
1338415718596625954,623,403
1338417690677307990,S26,1233
1338420122303559685,623,403
1338421742976544436,D15,306
1335828433526249786,251,1915
1335845679434265276,701,2263
1335899894735686654,G14,397
1336235867528596008,R04,637
1336246243002150846,Q04,612
1336292783656291111,Q05,437
1336327746530583438,Q03,459
1336330981255348475,633,518
1336377070400008896,F18,411
1340587092410021104,629,480
1340709243030970285,A27,602
1340748507526538352,F01,2904
1340777583802828536,A25,435
1340798393251262720,126,57
1340807991115818527,A46,803
1340814926754562843,L20,902
1341097308620700553,636,332
1341223289646160168,F15,62
1341223662177177332,R11,297
1338426322575227340,623,403
1338430761004497357,F24,355
1338430778995450485,623,404
1338435621107578185,623,404
1338440230265486280,624,350
1338441705488554044,633,625
1341240224277057893,F01,6177
1341255875787745348,120,346
1341260785239474422,G28,194
1341279233251988984,L02,258
1341295357201666739,623,404
1341297018990305399,H06,471
1341299619188508415,623,252
1341301615407586697,623,404
1341301643010579266,623,403
1341314952291149898,G11,905
1338445506302184847,255,726
1338487824678631501,133,172
1338521302250840685,J30,498
1336425358430506496,M12,243
1336443272374665733,D22,169
1343645202762334065,J17,2009
1343669710961050876,A47,234
1343682889036758901,M09,264
1343696908645827246,A17,335
1343729614536793141,G32,687
1343814926716851544,A43,785
1343837237931159198,F16,127
1344203989320440460,L10,223
1338544576676803929,J31,484
1338554403341499095,636,214
1338556110983985631,D15,359
1338558317389292139,R20,286
1338559104093352920,637,381
1338559508481839278,A33,416
1338583129664452248,623,403
1341364663234980493,E01,111
1341388202889782088,R45,176
1341398588435786022,B10,87
1341443100146766187,L19,535
1341462465018023697,123,183
1341463794009348943,123,167
1341465215761938628,123,183
1341550437017151647,A21,556
1341550699097509697,Q04,424
1338586308479876540,623,403
1338587637097370147,623,404
1338610081150040797,L08,359
1338626937294532404,G26,360
1338629253127116048,F27,423
1344244489192469712,L29,1828
1344284384553691603,A47,549
1344298115530569589,M09,535
1344315024079420256,A18,420
1344324146903483331,A18,571
1344324475974457666,G35,920
1344351298913563427,A47,617
1344360318928343193,A47,617
1344362348522220378,A47,617
1344367805653815916,A47,617
1338637650946652201,D27,769
1338671620888917668,L15,440
1338695942839140941,244,292
1338771274289572470,G34,345
1341550862703972401,A25,679
1341550931118220431,A25,611
1341551207305769177,625,497
1341551555885785687,A28,449
1341551587283281386,A27,680
1341587134468439724,A25,487
1341630436070686432,724,379
1341757425548759443,G10,1860
1342038349846774449,L21,649
1338826115810664687,608,1110
1339124426559283621,R28,573
1344369942388225733,A47,617
1344394599127509754,L08,518
1344400761759460358,D22,292
1344414959095536135,S28,1366
1344417181599759022,A47,477
1344431439949805642,L20,722
1344463394197679398,A27,662
1344497316152802547,713,357
1344630370175255397,A31,137
1339124758886043833,632,343
1339125250781962662,Q04,859
1339125523437573832,Q04,859
1339125769594193092,Q04,859
1339126026625822138,Q04,859
1339126262928640570,Q04,859
1339126582321205692,Q04,858
1342211832405992785,M09,339
1342305609381019351,A55,438
1342636296445637689,636,158
1342784125183327277,M18,354
1343067513628898270,136,355
1343070040386687262,F03,406
1343244748884303826,J31,402
1343440696309404963,R45,323
1343474517046541392,R45,449
1343485681332345875,R45,323
1343490442256709489,F24,355
1339126910812146601,Q04,859
1339134978867456774,Q04,859
1339158615278188392,G28,286
1339181854607087478,A03,467
1339185326253628655,G05,4720
1344774292228895201,R04,1592
1344931327471470834,A28,489
1344968633461946766,A32,76
1344973663800815648,622,581
1345025914203476108,A47,617
1345029823295183765,A47,617
1345035575943032167,A47,617
1345045831339858672,726,326
1345079376292871136,225,52
1345088504050736859,A25,661
1339279732333583515,124,671
1339280976412256516,A27,378
1339361521089358191,A46,512
1339398779116303873,A47,359
1339413545125795810,A47,180
1339451539407033720,724,379
1343490918846369148,F24,355
1343491166873752909,L01,96
1343500906267662988,Q04,281
1343501201796667864,Q04,284
1343501488117077442,Q04,281
1343501820475130457,G05,2917
1343524762424128023,133,139
1343525125741306056,133,139
1343525388061680130,133,139
1339451946508726174,R34,173
1339555335212456153,225,301
1339767390009276643,F01,3961
1345160687445675439,A25,480
1345177749999651867,134,972
1345189870154399746,F27,304
1345204432643290045,F03,504
1345263700154615833,F01,6950
1345304875035113821,G12,98
1345349908204056954,R13,340
1345546683941355083,F16,414
1345718873103632317,701,1942
1345745036687556677,227,247
1339828135232751364,636,246
1339834368926786830,636,318
1339838938668106394,D15,305
1339850833161398086,710,532
1343525675904903743,133,139
1343525982711081001,133,139
1343554665952222671,F12,224
1343566675259578780,L06,724
1343570730829767302,624,272
1343580218661220915,R24,430
1343589307181507328,137,156
1343602946696486909,J30,547
1343606046587728518,J30,547
1343607019418098043,J30,547
1343608312965019888,J30,547
1339852338095933370,229,623
1339854866528452181,A20,249
1339886978816047568,Q04,859
1339887221342573686,Q04,859
1339887463541396540,Q04,859
1339901305183030221,R34,16
1351673221982869402,A28,612
1345745832069042790,A65,277
1345830465304716848,F16,93
1345852736456447740,F16,178
1345884077950886374,R11,555
1345931831442868496,122,378
1346005903520278812,721,355
1346011385245688663,D22,125
1346073166317553948,A28,253
1346093486392263908,135,255
1346339716074424002,121,220
1346379732952444457,A28,388
1351702497380631417,A18,319
1351750971094675776,A19,471
1351757291747313051,A30,706
1351811073308177544,724,364
1348030715937595605,632,499
1348032300167221882,A28,316
1348065175644192890,A28,316
1348081441771732943,A27,92
1348101930226655519,L06,510
1348116706745152133,L02,365
1348208433398235466,H10,409
1348224638043052484,Q05,488
1348250300631910268,244,350
1348450628397905712,634,491
1351936018887035026,621,699
1352105642639674623,122,464
1352270154860885172,F14,277
1352275562304745935,A30,133
1352326392977150445,A31,837
1346387284441653676,F16,150
1346430883382996878,Q04,369
1346441957873360588,Q05,302
1346465280206426255,248,117
1346473578110968030,A27,450
1346484805983684464,A27,450
1346515075445367491,D03,408
1346566257328706603,121,355
1346637664674556870,L20,970
1346642125820135121,L20,628
1346727651694919487,109,408
1352334846814794019,G35,354
1352384349451037799,Q04,741
1348466013264464125,Q04,325
1348495477413501628,F11,677
1348555125455647219,L06,644
1348576202326071377,L16,226
1348612499277448836,636,284
1348631831446193789,634,292
1348636327388391635,252,1705
1348676338398201826,120,346
1348696041239998146,J22,237
1348701120435272527,638,235
1348711398533899913,125,415
1352512516669532884,726,425
1352516479821230164,R05,231
1352586725505349408,A50,380
1352595673565168695,A50,236
1352910145944563683,L01,40
1352978171769829462,A27,363
1353010796851174112,A48,258
1353011991982303521,713,264
1353040193757607659,A28,251
1348712681039654077,638,236
1348715413041178420,637,381
1348715770180329290,L08,123
1348716025756828948,F16,127
1348722634685592942,637,326
1348723430186082367,637,381
1348724366800647589,134,455
1348724717186350615,M19,157
1348725092849865775,637,122
1348725424340921578,637,375
1346740995081399956,A27,308
1347226350531035155,M04,580
1347235662501302053,701,792
1347313595763737845,632,690
1347397542933276597,632,531
1347430640098324404,D22,381
1347444030320061319,D22,339
1347451723436026844,631,185
1347459750225269059,F16,250
1347732595289937840,R22,275
1347944937085215673,112,564
1347961648591546092,L16,951
1353045546764573027,L19,399
1353054792353650107,A28,251
1353063127998077598,D15,306
1353084950392251871,R22,120
1353112820561322179,S28,1095
1353284492120564645,701,472
1347967916650191946,A07,476
1348027931467312956,632,769
1353698383034316841,M20,345
1353698566451125269,Q04,559
1353698586581204652,A18,349
1353698744056655210,A25,470
1353699219574156499,F16,305
1353699232809063400,Q05,194
1353699368178587277,A27,686
1353699526155083770,F26,892
1353699547856641258,Q04,741
1353320201836994255,701,489
1353536145406564683,R04,1591
1353582220012549830,130,329
1348725772101236011,637,381
1348726080699944574,638,236
1348726664318702040,M19,58
1348752832283423137,F14,310
1348753612061630726,A33,416
1348754799813555057,B06,6166
1348759114419487035,137,480
1348782520614694097,R14,171
1348813611994432551,J22,289
1349360291949375915,F14,479
1349410822476165117,637,156
1353621477624410931,L06,354
1353635043469682853,A25,258
1353635401690234419,A25,258
1353654934070085693,A49,901
1353699732855118861,M18,485
1353700174408031034,227,642
1353700191415773674,A25,675
1353700480813404014,118,287
1353700496163792428,118,328
1353700650876630343,118,344
1353700671662877302,L15,913
1353700829094884760,118,336
1353700874134022021,A17,101
1353701049692590557,A17,95
1353701056729770356,M12,39
1353672487993226557,A17,111
1353672497532041722,A16,287
1353673057607620769,Q04,775
1353673065136056687,A17,358
1353673241784989180,115,369
1353674407409118734,230,390
1353675570359766951,M04,202
1349413334096387427,637,122
1349413634039394661,R20,286
1349413872435875551,L05,353
1349414402017229537,R23,192
1349414965522368059,A33,348
1349415417672248402,A32,477
1349424256412668294,128,289
1349514736387161835,638,236
1349547139205551761,D27,316
1349554655532289307,G35,354
1349572794105795671,A28,280
1353676795494065704,D22,290
1353685472951268177,A27,703
1353685752591982477,F14,322
1353685887394459846,A15,197
1353686176327853826,Q04,556
1353686225191507470,Q04,642
1353686279901862921,Q04,685
1353686340262517248,Q04,585
1353686732246709216,A28,753
1353687071023389543,A27,813
1353701236974792044,A47,558
1353701403772048040,M13,321
1353701430247771450,D27,563
1353701620473829801,S03,68
1353701624798355709,S03,237
1353711016043851007,115,291
1353711056106688700,116,356
1353711064664547394,D22,322
1353711066589536515,A27,474
1353711084193525627,114,456
1353711089528564591,A17,126
1353687151513520413,Q04,675
1353687205133363780,Q04,763
1353687234944524954,A25,636
1353687272845414314,A25,693
1353687310973296352,A27,775
1353687359861529228,A31,610
1353687537165678547,F16,963
1353687555921590135,D22,350
1353687603592213822,D22,329
1353687623699897144,D22,442
1353687664663654393,R11,679
1353711091407551953,623,335
1353711091413348811,A15,211
1353711095386828063,A17,385
1353711099775057409,227,524
1353711117563458390,624,423
1353711394729738008,119,565
1353711395236510226,118,79
1353711502366695629,A18,384
1353711503523121527,A14,316
1353711508003707400,R03,828
1353711511741625411,G35,344
1353687796364261240,A30,436
1353687853313308926,R11,882
1349656149856482244,A51,378
1349926489915799892,L06,259
1349980168310018196,M06,339
1350081637464839029,250,259
1350114575053832594,A50,489
1350130887670690892,R45,498
1350231788990193118,M11,556
1350263293184398225,114,223
1350275130989708598,249,696
1350301527734812307,627,299
1350301884894830201,207,19
1353687949599448295,A30,448
1353687971982913372,A31,482
1353693702550297998,116,270
1353693735213217091,243,219
1353693735290386347,A17,334
1353711518105248856,A47,794
1353711569479112728,D27,529
1353711572092083360,A16,493
1353711578595385778,M04,327
1353711611899465145,M12,273
1353711620654324233,114,359
1353711621744476691,115,66
1353711720452359558,A18,306
1353711720529704039,Q04,509
1353711772582135787,A25,355
1353711780822708685,A25,507
1353693982581364581,625,167
1353693993253610113,Q04,1007
1353696789115031132,L06,943
1353696816288196451,L12,379
1353697259721256940,A25,762
1350437319146780555,R04,758
1350550254856034806,A28,482
1350704215710828861,630,59
1350704257465972129,630,284
1350725251983510325,L29,2230
1350807190013022652,250,594
1350809715431400958,723,665
1350810459733148928,A15,84
1350810468780137883,238,413
1350810475690808970,118,38
1353697260571070651,114,483
1353697451883226759,L06,611
1353697454255546255,A33,293
1353697632102267569,A17,410
1353697637040010564,M04,438
1353697844850996549,224,313
1353697845849804216,224,160
1353697993582031472,A30,436
1353698174083564930,S03,276
1353712024091349613,A15,254
1353712032327720339,A15,194
1353712129667920271,D22,453
1353712131340559157,D22,392
1353712668085642038,F16,418
1353712939918271965,A18,347
1353713028370102526,243,162
1353713454304303933,L06,540
1353713488929835363,M18,531
1353713625497135786,624,518
1353713729910435510,624,562
1353713793013613646,624,421
1353698354159391603,S03,242
1353722155179686582,F16,318
1353722198367139582,A17,374
1353722647538585364,A25,564
1353722924566138359,118,70
1353722957351619660,A18,554
1353723023969440471,118,278
1353723109753696466,A25,774
1353723201072332463,L06,521
1350833177837342791,250,594
1350834291524844787,250,594
1350876509153819535,A30,767
1350929395133740789,136,438
1350955843441065429,L06,894
1351029252767841035,R34,982
1351111877115893142,505,867
1351162631931442213,D15,314
1351415477188606983,A31,368
1351489284804563185,A42,331
1351535101914002515,628,260
1353723286414970645,A17,496
1353723883038886693,243,162
1353719024754590426,225,486
1353719044788556779,L12,390
1353720000885084272,623,431
1353720020432954311,A25,589
1353720128898700268,118,245
1353720226064375710,118,169
1353720740360747055,A18,695
1353720771206630853,118,254
1353720960086610731,114,297
1353721150637572827,Q04,622
1353721151712131878,A27,354
1353723950781719431,A15,221
1353723967190327531,Q04,1007
1353724252538190115,Q04,500
1353724254623194604,Q04,567
1353724636616878755,A18,354
1353724639523595915,A18,369
1353725077533773590,623,425
1353725081782885019,F14,570
1353725224725297052,623,434
1353725240188923096,F14,462
1353725388956918058,624,642
1353725416499091307,118,82
1353725524575745096,A17,137
1353721240489621307,A18,368
1353721554353736385,A30,444
1353721760777670945,224,522
1353721763081926439,118,609
1353721948893112089,A17,466
1353721950085957613,A15,217
1353722066109183493,A18,337
1353722135138590271,115,322
1359414549466390337,A49,286
1359428384537972465,A25,679
1359436587027209594,625,485
1359453363299750578,R18,288
1353965318849191034,707,782
1353983338454476540,708,877
1354153598316919200,A47,893
1354154213648707088,A16,277
1354155865205088415,A25,495
1354303870053593187,A17,238
1354325709592013912,A27,378
1354416399716866303,701,681
1354421028439882911,L15,802
1354423903083820215,622,169
1354444544346795112,701,510
1353725600352337363,134,138
1353725812677398171,134,117
1353725850295737318,R11,759
1353725874032333151,M04,182
1353725874457617504,M05,407
1353726206833117323,A18,405
1353726224390258198,F16,319
1353726463031624206,116,373
1353726467664276089,A27,435
1353726676871403553,A17,276
1353726801089984948,A17,367
1353726804090218108,F14,559
1353726809954105246,624,395
1354455545771372857,701,682
1354456237766693862,D22,390
1354456333139187917,A27,666
1354456404025493096,A27,539
1354456534460992076,A27,399
1354456627371569442,A31,720
1354456800849338159,A46,769
1354459722468381011,624,50
1354464296571404191,701,682
1354471123491571182,624,272
1354508177765511001,M18,726
1353727063845727089,A17,97
1353727131722718183,R11,645
1359463438376807007,630,362
1359464457969384600,A21,556
1359468969360356098,726,648
1359504607497654257,L06,335
1359573531079785641,A47,471
1359574531044475441,M11,223
1359670058661580052,902,403
1359702695327440866,501,1270
1359754329005822690,623,444
1353727215471201674,R11,776
1353727313609130839,R01,1236
1353727482639876329,224,261
1353727526500694602,A27,358
1353727598682657400,Q04,776
1353727881976992426,S01,310
1353727904529967485,L12,769
1353727977413932785,L06,657
1353728093663846245,A15,174
1353728096580646832,A18,289
1353728104808718429,L06,1177
1353728808767530082,A25,329
1354526570702676189,M18,704
1354534638237475422,M18,609
1354542898181871800,M18,692
1354547956913806093,423,289
1354549386588894661,M18,692
1354630808943477780,J31,164
1354634305354454172,708,316
1354692062527041556,A27,388
1354828008260823713,A65,667
1355054420874722372,M16,140
1353729206914581491,A15,246
1353729243105697843,A15,249
1353729267128070917,115,320
1360176432500757236,632,423
1360200887678888743,M04,297
1360235579219453843,A42,769
1360290629684082554,M08,287
1360331985161439887,229,227
1360351997323478695,G32,912
1360626525772449784,A50,173
1360837752237598231,G32,452
1360899930891140524,R18,257
1360911155403350623,F01,3466
1353729294698890700,D22,578
1353729375153276913,A17,154
1353729762407217206,M13,459
1353729838429905542,Q04,474
1353729901108228779,M12,276
1353730174476343331,Q04,579
1353730183295372372,A17,208
1353730233524387534,A27,872
1353730291515019032,A15,76
1353730425879604592,A18,364
1353731572835666938,636,515
1353731612152318785,A45,517
1353731728339594098,118,437
1353731731082996696,A25,398
1353731773240047322,118,132
1353732312267714781,Q04,580
1353732338507314238,F16,311
1353732447344358060,F16,427
1353732615994664573,118,286
1355071710949164589,713,253
1355081253009984212,633,527
1355088227897569976,632,461
1355118252249386243,623,404
1355123322106678108,623,259
1355130003708083179,623,404
1355159469349277096,A27,1061
1355183276273374538,B12,943
1355203524839114272,R32,613
1355237166686947509,251,947
1353732965950349681,A25,665
1353733224234023431,M18,1204
1353733290594019095,118,358
1360911494336023398,251,788
1360928345267445314,243,187
1360971413061937239,G29,191
1361073672450343753,G33,624
1361155071474301170,A44,702
1361213775816170266,R11,613
1361384974139754443,627,270
1361567919809109820,136,271
1361604419465241908,241,359
1353733727395029063,118,64
1353735403531312909,A17,354
1353735780427370333,A16,400
1353735992394679691,227,449
1353769347989168503,J29,431
1353789074090447586,J20,332
1353791249372472245,R34,1155
1353876118169704511,D15,392
1353876642508740905,D15,392
1355253109382844202,251,854
1355261001625996655,A45,292
1355275624338698523,D27,572
1355380433778984135,M01,2206
1355382147091544142,F01,3862
1355508559496880813,A30,382
1355803117233570037,A02,239
1355956034867228723,G35,812
1355987291088179418,229,227
1356004880222321444,244,851
1364514205600836425,229,194
1364520501582908015,A38,206
1361612505091432023,227,294
1361615214870216083,227,294
1361616210768573467,227,294
1361620830392381568,M18,718
1361668752203803692,R11,665
1361671546562262247,R19,191
1361840108844137918,723,436
1361862407226900290,J31,518
1361870460346606483,J31,342
1361887973862900916,F01,3540
1361949390903717514,S22,8593
1364528353378823343,A28,489
1364529283230621780,G35,1216
1364534661512828780,M22,82
1364557729394739830,A38,58
1364561054344358916,A21,556
1364561089438076143,631,348
1364561637597316567,726,691
1364579260115677851,Q04,284
1364607845819043343,L20,537
1364624861595098822,229,170
1364631206091431973,L06,904
1356043661815110959,M11,355
1356054842255800745,M11,409
1356134138182270292,L11,615
1356177255367743201,J15,61
1356624484375250156,701,757
1356803194264189950,206,829
1356809966094636886,250,518
1356813873885764919,J20,602
1356862958825673292,251,151
1356893086423977087,624,266
1362337688179925950,A16,373
1362352331028746090,A16,450
1362366050883306965,F14,218
1362407813755960846,726,279
1362456424463439135,A53,530
1362598915038448168,D22,355
1362780755158625255,A25,418
1362969192110962964,112,371
1363156698915120048,M11,380
1363291600870532702,627,354
1363402735217899797,F11,831
1364657705090862221,F18,474
1364658342348977561,F18,474
1364677586091366497,229,142
1364683828642540987,230,217
1364698120019338456,229,129
1364719802331955598,A38,66
1364732199083489641,229,82
1364788104694825623,R40,186
1364887229677879336,701,2191
1365162749633372256,239,426
1357574158630690509,F24,458
1357645979721577487,416,351
1357876518167506533,M05,373
1357897816189402222,A47,356
1357898220049717025,M04,323
1358068171999092079,R14,179
1358373520011451882,J17,263
1358610356621521309,630,362
1358646034863812894,627,333
1358719693158820526,A25,637
1365218203918495231,A33,278
1365238750548547365,M08,606
1365244570965156217,M08,607
1365247115922412960,M08,607
1365247962337214463,M08,607
1365248840982084227,M08,607
1365257869016994006,M08,385
1363418328428191724,J13,116
1363522128707572869,251,403
1363607256237218807,251,151
1363842394013079490,A28,446
1363867605979600681,L11,120
1363899325133616434,624,619
1363921697387633746,121,83
1363933816694155745,J16,1580
1363966319952515034,M22,48
1363993030931779525,418,221
1365261658279089447,A44,466
1365265684718252874,A44,466
1365267287643235010,A44,466
1358727341404447926,115,262
1358753389772899663,624,378
1358755155344142573,123,163
1358778393848292427,A15,267
1358786963186444509,A15,292
1358790436983865745,A15,240
1358822659920606401,A47,514
1358828254042228732,S04,673
1358860953954040909,F01,5118
1358868236718681756,110,277
1365268995370875911,A44,466
1365270578239623298,A44,466
1365271418686333092,A44,466
1365272281094539452,A44,466
1365280960717329365,R29,768
1365282588436052470,R29,768
1365282638341778266,R29,768
1365314636744411626,623,404
1363998711711268568,A38,127
1364114970767083727,B12,508
1364191661274032663,134,745
1364260951779632380,123,434
1364300267159465548,F03,2560
1364308392617365525,A50,540
1364367846317604465,Q05,293
1364368107763696654,A31,437
1364368438635733754,Q04,754
1364368487190438657,L06,931
1364368742615293679,M12,34
1364369395391312179,A15,215
1365325477150819984,G33,313
1365328001081541959,G33,313
1365330309802344714,G16,404
1365339835964589529,G33,313
1365344330886604881,G07,394
1358888281146682334,L06,308
1358970352440983542,A14,342
1359380594439776345,A47,329
1366734405389052473,238,706
1366758255182436525,A50,380
1366763690054802171,A50,236
1366767632362362078,J29,336
1366771750105846963,J29,336
1366773325407097923,J29,336
1365354032914947877,G26,811
1365406713901180398,G32,1026
1365417116101093761,632,144
1366845814698104281,118,396
1366912874990325602,712,585
1364370113337281432,118,57
1364370321727775225,A46,435
1364370356101079630,M05,905
1364371022850917906,R33,193
1364398160830776225,L20,707
1364477714461684157,F11,415
1364504149036333173,M05,125
1365484573394972967,J29,289
1365494908532851704,M09,300
1365496120882253043,227,175
1365511906182946356,M09,300
1365681782045610391,712,464
1365687240140522861,712,455
1365812777839378933,A44,357
1365865620836752897,A44,357
1365904038087745546,S03,554
1365987477656198999,J30,268
1366077611350307856,D11,551
1366114149538807331,G32,451
1366123641898773098,G32,540
1366129318116758410,G32,423
1366140929513944949,G32,435
1366144517562561460,M10,665
1366157111370295882,G32,468
1366164480631334407,G32,632
1366167320996859461,250,702
1366228575653775138,A18,189
1366237322410703508,A18,325
1366259830382103771,A18,434
1366263359400557457,A18,504
1366276159114868718,A43,258
1366302485518054103,A27,112
1366333532374850165,A15,440
1366717321390111215,J29,335
1366721904709517353,632,285
1366722692755341871,D15,281
1366723228243064949,J29,335
