id,bus_stop,w_distance
36121.0,WASHINGTON AV/STERLING PL,433
36647.0,2 AV/E 111 ST,168
38663.0,DEAN ST/3 AV,147
38833.0,SAINT NICHOLAS AV/W 137 ST,78
39282.0,GRAND ST/UNION AV,51
39572.0,W 49 ST/9 AV,196
6848.0,S 4 ST/HOOPER ST,158
6872.0,MADISON AV/E 118 ST,148
6990.0,3 AV/E 99 ST,36
7097.0,MYRTLE AV/CARLTON AV,297
7801.0,BEDFORD AV/N 9 ST,54
8490.0,MARCUS GARVEY BLVD/JEFFERSON AV,143
93313.0,MARCUS GARVEY BLVD/JEFFERSON AV,39
94783.0,STERLING PL/BEDFORD AV,189
96471.0,GREENE AV/WASHINGTON AV,221
98663.0,8 AV/W 31 ST,196
100002.0,BROADWAY/W 187 ST,270
100186.0,3 AV/12 ST,56
42300.0,ALLEN ST/DELANCEY ST,119
42729.0,COURT ST/NELSON ST,331
43105.0,MADISON AV/E 29 ST,64
44229.0,MYRTLE AV/VANDERBILT AV,61
44973.0,S 4 ST/HEWES ST,194
9357.0,9 AV/W 55 ST,110
10452.0,PUTNAM AV/FRANKLIN AV,51
12940.0,BEDFORD AV/ATLANTIC AV,178
14314.0,MANHATTAN AV/EAGLE ST,97
15341.0,BOWERY/SPRING ST,62
15385.0,BEDFORD AV/S 4 ST,134
16580.0,E 10 ST/AVENUE D,166
45910.0,FOREST AV/69 AV,197
45935.0,E 138 ST/WILLIS AV,472
45936.0,AMSTERDAM AV/W 116 ST,382
103555.0,MYRTLE AV/CARLTON AV,59
105469.0,VAN WYCK SOUTH SERVICE RD/BUILDING 90,15047
106363.0,RIVERSIDE DR/W 145 ST,575
106647.0,CLASSON AV/GATES AV,191
107630.0,MANHATTAN AV/CALYER ST,193
112435.0,MYRTLE AV/CARLTON AV,335
113265.0,ROGERS AV/ST MARKS AV,136
115535.0,BROADWAY/W 142 ST,58
46911.0,FLATBUSH AV/SAINT MARKS AV,57
49048.0,PUTNAM AV/FRANKLIN AV,68
16821.0,AVENUE A/EAST HOUSTON ST,112
16974.0,3 AV/E 121 ST,126
17037.0,AVENUE C/E 5 ST,76
18152.0,E 79 ST/EAST END AV,188
18728.0,9 AV/W 18 ST,96
19174.0,W 14 ST/8 AV,51
19282.0,OCEAN AV/PARKSIDE AV,98
52689.0,ASTORIA BLVD/STEINWAY ST,1393
53469.0,75 PL/65 DR,160
115748.0,21 ST/30 AV,973
118061.0,MALCOLM X BLVD/HALSEY ST,71
125163.0,MALCOLM X BLVD/PUTNAM AV,138
135465.0,FULTON ST/SOUTH ELLIOT PL,40
136493.0,7 AV/UNION ST,280
53470.0,67 AV/FRESH POND RD,275
53477.0,FURMANVILLE AV/77 PL,192
54466.0,MANHATTAN AV/W 113 ST,143
54508.0,FLATBUSH AV/SAINT MARKS AV,102
54544.0,ADAM C POWELL BLVD/W 130 ST,23
54860.0,E 116 ST/PARK AV,75
21794.0,8 AV/W 17 ST,147
23135.0,MILL ST/CLINTON ST,313
23545.0,W 145 ST/RIVERSIDE DR,180
24285.0,7 AV/3 ST,174
26785.0,5 AV/11 ST,81
27883.0,AVENUE A/E 5 ST,94
55959.0,GRAND ST/UNION AV,52
56859.0,ADAM C POWELL BLVD/W 131 ST,139
57166.0,ASTORIA BLVD/STEINWAY ST,496
57297.0,ATLANTIC AV/CLINTON ST,85
140133.0,DRIGGS AV/GRAND ST,39
141335.0,7 AV/UNION ST,126
144087.0,FREDERICK DOUGLASS BLVD/W 121 ST,79
146726.0,MALCOLM X BLVD/W 119 ST,60
148259.0,GRAHAM AV/AINSLIE ST,126
148825.0,W 106 ST/COLUMBUS AV,160
150804.0,EAST HOUSTON ST/CLINTON ST,148
57874.0,5 AV/W 128 ST,106
58059.0,W 145 ST/SAINT NICHOLAS AV,56
59014.0,ESSEX ST/RIVINGTON ST,143
28907.0,YORK AV/E 88 ST,154
29013.0,FRANKLIN AV/PUTNAM AV,4
29628.0,FULTON ST/WASHINGTON AV,73
31130.0,W 57 ST/9 AV,107
31994.0,GREENE AV/GRAND AV,256
33009.0,DRIGGS AV/N 4 ST,65
59121.0,FOREST AV/69 AV,190
60611.0,E 106 ST/LEXINGTON AV,8
151199.0,ASTORIA BLVD SOUTH/STEINWAY ST,1439
152263.0,ADAM C POWELL BLVD/W 119 ST,102
157673.0,THROOP AV/MACDONOUGH ST,94
158061.0,HALSEY ST/HOWARD AV,113
166006.0,W 106 ST/COLUMBUS AV,51
60666.0,MALCOLM X BLVD/W 127 ST,235
34760.0,DE KALB AV/SOUTH PORTLAND AV,303
212109.0,GREENWICH ST/HORATIO ST,198
213330.0,ESSEX ST/GRAND ST,54
216080.0,DE KALB AV/SOUTH PORTLAND AV,244
218358.0,ADAM C POWELL BLVD/W 120 ST,91
219066.0,18 AV/66 ST,191
219922.0,AMSTERDAM AV/W 131 ST,60
60680.0,E 10 ST/AVENUE B,150
61406.0,FREDERICK DOUGLASS BLVD/114 ST,103
62925.0,MANHATTAN AV/GREENPOINT AV,156
63588.0,WHITE PLAINS RD/OBRIEN AV,88
63610.0,BOSTON RD/BOLLER AV,191
168123.0,19 ST/8 AV,91
169483.0,KINGS HWY/E 4 ST,225
170761.0,FULTON ST/ASHLAND PL,221
173151.0,GREENPOINT AV/FRANKLIN ST,233
174966.0,W 66 ST/WEST END AV,178
176135.0,CLASSON AV/STERLING PL,173
223930.0,FLATBUSH AV/GRAND ARMY PLAZA,144
225354.0,BROADWAY/WYTHE AV,35
225976.0,TOMPKINS AV/BELAIR RD,298
226021.0,GRAND ST/GRAHAM AV,168
227495.0,W 86 ST/COLUMBUS AV,184
228317.0,RALPH AV/JEFFERSON AV,152
64314.0,BERGEN ST/NOSTRAND AV,94
64365.0,BERGEN ST/NOSTRAND AV,98
66008.0,SMITH ST/UNION ST,227
66251.0,1 AV /E 4 ST,102
177606.0,1 AV/E 29 ST,88
179670.0,EAST HOUSTON ST/AV C,37
180201.0,DRIGGS AV/GRAND ST,93
182069.0,3 AV/E 102 ST,143
66275.0,BOWERY/KENMARE ST,41
66974.0,SMITH ST/UNION ST,262
233638.0,GATES AV/CYPRESS AV,216
235552.0,7 AV/15 ST,121
235951.0,3 AV/E 47 ST,132
235960.0,EAST HOUSTON ST/CLINTON ST,60
67299.0,WYTHE AV/GRAND ST,75
68735.0,AMSTERDAM AV/W 86 ST,77
68974.0,BOWERY/KENMARE ST,95
190974.0,7 AV/9 ST,203
191610.0,W 23 ST/9 AV,24
195123.0,AMSTERDAM AV/W 158 ST,160
195240.0,CLARKSON AV/BEDFORD AV,124
195989.0,5 AV/UNION ST,136
69894.0,W 72 ST/BROADWAY,215
245544.0,UNIVERSITY AV/W 192 ST,204
245574.0,LAFAYETTE AV/BEDFORD AV,22
248865.0,pulaski br/box st,182
248966.0,MYRTLE AV/CHARLES PL,305
249704.0,GRAND ST/BUSHWICK AV,256
249867.0,HALSEY ST/SARATOGA AV,131
71366.0,6 AV/W 3 ST,112
199733.0,CLASSON AV/PROSPECT PL,158
201992.0,5 AV/UNION ST,366
204065.0,GREENE AV/GRAND AV,48
205485.0,HALSEY ST/THROOP AV,159
206957.0,SHORE PKWY/E 28 ST,42
75635.0,BOWERY/HESTER ST,209
75658.0,MYRTLE AV/WALWORTH ST,120
250536.0,ADAM C POWELL BLVD/W 129 ST,154
251277.0,COLUMBUS AV/W 84 ST,213
253332.0,5 AV/18 ST,139
253466.0,pulaski br/box st,182
253471.0,pulaski br/box st,182
253475.0,pulaski br/box st,182
253800.0,pulaski br/box st,182
77765.0,pulaski br/box st,192
79067.0,FULTON ST/SAINT JAMES PL,208
80493.0,AVENUE A/EAST HOUSTON ST,75
208889.0,MALCOLM X BLVD/GREENE AV,149
209310.0,GREENPOINT AV/40 ST,144
274743.0,1 AV/E 82 ST,114
276021.0,BROADWAY/WYTHE AV,172
276317.0,FLATBUSH AV/PARK PL,93
277883.0,CLARKSON AV/ROGERS AV,80
253803.0,pulaski br/box st,182
253806.0,pulaski br/box st,182
253811.0,pulaski br/box st,182
253846.0,pulaski br/box st,182
255476.0,BORINQUEN PL/S 1 ST,93
255601.0,LAFAYETTE AV/NOSTRAND AV,250
82638.0,AVENUE C/E 6 ST,271
82928.0,TOMPKINS AV/PUTNAM AV,69
83243.0,BROADWAY/JEFFERSON AV,74
83474.0,FULTON ST/HOYT ST,75
281851.0,FREDERICK DOUGLASS BLVD/W 121 ST,138
286662.0,SAINT JOHNS PL/BEDFORD AV,90
287408.0,10 AV/W 45 ST,30
287845.0,SMITH ST/2 ST,36
84010.0,pulaski br/box st,192
89427.0,GREENE AV/WASHINGTON AV,221
400078.0,THROOP AV/HART ST,103
255957.0,BOWERY/KENMARE ST,60
257097.0,FRANKLIN AV/PUTNAM AV,84
260755.0,WEST BROADWAY/DUANE ST,102
409262.0,BERGEN ST/HOYT ST,155
292121.0,9 AV/W 52 ST,185
292800.0,W 10 ST/7 AV S,29
294227.0,pulaski br/box st,192
294242.0,pulaski br/box st,192
294259.0,pulaski br/box st,192
294263.0,pulaski br/box st,192
411918.0,KINGSTON AV/SAINT JOHNS PL,132
413504.0,GRAHAM AV/AINSLIE ST,56
416557.0,GRAHAM AV/DRIGGS AV,151
294280.0,pulaski br/box st,192
295998.0,COLUMBUS AV/W 94 ST,74
296717.0,LAFAYETTE AV/BEDFORD AV,184
298759.0,NOSTRAND AV/PUTNAM AV,231
301034.0,MANHATTAN AV/W 119 ST,60
263232.0,SAINT NICHOLAS AV/W 142 ST,283
263888.0,RIVERSIDE DR/W 94 ST,705
266449.0,DELANCEY ST/ESSEX ST,138
266753.0,ALLEN ST/DELANCEY ST,79
417685.0,PROSPECT PARK WEST/9 ST,97
424767.0,LEXINGTON AV/E 28 ST,127
425423.0,HUTCHINSON RIVER PKWY EAST/EINSTEIN LOOP NORTH,285
267652.0,CHURCH AV/OCEAN PKWY,322
268335.0,WYTHE AV/N 12 ST,154
268439.0,JOHNSON AV/HUMBOLDT ST,114
269283.0,EMPIRE BLVD/UTICA AV,8
269404.0,ASTORIA BLVD SOUTH/STEINWAY ST,259
270139.0,FLUSHING AV/KNICKERBOCKER AV,141
270231.0,GREENPOINT AV/47 ST,619
270345.0,BOWERY/BLEECKER ST,48
431865.0,EDGECOMBE AV/W 160 ST,102
302238.0,W 125 ST/ADAM C POWELL BLVD,213
302280.0,MALCOLM X BLVD/W 122 ST,65
302309.0,MALCOLM X BLVD/W 122 ST,49
302705.0,3 AV/E 77 ST,26
302758.0,1 AV/E 116 ST,150
303264.0,MALCOLM X BLVD/W 125 ST,59
305245.0,MALCOLM X BLVD/W 122 ST,85
310325.0,W 145 ST/CONVENT AV,169
310338.0,SAINT NICHOLAS AV/W 144 ST,219
432823.0,7 AV/BERKELEY PL,242
433414.0,GREENE AV/VANDERBILT AV,120
433914.0,SUTTER AV/ESSEX ST,221
437352.0,9 ST/4 AV,213
272026.0,BROADWAY/W 207 ST,20
518566.0,LEXINGTON AV/E 74 ST,63
519310.0,GREENPOINT AV/47 ST,571
523123.0,15 ST/8 AV,216
528485.0,5 AV/PROSPECT AV,260
530576.0,AMSTERDAM AV/W 77 ST,190
439750.0,WOODPOINT RD/CONSELYEA ST,111
310524.0,MYRTLE AV/CLASSON AV,186
314982.0,E 14 ST/3 AV,197
318021.0,W 116 ST/SAINT NICHOLAS AV,133
321136.0,W 155 ST/BROADWAY,133
322037.0,BEDFORD AV/N 8 ST,168
439870.0,7 AV/6 ST,190
442636.0,MYRTLE AV/SENECA AV,249
443646.0,AMSTERDAM AV/W 89 ST,122
447766.0,3 AV/E 24 ST,143
448011.0,LAFAYETTE AV/WASHINGTON AV,171
325429.0,1 AV/E 82 ST,101
332208.0,MANHATTAN AV/MESEROLE AV,58
333323.0,10 AV/W 47 ST,86
336055.0,HUTCHINSON RIVER PKWY EAST/EINSTEIN LOOP NORTH,290
532288.0,6 AV/WAVERLY PL,90
533506.0,AVENUE A/E 11 ST,99
536578.0,WYCKOFF AV/BLEECKER ST,95
538465.0,FORT WASHINGTON AV/CABRINI BLVD,2496
540057.0,BROADWAY/W 140 ST,46
541725.0,WYTHE AV/N 9 ST,95
542054.0,AVENUE A/E 11 ST,99
543792.0,DE KALB AV/SENECA AV,365
449660.0,CATON AV/OCEAN PKWY,135
450577.0,W 72 ST/CENTRAL PARK WEST,62
453094.0,LAFAYETTE AV/GRAND AV,122
455734.0,BROADWAY/W 204 ST,344
456190.0,HUDSON ST/PERRY ST,57
342995.0,MALCOLM X BLVD/W 132 ST,96
343276.0,9 AV/W 40 ST,93
343766.0,GREENPOINT AV/47 ST,1857
344082.0,9 AV/W 40 ST,185
351859.0,7 AV/W 31 ST,115
352651.0,ROGERS AV/MIDWOOD ST,126
353317.0,ESSEX ST/EAST BROADWAY,78
355563.0,SMITH ST/WARREN ST,193
545261.0,DE KALB AV/WASHINGTON AV,77
545651.0,NOSTRAND AV/MAPLE ST,1
550653.0,PROSPECT PARK WEST/PROSPECT AV,236
552502.0,DEAN ST/CLASSON AV,168
552519.0,KINGSTON AV/PROSPECT PL,162
552639.0,W 135 ST/SAINT NICHOLAS AV,48
456578.0,FORT WASHINGTON AV/W 183 ST,170
463042.0,CLEVELAND  PL/SPRING ST,160
465706.0,COLUMBUS AV/W 106 ST,61
373618.0,WYTHE AV/N 9 ST,154
385824.0,HENRY HUDSON PKWY EAST/W 227 ST,14
386744.0,E 72 ST/2 AV,164
387666.0,EDGECOMBE AV/W 162 ST,53
466277.0,GRAND ST/LORIMER ST,117
466457.0,MARCUS GARVEY BLVD/LEXINGTON AV,80
467569.0,EAST HOUSTON ST/CLINTON ST,271
553872.0,W 145 ST/FREDERICK DOUGLASS BLVD,150
553903.0,FREDERICK DOUGLASS BLVD/W 145 ST,68
560078.0,AVENUE C/E 7 ST,82
568661.0,FLUSHING AV/JOHNSON AV,302
467866.0,HUDSON ST/BARROW ST,129
389482.0,MAIN ST/84 RD,364
392948.0,S 5 ST/HOOPER ST,88
394111.0,MAIN ST/MANTON ST,289
396636.0,SAINT NICHOLAS AV/W 153 ST,35
397034.0,RIVERSIDE DR/W 74 ST,150
569255.0,VAN BRUNT ST/PIONEER ST,56
570797.0,9 AV/W 46 ST,146
571564.0,NEW YORK AV/PROSPECT PL,47
573671.0,GATES AV/NOSTRAND AV,42
576227.0,BROADWAY/W 138 ST,157
578267.0,MADISON ST/MARKET ST,160
479002.0,GREENE AV/ADELPHI ST,107
479285.0,GREENPOINT AV/46 ST,747
483414.0,GATES AV/MARCY AV,323
487684.0,SMITH ST/BERGEN ST,70
491123.0,FLATBUSH AV/GRAND ARMY PLAZA,347
643328.0,WASHINGTON AV/PROSPECT PL,107
644575.0,CEBRA AV/SAINT PAULS AV,91
645075.0,W 49 ST/9 AV,202
645693.0,GREENPOINT AV/47 ST,1760
646458.0,KENT AV/S 3 ST,66
496166.0,7 AV/11 ST,202
581488.0,WYTHE AV/METROPOLITAN AV,139
582372.0,HOYT AV/31 ST,762
587698.0,KINGS HWY/E 3 ST,78
587740.0,6 AV/GRAND ST,147
590903.0,ADAM C POWELL BLVD/W 123 ST,112
591135.0,EAST HOUSTON ST/LAFAYETTE ST,93
498052.0,BEDFORD AV/GRAND ST,29
499763.0,9 AV/W 52 ST,169
504362.0,VANDERBILT AV/PARK PL,149
651375.0,EAST HOUSTON ST/CROSBY ST,42
651648.0,ATLANTIC AV/WAVERLY AV,139
655811.0,ESSEX ST/CANAL ST,122
656281.0,CATON AV/McDONALD AV,111
658366.0,E 14 ST/2 AV,182
658932.0,MYRTLE AV/SENECA AV,156
507393.0,GATES AV/MARCY AV,216
597668.0,HALSEY ST/MARCUS GARVEY BLVD,84
600775.0,BERGEN ST/CARLTON AV,188
602070.0,LORIMER ST/DRIGGS AV,72
512022.0,EAST HOUSTON ST/AV B,89
513343.0,VANDERBILT AV/STERLING PL,111
513688.0,ATLANTIC AV/3 AV,116
514548.0,DE KALB AV/MYRTLE AV,56
752616.0,ALLEN ST/HESTER ST,131
664047.0,W 65 ST/WEST END AV,7
666613.0,DRIGGS AV/S 4 ST,55
666837.0,ALLEN ST/DELANCEY ST,184
667502.0,FORT WASHINGTON AV/W 183 ST,67
669640.0,5 AV/UNION ST,154
606269.0,10 AV/W 45 ST,76
607781.0,3 AV/E 104 ST,50
611009.0,E 10 ST/AVENUE B,184
611156.0,W 155 ST/EDGECOMBE AV,184
613528.0,W 135 ST/SAINT NICHOLAS AV,67
753622.0,2 AV/E 13 ST,62
753687.0,FULTON ST/MARCUS GARVEY BLVD,86
753991.0,LEWIS AV/JEFFERSON AV,88
754353.0,21 ST/BROADWAY,1076
759901.0,ALLERTON AV/LACONIA AV,169
675793.0,W 10 ST/7 AV S,155
680225.0,STARR ST/WOODWARD AV,198
681599.0,5 AV/39 ST,108
684991.0,LEXINGTON AV/E 37 ST,67
690603.0,BERGEN ST/NOSTRAND AV,141
761835.0,21 ST/30 AV,608
618916.0,WASHINGTON AV/DEAN ST,39
634353.0,AMSTERDAM AV/W 65 ST,185
639199.0,AMBOY RD/BARNARD AV,518
762015.0,WILSON AV/JEFFERSON ST,278
762145.0,W 79 ST/RIVERSIDE DR,222
762426.0,MANHATTAN AV/W 106 ST,11
690934.0,BERGEN ST/5 AV,25
695216.0,VANDERBILT AV/WILLOUGHBY AV,246
698132.0,LAFAYETTE AV/LEWIS AV,27
698298.0,CLEVELAND  PL/SPRING ST,144
765315.0,BROADWAY/ROEBLING ST,380
765563.0,48 AV/216 ST,281
828130.0,FLATBUSH AV/OCEAN AV,107
828553.0,E 14 ST/3 AV,14
828616.0,UTICA AV/CARROLL ST,215
836720.0,20 AV/131 ST,276
837503.0,DE KALB AV/FRANKLIN AV,65
838070.0,5 AV/18 ST,44
765569.0,GOLD ST/TILLARY ST,13
767286.0,W 96 ST/WEST END AV,71
699472.0,S 4 ST/RODNEY ST,133
703971.0,NOSTRAND AV/HAWTHORNE ST,82
704838.0,82 ST/ROOSEVELT AV,1176
705749.0,TARGEE ST/WEST FINGERBOARD RD,464
705997.0,5 AV/21 ST,199
707396.0,E 10 ST/AVENUE B,200
711635.0,2 AV/E 9 ST,65
712127.0,TARGEE ST/ROME AV,317
840731.0,4 AV/E 10 ST,98
844319.0,OCEAN AV/GLENWOOD RD,259
846854.0,W 86 ST/COLUMBUS AV,113
847648.0,AMSTERDAM AV/W 149 ST,118
773885.0,FLUSHING AV/NOSTRAND AV,67
774791.0,KISSENA BLVD/ASH AV,55
776257.0,WYTHE AV/N 9 ST,201
777327.0,CONEY ISLAND AV/CORTELYOU RD,620
779838.0,RIVERSIDE DR/W 103 ST,319
783202.0,7 AV SOUTH/BARROW ST,137
783341.0,GRAND ST/PITT ST,66
848718.0,BEDFORD AV/MAPLE ST,76
850338.0,GRAHAM AV/JACKSON ST,107
850517.0,HALSEY ST/EVERGREEN AV,130
850712.0,6 AV/W 3 ST,251
850943.0,WYTHE AV/S 5 ST,171
852118.0,CLASSON AV/PROSPECT PL,159
712260.0,SMITH ST/UNION ST,101
713538.0,FULTON ST/GRAND AV,165
714049.0,82 ST/ROOSEVELT AV,1272
723709.0,MANHATTAN AV/W 113 ST,25
727512.0,pulaski br/box st,182
784122.0,THOMAS S BOYLAND ST/MARION ST,133
784124.0,THOMAS S BOYLAND ST/MARION ST,118
736187.0,NASSAU AV/ECKFORD ST,124
739239.0,W 86 ST/AMSTERDAM AV,276
739242.0,COLUMBUS AV/W 84 ST,129
740754.0,HOYT AV SOUTH/31 ST,453
747316.0,MANHATTAN AV/W 108 ST,40
852632.0,3 AV/14 ST,69
853142.0,SAINT NICHOLAS AV/W 164 ST,70
854396.0,FLUSHING AV/WYCKOFF AV,271
856918.0,5 AV/GARFIELD PL,213
857810.0,METROPOLITAN AV/LEONARD ST,170
864981.0,5 AV/45 ST,133
786685.0,AMSTERDAM AV/W 140 ST,67
787060.0,E 34 ST/PARK AV,178
788005.0,VANDERBILT AV/STERLING PL,125
748118.0,pulaski br/box st,202
749276.0,DECATUR ST/IRVING AV,56
752289.0,WEST HOUSTON ST/SULLIVAN ST,20
951365.0,DE KALB AV/SENECA AV,353
951439.0,W 81 ST/COLUMBUS AV,84
953314.0,LEXINGTON AV/E 28 ST,160
867020.0,FRANKLIN ST/GREEN ST,24
873701.0,FRANKLIN AV/EASTERN PKWY,121
874706.0,CHURCH AV/E 7 ST,56
876355.0,BROADWAY/LA SALLE ST,73
794156.0,CENTRAL PARK WEST/W 64 ST,93
804194.0,MONTROSE AV/BUSHWICK AV,41
883480.0,CATHEDRAL PKWY/AMSTERDAM AV,166
886808.0,46 AV/158 ST,430
887355.0,1 AV/E 36 ST,69
890794.0,82 ST/ROOSEVELT AV,1272
890839.0,WASHINGTON AV/ATLANTIC AV,164
805028.0,BERGEN ST/4 AV,191
956412.0,YORK ST/JAY ST,140
958444.0,CITY ISLAND AV/BEACH ST,171
973535.0,ASTORIA BLVD SOUTH/77 ST,155
973653.0,FREDERICK DOUGLASS BLVD/W 148 ST,155
975250.0,RALPH AV/BROADWAY,41
975990.0,ATLANTIC AV/HENRY ST,556
978386.0,HOYT AV SOUTH/31 ST,1869
805218.0,GREENPOINT AV/McGUINNESS BLVD,85
808476.0,RIVERSIDE DR/W 156 ST,647
811238.0,MALCOLM X BLVD/W 122 ST,92
813225.0,DE KALB AV/CARLTON AV,150
896535.0,W 86 ST/CENTRAL PK WEST,79
904060.0,GATES AV/CLASSON AV,7
909859.0,7 AV/GARFIELD PL,131
918049.0,6 AV/W 18 ST,10
982038.0,DE KALB AV/CARLTON AV,150
982276.0,MADISON ST/MARKET ST,46
983625.0,MOUNT MORRIS PARK WEST/W 124 ST,84
986727.0,5 AV/W 128 ST,13
990367.0,ADAM C POWELL BLVD/W 123 ST,162
814327.0,YORK AV/E 76 ST,138
816888.0,BROADWAY/W 187 ST,232
817113.0,NEW YORK AV/STERLING PL,81
818325.0,2 AV/E 33 ST,160
919830.0,W 23 ST/8 AV,144
921500.0,NOSTRAND AV/SAINT JOHNS PL,122
927408.0,LAFAYETTE AV/WASHINGTON AV,111
818481.0,W 135 ST/BROADWAY,229
990529.0,E 42 ST/2 AV,6
993514.0,COLUMBUS AV/W 86 ST,71
993575.0,W 86 ST/AMSTERDAM AV,151
993576.0,W 86 ST/COLUMBUS AV,199
1009883.0,SMITH ST/DOUGLASS ST,191
1010785.0,21 ST/BROADWAY,770
818518.0,BROADWAY/W 135 ST,72
819206.0,MADISON AV/E 101 ST,199
819228.0,BROADWAY/W 137 ST,81
819893.0,RIVERSIDE DR/W 137 ST,74
819956.0,HALSEY ST/STUYVESANT AV,276
936218.0,MORNINGSIDE AV/W 125 ST,87
939657.0,MALCOLM X BLVD/W 129 ST,145
940116.0,5 AV/45 ST,109
945297.0,E 14 ST/1 AV,253
1138727.0,8 AV/W  56 ST,149
1141120.0,BROADWAY/MADISON ST,218
1018529.0,LORIMER ST/BAYARD ST,213
1023529.0,BROADWAY/W 137 ST,70
1024647.0,GRAND CONCOURSE/VAN CORTLANDT AV EAST,106
1025786.0,21 ST/45 RD,111
1026683.0,GRAND CONCOURSE/E 153 ST,258
1027808.0,EAST HOUSTON ST/AV C,138
825129.0,CENTRAL PARK WEST/W 100 ST,214
826685.0,THROOP AV/JEFFERSON AV,62
1380326.0,E 72 ST/1 AV,69
1144861.0,ATLANTIC AV/BOERUM PL,156
1146653.0,CENTRAL PARK WEST/W 97 ST,114
1150382.0,3 AV/E 118 ST,100
1150869.0,RIVERSIDE DR/W 112 ST,87
1151343.0,FREDERICK DOUGLASS BLVD/114 ST,7
1155885.0,HALSEY ST/MALCOLM X BLVD,183
1157522.0,BEDFORD AV/N 5 ST,149
1030254.0,WILSON AV/CORNELIA ST,224
1035120.0,ASTORIA BLVD SOUTH/77 ST,319
1036498.0,GREENPOINT AV/47 ST,1760
1038802.0,MEEKER AV/MORGAN AV,145
1040156.0,W 23 ST/7 AV,149
1042806.0,PARSONS BLVD/ELM AV,293
1392079.0,BROOKLYN AV/SAINT JOHNS PL,124
1392144.0,NEW YORK AV/SAINT JOHNS PL,48
1396458.0,WASHINGTON AV/PROSPECT PL,4
1398234.0,BOWERY/PRINCE ST,94
1401826.0,48 AV/GREENPOINT AV,243
1044731.0,BEDFORD AV/CHURCH AV,64
1045897.0,DRIGGS AV/N 9 ST,33
1049224.0,ADAM C POWELL BLVD/W 133 ST,66
1056445.0,E 65 ST/5 AV,122
1060019.0,E 79 ST/3 AV,30
1063020.0,3 AV/E 109 ST,75
1166947.0,BROADWAY/W 187 ST,82
1167658.0,GREEN ST/MANHATTAN AV,118
1187643.0,LINCOLN AV/BRUCKNER BLVD,105
1195260.0,CHURCH AV/TROY AV,248
1407633.0,MANHATTAN AV/W 121 ST,120
1072481.0,W 23 ST/7 AV,57
1076324.0,GREENPOINT AV/47 ST,273
1080543.0,39 ST/2 AV,127
1087215.0,9 AV/W 25 ST,132
1411811.0,7 AV SOUTH/BEDFORD ST,156
1440363.0,SAINT NICHOLAS AV/W 135 ST,41
1205103.0,MYRTLE AV/CARLTON AV,41
1209921.0,HALSEY ST/PATCHEN AV,190
1210916.0,2 AV/E 46 ST,123
1213745.0,BROADWAY/W 84 ST,170
1215122.0,BROADWAY/W 140 ST,115
1215627.0,VAN WYCK SOUTH SERVICE RD/BUILDING 90,17072
1220548.0,ATLANTIC AV/124 ST,219
1453998.0,FULTON ST/SOUTH ELLIOT PL,188
1098863.0,DECATUR ST/KNICKERBOCKER AV,203
1100421.0,SMITH ST/BERGEN ST,132
1101035.0,LIVINGSTON ST/BOND ST,98
1101224.0,LEWIS AV/MADISON ST,156
1102942.0,2 AV/E 31 ST,58
1108309.0,EMMONS AV/E 26 ST,189
1457505.0,SAINT JOHNS PL/ROCHESTER AV,226
1461965.0,BROOKLYN AV/BERGEN ST,127
1465446.0,MOUNT MORRIS PARK WEST/W 121 ST,57
1221962.0,6 AV/W 20 ST,103
1245479.0,MONTROSE AV/GRAHAM AV,94
1255828.0,AMSTERDAM AV/W 77 ST,85
1256670.0,E 86 ST/2 AV,180
1258651.0,ADAM C POWELL BLVD/W 121 ST,78
1474752.0,METROPOLITAN AV/HAVEMEYER ST,159
1475084.0,ESSEX ST/GRAND ST,12
1117706.0,BEDFORD AV/GRAND ST,91
1118031.0,CLEVELAND  PL/SPRING ST,111
1123737.0,BROADWAY/W 157 ST,112
1126492.0,LAFAYETTE AV/SOUTH PORTLAND AV,76
1127770.0,LORIMER ST/JACKSON ST,66
1130680.0,SCHAEFER ST/BUSHWICK AV,41
1131804.0,MALCOLM X BLVD/W 127 ST,110
1478946.0,8 AV/W 31 ST,135
1479283.0,8 AV/W 28 ST,136
1480002.0,ALLEN ST/DELANCEY ST,184
1263964.0,CONVENT AV/W 129 ST,82
1268154.0,GRAND AV/MASPETH AV,389
1278784.0,E 149 ST/TINTON AV,159
1279234.0,ROGERS AV/LINCOLN PL,112
1486099.0,MEEKER AV/KINGSLAND AV,202
1491991.0,5 AV/UNION ST,132
1506985.0,5 AV/W 120 ST,114
1137093.0,LORIMER ST/JACKSON ST,66
1137270.0,BROADWAY/W 88 ST,57
1696381.0,3 AV/E 118 ST,7
1702533.0,DEAN ST/4 AV,115
1702781.0,21 ST/BROADWAY,194
1707850.0,NOSTRAND AV/RUTLAND RD,118
1511303.0,NOSTRAND AV/MAPLE ST,85
1281257.0,WATER ST/MAIDEN LN,294
1284776.0,SMITH ST/2 ST,343
1291020.0,5 AV/12 ST,159
1294973.0,RIVERSIDE DR/W 94 ST,113
1530386.0,8 AV/W 14 ST,8
1712660.0,S 5 ST/HOOPER ST,68
1717058.0,CLEVELAND  PL/SPRING ST,104
1717226.0,MARCUS GARVEY BLVD/FULTON ST,286
1722101.0,WEST END AV/W 61 ST,40
1724731.0,10 AV/W 16 ST,91
1533652.0,W 81 ST/CENTRAL PARK WEST,232
1534212.0,NEPTUNE AV/E 12 ST,258
1549413.0,LENOX AV/W 116 ST,129
1555491.0,E 86 ST/1 AV,80
1304459.0,LORIMER ST/TEN EYCK ST,195
1305346.0,BROADWAY/SPRING ST,97
1307095.0,E 14 ST/1 AV,37
1307228.0,FLUSHING AV/WYCKOFF AV,223
1307723.0,CATHEDRAL PKWY/BROADWAY,70
1313711.0,NOSTRAND AV/HAWTHORNE ST,139
1325432.0,LAUREL HILL BLVD/58 ST,1432
1731245.0,SAINT MARKS AV/BUFFALO AV,268
1731365.0,CENTRAL PARK WEST/W 94 ST,132
1734724.0,BEDFORD AV/N 9 ST,70
1735804.0,MALCOLM X BLVD/GREENE AV,131
1739847.0,STORY AV/BOYNTON AV,294
1581579.0,HOYT AV/31 ST,1016
1591811.0,GRAHAM AV/SCHOLES ST,46
1604488.0,KENT AV/N 6 ST,117
1604489.0,6 AV/W 27 ST,212
1606312.0,BEDFORD AV/N 12 ST,59
1617443.0,ADAM C POWELL BLVD/W 135 ST,94
1331960.0,FLUSHING AV/LEE AV,156
1332473.0,SPRINGFIELD BLVD/93 AV,214
1336223.0,8 AV/W 28 ST,136
1336230.0,8 AV/W 28 ST,82
1342443.0,GREENPOINT AV/42 ST,289
1349187.0,NOSTRAND AV/BERGEN ST,140
1349658.0,AMSTERDAM AV/W 123 ST,141
1617488.0,DE KALB AV/FRANKLIN AV,96
1742654.0,W 57 ST/9 AV,92
1744709.0,RALPH AV/SUMPTER ST,179
1745358.0,W 49 ST/9 AV,92
1750248.0,5 AV/W 118 ST,143
1750679.0,NOSTRAND AV/EASTERN PKWY,140
1753671.0,LEXINGTON AV/E 114 ST,194
1754876.0,RALPH AV/DECATUR ST,62
1755844.0,SAINT JOHNS PL/TROY AV,170
1621235.0,MYRTLE AV/NOSTRAND AV,21
1623431.0,E 42 ST/1 AV,98
1628156.0,FLATLANDS AV/E 94 ST,68
1634856.0,BEDFORD AV/N 5 ST,142
1640995.0,1 AV/E 72 ST,62
1645181.0,MALCOLM X BLVD/DECATUR ST,183
1766846.0,1 AV/E 11 ST,156
1776732.0,COLUMBUS AV/W 92 ST,170
1780748.0,1 AV/E 39 ST,127
1354973.0,SARATOGA AV/MACDONOUGH ST,44
1355654.0,E 9 ST/AVENUE A,179
1357021.0,2 AV/E 54 ST,51
1359130.0,FORT WASHINGTON AV/CABRINI BLVD,183
1361017.0,5 AV/5 ST,135
1918693.0,CLASSON AV/GATES AV,183
1645667.0,GATES AV/NOSTRAND AV,161
1649957.0,AMSTERDAM AV/LA SALLE ST,186
1652236.0,NOSTRAND AV/GREENE AV,160
1654929.0,BEDFORD AV/AVENUE D,71
1655550.0,9 AV/W 55 ST,121
1656585.0,WEST HOUSTON ST/LAGUARDIA PL,80
1656621.0,LAFAYETTE AV/MARCUS GARVEY BLVD,168
1793091.0,COLUMBUS AV/W 72 ST,157
1793104.0,SAINT NICHOLAS AV/W 145 ST,299
1797025.0,SAINT JOHNS PL/ROGERS AV,78
1798500.0,HUNTER AV/BOLLER AV,293
1668328.0,MESEROLE ST/GRAHAM AV,182
1921859.0,HOYT AV SOUTH/31 ST,560
1925224.0,METROPOLITAN AV/RODNEY ST,381
1932110.0,EAST HOUSTON ST/FORSYTH ST,152
1934804.0,MYRTLE AV/WASHINGTON AV,59
1669149.0,9 AV/W 52 ST,60
1670517.0,3 AV/E 17 ST,30
1672977.0,9 AV/W 55 ST,121
1673040.0,9 AV/W 55 ST,121
1688914.0,SAINT NICHOLAS AV/W 137 ST,88
1809547.0,MALCOLM X BLVD/W 119 ST,161
1826701.0,RIVERSIDE DR/W 139 ST,68
1831227.0,5 AV/W 132 ST,141
2051352.0,MCDONALD AV/ALBEMARLE RD,190
1935302.0,VANDERBILT AV/WILLOUGHBY AV,150
1936633.0,CITY ISLAND AV/BEACH ST,264
1941435.0,BERGEN ST/BUFFALO AV,240
1941439.0,MADISON AV/E 111 ST,43
1944155.0,LAFAYETTE AV/SOUTH PORTLAND AV,128
1945115.0,MANHATTAN AV/W 116 ST,11
2053940.0,PARK AV/VANDERBILT AV,89
1835367.0,8 AV/W 28 ST,134
1846580.0,9 ST/8 AV,296
1855846.0,RIVERSIDE DR/W 144 ST,79
1856027.0,AVENUE A/E 5 ST,83
1948494.0,FOSTER AV/E 29 ST,143
1952271.0,BROADWAY/W 102 ST,78
1958765.0,GRAHAM AV/JACKSON ST,59
2065538.0,BERGEN ST/FRANKLIN AV,137
2069359.0,FULTON ST/UTICA AV,200
1870228.0,THOMSON AV/VAN DAM ST,1439
1876811.0,3 AV/E 17 ST,231
1881846.0,1 AV/E 52 ST,65
1885714.0,WYCKOFF AV/MENAHAN ST,313
1961760.0,COURT ST/SACKETT ST,122
1971540.0,AMSTERDAM AV/W 59 ST,120
1974700.0,MALCOLM X BLVD/W 135 ST,81
1976123.0,2 AV/E 6 ST,54
1979076.0,NASSAU AV/MORGAN ST,140
2080861.0,LEWIS AV/GREENE AV,161
2083749.0,AMSTERDAM AV/W 104 ST,142
1979127.0,1 AV /E 4 ST,154
1981590.0,GATES AV/IRVING AV,28
1984378.0,FLUSHING AV/KNICKERBOCKER AV,107
1984486.0,KINGSTON AV/PROSPECT PL,178
1893225.0,ATLANTIC AV/CARLTON AV,209
1897447.0,BERGEN ST/BOND ST,281
1901154.0,SAINT NICHOLAS AV/W 150 ST,183
1903198.0,QUEENS MIDTOWN EXPY / 43RD ST,135
1911641.0,3 AV/E 53 ST,157
2165933.0,W 50 ST/7 AV,145
2171821.0,GATES AV/WYCKOFF AV,51
2089226.0,CHURCH AV/OCEAN AV,146
2092827.0,GRAND ST/LORIMER ST,165
2093064.0,8 AV/W 28 ST,133
1988823.0,ADAM C POWELL BLVD/W 131 ST,85
2000576.0,BROOKLYN AV/SAINT JOHNS PL,47
2015168.0,GATES AV/FRANKLIN AV,166
2015800.0,5 AV/33 ST,83
2017397.0,BEDFORD AV/CARROLL ST,189
2093304.0,MYRTLE AV/VANDERBILT AV,80
2183423.0,MALCOLM X BLVD/W 135 ST,78
2194038.0,FULTON ST/CARLTON AV,93
2098030.0,MARCUS GARVEY BLVD/FULTON ST,100
2100887.0,CENTRE ST/BROOME ST,37
2019927.0,BROADWAY/SHERMAN AV,136
2028291.0,21 ST/BROADWAY,1105
2108178.0,NASSAU AV/KINGSLAND AV,127
2111422.0,BROADWAY/179 ST,51
2112142.0,HALSEY ST/MARCY AV,187
2214710.0,NASSAU AV/MORGAN ST,156
2115773.0,5 AV/14 ST,278
2028677.0,W 135 ST/MALCOLM X BLVD,75
2032156.0,COLUMBIA ST/ATLANTIC AV,256
2041041.0,E 72 ST/1 AV,95
2119582.0,fdr/beekman st,162
2127713.0,MALCOLM X BLVD/W 132 ST,80
2134697.0,9 AV/W 55 ST,121
2044889.0,DRIGGS AV/GRAND ST,97
2334411.0,MALCOLM X BLVD/W 127 ST,92
2338082.0,W 106 ST/AMSTERDAM AV,134
2339096.0,ESSEX ST/CANAL ST,62
2137796.0,MALCOLM X BLVD/MADISON ST,256
2254817.0,3 AV/E 72 ST,83
2255549.0,7 AV/W 20 ST,92
2145599.0,W 49 ST/10 AV,188
2151479.0,THROOP AV/MADISON ST,156
2349737.0,HORACE HARDING EXPWY/QUEENS BLVD,142
2373238.0,9 AV/W 44 ST,60
2385779.0,LEWIS AV/GATES AV,89
2151558.0,FRANKLIN ST/INDIA ST,112
2153153.0,JOHNSON AV/HUMBOLDT ST,146
2154075.0,TOMPKINS AV/GREENE AV,165
2155610.0,RALPH AV/PACIFIC ST,166
2261367.0,W 37 ST/NEPTUNE AV,682
2267177.0,39 ST/5 AV,168
2607583.0,1 AV/E 75 ST,174
2607741.0,2 AV/E 75 ST,34
2392051.0,DELANCEY ST/COLUMBIA ST,315
2400614.0,KINGSLAND AV/RICHARDSON ST,51
2404708.0,KENT AV/N 9 ST,178
2415563.0,BEDFORD AV/PRESIDENT ST,69
2619549.0,2 AV/E 78 ST,74
2619802.0,2 AV/E 75 ST,143
2620068.0,2 AV/E 75 ST,18
2281147.0,6 AV/W 54 ST,168
2284670.0,KINGS HWY/AVENUE J,131
2626457.0,BROADWAY/W 103 ST,94
2629613.0,7 AV/W 12 ST,50
2432622.0,BEDFORD AV/N 12 ST,461
2435198.0,STORY AV/BOLTON AV,18
2440357.0,HOYT AV/31 ST,906
2446430.0,7 AV/PROSPECT AV,159
2451647.0,AVENUE C/E 7 ST,109
2454507.0,PEARL ST/FULTON ST,149
2635078.0,DE KALB AV/FORT GREENE PL,100
2636532.0,2 AV/E 75 ST,168
2291893.0,EMPIRE BLVD/ROGERS AV,229
2296024.0,HENRY HUDSON PKWY WEST/W 232 ST,132
2298731.0,10 AV/W 37 ST,55
2303152.0,7 AV/11 ST,112
2637533.0,HOYT AV/31 ST,974
2645558.0,3 AV/E 17 ST,192
2461439.0,ALLEN ST/STANTON ST,147
2465699.0,CENTRAL PARK NORTH/MALCOLM X BLVD,122
2467377.0,BELL BLVD/16 AV,279
2468186.0,COLUMBUS AV/W 106 ST,259
2473861.0,W 125 ST/MALCOLM X BLVD,160
2484057.0,S 5 ST/KEAP ST,217
2485774.0,GRAHAM AV/AINSLIE ST,84
2657331.0,VANDERBILT AV/ATLANTIC AV,42
2314392.0,W 72 ST/BROADWAY,210
2314553.0,NASSAU AV/MORGAN ST,180
2838331.0,MANHATTAN AV/NORMAN AV,85
2847652.0,FORT WASHINGTON AV/W 162 ST,108
2847932.0,E 96 ST/3 AV,220
2659732.0,NASSAU AV/NEWEL ST,281
2669352.0,BROADWAY/W 100 ST,87
2508374.0,FARMERS BLVD/143 RD,420
2510394.0,BOX ST/MANHATTAN AV,1199
2856770.0,2 AV/E 97 ST,56
2863408.0,2 AV/E 75 ST,106
2865117.0,9 ST/6 AV,216
2870840.0,FORT WASHINGTON AV/W 179 ST,392
2677779.0,HAMPTON ST / WHITNEY AVE,929
2678075.0,HALSEY ST/THROOP AV,208
2683387.0,W 57 ST/7 AV,157
2684223.0,THOMAS S BOYLAND ST/MARION ST,71
2686412.0,FULTON ST/SAINT JAMES PL,188
2538248.0,W 135 ST/MALCOLM X BLVD,162
2700296.0,W 125 ST/FREDERICK DOUGLASS BLVD,200
2872353.0,2 AV/E 78 ST,37
2888088.0,CHURCH AV/E 18 ST,461
2889377.0,PARSONS BLVD/ASH AV,300
2700596.0,ADAM C POWELL BLVD/W 122 ST,129
2723019.0,BEDFORD AV/WINTHROP ST,183
2563997.0,GREENE AV/WASHINGTON AV,268
2569808.0,s 4 st/havemeyer st,70
2574386.0,10 AV/W 16 ST,144
2922197.0,GREENPOINT AV/LEONARD ST,87
2923381.0,BROADWAY/W 207 ST,267
2936054.0,WEST THAMES ST/SOUTH END AV,208
2939670.0,JAMAICA AV/78 ST,368
2940007.0,GRAND ST/PITT ST,238
2748094.0,E 14 ST/IRVING PL,229
2942129.0,JAMAICA AV/FOREST PKWY,328
2947668.0,82 ST/ROOSEVELT AV,487
2968070.0,8 AV/W 46 ST,150
2578731.0,VAN WYCK SOUTH SERVICE RD/BUILDING 90,15220
2586556.0,BROADWAY/CHAUNCEY ST,170
2754179.0,2 AV/E 78 ST,149
2976105.0,STERLING PL/FRANKLIN AV,90
2979097.0,2 AV/E 75 ST,64
2979714.0,W 116 ST/ADAM C POWELL BLVD,110
2781747.0,COLUMBIA ST/CARROLL ST,346
2784311.0,EAST HOUSTON ST/RIDGE ST,36
3123479.0,HOYT AV/31 ST,69
3145484.0,BEDFORD AV/GATES AV,21
3153464.0,FLATBUSH AV/GRAND ARMY PLAZA,309
3156969.0,VAN WYCK SOUTH SERVICE RD/BUILDING 90,15065
2786015.0,FREDERICK DOUGLASS BLVD/W 138 ST,128
2793834.0,COLUMBUS AV/W 94 ST,142
2794584.0,ALBANY AV/FULTON ST,88
2987465.0,2 AV/E 78 ST,173
2995000.0,THROOP AV/JEFFERSON AV,164
2995209.0,2 AV/E 75 ST,170
2999527.0,BATTERY PL/WASHINGTON ST,47
3010664.0,WASHINGTON AV/PROSPECT PL,203
3012871.0,DRIGGS AV/N 7 ST,110
2794762.0,HALSEY ST/MARCUS GARVEY BLVD,155
3161739.0,NOSTRAND AV/WILLOUGHBY AV,95
3187925.0,MYRTLE AV/NORTH PORTLAND AV,171
2806791.0,AMSTERDAM AV/W 158 ST,80
2817967.0,2 AV/E 78 ST,31
2830518.0,HOYT AV SOUTH/31 ST,1345
3043467.0,ATLANTIC AV/HENRY ST,324
3052426.0,FLATBUSH AV/CHURCH AV,222
3191678.0,BROADWAY/LAKE VIEW PL,321
3198365.0,FREDERICK DOUGLASS BLVD/W 111 ST,123
3200522.0,RALPH AV/BERGEN ST,161
3207986.0,SMITH ST/WARREN ST,159
3068145.0,2 AV/E 75 ST,66
3068852.0,2 AV/E 75 ST,79
3081771.0,THOMAS S BOYLAND ST/DEAN ST,96
3083197.0,E 10 ST/AVENUE B,140
3359510.0,NASSAU AV/KINGSLAND AV,67
3360707.0,W 135 ST/AMSTERDAM AV,155
3364802.0,WYCKOFF AV/MADISON ST,89
3091425.0,AVENUE C/E 6 ST,50
3103596.0,SAINT NICHOLAS AV/W 141 ST,320
3111416.0,GRAND ST/PITT ST,356
3112284.0,MAIN ST/NORTHERN BLVD,245
3369100.0,FLATBUSH AV/BERGEN ST,154
3225975.0,SMITH ST/DOUGLASS ST,143
3379914.0,MYRTLE AV/CYPRESS AV,130
3238517.0,FULTON ST/BROOKLYN AV,39
3247291.0,ADAM C POWELL BLVD/W 133 ST,126
3258196.0,BEDFORD AV/N 5 ST,211
3400739.0,SAINT JOHNS PL/SCHENECTADY AV,61
3543839.0,EAST TREMONT AV/JEROME AV,208
3553768.0,W 10 ST/WAVERLY PL,74
3554230.0,FLATBUSH AV/PARKSIDE AV,77
3556577.0,AMSTERDAM AV/W 161 ST,124
3410516.0,GRAND ST/LORIMER ST,175
3415102.0,WYTHE AV/S 5 ST,142
3271893.0,5 AV/UNION ST,219
3272201.0,W 10 ST/WASHINGTON ST,175
3279671.0,9 AV/W 34 ST,247
3563271.0,FULTON ST/GRAND  AV,86
3585452.0,5 AV/W 128 ST,84
3431922.0,BROADWAY/SHERMAN AV,385
3445138.0,7 AV/GARFIELD PL,232
3447238.0,STERLING PL/CLASSON AV,141
3605388.0,EASTERN PKWY/BUFFALO AV,91
3605524.0,2 AV/E 28 ST,65
3283409.0,RALPH AV/MADISON ST,4
3297016.0,BEDFORD AV/EASTERN PKWY,129
3301484.0,RIVERSIDE DR/W 106 ST,75
3309982.0,NEW YORK AV/ATLANTIC AV,191
3450210.0,MANHATTAN AV/W 116 ST,55
3458525.0,ADAM C POWELL BLVD/W 135 ST,43
3465604.0,FULTON ST/GREENE AV,20
3465651.0,RICHMOND AV/AMBOY RD,270
3469171.0,VAN BRUNT ST/COFFEY ST,98
3311834.0,GATES AV/LEWIS AV,67
3312276.0,MORRIS AV/E 144 ST,230
3323189.0,ALLEN ST/HESTER ST,59
3339273.0,8 AV/W 28 ST,224
3339399.0,CHRISTOPHER ST/GREENWICH ST,48
3616173.0,SMITH ST/DOUGLASS ST,162
3625870.0,5 AV/42 ST,108
3626426.0,2 AV/E 75 ST,106
3485449.0,EAST TREMONT AV/JEROME AV,167
3489242.0,65 PL/53 DR,792
3490317.0,HALSEY ST/MALCOLM X BLVD,235
3499016.0,ASTORIA BLVD/STEINWAY ST,1296
3627326.0,GRAND CONCOURSE/E 149 ST,76
3636601.0,8 AV/W 28 ST,93
3636967.0,NASSAU AV/MORGAN ST,93
3642325.0,EMMONS AV/BATCHELDER ST,98
3344237.0,2 AV/E 61 ST,144
3352608.0,AVENUE R/BEDFORD AV,210
3511778.0,E 9 ST/BROADWAY,211
3512428.0,BROADWAY/W 147 ST,125
3513052.0,FLUSHING AV/MELROSE ST,168
3645284.0,1 AV/E 62 ST,140
3652230.0,VAN WYCK SOUTH SERVICE RD/BUILDING 90,14858
3659544.0,W 50 ST/11 AV,161
3662795.0,AVENUE J/OCEAN AV,57
3738815.0,5 AV/W 38 ST,19
3741728.0,MARCUS GARVEY BLVD/GATES AV,30
3743048.0,RICHMOND TERR/WALL ST,144
3749140.0,ATLANTIC AV/92 ST,634
3518682.0,BROADWAY/SHERMAN AV,145
3519172.0,DE KALB AV/VANDERBILT AV,133
3522244.0,FULTON ST/GRAND  AV,137
3527764.0,65 PL/53 DR,1125
3529500.0,TOMPKINS AV/PUTNAM AV,173
3663984.0,3 AV/E 77 ST,103
3670659.0,PUTNAM AV/CLASSON AV,155
3677436.0,FOSTER AV/E 16 ST,259
3678796.0,PUTNAM AV/NOSTRAND AV,30
3530122.0,ADAM C POWELL BLVD/W 140 ST,69
3530517.0,BROADWAY/WALKER ST,85
3752069.0,WYCKOFF AV/DE KALB AV,358
3758296.0,MANHATTAN AV/W 119 ST,155
3760029.0,GREENPOINT AV/47 ST,1490
3760824.0,WILSON AV/JEFFERSON ST,128
3765095.0,WOODRUFF AV/OCEAN AV,96
3678829.0,7 AV/3 ST,89
3685704.0,THROOP AV/GREENE AV,172
3542523.0,WYTHE AV/S 3 ST,122
3767156.0,BROADWAY/CHAUNCEY ST,130
3769052.0,JEROME AV/E 176 ST,118
3779230.0,GATES AV/MARCUS GARVEY BLVD,348
3780113.0,ADAM C POWELL BLVD/W 127 ST,144
3922417.0,8 AV/W 28 ST,227
3923128.0,2 AV/E 75 ST,83
3689140.0,CHRISTOPHER ST/7 AV SOUTH,153
3939535.0,QUEENS BLVD/MAIN ST,80
3783021.0,BROADWAY/W 91 ST,46
3785438.0,DE KALB AV/FORT GREENE PL,13
3791244.0,W 10 ST/GREENWICH ST,100
3791325.0,MYRTLE AV/WASHINGTON AV,93
3793161.0,ASTORIA BLVD SOUTH/STEINWAY ST,2018
3803622.0,CENTRE ST/CHAMBERS ST,113
3710685.0,GREENPOINT AV/47 ST,260
3713233.0,EASTERN PKWY/RALPH AV,73
3715638.0,MADISON AV/E 107 ST,6
4070025.0,YORK ST/GOLD ST,271
4074248.0,METROPOLITAN AV/LEONARD ST,140
3945636.0,30 AV/21 ST,76
3817666.0,9 AV/W 52 ST,203
3835681.0,HOYT AV/31 ST,535
3838375.0,COLUMBUS AV/W 106 ST,178
3953314.0,WHITE PLAINS RD/OBRIEN AV,191
4081707.0,VAN BRUNT ST/SULLIVAN ST,111
4110645.0,3 AV/SENATOR ST,45
4121363.0,MADISON AV/E 129 ST,232
3953415.0,WHITE PLAINS RD/OBRIEN AV,109
3962389.0,AVENUE N/E 54 ST,70
3963635.0,ALBANY AV/FULTON ST,91
3839717.0,LAUREL HILL BLVD/58 ST,755
3848105.0,FULTON ST/HOWARD AV,190
3850493.0,UTICA AV/AVENUE L,221
3851911.0,GATES AV/MARCY AV,235
3968434.0,BROADWAY/W 138 ST,68
4126676.0,W 57 ST/9 AV,196
4128337.0,MARCUS GARVEY BLVD/FULTON ST,71
4128428.0,MADISON AV/E 34 ST,55
4132116.0,OCEAN AV/FARRAGUT RD,334
4134035.0,GOLD ST/TILLARY ST,277
3979611.0,SUTTON PL/SUTTON SQ,5198
3852261.0,VAN WYCK SOUTH SERVICE RD/BUILDING 90,16742
3852538.0,MYRTLE AV/FLEET PL,51
3866888.0,5 AV/W 36 ST,122
3985673.0,10 AV/W 30 ST,138
3987571.0,FULTON ST/NOSTRAND AV,183
3987599.0,BROADWAY/JEFFERSON AV,69
3989564.0,HALSEY ST/TOMPKINS AV,235
3998977.0,MANHATTAN AV/W 106 ST,58
4136252.0,MALCOLM X BLVD/W 132 ST,117
4140776.0,METROPOLITAN AV/71 RD,325
4152752.0,W 49 ST/9 AV,186
4162119.0,WASHINGTON AV/BERGEN ST,109
4162292.0,FOSTER AV/E 22 ST,225
4162519.0,FLATBUSH AV/DORCHESTER RD,439
3873451.0,2 AV/E 82 ST,53
4010865.0,CENTRAL PARK WEST/W 104 ST,14
3889997.0,8 AV/W 17 ST,155
3891031.0,PEARL ST/FULTON ST,84
3902156.0,DE KALB AV/FLATBUSH AV EXT,83
4271877.0,RALPH AV/PUTNAM AV,112
4016142.0,ESSEX ST/DELANCEY ST,244
4162667.0,WASHINGTON AV/PROSPECT PL,123
4169094.0,HOYT AV/31 ST,370
4174847.0,FOREST AV/GATES AV,173
4020425.0,E 138 ST/WILLIS AV,178
4025329.0,W 135 ST/ADAM C POWELL BLVD,6
4026150.0,82 ST/ROOSEVELT AV,253
4031463.0,BAINBRIDGE AV/RESERVOIR OVAL E,390
4033422.0,RICHMOND RD/LIGHTHOUSE AV,1565
4285522.0,W 135 ST/MALCOLM X BLVD,23
4293040.0,LAFAYETTE AV/THROOP AV,155
4293935.0,NEW YORK AV/STERLING PL,159
4033444.0,UTICA AV/CARROLL ST,164
4033521.0,BUFFALO AV/PROSPECT PL,21
4183424.0,7 AV SOUTH/BARROW ST,120
4183801.0,MALCOLM X BLVD/MADISON ST,147
4183989.0,MALCOLM X BLVD/W 119 ST,150
4198695.0,OCEAN AV/AVENUE H,445
4037522.0,ASTORIA BLVD SOUTH/STEINWAY ST,958
4038794.0,RIVERSIDE DR/W 156 ST,393
4296710.0,UNIVERSITY AV/W 192 ST,148
4296956.0,ROCKAWAY PKWY/AVENUE M,136
4297952.0,8 AV/W 28 ST,129
4299536.0,GATES AV/CLASSON AV,119
4303600.0,GATES AV/NOSTRAND AV,142
4305170.0,FULTON ST/WASHINGTON AV,150
4053517.0,NASSAU AV/ECKFORD ST,75
4206034.0,LAFAYETTE AV/ALDEN PL,453
4216813.0,MEEKER AV/MORGAN AV,18
4058515.0,CLASSON AV/DE KALB AV,275
4059620.0,LAFAYETTE ST/EAST HOUSTON ST,131
4060446.0,BROADWAY/ISHAM ST,605
4338548.0,THROOP AV/JEFFERSON AV,73
4343913.0,9 AV/W 46 ST,46
4349358.0,COLUMBUS AV/W 72 ST,102
4067820.0,CROSS BRONX EXPWY SERVICE RD/PUGLEY AV,532
4225738.0,ATLANTIC AV/HOYT ST,60
4233006.0,3 AV/BAY RIDGE PKWY,405
4235620.0,HORACE HARDING EXPWY/172 ST,558
4241028.0,LINDEN BLVD/SUTPHIN BLVD,277
4452723.0,JAMAICA AV/124 ST,106
4352537.0,2 AV/E 20 ST,146
4354764.0,ROCKAWAY PKWY/AVENUE L,248
4355934.0,W 135 ST/BROADWAY,18
4453484.0,WYTHE AV/N 9 ST,96
4455301.0,GREENE AV/WASHINGTON AV,9
4456312.0,GOULDEN AV/BEDFORD PARK BLVD,503
4249342.0,WATER ST/MAIDEN LN,316
4260964.0,FREDERICK DOUGLASS BLVD/W 138 ST,72
4263802.0,LAFAYETTE AV/CARLTON AV,86
4264049.0,ASTORIA BLVD SOUTH/STEINWAY ST,572
4264127.0,ASTORIA BLVD SOUTH/STEINWAY ST,1311
4265471.0,GATES AV/FRANKLIN AV,58
4464508.0,CHURCH AV/RUGBY RD,156
4359718.0,WYCKOFF AV/CORNELIA ST,178
4377929.0,1 AV/SAINT MARKS PL,85
4378951.0,MARCUS GARVEY BLVD/JEFFERSON AV,101
4469650.0,MALCOLM X BLVD/W 122 ST,90
4268286.0,2 AV/E 116 ST,67
4573728.0,ESSEX ST/RIVINGTON ST,83
4576206.0,DEAN ST/CARLTON AV,130
4472978.0,10 AV/W 34 ST,94
4492303.0,BROADWAY/W 74 ST,92
4387152.0,METROPOLITAN AV/HAVEMEYER ST,201
4396939.0,W 42 ST/10 AV,141
4397455.0,AVENUE L/E 85 ST,118
4399443.0,3 AV/E 116 ST,31
4594389.0,2 AV/E 94 ST,68
4498688.0,NOSTRAND AV/PUTNAM AV,94
4498927.0,W 145 ST/SAINT NICHOLAS AV,29
4426780.0,W 139 ST/5 AV,206
4428854.0,GREENPOINT AV/LEONARD ST,43
4500530.0,5 AV/W 28 ST,147
4614091.0,3 AV/15 ST,235
4614838.0,10 AV/W 45 ST,82
4504115.0,COOPER ST/EVERGREEN AV,314
4431674.0,ADAM C POWELL BLVD/W 113 ST,217
4436944.0,NOSTRAND AV/CARROLL ST,208
4621213.0,COLUMBUS AV/W 84 ST,111
4621217.0,1 AV/E 17 ST,207
4621713.0,E 14 ST/3 AV,130
4509560.0,1 AV/E 17 ST,207
4513084.0,SAINT NICHOLAS AV/W 148 ST,186
4514042.0,BROADWAY/GREENE AV,139
4517848.0,EDGECOMBE AV/W 160 ST,312
4525334.0,SAINT JOHNS PL/RALPH AV,210
4440751.0,ALLEN ST/E HOUSTON ST,0
4707959.0,AMSTERDAM AV/W 152 ST,95
4711070.0,GREENPOINT AV/47 ST,573
4711396.0,21 ST/30 AV,335
4629870.0,ATLANTIC AV/BOND ST,220
4632795.0,W 86 ST/COLUMBUS AV,13
4637053.0,21 ST/BROADWAY,212
4637146.0,MALCOLM X BLVD/GREENE AV,77
4530432.0,EDGECOMBE AV/W 160 ST,105
4532913.0,BEDFORD AV/N 5 ST,149
4714854.0,2 AV/E 94 ST,53
4537500.0,21 ST/BROADWAY,340
4538012.0,SAINT NICHOLAS AV/W 139 ST,529
4539480.0,FRANKLIN ST/INDIA ST,131
4643199.0,2 AV/E 78 ST,33
4644669.0,3 AV/E 63 ST,88
4645170.0,W 42 ST/10 AV,19
4645319.0,NEW LOTS AV/VAN SINDEREN AV,240
4660022.0,WEST HOUSTON ST/GREENE ST,102
4539943.0,COOPER ST/EVERGREEN AV,334
4541102.0,CHURCH AV/E 39 ST,237
4738429.0,WHITE PLAINS RD/OBRIEN AV,157
4545999.0,BEDFORD AV/PROSPECT PL,116
4668244.0,ADAM C POWELL BLVD/W 122 ST,69
4668252.0,2 AV/E 82 ST,57
4677654.0,COOPER ST/EVERGREEN AV,220
4549557.0,W 135 ST/MALCOLM X BLVD,196
4550602.0,NOSTRAND AV/PROSPECT PL,76
4688209.0,W 116 ST/ADAM C POWELL BLVD,133
4688418.0,E 79 ST/1 AV,107
4556564.0,RIVERSIDE DR/W 137 ST,109
4557370.0,BROADWAY/RIVERSIDE DR,114
4559096.0,W 42 ST/10 AV,52
4742068.0,60 ST/16 AV,550
4747624.0,MADISON ST/MARKET ST,97
4705670.0,21 ST/BROADWAY,1503
4787201.0,BROOKLYN AV/ATLANTIC AV,105
4790969.0,BEDFORD AV/WINTHROP ST,118
4904582.0,EAST TREMONT AV/ANTHONY AV,190
4753639.0,RIVERSIDE DR/W 142 ST,75
4753866.0,RIVERSIDE DR/W 142 ST,15
4753918.0,BROADWAY/GREENE AV,121
4756551.0,FLATBUSH AV/CHESTER CT,56
4907861.0,MYRTLE AV/MENAHAN ST,62
4795857.0,BROADWAY/W 161 ST,54
4798723.0,1 AV/MITCHELL PL,95
4807244.0,CATON AV/E 3 ST,175
4916340.0,AMSTERDAM AV/W 81 ST,149
4920338.0,1 AV/E 67 ST,98
4759680.0,gowanus expwy/woodhull st,462
4760085.0,FLATBUSH AV/SAINT MARKS AV,256
4760107.0,ATLANTIC AV/BOND ST,220
4766284.0,E 116 ST/3 AV,103
4768778.0,MANHATTAN AV/INDIA ST,187
4920448.0,COLUMBUS AV/W 84 ST,139
4808239.0,E 49 ST/1 AV,137
4813342.0,W 50 ST/9 AV,97
4815953.0,GATES AV/CENTRAL AV,177
4820897.0,FULTON ST/ASHLAND PL,187
4822181.0,1 AV/E 82 ST,69
4920489.0,E 57 ST/2 AV,133
4925368.0,RALPH AV/PUTNAM AV,156
4927910.0,RALPH AV/PUTNAM AV,100
4928303.0,NOSTRAND AV/PROSPECT PL,76
4782569.0,60 ST/21 AV,68
4936254.0,EAST HOUSTON ST/CLINTON ST,347
4823386.0,82 ST/ROOSEVELT AV,253
4823529.0,CENTRAL PARK WEST/W 102 ST,175
4824310.0,GRAHAM AV/JOHNSON AV,73
4824361.0,BROADWAY/BOERUM ST,312
4783902.0,HUDSON ST/BARROW ST,129
4784570.0,MALCOLM X BLVD/PUTNAM AV,161
4786675.0,KENT AV/N 6 ST,127
5083907.0,DE KALB AV/WASHINGTON AV,185
4947515.0,MANHATTAN AV/INDIA ST,179
4956469.0,NORTHERN BLVD/CORPORAL KENNEDY ST,279
4830799.0,LORRAINE ST/COLUMBIA ST,219
4963237.0,BAYCHESTER AV/DARROW PL,1127
4963511.0,BOSTON RD/BOLLER AV,191
5085803.0,1 AV/E 93 ST,139
5094593.0,BELL BLVD/212 ST,303
5095468.0,LEXINGTON AV/E 104 ST,239
5106041.0,BEDFORD AV/SNYDER AV,68
5106749.0,21 ST/BROADWAY,799
4968633.0,MARCUS GARVEY BLVD/MACDONOUGH ST,67
4968798.0,101 ST/31 AV,1135
4845290.0,2 AV/E 14 ST,150
4976848.0,ESSEX ST/DELANCEY ST,76
4978241.0,5 AV/W 132 ST,116
5113910.0,VAN DYKE ST/RICHARDS ST,129
5115870.0,METROPOLITAN AV/69 AV,439
5121827.0,METROPOLITAN AV/70 RD,316
5125051.0,MYRTLE AV/LEWIS AV,31
4987238.0,E 9 ST/UNIVERSITY PL,92
4860430.0,CENTRAL PARK WEST/W 90 ST,113
4860650.0,7 AV/19 ST,165
4862917.0,ATLANTIC AV/CARLTON AV,265
4987929.0,21 ST/BROADWAY,389
4880542.0,LORIMER ST/MESEROLE ST,62
4881420.0,W 14 ST/8 AV,213
5144689.0,5 AV/W 125 ST,77
5150206.0,BROADWAY/W 149 ST,128
5175054.0,9 AV/W 46 ST,179
5004463.0,AVENUE L/E 23 ST,212
5006113.0,AVENUE OF THE AMERICAS/WEST BROADWAY,158
5010368.0,1 AV/E 81 ST,63
5013564.0,7 AV/UNION ST,50
5020687.0,MAIN ST/41 AV,50
4885673.0,W 9 ST/5 AV,212
4886168.0,SAINT JOHNS PL/CLASSON AV,269
5353312.0,1 AV/E 81 ST,57
5195568.0,AVENUE U/E 13 ST,28
5199439.0,2 AV/E 82 ST,54
5224210.0,SUTTER AV/WYONA ST,234
5231817.0,1 AV/E 62 ST,140
5050156.0,BROADWAY/E 13 ST,98
5058359.0,FORT WASHINGTON AV/W 183 ST,155
5065185.0,W 96 ST/WEST END AV,110
5353612.0,W 10 ST/GREENWICH ST,198
5358354.0,9 AV/W 55 ST,121
5362041.0,W 125 ST/SAINT NICHOLAS AV,32
5363874.0,3 AV/E 29 ST,90
5237336.0,PARK AV/WASHINGTON AV,111
5251340.0,gowanus expwy/woodhull st,144
5628539.0,LEXINGTON AV/E 28 ST,138
5638917.0,NASSAU AV/MORGAN ST,153
5647213.0,HALSEY ST/PATCHEN AV,160
5649163.0,NOSTRAND AV/GATES AV,59
5389907.0,21 ST/BROADWAY,701
5397568.0,AMSTERDAM AV/W 143 ST,126
5406041.0,E 10 ST/AVENUE C,120
5649623.0,W 65 ST/WEST END AV,186
5269840.0,KINGS HWY/REMSEN AV,223
5274268.0,5 AV/E 108 ST,58
5287414.0,E 23 ST/3 AV,187
5287733.0,n conduit av/cohancy st,531
5291956.0,5 AV/18 ST,127
5661631.0,TROY AV/ATLANTIC AV,97
5663222.0,ADAM C POWELL BLVD/W 121 ST,75
5413565.0,JOHNSON AV/WHITE ST,203
5414911.0,COLLEGE POINT BLVD/58 RD,245
5433746.0,THOMAS S BOYLAND ST/BAINBRIDGE ST,149
5434150.0,WEST HOUSTON ST/SULLIVAN ST,157
5439372.0,E 116 ST/5 AV,60
5442054.0,FULTON ST/FORT GREENE PL,157
5297292.0,RALPH AV/BAINBRIDGE ST,115
5298896.0,WATER ST/HANOVER SQ,256
5301003.0,7 AV/13 ST,284
5309959.0,ATLANTIC AV/114 ST,411
5442313.0,THOMAS S BOYLAND ST/MACDOUGAL ST,51
5442584.0,7 AV/W 52 ST,44
5443318.0,9 AV/W 55 ST,121
5445314.0,YORK ST/JAY ST,375
5454050.0,9 AV/W 55 ST,121
5469274.0,GATES AV/MALCOLM X BLVD,429
5679938.0,PARK ROW/ANN ST,162
5681182.0,GRAHAM AV/SCHOLES ST,88
5319785.0,E 23 ST/2 AV,36
5320325.0,SAINT NICHOLAS AV/W 133 ST,43
5320983.0,YORK ST/JAY ST,3932
5336588.0,E 124 ST/2 AV,4
5693879.0,DEAN ST/5 AV,60
5695055.0,2 AV/E 78 ST,19
5478741.0,MADISON AV/E 30 ST,101
5509771.0,7 AV/3 ST,197
5511036.0,CLASSON AV/STERLING PL,117
5697237.0,9 AV/W 55 ST,121
5706280.0,2 AV/E 78 ST,167
5715049.0,9 ST/8 AV,181
5340262.0,COLLEGE POINT BLVD/58 RD,245
5343821.0,2 AV/E 56 ST,151
5352301.0,KINGS HWY/E 92 ST,189
5839268.0,HUDSON ST/PERRY ST,86
5846745.0,FLATBUSH AV/SAINT MARKS AV,252
5519207.0,MADISON AV/E 127 ST,62
5520934.0,BEDFORD AV/N 3 ST,132
5521689.0,LEXINGTON AV/E 55 ST,148
5536824.0,LEXINGTON AV/E 28 ST,63
5538410.0,NEW YORK AV/LINDEN BLVD,120
5719742.0,WEST END AV/W 70 ST,5
5856685.0,ROEBLING ST/GRAND ST,249
5860123.0,CLASSON AV/GATES AV,150
5866656.0,49 ST/10 AV,268
5748301.0,63 RD/98 PL,563
5749237.0,7 AV SOUTH/BARROW ST,98
5545560.0,W 96 ST/CENTRAL PARK WEST,102
5567361.0,FLATBUSH AV/PARKSIDE AV,10
5568524.0,lincoln tnl app/lincoln tnl app,327
5756464.0,3 AV/E 77 ST,128
5762947.0,COLLEGE POINT BLVD/58 RD,245
5579240.0,ARCHER AV/160 ST,1124
5590262.0,GREENPOINT AV/47 ST,485
5592990.0,AMSTERDAM AV/W 118 ST,92
5873714.0,E 14 ST/2 AV,46
5882725.0,MESEROLE ST/UNION AV,154
5884835.0,3 AV/E 17 ST,225
5889379.0,WESTCHESTER AV/JACKSON AV,411
5892794.0,9 ST/2 AV,148
5897622.0,MANHATTAN AV/W 122 ST,112
5770483.0,W 50 ST/9 AV,97
5771366.0,VAN DUZER ST/YOUNG ST,30
5593975.0,BROOKLYN AV/ATLANTIC AV,155
5606308.0,KENT AV/S 6 ST,70
5616298.0,AMSTERDAM AV/W 62 ST,18
5783517.0,ROGERS AV/ST MARKS AV,87
5931103.0,CLASSON AV/PARK AV,95
5944801.0,MANHATTAN AV/W 122 ST,175
5947617.0,VAN WYCK SOUTH SERVICE RD/BUILDING 90,17326
5797144.0,2 AV/E 6 ST,127
5627090.0,WOODPOINT RD/CONSELYEA ST,142
6105742.0,1 AV/E 89 ST,65
6130145.0,GREENPOINT AV/47 ST,156
5806273.0,W 145 ST/RIVERSIDE DR,185
5965198.0,18 AV/OCEAN PKWY,296
5979363.0,BEDFORD AV/S 4 ST,258
5979675.0,JAMAICA AV/WARWICK ST,193
5989528.0,MCDONALD AV/VANDERBILT ST,345
6000898.0,3 AV/E 91 ST,95
5811500.0,MADISON ST/ONDERDONK AV,53
5815437.0,GATES AV/PATCHEN AV,199
6138423.0,W 96 ST/CENTRAL PARK WEST,118
6146783.0,CONEY ISLAND AV/CORTELYOU RD,589
6005868.0,BORINQUEN PL/S 1 ST,174
6018589.0,BROADWAY/W 165 ST,48
6303109.0,COLUMBIA ST/KANE ST,420
6303845.0,GATES AV/NOSTRAND AV,23
6304002.0,GATES AV/MARCY AV,171
6181131.0,CASTLETON AV/NORTH BURGHER AV,56
6031001.0,LORIMER ST/JACKSON ST,45
6040757.0,WASHINGTON AV/STERLING PL,247
6052119.0,5 AV/21 ST,128
6185599.0,SAINT NICHOLAS AV/W 164 ST,95
6194461.0,QUEENS BLVD/78 AV,1296
6326681.0,2 AV/E 3 ST,62
6328394.0,FREDERICK DOUGLASS BLVD/W 131 ST,64
6329973.0,7 AV/W 49 ST,271
6333994.0,BOWERY/KENMARE ST,114
6221877.0,3 AV/82 ST,153
6225968.0,SAINT NICHOLAS AV/W 142 ST,269
6066563.0,WHITE PLAINS RD/PATTERSON AV,222
6069703.0,BEDFORD AV/S 4 ST,141
6078234.0,RIVERSIDE DR/W 85 ST,188
6079079.0,UNION TPKE/UTOPIA PKWY,301
6084475.0,JACKSON AV/DAVIS ST,126
6091850.0,21 ST/BROADWAY,762
6343641.0,FLATBUSH AV/OCEAN AV,123
6226794.0,E 67 ST/1 AV,224
6227680.0,CHURCH AV/BROOKLYN AV,190
6228461.0,3 AV/82 ST,153
6237443.0,FLATBUSH AV/GRAND ARMY PLAZA,264
6237974.0,RALPH AV/MACON ST,188
6242600.0,KINGSTON AV/FULTON ST,20
6094046.0,7 AV/W 49 ST,243
6101104.0,1 AV/E 81 ST,68
6447136.0,WILSON AV/STANHOPE ST,15
6348972.0,MALCOLM X BLVD/W 122 ST,154
6355861.0,CATON AV/SAINT PAULS PL,312
6356070.0,THOMAS S BOYLAND ST/MARION ST,81
6357128.0,W 125 ST/ADAM C POWELL BLVD,158
6255597.0,GREENE AV/ADELPHI ST,88
6256470.0,WEBSTER AV/ITTNER PL,446
6359111.0,MADISON AV/E 34 ST,102
6452188.0,MALCOLM X BLVD/W 127 ST,150
6460353.0,OCEAN AV/231 OCEAN AV,93
6269945.0,2 AV/E 87 ST,185
6380118.0,MYRTLE AV/MENAHAN ST,246
6465850.0,FREDERICK DOUGLASS BLVD/W 116 ST,75
6474699.0,SAINT JOHNS PL/SCHENECTADY AV,243
6476333.0,LEXINGTON AV/E 122 ST,207
6384275.0,WASHINGTON AV/ATLANTIC AV,110
6282629.0,W 139 ST/5 AV,209
6291371.0,3 AV/82 ST,153
6601284.0,5 AV/14 ST,251
6602263.0,YORK AV/E 87 ST,160
6407534.0,ALLEN ST/STANTON ST,84
6477558.0,MADISON AV/E 37 ST,65
6492185.0,WEST END AV/OCEAN VIEW AV,205
6492778.0,GREENE AV/GRAND AV,135
6613106.0,7 AV/6 ST,195
6421429.0,BOSTON RD/BOLLER AV,122
6500246.0,FRANKLIN AV/GREENE AV,85
6501082.0,WYTHE AV/S 3 ST,66
6507084.0,1 AV/PALADINO AV,227
6422511.0,KISSENA BLVD/45 AV,290
6634590.0,SAINT NICHOLAS AV/W 125 ST,111
6640144.0,E 72 ST/LEXINGTON AV,206
6520350.0,VAN WYCK SOUTH SERVICE RD/BUILDING 90,16703
6737249.0,CENTRAL PARK NORTH/CENTRAL PARK WEST,49
6744791.0,AMSTERDAM AV/W 143 ST,215
6746003.0,TARGEE ST/OSGOOD AV,100
6645788.0,E 14 ST/AVENUE A,20
6647114.0,7 AV SOUTH/BARROW ST,177
6654323.0,DE KALB AV/FORT GREENE PL,147
6747685.0,BROADWAY/W 3 ST,89
6764316.0,YORK ST/JAY ST,410
6765697.0,21 ST/30 AV,488
6659165.0,WILSON AV/MELROSE ST,52
6660511.0,2 AV/E 6 ST,189
6660518.0,METROPOLITAN AV/LEFFERTS BLVD,308
6767047.0,HALSEY ST/EVERGREEN AV,286
6559615.0,3 AV/82 ST,153
6559926.0,E 79 ST/1 AV,129
6576336.0,ATLANTIC AV/108 ST,120
6585028.0,VAN WYCK SOUTH SERVICE RD/BUILDING 90,16662
6780285.0,GRAND ST/MORGAN AV,230
6784207.0,MYRTLE AV/SUYDAM ST,261
6670064.0,ASTORIA BLVD/STEINWAY ST,1027
6670191.0,PUTNAM AV/CLASSON AV,131
6678082.0,HALSEY ST/STUYVESANT AV,166
6685220.0,KINGS HWY/CLARENDON RD,136
6786761.0,9 AV/W 46 ST,144
6787310.0,9 AV/W 46 ST,77
6586663.0,ESSEX ST/RIVINGTON ST,192
6590570.0,ADAM C POWELL BLVD/W 133 ST,88
6596747.0,CHRISTOPHER ST/GREENWICH ST,93
6887755.0,AVENUE U/McDONALD AV,93
6795568.0,9 AV/W 46 ST,141
6692633.0,VANDERBILT AV/PROSPECT PL,146
6799692.0,9 AV/W 46 ST,141
6799814.0,9 AV/W 46 ST,121
6892731.0,AVENUE Z/E 13 ST,58
6896737.0,ASTORIA BLVD/STEINWAY ST,802
6897066.0,6 AV/PRINCE ST,74
6900168.0,82 ST/ROOSEVELT AV,1184
6799895.0,8 AV/W 46 ST,160
6799932.0,9 AV/W 44 ST,117
6704737.0,W 135 ST/MALCOLM X BLVD,106
6716020.0,CHURCH AV/OCEAN PKWY,429
6799999.0,W 49 ST/9 AV,153
6800277.0,9 AV/W 44 ST,121
6913773.0,DE KALB AV/WYCKOFF AV,99
6913969.0,DE KALB AV/SAINT NICHOLAS AV,101
6921831.0,W 125 ST/SAINT NICHOLAS AV,261
6717053.0,HORACE HARDING EXPWY/136 ST,515
6726337.0,W 231 ST/KINGSBRIDGE AV,346
6730582.0,FARMERS BLVD/122 AV,281
6808818.0,HALSEY ST/EVERGREEN AV,286
6823282.0,W 57 ST/10 AV,145
6827028.0,LEWIS AV/GREENE AV,120
6833395.0,ESSEX ST/EAST BROADWAY,106
6939597.0,3 AV/E 140 ST,204
7019195.0,W 57 ST/6 AV,125
7024138.0,2 AV/E 95 ST,257
6846956.0,GRAND ST/WYTHE AV,55
7034787.0,HOYT AV SOUTH/31 ST,1989
7037791.0,GATES AV/MARCUS GARVEY BLVD,65
6863691.0,BERGEN ST/BOND ST,221
6868777.0,COLUMBUS AV/W 75 ST,128
6977204.0,SAINT NICHOLAS AV/W 130 ST,343
6880480.0,AVENUE M/E 18 ST,162
7037918.0,DITMARS BLVD/27 AV,211
7038801.0,NEW YORK AV/EASTERN PKWY,142
7053502.0,DE KALB AV/SOUTH PORTLAND AV,73
7053815.0,KINGSLAND AV/RICHARDSON ST,86
6883096.0,21 ST/BROADWAY,637
6992300.0,RIVERSIDE DR/W 139 ST,69
6992831.0,FOSTER AV/RUGBY RD,99
7177666.0,3 AV/CARROLL ST,660
7054797.0,FARMERS BLVD/122 AV,340
7067406.0,HUDSON ST/BARROW ST,86
7071657.0,1 AV/E 82 ST,69
7182079.0,SMITH ST/WARREN ST,195
7004408.0,6 AV/PRINCE ST,95
7194538.0,ADAM C POWELL BLVD/W 123 ST,86
7072541.0,GATES AV/EVERGREEN AV,380
7329781.0,BOWERY/SPRING ST,108
7331070.0,BELL BLVD/38 AV,170
7202368.0,LEWIS AV/JEFFERSON AV,214
7204443.0,YORK ST/JAY ST,4067
7205064.0,FORT WASHINGTON AV/W 177 ST,79
7094112.0,3 AV/E 11 ST,8
7368173.0,5 AV/GARFIELD PL,77
7376952.0,COLUMBUS AV/W 75 ST,105
7132891.0,BROADWAY/GREENE AV,2
7254952.0,5 AV/GARFIELD PL,74
7254986.0,COURT ST/SACKETT ST,113
7381236.0,HALSEY ST/THROOP AV,125
7261928.0,ROCKAWAY AV/LOTT AV,52
7265079.0,7 AV/GARFIELD PL,225
7516218.0,YORK ST/JAY ST,267
7389120.0,NEPTUNE AV/CONEY ISLAND AV,283
7272680.0,TOMPKINS AV/WILLOUGHBY AV,82
7277102.0,7 AV/PROSPECT AV,2
7278762.0,90 ST/56 AV,42
7413605.0,EAST HOUSTON ST/NORFOLK ST,210
7426597.0,9 ST/4 AV,65
7294773.0,E 10 ST/AVENUE B,123
7436186.0,FOSTER AV/E 18 ST,224
7461611.0,BEDFORD AV/MONTGOMERY ST,264
7462019.0,BEDFORD AV/AVENUE D,104
7556153.0,DE KALB AV/FORT GREENE PL,147
7556669.0,ATLANTIC AV/BOND ST,220
7557546.0,HOYT AV/31 ST,1146
7654931.0,MALCOLM X BLVD/GREENE AV,193
7480520.0,8 AV/W 17 ST,221
7483910.0,W 147 ST/ADAM C POWELL BLVD,42
7664692.0,57 ST/FORT HAMILTON PKWY,212
7673007.0,BOX ST/MANHATTAN AV,148
7594252.0,5 AV/14 ST,354
7498074.0,2 AV/E 75 ST,86
7501694.0,HUNTS POINT AV/SPOFFORD AV,411
7502146.0,HUNTS POINT AV/COSTER ST,351
7800835.0,MALCOLM X BLVD/DECATUR ST,139
7679697.0,9 AV/W 52 ST,113
7692660.0,HUNTS POINT AV/SPOFFORD AV,179
7603716.0,3 AV/92 ST,131
7612456.0,AMSTERDAM AV/W 91 ST,53
7692870.0,RODNEY ST/S 5 ST,50
7803602.0,21 ST/BROADWAY,1136
7803828.0,AMSTERDAM AV/W 158 ST,98
7806322.0,ATLANTIC AV/VERMONT ST,245
7698593.0,MARCUS GARVEY BLVD/PULASKI ST,46
7698722.0,THROOP AV/MADISON ST,117
7615496.0,REMSEN AV/AVENUE N,44
7630422.0,W 86 ST/AMSTERDAM AV,2
7823495.0,7 AV/W 20 ST,129
7632731.0,COLUMBUS AV/W 86 ST,135
7643399.0,CLARKSON AV/E 38 ST,111
7645359.0,LAFAYETTE AV/VANDERBILT AV,60
7837816.0,MYRTLE AV/CLASSON AV,212
7843390.0,E 10 ST/AVENUE B,157
7734670.0,HUNTS POINT AV/SPOFFORD AV,301
7647268.0,56 ST/FORT HAMILTON PKWY,435
7651547.0,AMSTERDAM AV/W 140 ST,119
7746286.0,W 125 ST/5 AV,240
7754697.0,THROOP AV/GATES AV,128
7843604.0,FREDERICK DOUGLASS BLVD/W 123 ST,140
7856749.0,ATLANTIC AV/BOND ST,220
7860155.0,LEXINGTON AV/E 62 ST,54
7968983.0,NEW LOTS AV/VAN SINDEREN AV,325
7972210.0,WILSON AV/TROUTMAN ST,194
7760808.0,W 57 ST/6 AV,102
7768661.0,RIVERSIDE DR/W 108 ST,8
7998338.0,LEXINGTON AV/E 53 ST,104
7774182.0,21 ST/BROADWAY,1501
7871818.0,WILSON AV/MENAHAN ST,9
7887966.0,ASTORIA BLVD SOUTH/STEINWAY ST,1405
7894007.0,VAN WYCK SOUTH SERVICE RD/BUILDING 90,17254
7782176.0,TOMPKINS AV/WILLOUGHBY AV,82
8011605.0,BOWERY/GRAND ST,91
7787799.0,WYCKOFF AV/DE KALB AV,123
7788438.0,DE KALB AV/SAINT NICHOLAS AV,262
7788565.0,DE KALB AV/SAINT NICHOLAS AV,111
8040050.0,BROADWAY/W 106 ST,76
8045552.0,ASTORIA BLVD/STEINWAY ST,249
8173001.0,south conduit en eb/cohancy st,2212
8182759.0,BEDFORD AV/S 2 ST,51
8054523.0,BEDFORD AV/S 2 ST,163
8054651.0,MALCOLM X BLVD/QUINCY ST,101
8055508.0,MALCOLM X BLVD/GREENE AV,56
8055582.0,MALCOLM X BLVD/GREENE AV,81
8055778.0,GATES AV/PATCHEN AV,148
8190747.0,GREENPOINT AV/47 ST,913
7915542.0,153 ST/HILLSIDE AV,187
7919372.0,ROGERS AV/PARK PL,79
7922158.0,BROADWAY/W 152 ST,162
8192789.0,MALCOLM X BLVD/W 122 ST,94
8206060.0,MYRTLE AV/THROOP AV,163
8208285.0,AVENUE C/E 6 ST,180
8219648.0,AMSTERDAM AV/W 170 ST,117
8071687.0,VARICK ST/CHARLTON ST,115
8088779.0,8 AV/W 46 ST,193
8108376.0,HORACE HARDING EXPWY/188 ST,210
8115321.0,103 ST/34 AV,76
8117209.0,HOYT AV SOUTH/31 ST,1911
8225997.0,AVENUE C/E 5 ST,121
7937553.0,KINGS HWY/W 2 ST,335
7951281.0,DE KALB AV/CARLTON AV,173
7952963.0,3 AV/E 17 ST,148
8228217.0,ROGERS AV/CLARENDON RD,206
8240016.0,BROADWAY/JEFFERSON ST,220
8392929.0,5 AV/39 ST,80
8399234.0,MALCOLM X BLVD/W 129 ST,68
8127517.0,9 ST/SMITH ST,227
8131995.0,2 AV/E 25 ST,98
8133275.0,AVENUE D/NOSTRAND AV,46
8135144.0,W 49 ST/9 AV,122
8256749.0,BROADWAY/GREENE AV,89
8272327.0,COLUMBIA ST/WARREN ST,391
8275676.0,NELSON AV/MONTICELLO TERR,239
8423666.0,LITTLE NECK PKWY/85 AV,242
8426874.0,E 9 ST/1 AV,170
8426915.0,NORTH BOUNDARY RD/N HANGAR RD,1924
8151183.0,GATES AV/IRVING AV,247
8152916.0,AMSTERDAM AV/W 175 ST,38
8281889.0,BROADWAY/LEONARD ST,135
8283594.0,5 AV/41 ST,125
8441969.0,ASTORIA BLVD SOUTH/STEINWAY ST,294
8458966.0,LEXINGTON AV/E 64 ST,18
8470281.0,SAINT NICHOLAS AV/W 148 ST,86
8472812.0,McGUINNESS BLVD/FREEMAN ST,198
8293281.0,FLATBUSH AV/PARK PL,11
8299030.0,39 ST/6 AV,102
8479799.0,W 70 ST/FREEDOM PL,83
8480087.0,RIVERSIDE BLVD/W 69 ST,279
8484824.0,E 9 ST/BROADWAY,139
8167884.0,KINGSLAND AV/LOMBARDY ST,180
8588621.0,NEW YORK AV/PROSPECT PL,83
8304809.0,EASTERN PKWY/SCHENECTADY AV,239
8313551.0,BORDEN AV/39 PL,1139
8322478.0,RALPH AV/DECATUR ST,141
8323015.0,NOSTRAND AV/CLARENDON RD,174
8589729.0,RICHMOND TERR/SAINT PETERS PL,25
8593798.0,BERGEN ST/ALBANY AV,272
8597141.0,LAUREL HILL BLVD/58 ST,1400
8499719.0,ASTORIA BLVD SOUTH/STEINWAY ST,908
8503392.0,MADISON AV/E 54 ST,145
8504666.0,HALSEY ST/HOWARD AV,251
8326389.0,BROADWAY/W 141 ST,85
8327773.0,MALCOLM X BLVD/DECATUR ST,158
8330254.0,5 AV/PROSPECT PL,48
8511404.0,ESSEX ST/EAST BROADWAY,34
8515213.0,7 AV/W 41 ST,232
8518051.0,RANDALL AV/TAYLOR AV,105
8520094.0,E 9 ST/1 AV,185
8614204.0,BEDFORD AV/LEFFERTS AV,74
8616888.0,NOSTRAND AV/EASTERN PKWY,68
8623370.0,FRANCIS LEWIS BLVD/93 AV,393
8628425.0,5 AV/GARFIELD PL,227
8370236.0,CHURCH AV/OCEAN AV,155
8520667.0,THOMAS S BOYLAND ST/MACDONOUGH ST,47
8522395.0,GATES AV/BROADWAY,262
8530517.0,3 AV/20 ST,339
8532358.0,NEW YORK AV/ATLANTIC AV,5
8757920.0,MALCOLM X BLVD/W 139 ST,170
8664611.0,FOREST AV/CLOVE RD,151
8667280.0,3 AV/15 ST,224
8760442.0,82 ST/ROOSEVELT AV,1280
8763502.0,MESEROLE ST/GRAHAM AV,1
8533225.0,BROADWAY/MADISON ST,208
8536270.0,2 AV/E 36 ST,64
8554547.0,BAINBRIDGE AV/EAST MOSHOLU PKWY NORTH,67
8776329.0,FOSTER AV/ARGYLE RD,237
8683858.0,HORACE HARDING EXPWY/136 ST,475
8684886.0,9 ST/5 AV,209
8687556.0,CHURCH AV/OCEAN PKWY,211
8793166.0,DEAN ST/ROCHESTER AV,220
8703711.0,ALBANY AV/EAST NEW YORK AV,169
8704528.0,VAN BRUNT ST/COFFEY ST,110
8709068.0,COLUMBUS AV/W 100 ST,120
8712309.0,BROADWAY/WILLOUGHBY AV,17
8555250.0,W 42 ST/AV OF THE AMERICAS,142
8967396.0,SOUNDVIEW AV/CORNELL AV,199
8816022.0,FLATLANDS AV/E 86 ST,125
8816465.0,HALSEY ST/STUYVESANT AV,149
8973873.0,DE KALB AV/RYERSON AV,236
8985316.0,2 AV/E 61 ST,119
8989320.0,5 AV/W 118 ST,184
8729960.0,E 116 ST/3 AV,92
8730247.0,DE KALB AV/CARLTON AV,170
8861269.0,MALCOLM X BLVD/W 122 ST,149
8741124.0,AVENUE N/OCEAN PKWY,247
9116752.0,FLUSHING AV/JOHNSON AV,238
9117852.0,E 86 ST/3 AV,38
8869857.0,HORACE HARDING EXPWY/136 ST,331
8873479.0,2 AV/E 20 ST,86
8992894.0,FREDERICK DOUGLASS BLVD/W 113 ST,115
8993871.0,82 ST/ROOSEVELT AV,1126
8995042.0,GATES AV/PATCHEN AV,196
9007767.0,E 57 ST/2 AV,181
9026203.0,AVENUE X/W 1 ST,326
9027283.0,EAST NEW YORK AV/SACKMAN ST,98
9118604.0,SAINT NICHOLAS AV/W 187 ST,60
9118958.0,ATLANTIC AV/114 ST,136
9127163.0,FRANCIS LEWIS BLVD/MCLAUGHLIN AV,604
9147025.0,CITY ISLAND AV/FORDHAM ST,273
9155212.0,SAINT MARKS PL/2 AV,268
9156676.0,JAMAICA AV/LOGAN ST,153
9167889.0,MALCOLM X BLVD/W 127 ST,175
9050105.0,WASHINGTON AV/EMPIRE BLVD,67
9061145.0,BEDFORD AV/S 4 ST,60
8942272.0,THOMAS S BOYLAND ST/MACDONOUGH ST,84
8952816.0,21 ST/30 AV,515
8953200.0,21 ST/30 AV,477
9064714.0,11 ST/JACKSON AV,324
9078222.0,LINCOLN RD/FLATBUSH AV,31
9079871.0,CHURCH AV/TROY AV,188
9178165.0,CENTRAL PARK NORTH/5 AV,27
9181806.0,GREENE AV/CLASSON AV,97
9182008.0,HOYT AV/31 ST,576
9185696.0,FRANCIS LEWIS BLVD/93 AV,389
8953404.0,21 ST/30 AV,320
8953625.0,21 ST/30 AV,447
8954037.0,21 ST/30 AV,375
9093219.0,MALCOLM X BLVD/W 132 ST,170
9097241.0,BAY RIDGE AV/4 AV,185
9299164.0,HILLSIDE AV/175 ST,463
9312190.0,GRAND CONCOURSE/E 149 ST,142
9106711.0,2 AV/E 17 ST,195
9111254.0,EASTERN PKWY/BUFFALO AV,62
9116018.0,SAINT NICHOLAS AV/W 153 ST,28
9325979.0,EAST BROADWAY/MARKET ST,12
9328578.0,SAINT NICHOLAS AV/W 141 ST,51
9230523.0,CLARKSON AV/BEDFORD AV,99
9232861.0,E 57 ST/2 AV,181
9116734.0,TOMPKINS AV/MYRTLE AV,99
9416007.0,SHELL RD/BOUCK CT,43
9426526.0,W 49 ST/11 AV,123
9256750.0,WYCKOFF AV/DE KALB AV,214
9435503.0,COLUMBUS AV/CATHEDRAL PKWY,71
9436038.0,10 AV/W 49 ST,190
9445342.0,lincoln tnl app/lincoln tnl app,303
9445501.0,10 AV/W 47 ST,121
9445593.0,6 AV/BROOME ST,75
9351006.0,SARATOGA AV/SUTTER AV,167
9355498.0,HALSEY ST/MALCOLM X BLVD,166
9278192.0,HAMPTON ST/BAXTER AV,213
9289159.0,SAINT NICHOLAS AV/W 145 ST,82
9362344.0,THROOP AV/DE KALB AV,67
9445789.0,W 50 ST/11 AV,50
9450180.0,GREENPOINT AV/39 PL,167
9458704.0,9 AV/W 46 ST,228
9461669.0,5 AV/PROSPECT PL,141
9536965.0,SARATOGA AV/SUTTER AV,326
9544410.0,9 AV/W 46 ST,145
9560398.0,LEXINGTON AV/E 102 ST,123
9562872.0,63 RD/102 ST,1243
9472905.0,GATES AV/MARCY AV,6
9473889.0,AVENUE U/VAN SICKLEN ST,128
9372859.0,METROPOLITAN AV/LEONARD ST,281
9381657.0,S 5 ST/HOOPER ST,5
9476774.0,W 86 ST/AMSTERDAM AV,101
9486111.0,2 AV/E 95 ST,81
9563868.0,PARK ROW/ANN ST,129
9563873.0,LINDEN BLVD/SUTPHIN BLVD,597
9576278.0,HALSEY ST/HOWARD AV,214
9392048.0,NORTHERN BLVD/159 ST,110
9392164.0,NORTHERN BLVD/159 ST,336
9489073.0,E 116 ST/PLEASANT AV,553
9509218.0,3 AV/E 11 ST,77
9603803.0,MARCUS GARVEY BLVD/GATES AV,58
9607485.0,SAINT JOHNS PL/ALBANY AV,50
9612035.0,BROADWAY/W 147 ST,11
9510385.0,ASTORIA BLVD SOUTH/STEINWAY ST,152
9512372.0,RIVERSIDE DR/W 139 ST,156
9513511.0,PELHAM PKWY/WHITE PLAINS RD,124
9675064.0,E 80 ST/PAERDEGAT 7 ST,159
9612938.0,EDGECOMBE AV/W 160 ST,37
9614785.0,49 ST/6 AV,198
9617219.0,SARATOGA AV/SUTTER AV,273
9526314.0,RIVERSIDE DR/W 142 ST,100
9765276.0,FLATBUSH AV/CATON AV,31
9623722.0,5 AV/W 120 ST,83
9626230.0,KINGSTON AV/ATLANTIC AV,134
9630344.0,BROADWAY/COOPER ST,124
9635607.0,REMSEN AV/FOSTER AV,575
9685865.0,CONEY ISLAND AV/FOSTER AV,319
9767424.0,GRAND ST/BEDFORD AV,187
9663062.0,GREENPOINT AV/47 ST,1670
9770459.0,HALSEY ST/THROOP AV,59
9775146.0,WASHINGTON AV/PROSPECT PL,145
9707498.0,5 AV/12 ST,105
9857854.0,AVENUE C/E 8 ST,43
9858717.0,VICTORY BLVD/AUSTIN PL,292
9786543.0,MALCOLM X BLVD/HALSEY ST,109
9788114.0,E 149 ST/GERARD AV,71
9863045.0,1 AV/E 120 ST,112
9720768.0,7 AV/W 44 ST,213
9720809.0,5 AV/W 33 ST,83
9725508.0,ATLANTIC AV/BOND ST,199
9726043.0,CONEY ISLAND AV/TURNER PL,84
9876040.0,W 147 ST/ADAM C POWELL BLVD,78
9735957.0,BOWERY/PRINCE ST,136
9806373.0,NEW YORK AV/WINTHROP ST,121
9806606.0,EAST HOUSTON ST/AV B,176
9806634.0,AVENUE A/E 5 ST,196
9809911.0,SARATOGA AV/MACDONOUGH ST,51
9887763.0,JACKSON AV/45 AV,202
9895587.0,JACKSON AV/DAVIS ST,109
9898022.0,MAIN ST/ELDER AV,224
9899132.0,11 ST/48 AV,321
9751043.0,NOSTRAND AV/WILLOUGHBY AV,74
9752005.0,8 AV/W 12 ST,71
9900100.0,KINGS HWY/BEVERLY RD,89
9901423.0,KINGS HWY/CLARENDON RD,128
9821370.0,W 145 ST/FREDERICK DOUGLASS BLVD,129
9826628.0,THROOP AV/LAFAYETTE AV,0
9839263.0,21 ST/BROADWAY,790
9757875.0,METROPOLITAN AV/LEFFERTS BLVD,340
9915643.0,BEDFORD AV/EMPIRE BLVD,240
9919728.0,FURMANVILLE AV/75 PL,88
9920363.0,67 AV/60 ST,182
9843884.0,SUTTER AV/WARWICK ST,221
10034187.0,GREENPOINT AV/NORTH HENRY ST,380
10034817.0,W 50 ST/11 AV,217
9939843.0,NORTHERN BLVD/159 ST,157
9925507.0,GRAND ST/GRAHAM AV,177
9944788.0,MAIN ST/MAPLE AV,102
10035471.0,NASSAU AV/KINGSLAND AV,356
10038170.0,GREENPOINT AV/NORTH HENRY ST,349
10038410.0,GREENPOINT AV/HUMBOLDT ST,343
9944808.0,LEWIS AV/GATES AV,153
9944860.0,ESSEX ST/RIVINGTON ST,151
9956834.0,FREDERICK DOUGLASS BLVD/W 138 ST,71
10142056.0,E 79 ST/1 AV,205
10142499.0,108 ST/OTIS AV,277
10155003.0,GREENPOINT AV/HUMBOLDT ST,345
9958322.0,JACKSON AV/23 ST,222
10038693.0,NASSAU AV/HUMBOLDT ST,254
10050536.0,NASSAU AV/HUMBOLDT ST,376
10052587.0,GREENPOINT AV/NORTH HENRY ST,380
10053943.0,SAINT NICHOLAS AV/W 151 ST,129
10055925.0,NASSAU AV/HUMBOLDT ST,141
10057826.0,NASSAU AV/KINGSLAND AV,330
9976264.0,MANHATTAN AV/MESEROLE AV,286
10160215.0,KINGS HWY/W 2 ST,566
10165064.0,W 96 ST/COLUMBUS AV,86
10165181.0,NASSAU AV/HUMBOLDT ST,371
10165313.0,NASSAU AV/HUMBOLDT ST,245
9987988.0,UTICA AV/ATLANTIC AV,80
10165663.0,ROCKAWAY AV/SUMPTER ST,127
10167401.0,90 ST/53 AV,221
10170156.0,CATON AV/E 8 ST,66
10174662.0,BOWERY/EAST HOUSTON ST,88
10183177.0,GOLD ST/TILLARY ST,238
10068653.0,EAST HOUSTON ST/NORFOLK ST,78
9994304.0,1 AV/E 113 ST,83
9996642.0,7 AV/UNION ST,242
10205130.0,E 124 ST/3 AV,107
10207451.0,FOSTER AV/E 16 ST,270
10209973.0,ASTOR PL/COOPER SQ EAST,83
10073940.0,LINDEN BLVD/VAN WYCK EXPWY,732
10082057.0,CONEY ISLAND AV/AVENUE H,149
10085478.0,GREENPOINT AV/HUMBOLDT ST,375
10086307.0,ADAM C POWELL BLVD/W 122 ST,114
10000070.0,CATON AV/WESTMINSTER,58
10013750.0,ALLEN ST/GRAND ST,175
10089727.0,5 AV/W 56 ST,123
10096515.0,E 14 ST/AVENUE A,108
10097957.0,ADAM C POWELL BLVD/W 127 ST,41
10101097.0,LORIMER ST/MEEKER AV,131
10243039.0,CENTRE ST/GRAND ST,266
10243895.0,COLUMBUS AV/W 80 ST,133
10031902.0,10 AV/W 47 ST,118
10032487.0,WEST HOUSTON ST/GREENE ST,58
10338839.0,JFK AIRPORT/TERMINAL 8,5836
10340705.0,ADAM C POWELL BLVD/W 129 ST,124
10341262.0,E 96 ST/2 AV,185
10251082.0,WASHINGTON AV/BERGEN ST,344
10253159.0,NORTH GANNON AV/MANOR RD,437
10253769.0,ADAM C POWELL BLVD/W 151 ST,65
10115137.0,CHURCH AV/E 42 ST,278
10124372.0,NOSTRAND AV/GATES AV,158
10350976.0,SAINT NICHOLAS AV/W 151 ST,146
10355146.0,BEDFORD AV/DEAN ST,109
10357730.0,ASTORIA BLVD/STEINWAY ST,1063
10267242.0,KINGS HWY/W 4 ST,465
10268073.0,8 AV/W 28 ST,134
10279086.0,UTICA AV/CARROLL ST,71
10135724.0,3 AV/E 53 ST,48
10569037.0,3 AV/E 88 ST,104
10369038.0,COLLEGE POINT BLVD/58 RD,245
10369047.0,COLLEGE POINT BLVD/58 RD,245
10280345.0,FLATBUSH AV/BEVERLY RD,414
10280549.0,FLATBUSH AV/BEVERLY RD,351
10282307.0,FLATBUSH AV/GRAND ARMY PLAZA,298
10289124.0,THROOP AV/MADISON ST,104
10611168.0,10 AV/W 47 ST,178
10612564.0,W 70 ST/WEST END AV,40
10385262.0,CENTRAL PARK WEST/W 90 ST,64
10386341.0,THROOP AV/HART ST,93
10634636.0,ASTORIA BLVD SOUTH/STEINWAY ST,2010
10637554.0,CONEY ISLAND AV/SLOCUM PL,472
10649625.0,4 AV/E 10 ST,72
10321100.0,GRAND CONCOURSE/E 165 ST,141
10329264.0,BROOKLYN BRIDGE PARK RD/JORALEMON ST,580
10877492.0,AMSTERDAM AV/W 149 ST,34
10881164.0,LAFAYETTE AV/GRAND AV,347
10413492.0,11 AV/W 47 ST,139
10413576.0,RICHMOND TERR/FRANKLIN AV,345
10886971.0,NOSTRAND AV/PUTNAM AV,211
10887847.0,COLUMBUS AV/W 106 ST,169
10470258.0,MADISON AV/E 129 ST,60
10686958.0,BROADWAY/DYCKMAN ST,304
10702506.0,AVENUE A/EAST HOUSTON ST,169
10709249.0,SARATOGA AV/BAINBRIDGE ST,140
10710179.0,AVENUE A/E 11 ST,73
10721891.0,10 AV/W 47 ST,178
10939710.0,SENECA AV/PALMETTO ST,151
10941762.0,BOWERY/EAST HOUSTON ST,225
10943915.0,W 145 ST/CONVENT AV,20
10980678.0,FRANKLIN AV/ATLANTIC AV,100
10488505.0,COLUMBUS AV/W 106 ST,93
10489240.0,JUNIPER VALLEY RD/73 PL,257
11014346.0,SAINT JOHNS PL/BEDFORD AV,31
11020169.0,EASTCHESTER RD/HAMMERSLEY AV,259
10748040.0,BROADWAY/W 153 ST,157
10769752.0,CATON AV/SAINT PAULS PL,156
11046927.0,FRANKLIN ST/GREEN ST,173
10801094.0,GREENE AV/ADELPHI ST,104
10527274.0,DEAN ST/ROCHESTER AV,240
10539779.0,EAST HOUSTON ST/AV B,73
10540876.0,ADAM C POWELL BLVD/W 116 ST,102
10545027.0,DE KALB AV/RYERSON AV,707
10546254.0,GREENE AV/VANDERBILT AV,88
10553095.0,SUTTER AV/SHEPHERD AV,92
10812263.0,COLUMBIA ST/CARROLL ST,281
10824871.0,6 AV/SPRING ST,104
11069190.0,W 116 ST/ADAM C POWELL BLVD,167
11069406.0,MANHATTAN AV/W 112 ST,64
11091309.0,NEW LOTS AV/JEROME ST,404
11096888.0,MCDONALD AV/GREENWOOD AV,189
11100541.0,SMITH ST/2 ST,57
11229663.0,METROPOLITAN AV/ALDERTON ST,1152
11234747.0,21 ST/BROADWAY,128
11114607.0,GATES AV/LEWIS AV,122
11138823.0,NEREID AV/CARPENTER AV,222
11147376.0,FULTON ST/ROCKWELL PL,129
11243953.0,10 AV/W 47 ST,178
11496607.0,MOUNT MORRIS PARK WEST/W 121 ST,86
11497938.0,HENRY HUDSON PKWY WEST/INDEPENDENCE AV,118
11511431.0,AMSTERDAM AV/W 140 ST,188
11244568.0,CENTRE ST/GRAND ST,245
11162564.0,E 14 ST/2 AV,135
11186765.0,BROOKLYN-QUEENS EXPWY/47 ST,280
11206278.0,ESSEX ST/RIVINGTON ST,217
11528951.0,SAINT MARKS AV/ROCHESTER AV,73
11302521.0,CONEY ISLAND AV/DITMAS AV,274
11341728.0,CENTRE ST/GRAND ST,245
11542467.0,EDGECOMBE AV/W 162 ST,195
11552749.0,10 AV/W 47 ST,178
11553357.0,THOMAS S BOYLAND ST/MARION ST,101
11210829.0,HALSEY ST/STUYVESANT AV,295
11741555.0,CHRISTOPHER ST/HUDSON ST,124
11753010.0,CORBIN PL/BRIGHTON BEACH AV,114
11753760.0,9 ST/5 AV,11
11343196.0,ATLANTIC AV/CLINTON ST,39
11352664.0,5 AV/E 138 ST,100
11359913.0,1 AV/E 17 ST,110
11371535.0,WHITE PLAINS RD/LYDIG AV,233
11371773.0,BROADWAY/MYRTLE AV,133
11753792.0,MYRTLE AV/CLINTON AV,63
11758313.0,CENTRE ST/GRAND ST,245
11769558.0,DE KALB AV/SAINT NICHOLAS AV,182
11772032.0,GREENPOINT AV/47 ST,291
11790047.0,NEW YORK AV/FENIMORE ST,120
11791673.0,NEW YORK AV/MIDWOOD ST,101
11568577.0,CENTRE ST/GRAND ST,245
11574674.0,WILSON AV/GREENE AV,300
11372267.0,10 AV/W 47 ST,178
11372330.0,ADAM C POWELL BLVD/W 133 ST,88
11381526.0,CENTRE ST/GRAND ST,245
11593727.0,SAINT JOHNS PL/ALBANY AV,182
11604307.0,TROY AV/FULTON ST,119
11609108.0,BOWERY/GRAND ST,144
11803487.0,DE KALB AV/FORT GREENE PL,69
11804245.0,7 AV/3 ST,332
11420840.0,83 ST/ROOSEVELT AV,603
11619832.0,W 155 ST/AMSTERDAM AV,35
11620821.0,BROOKLYN-QUEENS EXPWY/47 ST,222
11624421.0,GREENE AV/ADELPHI ST,125
11649232.0,WYTHE AV/GRAND ST,146
11840404.0,2 AV/E 28 ST,72
11844776.0,GREENPOINT AV/47 ST,239
11847204.0,4 AV/E 10 ST,126
11422056.0,LAUREL HILL BLVD/58 ST,750
11437634.0,GREENPOINT AV/47 ST,1564
11863225.0,CENTRE ST/GRAND ST,245
11867485.0,7 AV/W 49 ST,150
11452204.0,10 AV/W 47 ST,178
11452547.0,BERGEN ST/HOYT ST,177
11452989.0,RIVERSIDE DR/W 139 ST,32
11652590.0,CENTRAL PARK NORTH/ADAM C POWELL BLVD,224
11652872.0,2 AV/E 54 ST,156
11653077.0,5 AV/W 36 ST,166
11656367.0,DE KALB AV/THROOP AV,55
11674309.0,2 AV/E 28 ST,72
11474011.0,10 AV/W 47 ST,178
11984148.0,2 AV/E 3 ST,124
11905096.0,FOSTER AV/RUGBY RD,130
11909308.0,SPRING ST/GREENWICH ST,133
11675279.0,GLENWOOD RD/E 39 ST,186
11693193.0,LORIMER ST/STAGG ST,117
11715651.0,2 AV/E 28 ST,72
12004547.0,COLUMBUS AV/W 86 ST,50
11927032.0,THOMAS S BOYLAND ST/MARION ST,164
11935301.0,5 AV/UNION ST,62
11940117.0,W 116 ST/FREDERICK DOUGLASS BLVD,104
12006770.0,E 14 ST/2 AV,103
12007175.0,10 AV/W 47 ST,178
12007456.0,E 116 ST/2 AV,165
12009651.0,FREDERICK DOUGLASS BLVD/W 145 ST,210
11716127.0,LEXINGTON AV/E 28 ST,187
11720001.0,FREDERICK DOUGLASS BLVD/W 133 ST,127
12221970.0,VAN WYCK SOUTH SERVICE RD/BUILDING 90,17062
11967410.0,CENTRE ST/GRAND ST,245
11973701.0,GREENPOINT AV/47 ST,273
12019589.0,COURT ST/NELSON ST,323
12024963.0,CENTRE ST/GRAND ST,245
12025968.0,2 AV/E 116 ST,61
12245694.0,BROADWAY/ISHAM ST-W 211 ST,141
12246395.0,AMSTERDAM AV/W 102 ST,85
12037401.0,3 AV/E 88 ST,96
12431649.0,10 AV/W 47 ST,178
12433302.0,NOSTRAND AV/LAFAYETTE AV,35
12039579.0,METROPOLITAN AV/LEFFERTS BLVD,339
12039894.0,METROPOLITAN AV/LEFFERTS BLVD,448
12267599.0,SAINT NICHOLAS AV/W 141 ST,143
12272376.0,VAN WYCK SOUTH SERVICE RD/BUILDING 90,17051
12272850.0,2 AV/E 28 ST,124
12041170.0,ATLANTIC AV/85 ST,126
12051116.0,W 106 ST/COLUMBUS AV,24
12273048.0,7 AV/W 53 ST,93
12052143.0,W 72 ST/COLUMBUS AV,171
12495831.0,2 AV/E 56 ST,101
12053427.0,ELIOT AV/74 ST,147
12068200.0,BROADWAY/FRANKLIN ST,109
12325036.0,TOMPKINS AV/WILLOUGHBY AV,20
12325045.0,E 57 ST/LEXINGTON AV,77
12325291.0,BROADWAY/W 159 ST,84
12328112.0,MANHATTAN AV/INDIA ST,31
12087785.0,DE KALB AV/WASHINGTON AV,165
12518189.0,GREENPOINT AV/47 ST,166
12542485.0,MADISON AV/E 38 ST,140
12542544.0,11 AV/W 47 ST,47
12344456.0,5 AV/GARFIELD PL,85
12092786.0,AVENUE R/E 18 ST,149
12112190.0,10 AV/W 47 ST,178
12114040.0,MADISON AV/E 34 ST,120
12359146.0,ROCKAWAY AV/MACDOUGAL ST,77
12360207.0,BEDFORD AV/GRAND ST,230
12360660.0,ALLEN ST/HESTER ST,118
12360843.0,ALLEN ST/GRAND ST,13
12563738.0,MALCOLM X BLVD/W 119 ST,166
12567868.0,E 14 ST/AVENUE A,200
12122102.0,10 AV/W 202 ST,374
12135851.0,BERGEN ST/BROOKLYN AV,96
12590077.0,5 AV/15 ST,338
12592427.0,UNION TPKE/168 ST,643
12598128.0,CENTRAL PARK WEST/W 106 ST,73
12598446.0,CENTRAL PARK WEST/W 104 ST,107
12386579.0,BROADWAY/W 218 ST,352
12401233.0,MALCOLM X BLVD/W 132 ST,156
12403252.0,ADAM C POWELL BLVD/W 121 ST,105
12190880.0,CENTRAL PARK WEST/W 100 ST,125
12409217.0,10 AV/W 47 ST,178
12606349.0,2 AV/E 103 ST,94
12610244.0,FREDERICK DOUGLASS BLVD/W 121 ST,169
12619450.0,MCDONALD AV/CORTELYOU RD,482
12642845.0,7 AV/18 ST,229
12645495.0,31 AV/102 ST,155
12713863.0,82 ST/ROOSEVELT AV,412
12723066.0,5 AV/W 37 ST,20
12658099.0,W 23 ST/8 AV,135
12916189.0,3 AV/23 ST,56
12924969.0,HALSEY ST/SARATOGA AV,157
12929852.0,SAINT NICHOLAS AV/W 141 ST,48
12737192.0,FREDERICK DOUGLASS BLVD/W 148 ST,44
12681206.0,48 AV/38 ST,129
12686241.0,TOMPKINS AV/MYRTLE AV,111
12701430.0,GRAND CONCOURSE/EAST TREMONT AV,261
12950991.0,1 AV/E 82 ST,23
12778678.0,E 57 ST/2 AV,180
12964763.0,10 AV/W 47 ST,178
12965215.0,GREENE AV/WASHINGTON AV,158
12702291.0,10 AV/W 47 ST,178
12703851.0,GREENE AV/GRAND AV,247
13075158.0,EAST BROADWAY/MARKET ST,126
13081306.0,10 AV/W 47 ST,178
12965831.0,METROPOLITAN AV/LEONARD ST,228
12985547.0,3 AV/E 77 ST,87
13091684.0,MADISON AV/E 34 ST,112
12794791.0,FORT WASHINGTON AV/W 164 ST,26
12804309.0,FULTON ST/GRAND  AV,157
12806016.0,FLATBUSH AV/DORCHESTER RD,281
12806356.0,pulaski br/box st,588
12806940.0,MARCUS GARVEY BLVD/JEFFERSON AV,57
12811459.0,8 AV/W 52 ST,200
12812577.0,9 AV/W 52 ST,86
13004961.0,MALCOLM X BLVD/W 125 ST,74
13004967.0,MOUNT MORRIS PARK WEST/W 121 ST,132
13004996.0,VAN WYCK SOUTH SERVICE RD/BUILDING 90,15285
13101855.0,FLATBUSH AV/AVENUE T,300
13107627.0,WEST END AV/SHORE BLVD,133
13108191.0,6 AV/W 29 ST,121
13009244.0,W 14 ST/7 AV,82
12827964.0,8 AV/11 ST,69
12829031.0,SARATOGA AV/LIVONIA AV,135
12829063.0,VANDERBILT AV/SAINT MARKS AV,100
12832062.0,VAN WYCK SOUTH SERVICE RD/BUILDING 90,15070
13113906.0,9 ST/5 AV,23
13117094.0,E 110 ST/MADISON AV,175
13125552.0,FLUSHING AV/WILSON AV,96
13024560.0,30 AV/21 ST,300
12832371.0,2 AV/E 75 ST,72
12832899.0,2 AV/E 66 ST,181
12833187.0,2 AV/E 64 ST,92
12836808.0,9 AV/W 57 ST,25
13031854.0,BEDFORD AV/STERLING PL,77
13130313.0,10 AV/W 47 ST,178
13135589.0,92 ST/FORT HAMILTON PKWY,223
13135822.0,W 49 ST/10 AV,208
13136376.0,E 116 ST/PLEASANT AV,191
13042637.0,GREENPOINT AV/47 ST,674
12852083.0,BERGEN ST/BOND ST,171
12856720.0,28 ST/QUEENS PLAZA SOUTH,400
12856987.0,BORDEN AV/39 PL,1020
13046279.0,FORT WASHINGTON AV/W 162 ST,67
13047541.0,VICTORY BLVD/BROOK ST,450
13055856.0,DEAN ST/FRANKLIN AV,186
13058423.0,PROSPECT PARK SOUTHWEST/10 AV,437
13139892.0,ADAM C POWELL BLVD/W 113 ST,156
13153265.0,5 AV/7 ST,173
13154343.0,W 49 ST/10 AV,132
13156126.0,MANHATTAN AV/W 106 ST,99
12866207.0,GREENE AV/WASHINGTON AV,158
12867918.0,2 AV/E 75 ST,165
12869930.0,10 AV/W 47 ST,178
12888052.0,8 AV/W 52 ST,85
13398340.0,THROOP AV/GATES AV,121
13398348.0,GRAND ST/BEDFORD AV,53
13209522.0,BAY RIDGE PKWY/15 AV,367
13217170.0,GATES AV/NOSTRAND AV,168
13169559.0,11 AV/W 50 ST,60
13170159.0,WEST END AV/HAMPTON AV,213
13408222.0,KINGS HWY/REMSEN AV,160
13183826.0,BAY PKWY/86 ST,199
13187006.0,GREENPOINT AV/47 ST,249
13193503.0,W 116 ST/SAINT NICHOLAS AV,85
13222140.0,CEBRA AV/WARD AV,282
13222669.0,QUEENS MIDTOWN EXPY / 43RD ST,126
13234457.0,PUTNAM AV/CLASSON AV,40
13417071.0,MALCOLM X BLVD/PUTNAM AV,79
13422992.0,EAST HOUSTON ST/1 AV,68
13424027.0,WASHINGTON AV/PROSPECT PL,119
13436258.0,GRAND CONCOURSE/E 149 ST,63
13246042.0,MYRTLE AV/STOCKHOLM ST,74
13260699.0,COLUMBUS AV/W 75 ST,1
13264690.0,SAINT NICHOLAS AV/W 150 ST,83
13444818.0,90 ST/53 AV,23
13445057.0,11 AV/W 47 ST,135
13448568.0,3 AV/E 21 ST,96
13451379.0,11 ST/JACKSON AV,326
13451811.0,GRAND CONCOURSE/E 165 ST,126
13276930.0,E 14 ST/AVENUE A,60
13548357.0,FOSTER AV/ARGYLE RD,642
13554710.0,CATON AV/E 16 ST,1
13556607.0,JAMAICA AV/VAN SICLEN AV,99
13559208.0,COLUMBUS AV/W 78 ST,170
13564134.0,SAINT NICHOLAS AV/W 133 ST,474
13467270.0,GREENPOINT AV/HUNTERS POINT AV,122
13474455.0,TOMPKINS AV/PUTNAM AV,131
13573828.0,BERGEN ST/KINGSTON AV,1
13580382.0,10 AV/W 55 ST,138
13587436.0,WASHINGTON AV/PROSPECT PL,113
13291508.0,McDONALD AV/20 ST,221
13294325.0,MYRTLE AV/MARCY AV,91
13294471.0,TOMPKINS AV/TOWNSEND AV,392
13295693.0,CONEY ISLAND AV/GRAVESEND NECK RD,214
13300639.0,VANDERBILT AV/SAINT MARKS AV,89
13478244.0,DRIGGS AV/N 11 ST,113
13599973.0,6 AV/WEST HOUSTON ST,196
13603093.0,CHURCH AV/WESTMINSTER RD,102
13603364.0,ASTORIA BLVD SOUTH/STEINWAY ST,674
13605192.0,AVENUE D/BROOKLYN AV,118
13606307.0,REMSEN AV/RUTLAND RD,140
13307480.0,SAINT NICHOLAS AV/W 163 ST,207
13317650.0,SUTTER AV/SCHENCK AV,363
13494095.0,WATER ST/MAIDEN LN,205
13494532.0,1 AV/E 77 ST,6
13614714.0,BROADWAY/W 150 ST,64
13621211.0,2 AV/E 28 ST,127
13507341.0,FLATBUSH AV/GRAND ARMY PLAZA,312
13332816.0,2 AV/E 12 ST,59
13341955.0,83 ST/ROOSEVELT AV,1069
13355002.0,FLATLANDS AV/E 86 ST,81
13507677.0,E 163 ST/TINTON AV,0
13510347.0,1 AV/E 62 ST,112
13624873.0,BOWERY/BLEECKER ST,96
13640966.0,W 125 ST/ADAM C POWELL BLVD,207
13522948.0,AMSTERDAM AV/W 72 ST,26
13360675.0,PARK AV/CARLTON AV,156
13361613.0,MALCOLM X BLVD/W 122 ST,82
13371699.0,PROSPECT PARK SOUTHWEST/10 AV,504
13373898.0,MALCOLM X BLVD/W 122 ST,82
13526398.0,E 57 ST/2 AV,166
13536155.0,21 ST/41 AV,391
13684217.0,7 AV/STERLING PL,52
13384425.0,FLATBUSH AV/PARKSIDE AV,3
13388210.0,9 AV/W 52 ST,57
13388649.0,ASTORIA BLVD SOUTH/STEINWAY ST,725
13392858.0,ATLANTIC AV/BOND ST,220
13879611.0,W 86 ST/AMSTERDAM AV,167
13685807.0,10 AV/W 49 ST,84
13881135.0,MARCUS GARVEY BLVD/LEXINGTON AV,151
13882394.0,E 8 ST/5 AV,109
13710241.0,MANHATTAN AV/W 113 ST,93
13669064.0,PARK AV SOUTH/E 23 ST,86
13674349.0,FRANKLIN AV/LEFFERTS PL,103
13674799.0,COURT ST/3 PL,116
13680628.0,AMSTERDAM AV/W 77 ST,223
13891485.0,WATER ST/WALL ST,71
13894813.0,6 AV/W 45 ST,73
13724284.0,PARKSIDE AV/FLATBUSH AV,168
13727552.0,WYTHE AV/N 6 ST,179
13730290.0,MALCOLM X BLVD/W 122 ST,155
13732215.0,FLATLANDS AV/E 84 ST,275
13902725.0,8 AV/W 42 ST,80
14024651.0,DEAN ST/BROOKLYN AV,171
14028018.0,10 AV/W 47 ST,178
14029633.0,AVENUE R/NOSTRAND AV,133
14030375.0,HALSEY ST/TOMPKINS AV,4
13745644.0,1 AV/E 64 ST,63
13912712.0,2 AV/E 75 ST,71
13914201.0,ADAM C POWELL BLVD/W 120 ST,59
13920801.0,MALCOLM X BLVD/W 119 ST,65
13752815.0,VAN WYCK SOUTH SERVICE RD/BUILDING 90,17149
13766130.0,ROEBLING ST/S 8 ST,107
13769545.0,GRAND ARMY PLAZA/FLATBUSH AV,224
14043464.0,E 14 ST/2 AV,192
14055238.0,7 AV/GARFIELD PL,297
13770996.0,2 AV/E 84 ST,114
13936824.0,GRAHAM AV/RICHARDSON ST,223
13938420.0,BEDFORD AV/MAPLE ST,168
13941973.0,GRAND AV/74 ST,1693
13771529.0,FREDERICK DOUGLASS BLVD/W 152 ST,148
13779358.0,HAMPTON ST/BRITTON AV,1033
13954583.0,DE KALB AV/IRVING AV,323
13956372.0,W 49 ST/8 AV,66
13956613.0,FOSTER AV/E 16 ST,257
13788132.0,CLASSON AV/PARK AV,72
13794689.0,COLUMBUS AV/W 102 ST,151
13795744.0,MYRTLE AV/KNICKERBOCKER AV,56
13813731.0,FULTON ST/UTICA AV,237
14103515.0,BROADWAY/W 153 ST,73
14110407.0,VAN WYCK SOUTH SERVICE RD/BUILDING 90,16251
13821190.0,GREENPOINT AV/47 ST,1828
13825154.0,3 AV/80 ST,224
13959556.0,120 AV/IRWIN PL,509
13970217.0,E 57 ST/2 AV,193
13980860.0,FLATBUSH AV/CHESTER CT,83
13980911.0,21 ST/35 AV,710
13981865.0,COLLEGE POINT BLVD/58 RD,245
13827959.0,CONEY ISLAND AV/AVENUE K,207
14138302.0,MORRIS AV/MOUNT EDEN PKWY,87
14139553.0,2 AV/E 75 ST,165
14140552.0,AVENUE A/E 11 ST,103
14143250.0,BERGEN ST/NEW YORK AV,57
13848005.0,ADAM C POWELL BLVD/W 131 ST,148
13854483.0,DE KALB AV/KNICKERBOCKER AV,171
13995561.0,SARATOGA AV/PARK PL,92
13997552.0,ASTORIA BLVD SOUTH/STEINWAY ST,1580
13997894.0,CORONA AV/51 AV,273
13857291.0,BROADWAY/RIVERSIDE DR,242
14151487.0,BEDFORD AV/HANCOCK ST,105
14151551.0,47 AV/48 ST,64
14152775.0,11 ST/JACKSON AV,423
14153255.0,EAST NEW YORK AV/SCHENECTADY AV,218
14163352.0,CRESCENT ST/PITKIN AV,172
13876681.0,9 AV/W 46 ST,85
13877683.0,ROCKAWAY AV/SUMPTER ST,65
14006823.0,10 AV/W 47 ST,178
14012274.0,1 AV/E 60 ST,57
14275887.0,HILLSIDE AV/163 ST,101
14177028.0,KENT AV/METROPOLITAN AV,130
14195437.0,82 ST/ROOSEVELT AV,776
14203693.0,MYRTLE AV/WASHINGTON AV,92
14213699.0,8 AV/W 52 ST,71
14557504.0,BEDFORD AV/BERGEN ST,71
14575138.0,OGDEN AV/W 166 ST,414
14588156.0,BROOKLYN AV/SAINT JOHNS PL,73
14214403.0,WILSON AV/HALSEY ST,106
14215652.0,7 AV SOUTH/WAVERLY PL,130
14222252.0,BROADWAY/W 193 ST,388
14281526.0,HOLLIS AV/217 PL,345
14281865.0,5 AV/14 ST,117
14296598.0,BEDFORD AV/N 9 ST,143
14316284.0,6 AV/WEST HOUSTON ST,88
14595903.0,GREENE AV/WASHINGTON AV,158
14609199.0,AMSTERDAM AV/W 140 ST,109
14616377.0,BERGEN ST/FLATBUSH AV,13
14237735.0,SAINT NICHOLAS AV/W 142 ST,317
14262383.0,MERRICK BLVD/111 AV,74
14872249.0,E 9 ST/1 AV,45
14318774.0,62 DR/YELLOWSTONE BLVD,160
14322869.0,21 ST/BROADWAY,1368
14340142.0,GATES AV/PATCHEN AV,39
14341397.0,ASTORIA BLVD SOUTH/STEINWAY ST,376
14625676.0,3 AV/12 ST,174
14628080.0,MALCOLM X BLVD/W 122 ST,64
14636181.0,LINDEN BLVD/192 ST,189
14882046.0,MALCOLM X BLVD/W 122 ST,103
14882309.0,FOSTER AV/E 18 ST,644
14892623.0,HYLAN BLVD/COOPER AV,105
14911767.0,7 AV/6 ST,106
14913941.0,DEAN ST/BEDFORD AV,65
14661553.0,COURT ST/3 PL,265
14348580.0,GREENPOINT AV/JEWEL ST,415
14351693.0,WILSON AV/COOPER ST,43
14357698.0,COLUMBUS AV/W 80 ST,129
14359772.0,BEDFORD AV/LAFAYETTE AV,41
14686840.0,HILLSIDE AV/179 ST,93
14692459.0,1 AV/E 93 ST,76
14696542.0,THROOP AV/PARK AV,49
14406923.0,KISSENA BLVD/HOLLY AV,226
14408114.0,W 57 ST/6 AV,154
14918238.0,PUTNAM AV/BEDFORD AV,133
14918404.0,FOSTER AV/E 18 ST,492
14925506.0,FRANCIS LEWIS BLVD/256 ST,152
14931156.0,ROGERS AV/MIDWOOD ST,72
14933388.0,NOSTRAND AV/GATES AV,168
14933521.0,FREDERICK DOUGLASS BLVD/W 138 ST,75
14698446.0,COLLEGE POINT BLVD/58 RD,262
14707648.0,VAN WYCK SOUTH SERVICE RD/BUILDING 90,14887
14710763.0,TOMPKINS AV/MARTIN LUTHER KING JR PL,149
14730708.0,W 72 ST/WEST END AV,185
14961122.0,SARATOGA AV/MACDONOUGH ST,118
14963736.0,10 AV/W 47 ST,178
14420353.0,CLEVELAND  PL/SPRING ST,50
14421383.0,WILSON AV/MENAHAN ST,75
14429976.0,BEDFORD AV/S 4 ST,53
14737992.0,RIVERSIDE DR/W 144 ST,55
14746280.0,FLUSHING AV/MARCY AV,135
14446717.0,COLUMBUS AV/W 69 ST,70
14450268.0,GREENE AV/WASHINGTON AV,158
14452731.0,AMSTERDAM AV/W 140 ST,130
14462592.0,FOREST AV/UNITED ARTISTS THEATERS,2216
14465415.0,62 DR/YELLOWSTONE BLVD,184
14772701.0,KINGSLAND AV/HERBERT ST,214
14968436.0,5 AV/W 128 ST,92
14982260.0,HOYT AV SOUTH/31 ST,307
14987516.0,FRANCIS LEWIS BLVD/147 DR,320
14994076.0,BOSTON RD/BOLLER AV,515
15002637.0,BROADWAY/W 100 ST,150
15003711.0,7 AV/PROSPECT AV,64
15018397.0,YORK ST/JAY ST,362
14788009.0,ASTORIA BLVD/STEINWAY ST,1528
14466193.0,KINGS HWY/W 6 ST,530
14467602.0,MADISON ST/MARKET ST,79
14470437.0,BERGEN ST/ROCHESTER AV,56
14472272.0,TOMPKINS AV/WILLOUGHBY AV,82
14819796.0,SMITH ST/2 ST,52
15033685.0,COLUMBUS AV/W 75 ST,74
15038469.0,9 ST/4 AV,17
15040421.0,E 116 ST/1 AV,58
15066269.0,MALCOLM X BLVD/W 129 ST,41
15067291.0,MALCOLM X BLVD/W 127 ST,109
14826817.0,FOSTER AV/E 18 ST,536
14838161.0,CENTRE ST/GRAND ST,216
14839995.0,7 AV/3 ST,71
14485372.0,3 AV/E 97 ST,59
14485877.0,REMSEN AV/FOSTER AV,221
14489615.0,NORTH BOUNDARY RD/FEDERAL EXPRESS,2322
14506036.0,MADISON AV/E 129 ST,35
14507274.0,AVENUE C/E 10 ST,89
14843553.0,10 AV/W 30 ST,218
14855614.0,BROADWAY/W 57 ST,122
15083571.0,MADISON AV/E 38 ST,32
15083823.0,VAN BRUNT ST/SULLIVAN ST,34
15095589.0,5 AV/33 ST,189
14856799.0,COLLEGE POINT BLVD/58 RD,245
14519882.0,10 AV/W 47 ST,145
14529806.0,MALCOLM X BLVD/W 122 ST,70
15234773.0,E 14 ST/3 AV,206
14858777.0,MALCOLM X BLVD/W 132 ST,17
14864014.0,NEW YORK AV/EASTERN PKWY,169
14868857.0,GRAHAM AV/RICHARDSON ST,102
15114550.0,BEDFORD AV/HANCOCK ST,141
15115382.0,NEW YORK AV/PACIFIC ST,121
15124396.0,MADISON AV/E 93 ST,50
15247262.0,WASHINGTON AV/PROSPECT PL,241
15250033.0,FLATBUSH AV/HAWTHORNE ST,141
15250168.0,GRAND ST/BUSHWICK AV,235
15506009.0,BERGEN ST/BROOKLYN AV,68
15141938.0,7 AV/W 25 ST,156
15150240.0,WOODRUFF AV/OCEAN AV,53
15159731.0,2 AV/E 28 ST,140
15188621.0,WASHINGTON AV/DEAN ST,140
15507375.0,ORIENTAL BLVD/MACKENZIE ST,67
15517104.0,3 AV/12 ST,155
15522627.0,3 AV/14 ST,273
15527416.0,HAMPTON ST/BRITTON AV,405
15257524.0,ROCKAWAY AV/MARION ST,69
15260962.0,WEST HOUSTON ST/LAGUARDIA PL,119
15266254.0,7 AV/W 57 ST,5
15268654.0,SMITH ST/UNION ST,260
15268792.0,CHRISTOPHER ST/WASHINGTON ST,281
15301517.0,21 ST/BROADWAY,1234
15190865.0,LORIMER ST/TEN EYCK ST,119
15206272.0,MALCOLM X BLVD/BAINBRIDGE ST,147
15785088.0,WASHINGTON AV/PACIFIC ST,200
15549056.0,MADISON AV/E 129 ST,110
15561421.0,CENTRE ST/GRAND ST,245
15568616.0,21 ST/BROADWAY,566
15301748.0,PELHAM PKWY/MULINER AV,163
15314054.0,BROADWAY/W 75 ST,78
15326243.0,6 AV/W 29 ST,57
15336596.0,WEBSTER AV/E 204 ST,212
15569019.0,BERGEN ST/KINGSTON AV,89
15576821.0,ALLERTON AV/WESTERVELT AV,121
15799340.0,AVENUE U/E 23 ST,125
15802947.0,ATLANTIC AV/BOND ST,105
15581948.0,7 AV/BERKELEY PL,41
15583957.0,CENTRE ST/GRAND ST,245
15597600.0,GATES AV/STUYVESANT AV,175
15815905.0,MADISON ST/CLINTON ST,68
15819665.0,BROADWAY/GRANITE ST,265
15822044.0,BORINQUEN PL/S 1 ST,225
15827829.0,3 AV/E 88 ST,98
15602953.0,GATES AV/BROADWAY,144
15338155.0,82 ST/ROOSEVELT AV,1249
15340854.0,MALCOLM X BLVD/W 129 ST,54
15343302.0,MALCOLM X BLVD/W 129 ST,10
15345019.0,FRANKLIN ST/GREENPOINT AV,80
15347268.0,5 AV/W 43 ST,81
15360687.0,THROOP AV/FULTON ST,64
15603347.0,COURT ST/3 PL,332
15635167.0,E 57 ST/LEXINGTON AV,42
15641341.0,VICTORY BLVD/BROOK ST,91
15832098.0,RIVERSIDE DR/W 142 ST,345
15834511.0,9 AV/W 57 ST,70
15844782.0,19 ST/PROSPECT PARK WEST,294
15845215.0,82 ST/ROOSEVELT AV,1281
15845669.0,W 231 ST/CORLEAR AV,236
15847347.0,1 AV/E 89 ST,188
15854548.0,GREENE AV/GRAND AV,222
15360787.0,MALCOLM X BLVD/W 127 ST,66
15371951.0,WILSON AV/TROUTMAN ST,156
15381675.0,BROADWAY/SCHAEFFER ST,164
15654668.0,ATLANTIC AV/SMITH ST,160
15675520.0,E 8 ST/UNIVERSITY PL,69
15857118.0,HALSEY ST/MARCUS GARVEY BLVD,137
15857259.0,MADISON AV/E 55  ST,89
15857334.0,5 AV/W 56 ST,76
15858847.0,MANHATTAN AV/W 121 ST,72
15678385.0,UTICA AV/AVENUE O,117
15411988.0,10 AV/W 42 ST,95
15423552.0,COLUMBUS AV/CATHEDRAL PKWY,62
15425744.0,FORT WASHINGTON AV/W 164 ST,199
15706863.0,LAFAYETTE AV/STUYVESANT AV,252
15870454.0,10 AV/W 47 ST,178
15915152.0,E 34 ST/3 AV,131
15715486.0,GRAND ST/BEDFORD AV,58
15723889.0,3 AV/E 69 ST,92
15436836.0,COURT ST/SACKETT ST,418
15436871.0,COLUMBUS AV/W 108 ST,156
15444619.0,ATLANTIC AV/COURT ST,40
15728780.0,ALLEN ST/DELANCEY ST,174
15732405.0,BRADDOCK AV/WINCHESTER BLVD,232
15928001.0,LEXINGTON AV/E 85 ST,120
15928635.0,DE KALB AV/MYRTLE AV,102
15928835.0,MANHATTAN AV/W 119 ST,81
15929281.0,E 10 ST/AVENUE C,144
15932054.0,21 ST/35 AV,717
15732778.0,FLATBUSH AV/CHESTER CT,122
15732919.0,BRADDOCK AV/WINCHESTER BLVD,255
15733438.0,E 106 ST/1 AV,79
15465050.0,E 14 ST/2 AV,92
15473752.0,ATLANTIC AV/114 ST,480
15476794.0,SPRINGFIELD BLVD/111 RD,176
15936167.0,MESEROLE ST/GRAHAM AV,142
15937310.0,130 PL/BERGEN RD,1611
15938836.0,MAIN ST/GRAND CENTRAL PKWY,201
15939056.0,UNION TPKE/MAIN ST,165
15943475.0,AMSTERDAM AV/W 67 ST,238
15943497.0,LAFAYETTE AV/BEDFORD AV,146
15740080.0,BAY RIDGE AV/13 AV,247
15482966.0,GREENPOINT AV/47 ST,537
15483201.0,GREENPOINT AV/47 ST,594
15485880.0,AVENUE C/E 10 ST,16
15746736.0,DRIGGS AV/N 9 ST,170
15756633.0,REMSEN AV/AVENUE A,203
15767826.0,E 23 ST/2 AV,251
15948069.0,MANHATTAN AV/W 106 ST,100
15952447.0,7 AV/3 ST,117
15956155.0,82 ST/ROOSEVELT AV,1255
15966974.0,6 AV/PRINCE ST,92
15769077.0,DITMARS BLVD/27 AV,229
15992078.0,8 AV/W 37 ST,181
15494796.0,W 10 ST/WASHINGTON ST,41
15495132.0,2 AV/E 103 ST,122
16004776.0,GOLD ST/TILLARY ST,158
16005960.0,BOWERY/CANAL ST,116
15772447.0,YORK ST/JAY ST,283
15774003.0,E 16 ST/AVENUE R,209
15774629.0,DEAN ST/3 AV,163
16248277.0,DITMARS BLVD/27 AV,211
16253413.0,VAN WYCK SOUTH SERVICE RD/BUILDING 90,16908
16254609.0,VAN WYCK SOUTH SERVICE RD/BUILDING 90,16817
16019792.0,GLENWOOD RD/BROOKLYN AV,167
16029078.0,BROADWAY/W 204 ST,45
16063885.0,FREDERICK DOUGLASS BLVD/W 119 ST,57
16380794.0,3 AV/SENATOR ST,47
16070567.0,FLUSHING AV/MELROSE ST,117
16072472.0,MAIN ST/JEWEL AV,599
16269344.0,MYRTLE AV/VANDERBILT AV,84
16271447.0,ATLANTIC AV/BOND ST,220
16273510.0,10 AV/W 47 ST,178
16274061.0,RIVERSIDE DR/W 103 ST,104
16396241.0,BORINQUEN PL/S 1 ST,44
16396729.0,HALSEY ST/EVERGREEN AV,286
16122024.0,SAINT NICHOLAS AV/W 176 ST,65
16122082.0,EDGECOMBE AV/W 160 ST,105
16123943.0,OLYMPIA BLVD/ORLANDO ST,407
16132114.0,VICTORY BLVD/CEBRA AV,151
16402746.0,233RD ST / MERRICK BLVD,469
16405590.0,3 AV/E 24 ST,36
16282085.0,NOSTRAND AV/PACIFIC ST,73
16296678.0,BERGEN ST/NOSTRAND AV,35
16298529.0,MYRTLE AV/CHARLES PL,373
16140940.0,WASHINGTON AV/STERLING PL,283
16148036.0,PELHAM PKWY/WHITE PLAINS RD,237
16157731.0,ATLANTIC AV/COURT ST,74
16158343.0,CHURCH AV/TROY AV,304
16405668.0,6 AV/W 27 ST,48
16409634.0,GATES AV/BROADWAY,264
16174233.0,2 AV/E 75 ST,165
16299489.0,MYRTLE AV/BUSHWICK AV,376
16417951.0,BERGEN ST/SCHENECTADY AV,200
16194283.0,FULTON ST/THOMAS S BOYLAND ST,237
16201959.0,GATES AV/MARCUS GARVEY BLVD,242
16426123.0,SMITH ST/5 ST,183
16312498.0,CENTRE ST/GRAND ST,245
16313547.0,CENTRE ST/GRAND ST,123
16331234.0,MESEROLE ST/UNION AV,102
16449771.0,VAN WYCK SOUTH SERVICE RD/BUILDING 90,17034
16212767.0,COLUMBUS AV/W 84 ST,93
16216301.0,CEBRA AV/WARD AV,289
16220003.0,RIVERSIDE DR/W 160 ST,138
16332208.0,WILSON AV/GEORGE ST,143
16332492.0,CENTRE ST/GRAND ST,245
16454273.0,7 AV/3 ST,461
16454703.0,5 AV/95 ST,306
16226219.0,METROPOLITAN AV/LEONARD ST,291
16229170.0,ESSEX ST/EAST BROADWAY,32
16232783.0,LEVERETT AV/COLON AV,100
16352982.0,BROADWAY/W 139 ST,48
16365878.0,GATES AV/TOMPKINS AV,128
16480273.0,LEWIS AV/GREENE AV,147
16488787.0,8 AV/47 ST,118
16843605.0,LAFAYETTE AV/WASHINGTON AV,154
16846366.0,RIVERSIDE DR/W 74 ST,28
16556049.0,NOSTRAND AV/TILDEN AV,124
16556211.0,NOSTRAND AV/SNYDER AV,72
16505636.0,W 42 ST/11 AV,49
16506016.0,MADISON AV/E 121 ST,130
16855055.0,LORIMER ST/MONTROSE AV,50
16859099.0,QUEENS MIDTOWN EXPY / 43RD ST,220
16860045.0,ASTORIA BLVD NORTH/77 ST,401
16867024.0,MALCOLM X BLVD/W 119 ST,53
16873148.0,71 ST/GRAND AV,714
16581779.0,HALSEY ST/PATCHEN AV,73
16584878.0,COLUMBIA ST/KANE ST,138
16601518.0,BROADWAY/W 142 ST,51
16603017.0,BROADWAY/FAIRVIEW AV,116
16613747.0,DE KALB AV/SAINT NICHOLAS AV,372
16533105.0,FREDERICK DOUGLASS BLVD/W 112 ST,65
16534156.0,1 AV/E 75 ST,92
16534157.0,AVENUE L/E 22 ST,143
16534321.0,AVENUE L/OCEAN AV,90
16620235.0,THROOP AV/JEFFERSON AV,143
16621121.0,FLUSHING AV/BEAVER ST,117
16534337.0,GRAND ST/WATERBURY ST,185
17173473.0,63 DR/AUSTIN ST,250
16893907.0,HOYT AV SOUTH/31 ST,496
16913950.0,10 AV/W 45 ST,74
17174519.0,8 AV/W 20 ST,94
17177726.0,BERGEN ST/BOND ST,216
16634459.0,W 139 ST/5 AV,126
16649739.0,OCEAN AV/AVENUE O,124
16659292.0,GREENE AV/CUMBERLAND ST,140
17218063.0,YORK AV/E 76 ST,200
17218433.0,7 AV/W 17 ST,7
16937801.0,AMSTERDAM AV/W 152 ST,10
16954330.0,ADAM C POWELL BLVD/W 123 ST,99
17223109.0,8 AV/W 17 ST,51
17231011.0,63 RD/102 ST,477
16677170.0,8 AV/W 20 ST,178
17249755.0,LEWIS AV/GREENE AV,123
17263550.0,W 125 ST/ADAM C POWELL BLVD,196
17265284.0,OCEAN AV/AVENUE T,218
16962435.0,DE KALB AV/WYCKOFF AV,211
16962471.0,ADAM C POWELL BLVD/W 119 ST,59
16965072.0,DE KALB AV/MARCY AV,296
16965094.0,HAMPTON ST/BAXTER AV,253
17266124.0,FARMERS BLVD/144 AV,197
17286647.0,1 AV /E 4 ST,178
17297467.0,CHURCH AV/RUGBY RD,122
16969156.0,SUTTON PL/E 58 ST,132
17321243.0,GRAND ST/LORIMER ST,82
17339881.0,HALSEY ST/MARCY AV,212
16735133.0,EAST HOUSTON ST/RIDGE ST,72
16735801.0,FREDERICK DOUGLASS BLVD/W 113 ST,164
16777456.0,MORRIS PARK AV/HONE AV,134
16778711.0,WASHINGTON AV/ATLANTIC AV,59
17347938.0,ASTORIA BLVD SOUTH/STEINWAY ST,1581
17367187.0,E 161 ST/MACOMBS DAM BRIDGE,80
17044854.0,GRAND CONCOURSE/E 182 ST,96
17093180.0,YORK AV/E 74 ST,67
17093264.0,ATLANTIC AV/76 ST,97
17367484.0,ASTORIA BLVD SOUTH/STEINWAY ST,1502
17370778.0,7 AV/3 ST,91
16793649.0,ATLANTIC AV/VAN SICLEN AV,98
16795649.0,HALSEY ST/EVERGREEN AV,382
17382091.0,MAIN ST/GRAND CENTRAL PKWY,188
17383253.0,CENTRAL PARK WEST/W 102 ST,93
17097239.0,MERMAID AV/W 17 ST,66
17097495.0,FREDERICK DOUGLASS BLVD/W 123 ST,1
17097898.0,ASTORIA BLVD SOUTH/STEINWAY ST,1126
17106014.0,W 50 ST/9 AV,95
17107608.0,BROADWAY/CHAUNCEY ST,170
16802965.0,DRIGGS AV/S 2 ST,71
16806575.0,CHURCH AV/BROOKLYN AV,242
16812429.0,ADAM C POWELL BLVD/W 122 ST,82
17400801.0,WEST ST/KENT ST,347
17405175.0,130 PL/BERGEN RD,1634
17117631.0,FREDERICK DOUGLASS BLVD/W 123 ST,87
17122054.0,5 AV/W 130 ST,91
17122439.0,MADISON AV/E 129 ST,174
17122814.0,3 AV/E 109 ST,152
17123646.0,39 ST/7 AV,153
17554298.0,ARDEN AV/MOSELY AV,319
17554981.0,W 106 ST/COLUMBUS AV,188
17561119.0,E 57 ST/2 AV,173
17419342.0,ADAM C POWELL BLVD/W 122 ST,83
17430215.0,10 AV/W 25 ST,149
17431995.0,1 AV/E 20 ST,68
17153913.0,MANHATTAN AV/MESEROLE AV,199
17157615.0,1 AV /E 4 ST,119
17866018.0,DE KALB AV/MYRTLE AV,150
17433572.0,ADAM C POWELL BLVD/W 122 ST,83
17447150.0,COLUMBUS AV/W 86 ST,106
17457491.0,MYRTLE AV/SUYDAM ST,237
17569080.0,CENTRAL PARK NORTH/MALCOLM X BLVD,229
17603059.0,E 32 ST/5 AV,144
17605478.0,GATES AV/BUSHWICK AV,418
17606753.0,MYRTLE AV/STOCKHOLM ST,551
17866206.0,MERMAID AV/W 20 ST,96
17876530.0,BOSTON RD/ADEE AV,294
17897913.0,65 PL/53 DR,833
17899730.0,CROTONA AV/TREMONT AV,193
17923261.0,ELIOT AV/69 ST,100
17489509.0,MANHATTAN AV/NASSAU AV,45
17494614.0,21 ST/BROADWAY,606
17495862.0,SAINT JOHNS PL/ROCHESTER AV,226
17607132.0,GATES AV/EVERGREEN AV,330
17632840.0,MERMAID AV/W 17 ST,66
17500994.0,ROCKAWAY PKWY/SUBWAY STATION,46
17925111.0,10 AV/W 45 ST,74
17929219.0,W 10 ST/WAVERLY PL,129
17940029.0,PARSONS BLVD/20 AV,78
17943407.0,2 AV/E 13 ST,91
17943732.0,WEST HOUSTON ST/AVENUE OF THE AMERICAS,92
17512466.0,5 AV/W 38 ST,26
17513537.0,MYRTLE AV/NORTH PORTLAND AV,397
17652158.0,DIVISION AV/BERRY ST,368
17653243.0,CENTRE ST/GRAND ST,245
17653754.0,1 AV/E 72 ST,68
17653791.0,NOSTRAND AV/PACIFIC ST,102
17654611.0,49 AV/21 ST,138
17665943.0,23 AV/87 ST,920
17669480.0,TOMPKINS AV/PUTNAM AV,177
17515734.0,MYRTLE AV/MARCY AV,110
17951580.0,GATES AV/STUYVESANT AV,168
17974244.0,RIVERSIDE DR/W 86 ST,154
17685710.0,NEREID AV/CARPENTER AV,61
17713865.0,E 72 ST/1 AV,56
17975664.0,BOSTON RD/BIVONA ST,482
17980772.0,RIVER AV/E 150 ST,219
17981267.0,E 149 ST/GERARD AV,192
18009149.0,3 AV/14 ST,67
18179365.0,10 AV/W 47 ST,178
18188958.0,DIVISION AV/BERRY ST,244
17716140.0,BEDFORD AV/SNYDER AV,77
17730019.0,RALPH AV/HALSEY ST,63
17731891.0,CROPSEY AV/15 AV,152
17750380.0,DIVISION AV/WYTHE AV,173
18022636.0,FRANKLIN ST/INDIA ST,36
18024561.0,COLUMBUS CIRCLE/8 AV,104
18025228.0,GATES AV/EVERGREEN AV,261
18039693.0,3 AV/E 88 ST,98
17759478.0,LAFAYETTE AV/BEDFORD AV,243
17764355.0,SAINT PAULS AV/SWAN ST,76
18210106.0,9 AV/W 52 ST,85
18211851.0,FREDERICK DOUGLASS BLVD/W 133 ST,100
18215065.0,ROOSEVELT AV/PRINCE ST,529
18059656.0,MALCOLM X BLVD/W 132 ST,68
18071399.0,10 AV/W 25 ST,64
18225912.0,MAIN ST/BOOTH MEMORIAL AV,93
18226037.0,GREENE AV/GRAND AV,231
17796480.0,HAMPTON ST / WHITNEY AVE,795
17810201.0,W 207 ST/10 AV,183
18226108.0,DRIGGS AV/N 7 ST,131
18226214.0,BROADWAY/W 138 ST,67
18227529.0,MANHATTAN AV/W 116 ST,100
17832214.0,FULTON ST/SAINT JAMES PL,27
17853353.0,ALLERTON AV/FISH AV,167
17857431.0,DEAN ST/WASHINGTON AV,284
18076911.0,MERRICK BLVD/108 AV,142
18077042.0,DREW ST/SUTTER AV,553
18085447.0,RIVERSIDE DR/W 145 ST,505
18087564.0,FREEMAN ST/MANHATTAN AV,99
18240963.0,MERMAID AV/W 17 ST,57
18251681.0,MYRTLE AV/WASHINGTON AV,58
18103710.0,2 AV/E 64 ST,78
18120404.0,GATES AV/CENTRAL AV,423
18120946.0,DE KALB AV/THROOP AV,168
18271282.0,BROADWAY/PRINCE ST,93
18425106.0,WEST ST/CHRISTOPHER ST,80
18430588.0,SAINT NICHOLAS AV/W 145 ST,14
18445522.0,WATER ST/PINE ST,245
18448446.0,10 AV/W 47 ST,178
18449954.0,NOSTRAND AV/PACIFIC ST,136
18274232.0,W 57 ST/9 AV,216
18124558.0,2 AV/E 101 ST,63
18133502.0,TOMPKINS AV/DEKALB AV,43
18671835.0,102 ST/NORTHERN BLVD,198
18286926.0,AVENUE L/E 82 ST,213
18290561.0,ADAM C POWELL BLVD/W 133 ST,88
18303895.0,MALCOLM X BLVD/W 119 ST,110
18455830.0,HALSEY ST/CENTRAL AV,191
18459547.0,YORK ST/JAY ST,103
18308486.0,DE KALB AV/STUYVESANT AV,144
18310427.0,SAINT NICHOLAS AV/W 142 ST,220
18313862.0,7 AV/13 ST,69
18682184.0,ADAM C POWELL BLVD/W 119 ST,97
18689454.0,BROADWAY/GREENE AV,316
18325063.0,pulaski br/box st,509
18342361.0,W 86 ST/COLUMBUS AV,141
18499074.0,TROY AV/FULTON ST,17
18506841.0,ADAM C POWELL BLVD/W 120 ST,201
18345358.0,WHITE PLAINS RD/E 219 ST,28
18348512.0,9 AV/W 52 ST,70
18704413.0,ATLANTIC AV/HENRY ST,112
18706893.0,10 AV/W 47 ST,178
18718195.0,YORK AV/E 72 ST,5912
18721209.0,WHITE PLAINS RD/E 222 ST,423
18349549.0,E 86 ST/LEXINGTON AV,155
18358363.0,THOMAS S BOYLAND ST/MACDOUGAL ST,60
18358606.0,LEXINGTON AV/E 104 ST,105
18550867.0,PELHAM PKWY/STILLWELL AV,306
18560569.0,ADAM C POWELL BLVD/W 113 ST,16
18565752.0,LAFAYETTE AV/MARCY AV,102
18359018.0,3 AV/E 88 ST,98
18729143.0,DRIGGS AV/N 9 ST,182
18735653.0,VAN BRUNT ST/VERONA ST,300
18736484.0,253 ST/149 AV,210
18386307.0,8 AV/W 28 ST,134
18393354.0,8 AV/W 39 ST,149
18582792.0,GATES AV/MARCY AV,256
18583467.0,BROADWAY/W 163 ST,41
18586873.0,W 43 ST/8 AV,118
18404373.0,3 AV/46 ST,104
18411427.0,7 AV/3 ST,117
18750465.0,3 AV/E 37 ST,70
18753406.0,ASTORIA BLVD SOUTH/STEINWAY ST,1311
18753645.0,DEAN ST/CARLTON AV,166
18768741.0,3 AV/E 37 ST,119
18412771.0,RIVERSIDE DR/W 160 ST,199
18596197.0,10 AV/W 47 ST,178
18599352.0,10 AV/W 47 ST,178
18888212.0,UNION TPKE/PARSONS BLVD,181
18893778.0,3 AV/E 29 ST,187
18895187.0,NORTH CONDUIT AV/230 PL,874
18625919.0,SUTTER AV/MILLER AV,357
18629154.0,CEBRA AV/SAINT PAULS AV,416
18632502.0,SMITH ST/2 ST,180
18787858.0,3 AV/E 39 ST,51
18789421.0,RALPH AV/MADISON ST,152
18792703.0,3 AV/E 39 ST,71
18793922.0,FREDERICK DOUGLASS BLVD/W 113 ST,152
18795447.0,GRAND CONCOURSE/EAST MOUNT EDEN AV,66
18806323.0,VAN WYCK SOUTH SERVICE RD/BUILDING 90,16209
18917771.0,86 ST/19 AV,100
18638573.0,ASTORIA BLVD/STEINWAY ST,220
18652544.0,3 AV/E 37 ST,61
18942735.0,SAINT JOHNS PL/CLASSON AV,147
18812153.0,3 AV/E 39 ST,83
18820446.0,3 AV/E 37 ST,43
18823971.0,2 AV/E 78 ST,27
18824754.0,CONEY ISLAND AV/AVENUE T,159
18657204.0,MALCOLM X BLVD/PUTNAM AV,79
18662619.0,PROSPECT PARK SOUTHWEST/10 AV,209
18668322.0,NEW YORK AV/LINDEN BLVD,144
18962916.0,253 ST/149 AV,229
18836532.0,CROPSEY AV/BAY 25 ST,381
18838040.0,MANHATTAN AV/GREENPOINT AV,185
18858192.0,FRESH POND RD/70 AV,293
18970683.0,SCHAEFER ST/EVERGREEN AV,178
18971993.0,MADISON AV/E 111 ST,219
18989137.0,BERGEN ST/NEVINS ST,30
18872610.0,AMSTERDAM AV/W 143 ST,137
18873598.0,3 AV/E 37 ST,122
18873930.0,3 AV/E 39 ST,86
18993091.0,18 AV/66 ST,101
19138221.0,9 AV/W 23 ST,203
19138867.0,BROADWAY/W 92 ST,135
18993398.0,LINDEN BLVD/SUTPHIN BLVD,793
18874640.0,2 AV/E 78 ST,222
18877417.0,SAINT NICHOLAS AV/W 153 ST,118
19330704.0,AMSTERDAM AV/W 123 ST,70
19001879.0,GRAHAM AV/DRIGGS AV,150
19028078.0,SUTTER AV/ATKINS AV,141
19164049.0,3 AV/E 99 ST,95
19360685.0,BOWERY/KENMARE ST,68
19179863.0,JAMAICA AV/SCHENCK AV,79
19179961.0,JAMAICA AV/SCHENCK AV,145
19057060.0,FLATBUSH AV/E 35 ST,198
19068933.0,W 86 ST/CENTRAL PK WEST,266
19069305.0,SAINT JOHNS PL/WASHINGTON AV,145
19200270.0,86 ST/19 AV,104
19379952.0,2 AV/E 12 ST,132
19382819.0,2 AV/E 75 ST,165
19081472.0,BEDFORD AV/N 9 ST,213
19222766.0,AMSTERDAM AV/W 140 ST,196
19226980.0,HALSEY ST/TOMPKINS AV,180
19227693.0,WILSON AV/JEFFERSON ST,120
19387694.0,SMITH ST/DOUGLASS ST,74
19401219.0,TOMPKINS AV/WILLOUGHBY AV,63
19099720.0,RIVER AV/E 157 ST,256
19118963.0,2 AV/E 75 ST,82
19404654.0,5 AV/W 128 ST,109
19407992.0,BEDFORD AV/N 3 ST,66
19408914.0,3 AV/E 37 ST,78
19409299.0,3 AV/E 39 ST,130
19245930.0,JAMAICA AV/77 ST,511
19246114.0,KINGSLAND AV/HERBERT ST,216
19413230.0,7 AV SOUTH/BARROW ST,85
19413467.0,WEST END AV/W 59 ST,411
19424191.0,3 AV/E 39 ST,121
19554564.0,BROADWAY/GRANITE ST,138
19250742.0,FREDERICK DOUGLASS BLVD/W 142 ST,99
19251668.0,WYTHE AV/N 6 ST,129
19271040.0,MARCUS GARVEY BLVD/MADISON ST,118
19563107.0,3 AV/E 39 ST,115
19431893.0,101 ST/31 AV,515
19455284.0,SAINT JOHNS PL/TROY AV,38
19566557.0,PARKSIDE AV/OCEAN AV,249
19568889.0,SAINT NICHOLAS AV/W 147 ST,426
19470210.0,AMSTERDAM AV/W 72 ST,125
19278895.0,RALPH AV/DECATUR ST,76
19284253.0,5 AV/W 37 ST,9
19294842.0,NEW LOTS AV/BERRIMAN ST,133
19297780.0,SAINT NICHOLAS AV/W 145 ST,165
19583985.0,HALSEY ST/BUSHWICK AV,174
19588669.0,46 AV/158 ST,414
19590209.0,46 AV/158 ST,415
19591107.0,46 AV/158 ST,299
19314589.0,AVENUE A/E 5 ST,189
19319184.0,YORK AV/E 69 ST,5952
19326306.0,TIFFANY ST/RANDALL AV,224
19591602.0,46 AV/158 ST,210
19596021.0,83 ST/ROOSEVELT AV,728
19485668.0,LAFAYETTE AV/RICHMOND TERR,143
19505956.0,LEXINGTON AV/E 98 ST,113
19523894.0,GIFFORDS LN/LEVERETT AV,972
19528326.0,2 AV/E 25 ST,69
19530778.0,46 AV/PARSONS BLVD,324
19602390.0,MALCOLM X BLVD/DECATUR ST,211
19618401.0,MADISON ST/CLINTON ST,254
19747278.0,VAN WYCK SOUTH SERVICE RD/BUILDING 90,15212
19748553.0,21 ST/BROADWAY,899
19757672.0,LEXINGTON AV/E 37 ST,145
19894567.0,JAMAICA AV/HEMLOCK ST,80
19905347.0,E 14 ST/UNION SQUARE WEST,188
19623614.0,MERRICK BLVD/109 AV,232
19763657.0,HARRISON PL/MORGAN AV,98
19766791.0,SAINT NICHOLAS AV/W 147 ST,413
19767924.0,ALLEN ST/HESTER ST,214
19768754.0,CRESCENT ST/ETNA ST,308
19912065.0,NOSTRAND AV/AVENUE W,116
19912695.0,E 106 ST/3 AV,107
19915204.0,ASTORIA BLVD/STEINWAY ST,576
19915657.0,ASTORIA BLVD/STEINWAY ST,576
19915939.0,ASTORIA BLVD/STEINWAY ST,576
19660325.0,METROPOLITAN AV/72 DR,590
19784085.0,46 AV/158 ST,208
19786240.0,GATES AV/MARCY AV,126
19787245.0,2 AV/E 75 ST,65
19661733.0,PELHAM PKWY/MULINER AV,624
19673076.0,SMITH ST/UNION ST,240
19673107.0,VAN WYCK SOUTH SERVICE RD/BUILDING 90,15037
19673318.0,VAN WYCK SOUTH SERVICE RD/BUILDING 90,15039
19929209.0,LEXINGTON AV/E 40 ST,29
19930476.0,CENTRE ST/GRAND ST,248
19933967.0,3 AV/E 39 ST,115
19944735.0,ASTORIA BLVD/STEINWAY ST,259
19952747.0,ASTORIA BLVD/STEINWAY ST,576
19674497.0,WASHINGTON AV/PACIFIC ST,74
19801466.0,63 DR/WOODHAVEN BLVD,80
19803042.0,KINGSTON AV/BERGEN ST,83
19803208.0,KINGSTON AV/ATLANTIC AV,125
19807874.0,WYTHE AV/S 3 ST,157
19692421.0,LEXINGTON AV/E 42 ST,160
19693245.0,3 AV/E 39 ST,140
19968011.0,CENTRE ST/GRAND ST,248
19808524.0,DE KALB AV/SOUTH PORTLAND AV,68
19811816.0,PARK AV/CARLTON AV,121
19696674.0,SAINT JOHNS PL/WASHINGTON AV,105
19710276.0,VAN WYCK SOUTH SERVICE RD/BUILDING 90,15184
19710742.0,WYTHE AV/METROPOLITAN AV,212
19831458.0,W 42 ST/10 AV,231
19844482.0,WYCKOFF AV / PALMETTO ST,10
19991488.0,MALCOLM X BLVD/DE KALB AV,41
20009122.0,W 57 ST/9 AV,107
20014072.0,MORRIS PARK AV/BRONXDALE AV,617
19731551.0,W 86 ST/CENTRAL PK WEST,234
20016090.0,THROOP AV/LAFAYETTE AV,106
20017121.0,NOSTRAND AV/MYRTLE AV,249
20026248.0,VAN WYCK SOUTH SERVICE RD/BUILDING 90,15969
19853102.0,SARATOGA AV/BLAKE AV,61
19862234.0,3 AV/E 106 ST,61
19867655.0,WYTHE AV/N 9 ST,148
20092176.0,METROPOLITAN AV/71 AV,65
20119649.0,SAINT JOHNS PL/TROY AV,83
19867930.0,CITY ISLAND AV/ROCHELLE ST,136
19873282.0,ROCKAWAY AV/PACIFIC ST,16
19876096.0,ESSEX ST/RIVINGTON ST,109
19876256.0,ROCKAWAY AV/ATLANTIC AV,166
20040078.0,W 34 ST/DYER AV,274
20044329.0,EMPIRE BLVD/NEW YORK AV,227
20122197.0,10 AV/W 47 ST,71
20131833.0,W 23 ST/10 AV,216
20137576.0,YORK AV/NAVY ST,160
19888622.0,DEAN ST/SCHENECTADY AV,84
19891590.0,PROSPECT PARK WEST/PROSPECT AV,236
20149318.0,PELHAM PKWY/WHITE PLAINS RD,211
20055311.0,CASTLETON AV/DAVIS AV,96
20057450.0,39 ST/6 AV,1587
20073959.0,SAINT JOHNS PL/TROY AV,15
20151455.0,ASTORIA BLVD/STEINWAY ST,576
20163793.0,MYRTLE AV/PARK LN SOUTH,204
20171179.0,MALCOLM X BLVD/W 132 ST,103
20089288.0,CRESCENT ST/ETNA ST,115
20089645.0,JAMAICA AV/98 ST,54
20581903.0,SARATOGA AV/LIVONIA AV,252
20582991.0,3 AV/E 37 ST,63
20583325.0,3 AV/E 39 ST,109
20583769.0,SARATOGA AV/LIVONIA AV,252
20333831.0,NOSTRAND AV/PACIFIC ST,208
20337158.0,NATIONAL ST/43 AV,267
20353880.0,gowanus expwy/woodhull st,103
20356917.0,ADAM C POWELL BLVD/W 114 ST,87
20358562.0,RIVERSIDE DR/W 142 ST,117
20364240.0,DEAN ST/SCHENECTADY AV,190
20369551.0,LEWIS AV/GATES AV,181
20177584.0,KINGSLAND AV/RICHARDSON ST,218
20187779.0,JAMAICA AV/98 ST,55
20587378.0,VAN WYCK SOUTH SERVICE RD/BUILDING 90,17073
20590800.0,SAINT JOHNS PL/BUFFALO AV,243
20608954.0,QUEENS BLVD/78 AV,369
20193830.0,GREENE AV/GRAND AV,215
20202650.0,3 AV/E 37 ST,127
20202971.0,LEXINGTON AV/E 40 ST,66
20204751.0,WEST HOUSTON ST/WEST BROADWAY,219
20403568.0,NASSAU AV/HUMBOLDT ST,323
20407916.0,DIVISION AV/WYTHE AV,192
20425060.0,NOSTRAND AV/KOSCIUSKO ST,59
20209878.0,BERGEN ST/KINGSTON AV,74
20612742.0,QUEENS BLVD/UNION TPKE,181
20615932.0,GATES AV/KNICKERBOCKER AV,62
20624817.0,LEXINGTON AV/E 56 ST,65
20624900.0,BOWERY/BAYARD ST,92
20628186.0,UTICA AV/LINDEN BLVD,115
20213659.0,LINDEN BLVD/79 ST,864
20427684.0,103 ST/ROOSEVELT AV,87
20437726.0,21 ST/BROADWAY,789
20441901.0,FRANKLIN AV/WILLOUGHBY AV,243
20459818.0,MYRTLE AV/MARCY AV,162
20213973.0,ASTORIA BLVD/STEINWAY ST,576
20215323.0,SAINT NICHOLAS AV/W 142 ST,43
20636416.0,DRIGGS AV/N 7 ST,83
20651581.0,5 AV/42 ST,221
20659193.0,E 226 ST/WHITE PLAINS RD,278
20231480.0,E 98 ST/WILLMOHR ST,215
20234674.0,2 AV/E 87 ST,85
20466016.0,ROOSEVELT AV/BOWNE ST,116
20479960.0,METROPOLITAN AV/70 RD,190
20480431.0,REMSEN AV/E 51 ST,143
20480983.0,RIVER AV/E 150 ST,136
20481814.0,QUEENS BLVD/78 AV,545
20482322.0,FLATBUSH AV/OCEAN AV,19
20242938.0,SARATOGA AV/LIVONIA AV,253
20245130.0,DRIGGS AV/S 2 ST,4
20662043.0,NOSTRAND AV/SNYDER AV,188
20663721.0,BROADWAY/JEFFERSON AV,107
20663839.0,E 10 ST/AVENUE C,7
20677750.0,GRAND CONCOURSE/E 177 ST,99
20678724.0,FULTON ST/SARATOGA AV,223
20678811.0,CHURCH AV/E 42 ST,193
20257840.0,2 AV/E 84 ST,90
20267865.0,BORDEN AV/39 PL,47
20278019.0,6 AV/W 57 ST,26
20688524.0,5 AV/E 108 ST,86
20692462.0,VANDERBILT AV/WILLOUGHBY AV,165
20692563.0,E 9 ST/UNIVERSITY PL,132
20279823.0,53 DR/62 ST,731
20552326.0,MERRICK BLVD/SELOVER RD,402
20553283.0,CHURCH AV/E 48 ST,198
20305160.0,FATHER CAPODANNO BLVD/LINDA AV,706
20698477.0,1 AV/E 60 ST,57
20705026.0,46 AV/PARSONS BLVD,389
20708503.0,FORT WASHINGTON AV/W 181 ST,366
20710022.0,W 116 ST/MALCOLM X BLVD,62
20714088.0,20 AV/OPP TARGET,1271
20714171.0,9 AV/W 35 ST,44
20714517.0,FLATBUSH AV/E 48 ST,115
20325974.0,AVENUE C/E 12 ST,90
20326252.0,HOLLIS AV/198 ST,326
20786225.0,PLEASANT AV/E 117 ST,234
20720290.0,3 AV/E 86 ST,74
20723015.0,E 10 ST/AVENUE C,49
20744654.0,5 AV/GARFIELD PL,88
20572472.0,GREENE AV/VANDERBILT AV,138
20572848.0,FORT WASHINGTON AV/W 177 ST,59
20573255.0,WASHINGTON AV/DEAN ST,144
20989220.0,UNION TPKE/168 ST,634
20990053.0,LORIMER ST/MEEKER AV,2
20990607.0,LORIMER ST/FROST ST,213
20990770.0,LORIMER ST/MEEKER AV,73
20801864.0,RANDALL AV/ROSEDALE AV,269
20761404.0,10 AV/W 47 ST,39
20763209.0,BOWERY/BAYARD ST,328
20992027.0,5 AV/DOUGLASS ST,102
20999025.0,MYRTLE AV/SUYDAM ST,310
21010586.0,6 AV/WAVERLY PL,31
21013416.0,LORIMER ST/MEEKER AV,39
20815350.0,LORIMER ST/FROST ST,218
20816032.0,5 AV/E 138 ST,318
20818955.0,JAMAICA AV/98 ST,394
20770969.0,SAINT MARKS PL/AVENUE A,57
20772650.0,1 AV/E 60 ST,57
21203987.0,CLASSON AV/WILLOUGHBY AV,153
21205650.0,E 42 ST/LEXINGTON AV,190
21205810.0,3 AV/E 39 ST,80
20827801.0,UTICA AV/PROSPECT PL,124
21015347.0,PENNSYLVANIA AV/LINDEN BLVD,204
21025488.0,ATLANTIC AV/100 ST,618
21027809.0,ROGERS AV/FENIMORE ST,79
20833958.0,UTICA AV/PROSPECT PL,124
20835909.0,41 RD/MAIN ST,34
21034242.0,9 AV/W 52 ST,53
21038703.0,BROADWAY/W 181 ST,85
21205891.0,3 AV/E 39 ST,86
21206002.0,LEXINGTON AV/E 40 ST,128
21213799.0,SAINT NICHOLAS AV/W 142 ST,223
21216288.0,SENECA AV/STOCKHOLM ST,106
21217074.0,ADAM C POWELL BLVD/W 119 ST,223
21223569.0,YORK AV/E 72 ST,5757
20844580.0,BROADWAY/HOOPER ST,266
20845031.0,LEXINGTON AV/E 34 ST,49
20849101.0,NEREID AV/MONTICELLO AV,234
20857108.0,LEXINGTON AV/E 42 ST,78
21230082.0,3 AV/E 60 ST,98
21230233.0,CHURCH AV/E 96 ST,104
21230688.0,MALCOLM X BLVD/W 122 ST,101
21239885.0,SAINT NICHOLAS AV/W 124 ST,62
21245112.0,11 ST/45 AV,31
21066611.0,NEREID AV/MONTICELLO AV,457
21073975.0,LEXINGTON AV/E 37 ST,81
21076625.0,ADAM C POWELL BLVD/W 119 ST,68
21080763.0,3 AV/E 29 ST,148
21090094.0,EASTCHESTER RD/ALLERTON AV,170
21091355.0,1 AV/E 60 ST,387
20857788.0,LEXINGTON AV/E 40 ST,40
20862285.0,ELIOT AV/80 ST,493
20886432.0,GREENPOINT AV/47 ST,899
21098555.0,3 AV/E 39 ST,113
21098717.0,3 AV/E 37 ST,64
21098848.0,LEXINGTON AV/E 40 ST,74
21098980.0,LEXINGTON AV/E 40 ST,63
21247657.0,VANDERBILT AV/MYRTLE AV,24
21262243.0,COOPER ST/CENTRAL AV,110
20897952.0,COLUMBUS AV/W 80 ST,55
20912594.0,9 AV/W 44 ST,62
21110709.0,30 AV/21 ST,544
21118834.0,MAIN ST/MAPLE AV,126
21121438.0,V A HOSPITAL,1113
20914711.0,DE KALB AV/RYERSON AV,222
20916679.0,DE KALB AV/RYERSON AV,738
20917909.0,KINGSLAND AV/MASPETH AV,6
21148292.0,3 AV/E 75 ST,113
21264903.0,ADAM C POWELL BLVD/W 119 ST,117
21273425.0,LAUREL HILL BLVD/58 ST,460
21274308.0,3 AV/10 ST,187
21275075.0,EAST HOUSTON ST/MOTT ST,195
20933293.0,21 ST/30 AV,617
20933850.0,SAINT NICHOLAS AV/W 144 ST,58
20934059.0,5 AV/18 ST,132
20935388.0,AVENUE C/E 6 ST,195
21161561.0,3 AV/E 75 ST,96
21161707.0,E 14 ST/AVENUE B,232
21173134.0,9 AV/W 34 ST,90
21175036.0,CHURCH AV/RUGBY RD,580
21182937.0,LAUREL HILL BLVD/58 ST,791
21280280.0,KISSENA BLVD/45 AV,450
21282152.0,PALMETTO ST/SAINT NICHOLAS AV,161
21293326.0,EAST HOUSTON ST/RIDGE ST,120
21295951.0,EMPIRE BLVD/NEW YORK AV,134
20942352.0,HOYT AV/31 ST,1163
20942873.0,W 57 ST/9 AV,81
20951141.0,ADAM C POWELL BLVD/W 112 ST,89
20960203.0,VANDERBILT AV/PARK AV,166
21192158.0,LEXINGTON AV/E 40 ST,63
21192284.0,3 AV/E 39 ST,115
21192364.0,3 AV/E 39 ST,115
21192430.0,3 AV/E 37 ST,117
21366948.0,COLUMBUS AV/W 86 ST,117
20969532.0,GREENPOINT AV/42 ST,375
21296642.0,2 AV/E 12 ST,75
21311240.0,s 4 st/havemeyer st,98
20970380.0,COOPER ST/CENTRAL AV,140
20970822.0,CHURCH AV/E 94 ST,55
21327397.0,103 ST/ROOSEVELT AV,209
21589780.0,NOSTRAND AV/LAFAYETTE AV,51
21593310.0,DITMARS BLVD/102 ST,417
21378053.0,LEXINGTON AV/E 40 ST,105
21383288.0,ROCKAWAY AV/DEAN ST,147
21398486.0,BROOKLYN AV/FULTON ST,88
21595000.0,KENT AV/METROPOLITAN AV,67
21596559.0,LINDEN PL/35 AV,154
21354525.0,COURT ST/ATLANTIC AV,118
21405904.0,RANDALL AV/TAYLOR AV,45
21410794.0,5 AV/E 138 ST,519
21411274.0,E 86 ST/2 AV,55
21413190.0,WEST END AV/W 59 ST,82
21421657.0,AVENUE A/E 5 ST,189
21618858.0,WILSON AV/GEORGE ST,156
21619569.0,MERRICK BLVD/BAISLEY BLVD,528
21620762.0,MADISON AV/E 98 ST,147
21427369.0,GREENE AV/GRAND AV,16
21745569.0,UTICA AV/TILDEN AV,218
21750219.0,LEXINGTON AV/E 104 ST,63
21752880.0,GRAHAM AV/ENGERT AV,167
21621926.0,LAUREL HILL BLVD/58 ST,1247
21623610.0,VICTORY BLVD/CEBRA AV,116
21458689.0,HOLLIS AV/217 PL,204
21461282.0,GRAND CONCOURSE/E 165 ST,97
21635603.0,W 43 ST/8 AV,325
21642995.0,NASSAU AV/MONITOR ST,181
21755710.0,ROCKAWAY AV/EAST NEW YORK AV,252
21765318.0,NASSAU AV/HUMBOLDT ST,238
21643550.0,HAMPTON ST/BAXTER AV,484
21477500.0,SUTTER AV/VERMONT ST,202
21483857.0,2 AV/E 64 ST,49
21485026.0,DECATUR ST/KNICKERBOCKER AV,166
21644783.0,GATES AV/CENTRAL AV,169
21646774.0,LGA/TERMINAL B,752
21647932.0,LAUREL HILL BLVD/58 ST,1288
21769638.0,NOSTRAND AV/WILLOUGHBY AV,83
21771006.0,SMITH ST/2 ST,416
21774455.0,E 34 ST/1 AV,158
21778446.0,BRONX STATE/BUS SHELTER,66
21496794.0,EMPIRE BLVD/NOSTRAND AV,291
21501622.0,THOMAS S BOYLAND ST/ATLANTIC AV,41
21505197.0,OLD FULTON ST/HICKS ST,414
21664533.0,RALPH AV/EASTERN PKWY,129
21665632.0,6 AV/WEST BROADWAY,198
21676677.0,GREENPOINT AV/47 ST,569
21783251.0,COOPER SQ/E 6 ST,95
21786958.0,SAINT JOHNS PL/ALBANY AV,150
21524489.0,ROEBLING ST/GRAND ST,141
21541423.0,82 ST/ROOSEVELT AV,263
21549554.0,HAMPTON ST/BRITTON AV,279
21689998.0,BROADWAY/WALKER ST,49
21694908.0,BROOKLYN AV/ATLANTIC AV,73
21551817.0,SARATOGA AV/SAINT MARKS AV,98
21551829.0,WYCKOFF AV/JEFFERSON AV,103
21563187.0,SANFORD AV/MURRAY ST,134
21802923.0,WYCKOFF AV/STANHOPE ST,290
21804600.0,NEW LOTS AV/VERMONT ST,98
21809773.0,CONEY ISLAND AV/SLOCUM PL,261
21813491.0,AVENUE C/E 3 ST,161
21815074.0,BOSTON RD/E 168 ST,160
21709727.0,5 AV/W 130 ST,77
21568341.0,HORACE HARDING EXPWY/160 ST,439
21570741.0,10 AV/W 207 ST,59
21577526.0,CATON AV/E 16 ST,113
21577856.0,5 AV/5 ST,134
21583199.0,MADISON AV/E 107 ST,145
21862155.0,SAINT NICHOLAS AV/W 137 ST,147
21817889.0,TROY AV/EMPIRE BLVD,289
21818110.0,SANFORD AV/MURRAY ST,183
21822611.0,MADISON ST/PIKE ST,63
21714930.0,KISSENA BLVD/45 AV,252
21715410.0,41 AV/PARSONS BLVD,167
21836754.0,LAFAYETTE AV/MARCUS GARVEY BLVD,188
21838230.0,ASTORIA BLVD/STEINWAY ST,1998
21728670.0,BEDFORD AV/N 8 ST,154
21732716.0,PROSPECT PARK WEST/PROSPECT AV,132
21869057.0,LORIMER ST/NASSAU AV,289
21877805.0,SUTTER AV/WARWICK ST,186
21878080.0,LEXINGTON AV/E 40 ST,69
21839021.0,HALSEY ST/BUSHWICK AV,185
21850834.0,VAN WYCK SOUTH SERVICE RD/BUILDING 90,16909
21851228.0,E 49 ST/LEXINGTON AV,221
21989166.0,NOSTRAND AV/TILDEN AV,141
21882095.0,NEW YORK AV/BEVERLY RD,153
21893129.0,3 AV/E 37 ST,110
21996542.0,E 10 ST/AVENUE B,283
21852332.0,W 230 ST/TIBETT AV,380
21852759.0,10 AV/W 47 ST,214
21853347.0,SAINT NICHOLAS AV/W 124 ST,94
21854495.0,WEST HOUSTON ST/SULLIVAN ST,128
21897846.0,METROPOLITAN AV/N 5 ST,177
21899575.0,BRIGHTON BEACH AV/BRIGHTON 3 ST,233
21901025.0,WESTERVELT AV/CRESCENT AV,78
21908184.0,3 AV/E 37 ST,28
22142575.0,LORIMER ST/TEN EYCK ST,69
22142636.0,1 AV/E 113 ST,92
22148073.0,49 ST/10 AV,344
22151092.0,39 ST/9 AV,466
21931508.0,SAINT NICHOLAS AV/W 130 ST,375
22020298.0,HALSEY ST/BUSHWICK AV,62
22020696.0,LEXINGTON AV/E 28 ST,116
22026830.0,5 AV/14 ST,185
22028307.0,7 AV/3 ST,188
21934873.0,3 AV/E 39 ST,115
22050355.0,ASTORIA BLVD SOUTH/STEINWAY ST,988
22173625.0,SUTTER AV/MILFORD ST,132
22176062.0,8 AV/44 ST,419
21946495.0,METROPOLITAN AV/RODNEY ST,107
21949305.0,PUTNAM AV/NOSTRAND AV,145
21950963.0,9 AV/W 52 ST,100
21956264.0,150 AV/148 ST,1926
22187361.0,W 9 ST/AVENUE OF THE AMERICAS,88
22078463.0,METROPOLITAN AV/UNION AV,61
21970487.0,NOSTRAND AV/WILLOUGHBY AV,26
22082903.0,ADAM C POWELL BLVD/W 121 ST,72
22087030.0,3 AV/E 31 ST,53
21982333.0,NEW LOTS AV/BRADFORD ST,316
22276159.0,WESTERVELT AV/CRESCENT AV,88
22276602.0,FLUSHING AV/BUSHWICK AV,472
22088301.0,GRAHAM AV/GRAND ST,46
22096182.0,FOSTER AV/CONEY ISLAND AV,254
22224639.0,HOLLIS AV/201 ST,453
22229755.0,MYRTLE AV/STOCKHOLM ST,579
22231811.0,W 135 ST/ADAM C POWELL BLVD,51
22100970.0,2 AV/E 28 ST,75
22101034.0,120 AV/195 ST,68
22282513.0,LAFAYETTE AV/STUYVESANT AV,186
22289185.0,LEXINGTON AV/E 28 ST,148
22245492.0,PARK AV/CARLTON AV,78
22109870.0,QUEENS MIDTOWN EXPY / 43RD ST,258
22119195.0,HALSEY ST/BROADWAY,67
22251884.0,WORTH ST/CHURCH ST,214
22409448.0,FREDERICK DOUGLASS BLVD/W 119 ST,61
22321716.0,82 ST/ROOSEVELT AV,1430
22699847.0,TOMPKINS AV/WILLOUGHBY AV,12
22431770.0,PARK AV SOUTH/E 23 ST,19
22435019.0,MALCOLM X BLVD/W 122 ST,61
22340384.0,NEW LOTS AV/VAN SINDEREN AV,402
22341716.0,CHURCH AV/RUGBY RD,664
22342911.0,3 AV/E 17 ST,130
22705115.0,FLATLANDS AV/E 94 ST,114
22705822.0,5 AV/W 128 ST,166
22436287.0,FULTON ST/GRAND  AV,130
22440046.0,AVENUE C/E 3 ST,98
22445948.0,LINDEN BLVD/VAN WYCK EXPWY,204
22445969.0,LEXINGTON AV/E 40 ST,201
22448487.0,MALCOLM X BLVD/BAINBRIDGE ST,172
22343909.0,MYRTLE AV/MARCY AV,29
22344483.0,LORIMER ST/NASSAU AV,75
22346131.0,21 ST/35 AV,878
22354598.0,3 AV/E 39 ST,115
22750988.0,3 AV/E 17 ST,130
22751177.0,3 AV/E 17 ST,130
22751906.0,FULTON ST/TROY AV,133
22450143.0,COOPER ST/CENTRAL AV,135
22450373.0,CASTLETON AV/NORTH BURGHER AV,106
22452278.0,COURT ST/SACKETT ST,104
22452728.0,ASTORIA BLVD/STEINWAY ST,826
22463977.0,FLATBUSH AV/STERLING PL,266
22766296.0,2 AV/E 25 ST,154
22363371.0,LINDEN BLVD/GUY R BREWER BL,186
22370339.0,FOSTER AV/E 16 ST,145
22772191.0,3 AV/E 17 ST,130
22465327.0,HALSEY ST/BUSHWICK AV,255
22480209.0,EAST NEW YORK AV/E 94 ST,345
22485658.0,NOSTRAND AV/GREENE AV,114
22772570.0,3 AV/E 17 ST,130
22772691.0,WEBSTER AV/EAST MOSHOLU PKWY NORTH,183
22785118.0,THROOP AV/JEFFERSON AV,51
22376093.0,KINGSLAND AV/MASPETH AV,329
22381052.0,ASTORIA BLVD NORTH/77 ST,528
22385672.0,RODNEY ST/AINSLIE ST,182
22389035.0,GREENPOINT AV/HUNTERS POINT AV,170
22793472.0,WASHINGTON AV/PROSPECT PL,389
22514608.0,SAINT NICHOLAS AV/W 151 ST,86
22515792.0,GATES AV/PATCHEN AV,268
22530764.0,CHURCH AV/E 38 ST,253
22531031.0,CHURCH AV/BROOKLYN AV,173
22797978.0,LEXINGTON AV/E 37 ST,153
22396932.0,GREENPOINT AV/39 ST,38
22401504.0,SUTTER AV/MONTAUK AV,475
22972832.0,ROOSEVELT AV/COLLEGE POINT BLVD,67
22567430.0,AVENUE D/E 40 ST,207
22851242.0,E 116 ST/MADISON AV,83
22852435.0,AVENUE D/E 39 ST,238
22980907.0,CHURCH AV/E 7 ST,349
22987769.0,11 AV/W 50 ST,41
22998748.0,2 AV/E 28 ST,102
22862877.0,AVENUE J/E 15 ST,112
22574255.0,CONEY ISLAND AV/CORTELYOU RD,191
22582841.0,BROADWAY/ARION PL,133
22588755.0,MESEROLE ST/MANHATTAN AV,291
22601249.0,21 ST/38 AV,400
22878715.0,BEDFORD AV/WINTHROP ST,86
22881110.0,COLUMBUS AV/W 89 ST,102
23002904.0,2 AV/E 84 ST,125
23004107.0,WILSON AV/DE KALB AV,128
23021271.0,HAMPTON ST/BAXTER AV,316
22609277.0,GREENPOINT AV/47 ST,614
22663674.0,BROADWAY/W 77 ST,94
22944348.0,10 AV/W 53 ST,139
23027784.0,LEXINGTON AV/E 62 ST,81
23034152.0,AMSTERDAM AV/W 83 ST,144
23040115.0,NOSTRAND AV/GREENE AV,165
23045873.0,SARATOGA AV/ATLANTIC AV,178
23052180.0,BROADWAY/SCHAEFFER ST,73
22951923.0,NOSTRAND AV/LAFAYETTE AV,117
22961758.0,OCEAN AV/AVENUE S,130
22964396.0,BEDFORD AV/LINDEN BLVD,59
22683699.0,BROADWAY/W 149 ST,149
23219361.0,OLYMPIA BLVD/KENSINGTON ST,232
23222680.0,E 57 ST/MADISON AV,126
23224129.0,E 167 ST/RIVER AV,300
23230395.0,82 ST/ROOSEVELT AV,408
23235101.0,LEWIS AV/GATES AV,81
23052964.0,THOMAS S BOYLAND ST/MACDONOUGH ST,64
23054855.0,KINGSLAND AV/SKILLMAN AV,75
23056508.0,AVENUE C/E 10 ST,85
23059611.0,YORK ST/GOLD ST,197
23060192.0,KINGSTON AV/PROSPECT PL,232
23060916.0,BROADWAY/GRANITE ST,105
23579705.0,E 86 ST/2 AV,15
23586315.0,YORK AV/E 63 ST,6006
23271535.0,GRAND ST/UNION AV,151
23273907.0,CROPSEY AV/BAY 8 ST,217
23275777.0,HORACE HARDING EXPWY/QUEENS BLVD,294
23277230.0,MADISON AV/E 63 ST,208
23593842.0,HYLAN BLVD/DONLEY AV,106
23597076.0,BRONXWOOD AV/BURKE AV,152
23061804.0,2 AV/E 17 ST,87
23074259.0,CHURCH AV/E 93 ST,79
23074722.0,CHURCH AV/E 93 ST,79
23598012.0,BROADWAY/W 138 ST,88
23606804.0,FULTON ST/ROCKAWAY AV,43
23088777.0,GATES AV/STUYVESANT AV,202
23092823.0,GRAND CONCOURSE/E 156 ST,747
23301706.0,CROPSEY AV/BAY 8 ST,217
23304812.0,LEXINGTON AV/E 83 ST,170
23322737.0,BROADWAY/W 160 ST,69
23340718.0,HALSEY ST/BUSHWICK AV,35
23344243.0,8 AV/W 17 ST,192
23355382.0,E 57 ST/LEXINGTON AV,36
23357738.0,3 AV/E 11 ST,108
23105764.0,94 ST/23 AV,304
23109329.0,DE KALB AV/WASHINGTON AV,124
23116453.0,WEST FARMS RD/LONGFELLOW AV,112
23128067.0,FLUSHING AV/MELROSE ST,376
23130144.0,2 AV/E 89 ST,106
23631288.0,EAST HOUSTON ST/CLINTON ST,151
23650568.0,BELL BLVD/41 AV,72
23651443.0,FLATBUSH AV/CHESTER CT,57
23656206.0,ROGERS AV/LINCOLN PL,92
23139647.0,BOSTON RD/HOLLAND AV,274
23147808.0,ASTORIA BLVD SOUTH/STEINWAY ST,790
23170592.0,FLUSHING AV/61 ST,74
23661533.0,MERRICK BLVD/107 AV,514
23369991.0,ADAM C POWELL BLVD/W 141 ST,54
23376196.0,HALSEY ST/MALCOLM X BLVD,75
23667332.0,KINGSTON AV/MONTGOMERY ST,139
23184752.0,DE KALB AV/CLASSON AV,4
23202549.0,LEXINGTON AV/E 31 ST,151
23208314.0,GRAND CONCOURSE/E 206 ST,250
23683924.0,MADISON ST/CATHERINE ST,116
23692933.0,WEST HOUSTON ST/VARICK ST,176
23393043.0,SUTTER AV/ATKINS AV,223
23413509.0,BROADWAY/CHAUNCEY ST,233
23416448.0,TOMPKINS AV/DEKALB AV,153
23432542.0,LEXINGTON AV/E 62 ST,81
23712143.0,MELROSE AV/E 158 ST,130
23435916.0,19 ST/8 AV,51
23437788.0,LEXINGTON AV/E 62 ST,81
23438247.0,JOHNSON AV/BUSHWICK AV,325
23840461.0,SAINT NICHOLAS AV/W 145 ST,292
23841481.0,BEDFORD AV/BROADWAY,96
23842721.0,BROOKLYN AV/FULTON ST,77
23844034.0,GRAND AV/GOLDSMITH ST,77
23718065.0,GREENPOINT AV/47 ST,1639
23726935.0,FLATBUSH AV/DORCHESTER RD,249
23727037.0,AVENUE D/E 48 ST,69
23727923.0,GREENPOINT AV/46 ST,1819
23451337.0,1 AV/E 57 ST,161
23454165.0,FORT WASHINGTON AV/W 179 ST,315
23456621.0,BEDELL ST/BAISLEY BLVD,1350
23469535.0,WILLIAMSBRIDGE RD/EASTCHESTER RD,99
23728057.0,THOMAS S BOYLAND ST/DEAN ST,135
23728069.0,CONEY ISLAND AV/SLOCUM PL,717
23874196.0,HOYT AV SOUTH/31 ST,1422
23901779.0,3 AV/E 91 ST,98
23747567.0,8 AV/W 46 ST,174
23747957.0,MADISON AV/E 116 ST,117
23756498.0,ROGERS AV/AVENUE D,158
23476922.0,MARCUS GARVEY BLVD/MADISON ST,165
23481234.0,83 ST/ROOSEVELT AV,1168
23485307.0,WATER ST/HANOVER SQ,121
23489726.0,THOMAS S BOYLAND ST/MACDONOUGH ST,43
23509707.0,ATLANTIC AV/WYONA ST,62
23536265.0,1 AV/E 93 ST,124
23538486.0,LEXINGTON AV/E 37 ST,163
23760365.0,BEDFORD AV/HANCOCK ST,94
23763367.0,30 AV/21 ST,440
23923562.0,10 AV/W 47 ST,74
23924234.0,CONEY ISLAND AV/AVENUE H,255
23958542.0,ROCKAWAY PKWY/AVENUE K,418
23964830.0,MADISON AV/E 98 ST,165
23768711.0,ROOSEVELT AV/PRINCE ST,115
23769218.0,41 RD/COLLEGE POINT BLVD,133
23772767.0,LORIMER ST/BAYARD ST,94
23780896.0,82 ST/ROOSEVELT AV,888
23784779.0,PARK ROW/WORTH ST,118
23565676.0,41 RD/COLLEGE POINT BLVD,199
23572577.0,WILSON AV/PUTNAM AV,228
23785875.0,BROADWAY/W 187 ST,84
24016962.0,WEST END AV/OCEAN VIEW AV,97
24017521.0,3 AV/E 118 ST,332
24022894.0,KINGSLAND AV/WITHERS ST,181
24024721.0,BEDELL ST/BAISLEY BLVD,1350
23792656.0,NOSTRAND AV/MAPLE ST,93
23799904.0,41 AV/PARSONS BLVD,166
23809758.0,DE KALB AV/KNICKERBOCKER AV,72
23810398.0,FULTON ST/NOSTRAND AV,88
24057278.0,ROOSEVELT AV/PRINCE ST,111
24057583.0,VAN DUZER ST/OAKLAND TERR,25
24059751.0,PARSONS BLVD/ELM AV,354
24607378.0,VAN WYCK SOUTH SERVICE RD/BUILDING 90,14994
24607763.0,AVENUE N/E 3 ST,479
24260247.0,FLATBUSH AV/BEVERLY RD,396
24267706.0,ROCKAWAY AV/CHAUNCEY ST,108
24269196.0,NEW YORK AV/FARRAGUT RD,206
24282118.0,WATER ST/GOUVERNEUR LN,67
24288869.0,MADISON ST/CYPRESS AV,43
24611661.0,ADAM C POWELL BLVD/W 140 ST,82
24626621.0,BEDFORD AV/PROSPECT PL,116
24083125.0,3 AV/E 20 ST,87
24115562.0,EASTCHESTER RD/EAST GUN HILL RD,228
24632516.0,DE KALB AV/IRVING AV,253
24633702.0,OCEAN AV/AVENUE N,243
24312253.0,COLUMBUS AV/W 106 ST,157
24312535.0,COLUMBUS AV/W 106 ST,158
24331953.0,COLUMBUS AV/W 78 ST,118
24336268.0,2 AV/E 17 ST,100
24350254.0,W 10 ST/GREENWICH ST,46
24644837.0,THOMAS S BOYLAND ST/MACDONOUGH ST,66
24136172.0,GRAND ST/GRAHAM AV,92
24136557.0,2 AV/E 3 ST,72
24137869.0,ADAM C POWELL BLVD/W 122 ST,83
24657328.0,LEXINGTON AV/E 53 ST,113
24677926.0,1 AV/E 1 ST,210
24351719.0,EAST HOUSTON ST/AV B,123
24352967.0,ALBANY AV/CLARKSON AV,86
24366897.0,BROADWAY/W 204 ST,294
24369857.0,MYRTLE AV/MARCY AV,226
24370001.0,MALCOLM X BLVD/W 122 ST,81
24692025.0,GREENPOINT AV/47 ST,495
24162261.0,104 ST/ROOSEVELT AV,898
24177410.0,GATES AV/STUYVESANT AV,290
24178083.0,5 AV/18 ST,30
24699045.0,ASTORIA BLVD SOUTH/STEINWAY ST,864
24375566.0,ASTORIA BLVD/STEINWAY ST,1375
24376374.0,E 10 ST/AVENUE C,195
24398725.0,MADISON AV/E 34 ST,73
24699301.0,HILLSIDE AV/179 ST,438
24699891.0,21 ST/30 AV,362
24700123.0,21 ST/30 AV,554
24181763.0,ATLANTIC AV/LOGAN ST,419
24186775.0,FULTON ST/HOWARD AV,234
24200751.0,SENECA AV/BLEECKER ST,212
24206044.0,W 145 ST/AMSTERDAM AV,52
24438437.0,MYRTLE AV/SENECA AV,62
24438564.0,PUTNAM AV/ONDERDONK AV,79
24468390.0,77 ST/RIDGE BLVD,345
24473230.0,CONEY ISLAND AV/CHURCH AV,23
24473713.0,2 AV/E 20 ST,114
24736896.0,PIKE ST/SOUTH  ST,134
24910361.0,GERRITSEN AV/GERRITSEN BEACH,11789
24912129.0,BEDFORD AV/N 12 ST,102
24920771.0,SANFORD AV/MURRAY ST,306
24921526.0,LINDEN BLVD/SUTPHIN BLVD,1220
24493475.0,BAY PKWY/BAY RIDGE AV,361
24497080.0,1 AV/MITCHELL PL,198
24497152.0,1 AV/MITCHELL PL,198
24497202.0,LEXINGTON AV/E 34 ST,85
24757612.0,W 135 ST/ADAM C POWELL BLVD,198
24758664.0,WILSON AV/SUYDAM ST,131
24515198.0,GREENPOINT AV/46 ST,479
24535218.0,MURRAY ST/WEST BROADWAY,96
24540842.0,W 57 ST/6 AV,168
24943768.0,LEXINGTON AV/E 40 ST,176
24945253.0,VAN WYCK SOUTH SERVICE RD/BUILDING 90,16884
24948017.0,ADAM C POWELL BLVD/W 140 ST,15
24799807.0,3 AV/E 37 ST,119
24805249.0,METROPOLITAN AV/RODNEY ST,301
24806110.0,BRIGHTON BEACH AV/BRIGHTON 5 ST,114
24541153.0,BRIGHTON BEACH AV/CORBIN PL,110
24572398.0,YORK ST/JAY ST,264
24580806.0,FORT WASHINGTON AV/W 181 ST,399
24580943.0,FORT WASHINGTON AV/W 183 ST,371
24960138.0,BROADWAY/THOMAS ST,99
24961967.0,FLATLANDS AV/E 94 ST,148
24968131.0,BORDEN AV/39 PL,204
24970982.0,COURT ST/PRESIDENT ST,363
24816051.0,LENOX RD/E 95 ST,266
24821651.0,ALLERTON AV/LACONIA AV,282
24823404.0,46 AV/PARSONS BLVD,360
24833279.0,150 AV/148 ST,1328
24834058.0,150 AV/148 ST,1439
24836464.0,BEDELL ST/127 AV,1202
24596989.0,WATER ST/HANOVER SQ,263
24599452.0,HOLLIS AV/201 ST,235
24604281.0,ADAM C POWELL BLVD/W 137 ST,75
25188424.0,FULTON ST/NOSTRAND AV,164
24845719.0,ROEBLING ST/GRAND ST,62
24973698.0,ASTORIA BLVD NORTH/77 ST,110
24987685.0,120 AV/196 ST,211
24990534.0,ROGERS AV/ST MARKS AV,80
24992683.0,GRAND ST/BUSHWICK AV,23
24992835.0,W 49 ST/9 AV,96
24993470.0,VAN WYCK SOUTH SERVICE RD/BUILDING 90,15033
24853936.0,BEDELL ST/BAISLEY BLVD,1285
24856606.0,BEDELL ST/BAISLEY BLVD,1281
25193004.0,CHURCH AV/OCEAN AV,179
25232008.0,W 57 ST/5 AV,184
25234732.0,1 AV/E 82 ST,104
25235760.0,30 AV/21 ST,354
24866378.0,WOODRUFF AV/OCEAN AV,156
24889024.0,MYRTLE AV/VANDERBILT AV,32
24891549.0,DE KALB AV/TOMPKINS AV,212
24893756.0,23 AV/87 ST,1104
24996332.0,102 ST/NORTHERN BLVD,383
25007110.0,LINDEN BLVD/SUTPHIN BLVD,1290
25031840.0,E 14 ST/3 AV,100
25033659.0,SUTTER AV/MILFORD ST,39
24907920.0,7 AV SOUTH/WAVERLY PL,126
25251220.0,W 86 ST/CENTRAL PK WEST,270
25255024.0,ALLERTON AV/WESTERVELT AV,254
25257884.0,BROADWAY/LA SALLE ST,74
25274961.0,ASTORIA BLVD SOUTH/77 ST,1890
25277702.0,SUTTON PL/SUTTON SQ,136
25587778.0,82 ST/ROOSEVELT AV,1263
25071113.0,SAINT MARKS PL/AVENUE A,49
25071168.0,7 AV/GARFIELD PL,214
25082817.0,OCEAN AV/AVENUE V,81
25619849.0,E 10 ST/AVENUE D,142
25294851.0,HALSEY ST/BUSHWICK AV,93
25296394.0,PELHAM PKWY/ST PAUL AV,155
25313204.0,TOMPKINS AV/DEKALB AV,127
25317793.0,48 AV/38 ST,216
25626152.0,CHURCH AV/E 42 ST,246
25669472.0,SPRINGFIELD BLVD/93 AV,159
25108878.0,BROADWAY/GRANITE ST,191
25112819.0,SAINT NICHOLAS AV/W 153 ST,96
25125914.0,PUTNAM AV/CLASSON AV,124
25132414.0,THROOP AV/MADISON ST,95
25134311.0,E 96 ST/2 AV,66
25134894.0,WORTH ST/MOTT ST,321
25678522.0,CHRISTOPHER ST/BLEECKER ST,67
25689024.0,AVENUE D/SCHENECTADY AV,59
25319136.0,WEST HOUSTON ST/LAGUARDIA PL,106
25321050.0,JAMAICA AV/LOGAN ST,356
25340524.0,PARK AV SOUTH/E 18 ST,103
25346963.0,5 AV/E 80 ST,77
25734018.0,7 AV/STERLING PL,142
25765042.0,gates av/myrtle st,251
25137887.0,VAN WYCK SOUTH SERVICE RD/BUILDING 90,16735
25138149.0,2 AV/E 113 ST,98
25140559.0,21 ST/30 AV,357
25140787.0,21 ST/30 AV,548
25141552.0,CONEY ISLAND AV/AVENUE H,156
25771285.0,FREDERICK DOUGLASS BLVD/W 154 ST,196
25781295.0,BROOKLYN-QUEENS EXPWY/47 ST,83
25350875.0,BROADWAY/HALSEY ST,153
25369739.0,3 AV/12 ST,171
25371790.0,VAN BRUNT ST/VERONA ST,227
25781535.0,BROOKLYN-QUEENS EXPWY/47 ST,101
25782818.0,GREENWICH ST/HORATIO ST,217
25784618.0,SAINT ANN'S AV/E 146 ST,369
25163519.0,E 116 ST/PLEASANT AV,369
25182363.0,LORIMER ST/BAYARD ST,58
25187576.0,n conduit av/cohancy st,987
25802121.0,8 AV/W  56 ST,58
25807815.0,SAINT NICHOLAS AV/W 141 ST,65
25425106.0,BUFFALO AV/PARK PL,120
25443451.0,WORTH ST/CHURCH ST,282
25456714.0,ESSEX ST/DELANCEY ST,313
25458237.0,NOSTRAND AV/SAINT JOHNS PL,52
25475944.0,PROSPECT AV/KELLY ST,182
25812079.0,UTICA AV/SNYDER AV,152
25812700.0,SARATOGA AV/BAINBRIDGE ST,184
25813796.0,SARATOGA AV/BLAKE AV,85
25823670.0,3 AV/E 82 ST,89
26010424.0,BROADWAY/ISHAM ST,45
26013177.0,ROCKAWAY PKWY/AVENUE L,311
26026904.0,39 ST/4 AV,212
26038825.0,AMSTERDAM AV/W 140 ST,206
25476838.0,RIVERDALE AV/W 256 ST,763
25486302.0,LEXINGTON AV/E 34 ST,85
25489369.0,7 AV SOUTH/BEDFORD ST,165
25842433.0,HAMPTON ST/BRITTON AV,281
26040453.0,FULTON ST/NOSTRAND AV,160
26043558.0,GATES AV/STUYVESANT AV,173
26055709.0,UTICA AV/EASTERN PKWY,157
26058634.0,W 23 ST/7 AV,114
26063230.0,BEDFORD AV/AVENUE D,70
26064779.0,MARCUS GARVEY BLVD/JEFFERSON AV,65
25885278.0,LAFAYETTE AV/HUTCHINSON RIVER PKWY,426
25502145.0,7 AV/6 ST,207
25503835.0,FLATLANDS AV/ E 103 ST,171
25506725.0,E 9 ST/1 AV,59
25518572.0,AVENUE J/E 16 ST,85
25904988.0,HALSEY ST/PATCHEN AV,214
26074006.0,MALCOLM X BLVD/W 129 ST,86
26110466.0,BEDELL ST/BAISLEY BLVD,1294
25519328.0,MALCOLM X BLVD/W 127 ST,46
25537456.0,LEXINGTON AV/E 62 ST,81
25543393.0,JOHNSON AV/WHITE ST,448
25909161.0,YORK AV/E 74 ST,115
25917853.0,BEDFORD AV/LEFFERTS AV,189
26127981.0,11 AV/W 42 ST,48
26131606.0,LEXINGTON AV/E 40 ST,104
26131794.0,LEXINGTON AV/E 40 ST,104
26137379.0,GRAND CONCOURSE/E 165 ST,88
25940097.0,FREDERICK DOUGLASS BLVD/W 121 ST,30
25943177.0,LAUREL HILL BLVD/48 ST,31
25944038.0,1 AV/E 62 ST,99
25944708.0,3 AV/E 17 ST,91
26327452.0,DEAN ST/BEDFORD AV,51
26327565.0,HOLLIS AV/109 AV,252
26331103.0,CASTLETON AV/BEMENT AV,292
26332468.0,5 AV/3 ST,100
26333975.0,CLASSON AV/STERLING PL,127
26149494.0,JFK AIRPORT/TERMINAL 8,5886
26157426.0,MADISON AV/E 54 ST,23
26163413.0,2 AV/E 17 ST,73
26167182.0,2 AV/E 6 ST,147
25963570.0,TOMPKINS AV/LAFAYETTE AV,129
25970374.0,2 AV/E 75 ST,164
25972861.0,MAIN ST/76 AV,345
26357145.0,LEXINGTON AV/E 37 ST,96
26385422.0,6 AV/W 51 ST,83
26387674.0,FRANKLIN AV/MADISON ST,136
26217642.0,OCEAN AV/GLENWOOD RD,210
26221105.0,PALMETTO ST/SAINT NICHOLAS AV,130
26228457.0,15 ST/8 AV,63
25997748.0,FRANKLIN ST/GREEN ST,164
25997937.0,FRANKLIN ST/INDIA ST,90
26000019.0,SAINT NICHOLAS AV/W 163 ST,62
26002246.0,1 AV/E 60 ST,417
26395296.0,2 AV/E 89 ST,147
26398257.0,23 AV/87 ST,195
26398894.0,HILLSIDE AV/179 ST,203
26717141.0,DITMARS BLVD/31 DR,510
26741585.0,9 ST/3 AV,304
26741642.0,ROCKAWAY AV/CHAUNCEY ST,58
26235873.0,LINDEN BLVD/SUTPHIN BLVD,926
26249051.0,2 AV/E 66 ST,116
26249544.0,BROADWAY/MYRTLE AV,147
26743587.0,CONEY ISLAND AV/AVENUE C,581
26743923.0,PARK AV SOUTH/E 23 ST,19
26422113.0,KINGS HWY/BEVERLY RD,160
26450631.0,LAUREL HILL BLVD/58 ST,791
26452047.0,BRABANT ST/LOCKMAN AV,302
26747248.0,VAN BRUNT ST/DIKEMAN ST,215
26294354.0,BROADWAY/MADISON ST,173
26771366.0,49 ST/10 AV,243
26774025.0,AVENUE C/E 10 ST,62
26475612.0,GRAHAM AV/RICHARDSON ST,86
26476892.0,39 ST/9 AV,231
26489146.0,ALLEN ST/DELANCEY ST,23
26489955.0,WORTH ST/MOTT ST,1
26786964.0,CHURCH AV/STORY ST,273
26803556.0,NEW YORK AV/PACIFIC ST,91
26295421.0,CASTLETON AV/HEBERTON AV,125
26297631.0,BEDFORD AV/AVENUE D,128
26301985.0,JAMAICA AV/BRADFORD ST,180
27054756.0,WYTHE AV/N 9 ST,88
26496505.0,SPRINGFIELD BLVD/111 RD,129
26496511.0,KENT AV/N 6 ST,276
26516462.0,WHITE PLAINS RD/OBRIEN AV,396
26518547.0,WHITE PLAINS RD/OBRIEN AV,268
27067463.0,8 AV/47 ST,124
26815201.0,SMITH ST/UNION ST,139
26835960.0,10 AV/W 47 ST,159
26837834.0,ADAM C POWELL BLVD/W 119 ST,67
26842735.0,W 10 ST/GREENWICH ST,55
26558970.0,EASTCHESTER RD/MACE AV,257
26559313.0,21 ST/38 AV,503
26560159.0,EAST NEW YORK AV/ALBANY AV,351
26602263.0,W 116 ST/MALCOLM X BLVD,159
26845561.0,BROADWAY/JEFFERSON AV,251
26865836.0,6 AV/W 45 ST,92
27088022.0,HAROLD ST/SUNSET AV,306
27088254.0,MADISON AV/E 129 ST,160
27089541.0,W 145 ST/CONVENT AV,44
26867170.0,6 AV/W 45 ST,92
26867635.0,6 AV/W 45 ST,95
26874326.0,BRIGHTON AV/LAFAYETTE AV,115
26874462.0,7 AV/6 ST,192
26639925.0,UNIONPORT RD/METROPOLITAN AV,102
26655705.0,LODOVICK AV/ALLERTON AV,463
26660828.0,MORNINGSIDE AV/W 125 ST,141
26874813.0,W 14 ST/7 AV,76
26876289.0,SENECA AV/BLEECKER ST,279
27134257.0,RIVERDALE AV/W 231 ST,65
27136639.0,21 ST/35 AV,1152
27137651.0,2 AV/E 25 ST,91
27141013.0,AVENUE U/E 54 ST,213
27141191.0,BROADWAY/CORONA AV,99
26887521.0,5 AV/W 132 ST,45
26682755.0,41 RD/COLLEGE POINT BLVD,133
27430644.0,LINDEN BLVD/VAN WYCK EXPWY,1408
26895166.0,3 AV/E 112 ST,109
27166074.0,n conduit av/95 st,1310
27166833.0,n conduit av/95 st,1107
27192720.0,BOWERY/PRINCE ST,68
27200105.0,TOMPKINS AV/FULTON ST,32
27211525.0,8 AV/57 ST,246
27225643.0,VAN WYCK SOUTH SERVICE RD/BUILDING 90,15295
26925980.0,DIVISION AV/BERRY ST,151
27454904.0,W 125 ST/MORNINGSIDE AV,178
27458304.0,LEXINGTON AV/E 62 ST,81
27468927.0,RIVERSIDE DR/W 139 ST,234
27470676.0,LEXINGTON AV/E 62 ST,81
27477710.0,20 AV/127 ST,424
26949866.0,FRANKLIN AV/PROSPECT PL,111
26953399.0,W 44 ST/6 AV,36
26953727.0,6 AV/W 42 ST,85
27264926.0,MAIN ST/ELDER AV,351
27287372.0,METROPOLITAN AV/GRAHAM AV,180
26953759.0,6 AV/W 45 ST,159
26954041.0,6 AV/W 45 ST,111
27483961.0,GATES AV/NOSTRAND AV,24
27488806.0,BROADWAY/W 138 ST,60
27498398.0,5 AV/W 128 ST,116
27499097.0,HOLLIS AV/198 ST,61
26982403.0,8 AV/W 49 ST,176
26991656.0,6 AV/W 57 ST,45
27015594.0,6 AV/W 57 ST,54
27016931.0,WILLIAMSBRIDGE RD/RHINELANDER AV,372
27291497.0,THROOP AV/GATES AV,107
27295492.0,MADISON AV/E 127 ST,87
27308432.0,STERLING PL/BEDFORD AV,57
27312914.0,SANFORD AV/PARSONS BLVD,126
27314650.0,PARSONS BLVD/ASH AV,41
27326744.0,FREDERICK DOUGLASS BLVD/W 152 ST,93
27019732.0,5 AV/18 ST,111
27503062.0,DYCKMAN ST/SHERMAN AV,112
27518599.0,E 14 ST/1 AV,89
27032162.0,SARATOGA AV/BLAKE AV,291
27052657.0,2 AV/E 89 ST,66
27523631.0,HORACE HARDING EXPWY/136 ST,546
27527902.0,MYRTLE AV/STOCKHOLM ST,552
27528305.0,9 AV/W 52 ST,87
27329048.0,GREENPOINT AV/47 ST,700
27336179.0,WESTCHESTER AV/E 156 ST,141
27338569.0,E 116 ST/LEXINGTON AV,13
27343189.0,BOSTON RD/ADEE AV,111
27359696.0,DUMONT AV/MONTAUK AV,132
27359897.0,DUMONT AV/MONTAUK AV,143
27361377.0,lincoln tnl ap/lincoln tnl ap,116
27697284.0,83 ST/ROOSEVELT AV,619
27702171.0,E 167 ST/RIVER AV,209
27703666.0,NORTHERN BLVD/CORPORAL KENNEDY ST,461
27705293.0,FREDERICK DOUGLASS BLVD/W 154 ST,128
27529655.0,PARSONS BLVD/ASH AV,36
27551715.0,13 AV/77 ST,200
27552868.0,UTOPIA PKWY/ST JOHNS UNIVERSITY,700
27706737.0,HALSEY ST/MARCY AV,134
27712922.0,3 AV/SENATOR ST,158
27371581.0,VAN WYCK SOUTH SERVICE RD/BUILDING 90,14709
27375052.0,86 ST/20 AV,61
27394897.0,86 ST/19 AV,201
27395171.0,SANFORD AV/PARSONS BLVD,123
27714862.0,GATES AV/LEWIS AV,80
27724217.0,BOSTON RD/BRUNER AV,45
27569888.0,FORT WASHINGTON AV/W 183 ST,131
27570485.0,COLUMBUS AV/W 84 ST,83
27584957.0,REMSEN AV/AVENUE A,169
27585912.0,REMSEN AV/AVENUE A,165
27731269.0,THROOP AV/MADISON ST,43
27731372.0,3 AV/E 17 ST,132
27409329.0,MADISON AV/E 127 ST,96
27416658.0,MADISON AV/E 129 ST,100
27426650.0,JOHNSON AV/WHITE ST,635
27427289.0,THROOP AV/MADISON ST,58
27429253.0,82 ST/ROOSEVELT AV,1284
27429817.0,41 RD/COLLEGE POINT BLVD,137
28011594.0,CONEY ISLAND AV/CORTELYOU RD,397
27598707.0,PARK AV SOUTH/E 23 ST,19
27606552.0,GRAND ST/BUSHWICK AV,142
27608063.0,METROPOLITAN AV/ASCAN AV,1185
27609355.0,GATES AV/PATCHEN AV,159
27610245.0,NORTHERN BLVD/DOUGLASTON PKWY,357
27610367.0,FRANCIS LEWIS BLVD/147 DR,403
27611047.0,BEDFORD AV/BEVERLEY RD,158
27781833.0,GRAND AV/QUEENS BLVD,261
27782948.0,MONTROSE AV/GRAHAM AV,122
27783586.0,GRAHAM AV/SCHOLES ST,202
27785327.0,WYCKOFF AV/STANHOPE ST,82
27785672.0,DE KALB AV/WYCKOFF AV,139
28012942.0,E 86 ST/2 AV,192
28014842.0,LEXINGTON AV/E 110 ST,113
28015516.0,SARATOGA AV/SUTTER AV,157
28041818.0,150 AV/148 ST,1939
27627627.0,BROADWAY/GRAND ST,293
27637065.0,FULTON ST/MARCUS GARVEY BLVD,7
27658203.0,5 AV/37 ST,128
27803575.0,CLASSON AV/SAINT JOHNS PL,58
27808176.0,102 ST/35 ST,801
27823763.0,COLUMBIA ST/KANE ST,291
27829177.0,8 AV/BAY RIDGE AV,8
28042014.0,150 AV/148 ST,1694
28042224.0,9 AV/W 52 ST,104
28082095.0,E 138 ST/CYPRESS AV,121
28084157.0,SANFORD AV/PARSONS BLVD,62
28312177.0,KINGSTON AV/CARROLL ST,105
28314777.0,MERRICK BLVD/108 AV,146
28324221.0,3 AV/E 45 ST,93
28329004.0,SOUTH CONDUIT AV/HOOK CREEK BLVD,309
27866657.0,ROGERS AV/CHURCH AV,72
27874237.0,5 AV/11 ST,44
27875757.0,SMITH ST/DOUGLASS ST,122
27891791.0,KINGS HWY/SNYDER AV,134
28085121.0,SAINT PAULS AV/VAN DUZER ST,385
28096425.0,KINGSTON AV/PROSPECT PL,150
28100131.0,DE KALB AV/FORT GREENE PL,139
28108773.0,COLUMBUS AV/W 78 ST,187
28121595.0,MIDLAND AV/COLONY ST,423
28334760.0,ATLANTIC AV/BOND ST,165
28339747.0,SOUTH CONDUIT AV/221 ST,30
28340434.0,SPRINGFIELD BLVD/145 AV,314
28350560.0,82 ST/ROOSEVELT AV,1043
27906875.0,W 50 ST/10 AV,142
27909345.0,E 135 ST/CYPRESS AV,949
27910595.0,WALKER ST/VAN NAME AV,32
28130502.0,BROADWAY/E 13 ST,200
27919104.0,MALCOLM X BLVD/W 129 ST,18
27923577.0,HILLSIDE AV/180 ST,291
28368678.0,ATLANTIC AV/BOND ST,165
28369552.0,ATLANTIC AV/BOND ST,163
28379264.0,DE KALB AV/MARCY AV,118
28385105.0,GREENPOINT AV/46 ST,810
27928809.0,GRAND ST/GRAHAM AV,166
27933214.0,AVENUE U/E 71 ST,406
28136160.0,9 AV/W 44 ST,40
28138470.0,FOSTER AV/E 16 ST,300
27952742.0,EAST TREMONT AV/WATERBURY AV,64
28389715.0,21 ST/38 AV,471
28389782.0,W 57 ST/6 AV,260
28391512.0,MURDOCK AV/200 ST,143
28408938.0,DRIGGS AV/N 9 ST,89
28412322.0,FARMERS BLVD/119 AV,135
27966667.0,SMITH ST/2 ST,266
28155197.0,BERGEN ST/ALBANY AV,68
28162058.0,ADAM C POWELL BLVD/W 129 ST,75
28165121.0,CHURCH AV/E 18 ST,132
28177443.0,2 AV/E 9 ST,6
28181575.0,YORK AV/NAVY ST,170
27967621.0,BRIGHTON AV/CASTLETON AV,206
28417682.0,48 ST/50 AV,128
28426648.0,6 AV/BROOME ST,156
28430639.0,WYTHE AV/N 6 ST,92
28431924.0,39 ST/2 AV,225
28433202.0,E 226 ST/WHITE PLAINS RD,73
28001559.0,GREENPOINT AV/43 ST,575
28009721.0,BROADWAY/W 185 ST,96
28185576.0,HOYT AV/31 ST,523
28188131.0,1 AV/E 120 ST,200
28200288.0,W 31 ST/6 AV,114
28201587.0,W 50 ST/9 AV,114
28206135.0,WILLIAMSBRIDGE RD/RHINELANDER AV,162
28208166.0,BROADWAY/W 69 ST,88
28608920.0,W 86 ST/CENTRAL PK WEST,310
28438216.0,1 AV/MITCHELL PL,64
28438751.0,21 ST/BROADWAY,1394
28462811.0,GRAND CONCOURSE/E 156 ST,662
28483571.0,LAUREL HILL BLVD/58 ST,1039
28626504.0,CONEY ISLAND AV/CORTELYOU RD,332
28629956.0,CONEY ISLAND AV/CORTELYOU RD,554
28220182.0,ROGERS AV/LINCOLN RD,46
28494807.0,AMSTERDAM AV/W 69 ST,170
28500619.0,DRIGGS AV/N 11 ST,221
28506359.0,MANHATTAN AV/W 108 ST,44
28635035.0,120 AV/196 ST,233
28647979.0,CHURCH AV/E 42 ST,188
28309641.0,SMITH ST/UNION ST,504
28936795.0,82 ST/ROOSEVELT AV,982
28937377.0,MANHATTAN AV/W 106 ST,66
28667823.0,GRAHAM AV/JACKSON ST,189
28668546.0,CHURCH AV/BROOKLYN AV,197
28670390.0,CHURCH AV/TROY AV,137
28671495.0,CHURCH AV/TROY AV,312
28539464.0,1 AV/MITCHELL PL,64
28541768.0,GREENPOINT AV/39 ST,25
28684892.0,BROADWAY/THOMAS ST,99
28692232.0,BAYCHESTER AV/EDENWALD AV,194
28697997.0,CHURCH AV/TROY AV,162
28699232.0,ALBANY AV/CLARKSON AV,334
28952972.0,7 AV/W 55 ST,99
28961919.0,FARMERS BLVD/104 AV,150
28699654.0,CHURCH AV/TROY AV,345
28560765.0,CONEY ISLAND AV/SLOCUM PL,710
28560837.0,VAN WYCK SOUTH SERVICE RD/BUILDING 90,14903
28561904.0,WILSON AV/TROUTMAN ST,173
28567040.0,MORRIS PARK AV/SEMINOLE AV,228
28715332.0,BROADWAY/GRAND ST,158
28734298.0,GATES AV/BEDFORD AV,195
28965609.0,TOMPKINS AV/WILLOUGHBY AV,159
28976484.0,DRIGGS AV/S 2 ST,41
28991221.0,7 AV/W 54 ST,147
28602842.0,3 AV/E 14 ST,179
28607153.0,82 ST/ROOSEVELT AV,1059
29256229.0,BERGEN ST/KINGSTON AV,73
28778214.0,3 AV/E 121 ST,390
28779900.0,CLARKSON AV/E 38 ST,274
28782669.0,23 AV/82 ST,362
29008767.0,FULTON ST/SOUTH PORTLAND AV,279
29015079.0,LORIMER ST/SKILLMAN AV,99
29016146.0,ADAM C POWELL BLVD/W 123 ST,61
29016907.0,HOLLIS AV/109 AV,73
28785091.0,CLARKSON AV/KINGS COUNTY HOSPITAL,266
28785361.0,1 AV/MITCHELL PL,64
28786315.0,CHURCH AV/E 39 ST,180
28786900.0,CHURCH AV/BROOKLYN AV,171
28796546.0,BROADWAY/MADISON ST,78
29260051.0,NEW YORK AV/PROSPECT PL,93
29269102.0,UTICA AV/SNYDER AV,64
29278439.0,FRESH POND RD/FLUSHING AV,416
29281407.0,NASSAU AV/HUMBOLDT ST,182
29038655.0,ASTORIA BLVD SOUTH/STEINWAY ST,322
29054576.0,BRIGHTON BEACH AV/BRIGHTON 14 ST,360
29058075.0,METROPOLITAN AV/72 DR,544
28817364.0,GREENPOINT AV/47 ST,816
28833807.0,W 8 ST/5 AV,347
28834703.0,TOMPKINS AV/HALSEY ST,78
29331191.0,AMSTERDAM AV/W 69 ST,127
28838614.0,212 ST/90 AV,90
28838673.0,MARCUS GARVEY BLVD/JEFFERSON AV,92
29074233.0,SAINT JOHNS PL/BROOKLYN AV,102
29076107.0,ASTORIA BLVD/STEINWAY ST,1488
29079912.0,HOYT AV SOUTH/31 ST,1308
29082508.0,AVENUE J/E 15 ST,286
29095217.0,NOSTRAND AV/FOSTER AV,255
28849818.0,EAST HOUSTON ST/NORFOLK ST,69
28859648.0,JOHNSON AV/BUSHWICK PL,173
28861629.0,2 AV/E 122 ST,361
29331513.0,PARK ROW/ANN ST,299
29338559.0,HOYT AV/31 ST,354
29340028.0,E 72 ST/YORK AV,110
29351570.0,E 10 ST/AVENUE B,102
29356679.0,GRAND AV/QUEENS BLVD,84
28867577.0,FREDERICK DOUGLASS BLVD/W 129 ST,102
28872377.0,TIFFANY ST/RANDALL AV,108
28896148.0,MERRICK BLVD/FOCH BLVD,85
29097472.0,KENT AV/METROPOLITAN AV,137
29102760.0,101 ST/31 AV,103
29104053.0,LINDEN BLVD/ATKINS AV,85
29105563.0,FOSTER AV/ROGERS AV,184
29117643.0,JEROME AV/W 181 ST,181
29124414.0,NOSTRAND AV/MONTGOMERY ST,55
29124476.0,BROADWAY/W 204 ST,185
28897533.0,BROADWAY/CORONA AV,231
28897932.0,MERRICK BLVD/FOCH BLVD,85
29358344.0,EASTERN PKWY/SCHENECTADY AV,136
29359092.0,HAMPTON ST/BAXTER AV,620
29361650.0,BROADWAY/MARCY AV,93
29385308.0,COURT ST/NELSON ST,261
29412402.0,WILSON AV/HALSEY ST,130
28901091.0,FULTON ST/ROCKWELL PL,97
29148293.0,E 9 ST/1 AV,200
29148550.0,LEXINGTON AV/E 34 ST,85
28911775.0,MERRICK BLVD/FOCH BLVD,85
28911830.0,PELHAM PKWY/ST PAUL AV,60
28920018.0,AVENUE A/E 11 ST,173
29585551.0,BROADWAY/SCHAEFFER ST,120
29586511.0,MALCOLM X BLVD/W 129 ST,49
29416565.0,COURT ST/SCHERMERHORN ST,269
29431738.0,E 14 ST/AVENUE B,136
29463847.0,5 AV/W 132 ST,111
29155895.0,EAST HOUSTON ST/AV B,261
29158689.0,LEWIS AV/MYRTLE AV,93
29168569.0,CHURCH AV/TROY AV,283
29170235.0,CHURCH AV/E 42 ST,129
29592296.0,W 31 ST/6 AV,211
29592768.0,HOYT AV/31 ST,633
29635253.0,FRESH POND RD/FLUSHING AV,343
29487347.0,LEWIS AV/JEFFERSON AV,132
29493581.0,GREENPOINT AV/47 ST,214
29495933.0,W 50 ST/10 AV,191
29651529.0,AVENUE A/E 5 ST,261
29237220.0,GREENWICH ST/HORATIO ST,324
29252044.0,SMITH ST/BERGEN ST,87
29654321.0,KINGSLAND AV/WITHERS ST,120
29658021.0,E 116 ST/PARK AV,191
29659322.0,BROADWAY/MYRTLE AV,196
29889800.0,YORK AV/E 74 ST,5844
29897911.0,lincoln tnl app/lincoln tnl app,314
29901044.0,COLUMBIA ST/KANE ST,376
29903897.0,WILSON AV/WOODBINE ST,406
29509877.0,W 31 ST/6 AV,99
29514309.0,HALSEY ST/STUYVESANT AV,186
29515670.0,MANHATTAN AV/W 119 ST,22
29683293.0,JAMAICA AV/NICHOLS AV,134
29684573.0,CHURCH AV/TROY AV,307
29904305.0,WILSON AV/WOODBINE ST,406
29904478.0,WILSON AV/WOODBINE ST,406
29906282.0,ASTORIA BLVD SOUTH/77 ST,1359
29908937.0,AVENUE R/E 28 ST,36
29686857.0,FAIRVIEW AV/PUTNAM AV,158
29535295.0,JAMAICA AV/AUTUMN AV,324
29541214.0,1 AV/E 113 ST,116
29567201.0,SOUNDVIEW AV/CORNELL AV,277
29567482.0,9 ST/4 AV,197
29700761.0,9 ST/4 AV,281
29923555.0,5 AV/E 55 ST,151
29703513.0,EAST HOUSTON ST/MOTT ST,186
29730504.0,HALSEY ST/IRVING AV,32
29575293.0,GATES AV/IRVING AV,135
30062290.0,ALBANY AV/MIDWOOD ST,189
29929095.0,FARMERS BLVD/133 RD,185
29929702.0,NEW LOTS AV/BARBEY ST,291
29930787.0,LAUREL HILL BLVD/58 ST,889
29935981.0,FRANKLIN ST/CALYER ST,161
29937451.0,ROCKAWAY PKWY/AVENUE M,262
29760980.0,GOLD ST/SANDS ST,39
30065198.0,7 AV/PROSPECT AV,256
30082832.0,PARK AV/WASHINGTON AV,112
30084269.0,NOSTRAND AV/MONTGOMERY ST,144
29775040.0,DE KALB AV/CARLTON AV,144
29943061.0,RALPH AV/HERKIMER ST,151
29943455.0,82 ST/ROOSEVELT AV,1113
29944408.0,82 ST/ROOSEVELT AV,850
29946757.0,GATES AV/MALCOLM X BLVD,209
29963575.0,FRANCIS LEWIS BLVD/256 ST,410
29964348.0,LEXINGTON AV/E 64 ST,95
29794270.0,ROCKAWAY PKWY/AVENUE M,261
29795012.0,WILLIAMSBRIDGE RD/NEILL AV,270
29797971.0,E 222 ST/BARNES AV,317
30087377.0,BETHUNE ST/GREENWICH ST,92
30089412.0,FULTON ST/GRAND  AV,247
30096719.0,LAFAYETTE AV/VANDERBILT AV,95
29967433.0,W 155 ST/AMSTERDAM AV,122
29968121.0,UNION ST/35 AV,24
29800915.0,PELHAM PKWY/BRONXWOOD AV,343
29804246.0,MALCOLM X BLVD/W 122 ST,81
29814549.0,NEW YORK AV/PROSPECT PL,82
30104723.0,MESEROLE ST/UNION AV,92
30105137.0,5 AV/W 118 ST,185
30106990.0,10 AV/W 37 ST,88
30107262.0,MALCOLM X BLVD/W 119 ST,108
30109916.0,EAST GUN HILL RD/SEYMOUR AV,199
29824343.0,W 145 ST/CONVENT AV,151
29990168.0,HALSEY ST/BUSHWICK AV,90
29993012.0,7 AV/3 ST,69
30003335.0,BROADWAY/FOREST AV,53
30003453.0,15 ST/8 AV,122
30125523.0,3 AV/E 37 ST,118
30125704.0,3 AV/E 39 ST,115
29831517.0,FLATLANDS AV/E 105 ST,493
30006770.0,WATER ST/WALL ST,108
30021540.0,UNION ST/35 AV,120
30021914.0,EASTCHESTER RD/MACE AV,236
29847492.0,E 96 ST/2 AV,130
29851718.0,1 AV/E 17 ST,101
30154255.0,E 14 ST/3 AV,179
30156697.0,CHRISTOPHER ST/HUDSON ST,112
30162689.0,LENOX AV/W 135 ST,28
30169107.0,THROOP AV/LAFAYETTE AV,176
29858182.0,BAYCHESTER AV/EDENWALD AV,86
30031616.0,E 79 ST/YORK AV,188
30033284.0,WATER ST/GOUVERNEUR LN,179
30034070.0,5 AV/W 30 ST,94
30042363.0,21 ST/35 AV,716
30043083.0,UTICA AV/SNYDER AV,154
29877448.0,1 AV/E 62 ST,142
29881973.0,ADAM C POWELL BLVD/W 148 ST,107
30174397.0,GRAND CONCOURSE/E 182 ST,25
30175606.0,HALSEY ST/BUSHWICK AV,212
30182137.0,2 AV/E 78 ST,32
30264512.0,NEW LOTS AV/MILLER AV,226
30268825.0,BOWERY/KENMARE ST,41
30043966.0,GATES AV/PATCHEN AV,244
30046573.0,8 AV/W 20 ST,147
30053410.0,OCEAN PKWY/WEST AV,101
30058948.0,UNION ST/NORTHERN BLVD,108
30392806.0,MURRAY ST/WEST BROADWAY,96
30392834.0,6 AV/WEST HOUSTON ST,119
30279712.0,LINDEN BLVD/ROCKAWAY PKWY,414
30392874.0,8 AV/W 49 ST,176
30392909.0,LEXINGTON AV/E 37 ST,162
30393018.0,BROADWAY/THOMAS ST,99
30201476.0,BROADWAY/THOMAS ST,99
30206047.0,LEXINGTON AV/E 92 ST,242
30212741.0,82 ST/ROOSEVELT AV,1192
30284324.0,E 86 ST/3 AV,242
30393171.0,hugh carey tunnel/west st.non-public,229
30393194.0,6 AV/WEST HOUSTON ST,119
30393286.0,W 42 ST/11 AV,48
30393322.0,WATER ST/GOUVERNEUR LN,267
30286646.0,FORT WASHINGTON AV/W 181 ST,392
30308289.0,W 106 ST/BROADWAY,115
30393414.0,3 AV/E 82 ST,89
30393497.0,AMSTERDAM AV/W 69 ST,127
30393555.0,AMSTERDAM AV/W 69 ST,127
30393609.0,WATER ST/JOHN ST,181
30234773.0,E 163 ST/TINTON AV,167
30236202.0,BROADWAY/GREENE AV,200
30252034.0,YORK AV/E 72 ST,5901
30254229.0,THOMAS S BOYLAND ST/EASTERN PKWY,35
30326749.0,BEDFORD AV/LENOX RD,10
30393689.0,EAST HOUSTON ST/NORFOLK ST,69
30393759.0,6 AV/WEST HOUSTON ST,119
30393882.0,WATER ST/GOUVERNEUR LN,179
30393896.0,BROADWAY/THOMAS ST,99
30337531.0,COLUMBIA ST/ATLANTIC AV,340
30511301.0,S 5 ST/HOOPER ST,62
30349066.0,13 AV/77 ST,197
30352010.0,OCEAN PKWY/WEST AV,400
30393998.0,8 AV/W 49 ST,176
30394053.0,8 AV/W 49 ST,176
30394071.0,BROADWAY/THOMAS ST,99
30394133.0,LEXINGTON AV/E 34 ST,49
30394203.0,6 AV/W 15 ST,63
30361847.0,DEAN ST/5 AV,62
30527994.0,HILLSIDE AV/212 ST,826
30531246.0,MESEROLE ST/LORIMER ST,52
30394274.0,6 AV/WEST HOUSTON ST,119
30394340.0,MURRAY ST/WEST BROADWAY,96
30394380.0,8 AV/W 49 ST,176
30394403.0,WATER ST/GOUVERNEUR LN,179
30396953.0,5 AV/18 ST,282
30398938.0,W 31 ST/6 AV,57
30378982.0,SMITH ST/WARREN ST,357
30537134.0,COLLEGE POINT BLVD/58 RD,334
30537849.0,7 AV/GARFIELD PL,212
30539307.0,FRANKLIN AV/MADISON ST,54
30387064.0,6 AV/WEST HOUSTON ST,119
30387132.0,BROADWAY/THOMAS ST,99
30387196.0,8 AV/W 49 ST,176
30387218.0,1 AV/E 64 ST,71
30387263.0,MURRAY ST/CHURCH ST,60
30400542.0,LAUREL HILL BLVD/58 ST,1256
30415541.0,28 ST/QUEENS PLAZA SOUTH,423
30421561.0,E 79 ST/YORK AV,188
30387377.0,6 AV/W 20 ST,166
30557920.0,SHORE PKWY/BEDFORD AV,384
30558081.0,UTICA AV/FOSTER AV,360
30387445.0,W 49 ST/8 AV,184
30387495.0,AMSTERDAM AV/W 69 ST,127
30387553.0,LEXINGTON AV/E 34 ST,49
30387648.0,BROADWAY/THOMAS ST,99
30421981.0,BOWERY/PRINCE ST,12
30423106.0,243 ST/HUXLEY ST,311
30425416.0,BERGEN ST/BUFFALO AV,289
30439073.0,BOX ST/MANHATTAN AV,1061
30387820.0,6 AV/W 15 ST,63
30565107.0,NORTHERN BLVD/PARSONS BLVD,288
30570342.0,DECATUR ST/KNICKERBOCKER AV,121
30577273.0,MALCOLM X BLVD/W 132 ST,66
30584992.0,S 4 ST/HEWES ST,179
30387838.0,6 AV/WEST HOUSTON ST,119
30387856.0,6 AV/WEST HOUSTON ST,119
30387885.0,8 AV/W 49 ST,176
30441489.0,WEST END AV/W 59 ST,135
30442333.0,14 AV/123 ST,867
30387916.0,BROADWAY/THOMAS ST,99
30387983.0,8 AV/W 49 ST,176
30388011.0,8 AV/W 49 ST,176
30388079.0,BROADWAY/W 88 ST,94
30388225.0,EAST HOUSTON ST/NORFOLK ST,69
30593915.0,COLLEGE POINT BLVD/58 RD,356
30594172.0,COLLEGE POINT BLVD/58 RD,333
30627356.0,LENOX AV/W 116 ST,49
30662063.0,GRAND ARMY PLAZA/FLATBUSH AV,411
30388313.0,LEXINGTON AV/E 34 ST,49
30388528.0,MURRAY ST/WEST BROADWAY,96
30447204.0,KOSSUTH PL/BUSHWICK AV,90
30449111.0,GRAND CONCOURSE/E 167 ST,123
30465706.0,SAINT JOHNS PL/RALPH AV,137
30470947.0,63 RD/YELLOWSTONE BLVD,155
30388552.0,W 49 ST/8 AV,184
30388587.0,AMSTERDAM AV/W 69 ST,127
30388750.0,7 AV/W 37 ST,62
30388999.0,6 AV/W 15 ST,63
30675435.0,lincoln tnl app/lincoln tnl app,304
30677434.0,HORACE HARDING EXPWY/PARSONS BLVD,1175
30685870.0,FULTON ST/TOMPKINS AV,254
30686973.0,GRAND ST/PITT ST,620
30389115.0,3 AV/E 11 ST,72
30389147.0,6 AV/W 15 ST,63
30389192.0,WATER ST/GOUVERNEUR LN,179
30389280.0,WATER ST/GOUVERNEUR LN,179
30389441.0,BROADWAY/THOMAS ST,99
30389608.0,3 AV/E 11 ST,72
30392649.0,2 AV/E 28 ST,72
30392780.0,7 AV/W 37 ST,62
30474972.0,FREDERICK DOUGLASS BLVD/W 145 ST,157
30476455.0,METROPOLITAN AV/72 DR,686
30477526.0,ADAM C POWELL BLVD/W 113 ST,160
30494093.0,BERGEN ST/BOND ST,133
30499109.0,GATES AV/IRVING AV,520
30695144.0,WYTHE AV/METROPOLITAN AV,67
30699302.0,BEDFORD AV/S 4 ST,127
30700892.0,5 AV/W 128 ST,63
30702161.0,MADISON AV/E 127 ST,76
30981877.0,3 AV/E 97 ST,14
30999134.0,TOMPKINS AV/MARTIN LUTHER KING JR PL,221
31001555.0,E 57 ST/5 AV,149
30717086.0,KINGS HWY/AVENUE J,201
30717527.0,21 ST/45 RD,125
30718403.0,UTICA AV/AVENUE J,66
30736279.0,WATER ST/WALL ST,108
30702384.0,5 AV/W 128 ST,83
31019621.0,E 57 ST/5 AV,131
31023111.0,DE KALB AV/RYERSON AV,715
31038331.0,7 AV/W 37 ST,62
31038347.0,7 AV/W 37 ST,62
31212456.0,149 AV/257 ST,319
31212571.0,10 AV/W 53 ST,57
31216136.0,DE KALB AV/IRVING AV,363
31216852.0,W 23 ST/9 AV,76
30764476.0,1 AV/E 91 ST,108
30766643.0,MADISON AV/E 40 ST,235
30767659.0,W 31 ST/6 AV,48
30769129.0,JOHNSON AV/BUSHWICK AV,58
31052694.0,MONTROSE AV/GRAHAM AV,94
31053180.0,MONTROSE AV/GRAHAM AV,94
31218310.0,NEW DORP LN/WINHAM ST,142
31223352.0,NOSTRAND AV/AVENUE W,291
31224224.0,W 147 ST/ADAM C POWELL BLVD,22
31231904.0,HALSEY ST/BROADWAY,15
31236046.0,EAST GUN HILL RD/DEWITT PL,232
31057348.0,10 AV/W 37 ST,144
30788330.0,7 AV/W 23 ST,153
30793033.0,MAIN ST/ 82 DR,271
30795672.0,ROCKAWAY AV/NEWPORT ST,225
30801068.0,82 ST/ROOSEVELT AV,1224
30811789.0,5 AV/W 138 ST,110
31255471.0,CENTRAL PARK WEST/W 102 ST,93
31277426.0,CONEY ISLAND AV/CORTELYOU RD,397
31290477.0,GRAND ST/MORGAN AV,132
31074354.0,HAMPTON ST / WHITNEY AVE,574
31084737.0,BROADWAY/THOMAS ST,99
31085028.0,WEST HOUSTON ST/SULLIVAN ST,175
30822815.0,YORK AV/E 63 ST,6081
30824853.0,BEDFORD AV/S 2 ST,70
30842198.0,102 ST/35 ST,904
31085213.0,9 AV/W 35 ST,114
31085554.0,AMSTERDAM AV/W 140 ST,202
31085679.0,MALCOLM X BLVD/GREENE AV,60
31292757.0,10 AV/W 37 ST,55
31293625.0,BROADWAY/W 141 ST,143
31301754.0,ROCKAWAY AV/PROSPECT PL,58
30856398.0,FULTON ST/WASHINGTON AV,244
30875053.0,W 135 ST/ADAM C POWELL BLVD,229
31106666.0,GATES AV/MALCOLM X BLVD,190
31311422.0,W 10 ST/BLEECKER ST,73
31313105.0,SPRINGFIELD BLVD/145 AV,793
31313806.0,AVENUE U/VAN SICKLEN ST,117
31317744.0,E 161 ST/MELROSE AV,133
31322232.0,47 AV/196 ST,125
31119799.0,JERSEY ST/HENDRICKS AV,167
30915351.0,YORK AV/E 84 ST,243
31121209.0,AVENUE D/E 39 ST,56
31127529.0,MALCOLM X BLVD/QUINCY ST,79
31333074.0,FREDERICK DOUGLASS BLVD/W 131 ST,55
31339496.0,MAIN ST/BOOTH MEMORIAL AV,284
31340666.0,9 AV/W 40 ST,100
31127742.0,3 AV/E 26 ST,116
30932236.0,MORRIS AV/E 172 ST,142
30937756.0,3 AV/E 39 ST,80
30938864.0,ASTORIA BLVD SOUTH/STEINWAY ST,347
31136603.0,10 AV/W 45 ST,143
31146186.0,ASTORIA BLVD SOUTH/STEINWAY ST,172
31150305.0,1 AV/E 11 ST,80
31382465.0,MYRTLE AV/SENECA AV,191
31406873.0,BERGEN ST/BOND ST,200
31165085.0,DEAN ST/ROCHESTER AV,344
31188378.0,W 34 ST/DYER AV,26
31511563.0,W 72 ST/WEST END AV,29
31513692.0,LINCOLN AV/BRUCKNER BLVD,498
31514475.0,PELHAM PKWY/ESPLANADE AV,225
31530711.0,W 79 ST/AMSTERDAM AV,237
31533518.0,MADISON ST/RUTGERS ST,146
31201815.0,E 149 ST/MORRIS AV,378
31434819.0,AMSTERDAM AV/W 75 ST,99
31435773.0,3 AV/E 82 ST,89
31445273.0,21 ST/35 AV,661
31457396.0,SAINT MARKS PL/1 AV,217
31459394.0,3 AV/E 88 ST,92
31466176.0,FREDERICK DOUGLASS BLVD/W 129 ST,85
31839994.0,46 AV/163 ST,167
31539511.0,BROOKVILLE BLVD/137 AV,288
31543246.0,W 125 ST/MALCOLM X  BLVD,187
31549470.0,3 AV/E 82 ST,89
31854564.0,ATLANTIC AV/111 ST,1048
31856192.0,14 AV/WHITESTONE EXPWY,240
31467888.0,CENTRAL PARK WEST/W 106 ST,57
31473340.0,DE KALB AV/MARCY AV,115
31474431.0,52 ST/4 AV,78
31474638.0,5 AV/53 ST,110
32238694.0,1 AV/MITCHELL PL,63
32241239.0,UTICA AV/AVENUE H,15
31857472.0,SAINT NICHOLAS AV/W 141 ST,150
31859909.0,WEBSTER AV/E 197 ST,160
31881052.0,7 AV/PROSPECT AV,160
31564614.0,21 ST/35 AV,719
31582797.0,THROOP AV/GATES AV,204
31584089.0,W 34 ST/9 AV,1
31885991.0,LINDEN BLVD/GUY BREWER BLVD,106
32241276.0,94 ST/23 AV,393
32242139.0,GRAND ARMY PLAZA/FLATBUSH AV,334
32292954.0,101 ST/31 AV,205
31913609.0,RALPH AV/HALSEY ST,33
32306605.0,1 AV/E 57 ST,43
31600379.0,3 AV/12 ST,327
31602882.0,BERGEN ST/NEW YORK AV,70
31612381.0,BROADWAY/W 147 ST,161
31614670.0,UTICA AV/TILDEN AV,249
31622448.0,MALCOLM X BLVD/W 122 ST,102
31623508.0,GATES AV/CENTRAL AV,248
31624317.0,GATES AV/PATCHEN AV,93
31626662.0,HALSEY ST/RALPH AV,156
31931665.0,ROGERS AV/LINCOLN PL,76
31932152.0,WHITE PLAINS RD/E 236 ST,265
31933373.0,BROADWAY/JEFFERSON AV,409
31934408.0,82 ST/ROOSEVELT AV,1111
31957975.0,BAY ST/VIRGINIA AV,36
31663848.0,METROPOLITAN AV/RODNEY ST,31
31667621.0,5 AV/W 31 ST,116
31668308.0,LORIMER ST/POWERS ST,117
31668461.0,DRIGGS AV/N 9 ST,249
32327466.0,8 AV/W 4 ST,27
32334635.0,HUDSON ST/BETHUNE ST,64
32336400.0,3 AV/E 99 ST,99
32354513.0,PUTNAM AV/BEDFORD AV,69
32364753.0,90 ST/48 AV,179
31961126.0,JFK AIRPORT/TERMINAL 8,5827
31978518.0,DE KALB AV/SOUTH PORTLAND AV,238
31980794.0,RIVERSIDE DR/W 86 ST,126
31670943.0,MORRIS AV/E 174 ST,166
31689618.0,7 AV/15 ST,116
32381165.0,BEACH ST/VAN DUZER ST,348
32382542.0,UTICA AV/TILDEN AV,316
32383114.0,UTICA AV/TILDEN AV,282
32392636.0,PARK AV/E 125 ST,150
32400196.0,FREDERICK DOUGLASS BLVD/W 135 ST,138
32012464.0,HAMPTON ST/BRITTON AV,653
31697123.0,SUTTER AV/ATKINS AV,83
31715312.0,5 AV/W 31 ST,227
31717837.0,SUTTER AV/SCHENCK AV,164
31722021.0,44 DR/JACKSON AV,119
31726939.0,BROADWAY/THOMAS ST,99
32036822.0,FORT WASHINGTON AV/W 175 ST,55
32037535.0,DE KALB AV/FORT GREENE PL,161
32406935.0,HALSEY ST/BUSHWICK AV,160
32448749.0,DEAN ST/VANDERBILT AV,130
32450788.0,DE KALB AV/KNICKERBOCKER AV,228
32463707.0,W 14 ST/8 AV,312
32044146.0,GREEN ST/MANHATTAN AV,50
31732450.0,JAMAICA AV/ELDERT LN,143
31737653.0,EDGECOMBE AV/W 164 ST,49
31758231.0,EAST TREMONT AV/ANTHONY AV,67
31760509.0,FREDERICK DOUGLASS BLVD/114 ST,136
31760941.0,WILLIS AV/E 140 ST,74
32062843.0,46 AV/162 ST,145
32081249.0,60 LN/SAINT FELIX AV,648
32088018.0,BORDEN AV/39 PL,1195
31794109.0,W 34 ST/9 AV,1
31831929.0,COLUMBIA ST/ATLANTIC AV,285
32095900.0,ANNADALE RD/NOTUS AV,284
32102590.0,5 AV/W 32 ST,131
32494256.0,DE KALB AV/RYERSON AV,141
32495242.0,FULTON ST/NOSTRAND AV,110
32495771.0,BEDFORD AV/CLARENDON RD,122
32499495.0,COLUMBIA ST/UNION ST,135
32501003.0,1 AV/E 72 ST,149
32502180.0,ANNADALE RD/RYE AV,63
32520381.0,COURT ST/3 PL,140
32108317.0,DEAN ST/BEDFORD AV,101
32137481.0,6 AV/W 3 ST,55
32531409.0,HILLSIDE AV/AVON ST,663
32541475.0,MADISON AV/E 34 ST,134
32544596.0,THOMAS S BOYLAND ST/MACDONOUGH ST,35
31834190.0,82 ST/ROOSEVELT AV,1330
32591286.0,BROADWAY/CORONA AV,208
32607488.0,PENNSYLVANIA AV/BLAKE AV,94
32611458.0,RALPH AV/DECATUR ST,90
32611977.0,WEBSTER AV/E 184 ST,185
32171100.0,BROADWAY/W 161 ST,17
32189288.0,10 AV/W 30 ST,135
32549155.0,GATES AV/STUYVESANT AV,321
32552611.0,5 AV/E 138 ST,188
32575528.0,LAUREL HILL BLVD/58 ST,1369
32616393.0,SUTTER AV/VERMONT ST,80
32617384.0,PENNSYLVANIA AV/SUTTER AV,64
32618577.0,PENNSYLVANIA AV/BLAKE AV,90
32618640.0,PENNSYLVANIA AV/BLAKE AV,148
32619108.0,PENNSYLVANIA AV/BLAKE AV,115
32634041.0,149 AV/241 ST,7512
32636494.0,FREDERICK DOUGLASS BLVD/W 116 ST,67
32233982.0,GREENPOINT AV/47 ST,659
32234674.0,BROADWAY/THOMAS ST,99
32235802.0,8 AV/W 4 ST,102
33423849.0,QUEENS BLVD/83 AV,402
32666534.0,FLATBUSH AV/PARK PL,70
32669154.0,DE KALB AV/MARCY AV,114
32670456.0,COLUMBUS AV/W 78 ST,117
32589616.0,FORT WASHINGTON AV/W 173 ST,3
32590674.0,2 AV/E 39 ST,58
32933643.0,1 AV/E 93 ST,146
32935473.0,HOYT AV/31 ST,277
32940047.0,HUNTS POINT AV/SENECA AV,264
32940382.0,HUNTS POINT AV/SENECA AV,264
32943764.0,MALCOLM X BLVD/W 122 ST,74
33427025.0,BEDFORD AV/GREENE AV,6
32670715.0,SHORE PKWY/BRIGHAM ST,71
32701542.0,48 ST/BROOKLYN-QUEENS EXPWY,83
32705496.0,ADAM C POWELL BLVD/W 114 ST,117
32714790.0,BROADWAY/W 163 ST,27
32721564.0,MYRTLE AV/111 ST,172
32742238.0,JAMAICA AV/MILLER AV,85
33439687.0,MYRTLE AV/81 AV,303
33442531.0,EAST HOUSTON ST/CLINTON ST,60
33448577.0,1 AV/MITCHELL PL,64
33451456.0,ROCKAWAY AV/CHAUNCEY ST,76
32959357.0,UNION TPKE/PARSONS BLVD,355
32990477.0,KENT AV/S 1 ST,33
33005220.0,MACOMBS RD/W 174 ST,348
33010488.0,LEXINGTON AV/E 56 ST,41
33012494.0,BEDFORD AV/N 5 ST,193
32746895.0,BEDFORD AV/ATLANTIC AV,27
32790563.0,ADAM C POWELL BLVD/W 113 ST,106
32798710.0,EAST TREMONT AV/WATERBURY AV,64
33467371.0,1 AV/E 70 ST,144
32799550.0,EAST TREMONT AV/WATERBURY AV,64
32801102.0,2 AV/E 31 ST,85
32801214.0,EAST TREMONT AV/WATERBURY AV,64
32809387.0,VAN WYCK SOUTH SERVICE RD/BUILDING 90,16867
33038705.0,MEEKER AV/MORGAN AV,217
33055126.0,8 AV/W 49 ST,104
33061311.0,SARATOGA AV/MACDONOUGH ST,320
33491707.0,7 AV/9 ST,68
33516105.0,EAST HOUSTON ST/AV B,120
33521985.0,FRANCIS LEWIS BLVD/MURDOCK AV,183
33070946.0,WYTHE AV/S 3 ST,42
33094622.0,120 AV/177 ST,60
33097219.0,VAN DUZER ST/HILLSIDE AV,141
33101073.0,1 AV/E 64 ST,97
33101286.0,7 AV SOUTH/BARROW ST,140
33127307.0,120 AV/IRWIN PL,167
33133494.0,AMSTERDAM AV/W 109 ST,64
32820849.0,HALSEY ST/PATCHEN AV,102
32836242.0,6 AV/W 15 ST,4
32842295.0,UTICA AV/AVENUE K,113
32844072.0,23 AV/87 ST,440
32845010.0,UTOPIA PKWY/65 AV,412
32845331.0,BEDFORD AV/GATES AV,105
32845516.0,GATES AV/BEDFORD AV,63
33533601.0,ALLEN ST/GRAND ST,134
33534624.0,ESSEX ST/EAST BROADWAY,104
33546854.0,MARCUS GARVEY BLVD/WILLOUGHBY AV,196
32847146.0,W 179 ST/BROADWAY,19
32856048.0,6 AV/WEST HOUSTON ST,119
32857378.0,PUTNAM AV/BEDFORD AV,166
32857674.0,PUTNAM AV/BEDFORD AV,28
32858018.0,PUTNAM AV/BEDFORD AV,24
33135950.0,CHURCH AV/RUGBY RD,70
33138120.0,7 AV/W 57 ST,98
33141938.0,10 AV/W 207 ST,275
33155194.0,THROOP AV/JEFFERSON AV,131
33559960.0,E 14 ST/IRVING PL,62
33560323.0,MCDONALD AV/TERRACE PL,321
33580893.0,6 AV/W 12 ST,190
32865732.0,LINCOLN RD/FLATBUSH AV,118
32890299.0,VICTORY BLVD/BROOK ST,252
32894678.0,BROADWAY/ELDERT ST,38
32913140.0,VAN BRUNT ST/VERONA ST,58
33580907.0,6 AV/W 12 ST,141
33156370.0,SAINT JOHNS PL/RALPH AV,133
33162983.0,MANHATTAN AV/W 108 ST,93
33168922.0,HUTCHINSON RIVER PKWY EAST/EINSTEIN LOOP NORTH,117
33169141.0,101 ST/31 AV,288
33175415.0,AVENUE Z/W 3 ST,180
33180845.0,AMSTERDAM AV/W 156 ST,2
33582776.0,AVENUE A/E 5 ST,229
33589554.0,SOUTH CONDUIT AV/225 ST,526
32915763.0,HALSEY ST/MALCOLM X BLVD,96
32923358.0,COLUMBUS AV/W 89 ST,17
32926070.0,W 42 ST/11 AV,48
32926087.0,W 42 ST/11 AV,48
33607399.0,WATER ST/GOUVERNEUR LN,65
33214803.0,EAST TREMONT AV/ANTHONY AV,296
33242348.0,SCHMIDTS LN/SLOSSON AV,130
33611809.0,2 AV/E 25 ST,86
33613736.0,BAINBRIDGE AV/E 196 ST,155
33632312.0,NEW LOTS AV/WILLIAMS AV,310
33752082.0,65 PL/53 DR,1276
33765725.0,EAST GUN HILL RD/DEWITT PL,189
33772218.0,W 34 ST/BROADWAY,250
33776576.0,ASTORIA BLVD SOUTH/STEINWAY ST,1307
33785477.0,MYRTLE AV/EVERGREEN AV,154
33820675.0,QUEENS BLVD/83 AV,402
33635511.0,FREDERICK DOUGLASS BLVD/W 145 ST,93
33269114.0,hugh carey tunnel-non-public,51
33269801.0,LINDEN BLVD/GUY BREWER BLVD,354
33271828.0,5 AV/18 ST,80
33273859.0,5 AV/PROSPECT PL,103
33642266.0,2 AV/E 6 ST,97
33653706.0,2 AV/E 75 ST,62
33823598.0,120 AV/177 ST,139
33826205.0,PUTNAM AV/BEDFORD AV,141
33829619.0,METROPOLITAN AV/124 ST,341
33654747.0,CLEVELAND  PL/SPRING ST,109
33660911.0,HOYT AV SOUTH/31 ST,1190
33340151.0,ADAM C POWELL BLVD/W 141 ST,61
33346826.0,MADISON AV/E 34 ST,52
33348910.0,NORTHERN BLVD/147 ST,142
33664484.0,MAIN ST/72 AV,281
33677607.0,CHURCH AV/E 94 ST,71
33683407.0,2 AV/E 28 ST,85
33835992.0,NEW LOTS AV/VAN SINDEREN AV,169
33849970.0,BROADWAY/CORONA AV,324
33852604.0,NEW YORK AV/MIDWOOD ST,98
33853465.0,WYCKOFF AV/DE KALB AV,102
33873570.0,KINGS HWY/CLARENDON RD,181
33684621.0,9 AV/W 59 ST,61
33689653.0,NEW YORK AV/CLARENDON RD,185
33387469.0,LEXINGTON AV/E 28 ST,152
34059931.0,W 86 ST/AMSTERDAM AV,114
33689832.0,AMSTERDAM AV/W 143 ST,92
33705274.0,W 86 ST/BROADWAY,48
33873780.0,ROGERS AV/WINTHROP ST,152
33875614.0,MALCOLM X BLVD/W 129 ST,140
33877798.0,E 86 ST/2 AV,48
33883497.0,NEW YORK AV/PACIFIC ST,163
33883949.0,WILLIAMSBRIDGE RD/RHINELANDER AV,258
33716043.0,W 181 ST/SAINT NICHOLAS AV,168
34072049.0,E 32 ST/5 AV,181
33735398.0,SCHAEFER ST/CENTRAL AV,8
34337805.0,67 AV/60 ST,106
34339330.0,W 49 ST/10 AV,119
33907325.0,EAST TREMONT AV/WATERBURY AV,64
33910078.0,LAFAYETTE AV/STUYVESANT AV,134
34340192.0,BROADWAY/BROOME ST,60
34084359.0,FLATLANDS AV/JEROME ST,57
34087005.0,BEDELL ST/BAISLEY BLVD,919
34340357.0,MALCOLM X BLVD/W 122 ST,65
34343752.0,9 AV/W 25 ST,100
34358402.0,ATLANTIC AV/HOYT ST,145
34362677.0,WEST HOUSTON ST/LAGUARDIA PL,152
33936370.0,HALSEY ST/WILSON AV,198
33937466.0,HOYT AV SOUTH/31 ST,495
33961505.0,WILSON AV/WILLOUGHBY AV,111
33974082.0,21 ST/35 AV,699
34363916.0,BEDFORD AV/N 12 ST,160
34114232.0,RALPH AV/DECATUR ST,41
34116575.0,2 AV/E 89 ST,188
34118590.0,BROADWAY/MADISON ST,200
34119451.0,3 AV/E 17 ST,112
34123251.0,3 AV/10 ST,132
34127215.0,BROADWAY/ROEBLING ST,48
34136999.0,BROADWAY/THOMAS ST,99
34370526.0,MALCOLM X BLVD/W 122 ST,95
34384911.0,BROADWAY/THOMAS ST,99
33974640.0,21 ST/BROADWAY,1343
33974777.0,21 ST/BROADWAY,1166
33982630.0,CHRISTOPHER ST/HUDSON ST,112
33989681.0,ATLANTIC AV/NEVINS ST,143
33999874.0,21 ST/BROADWAY,1006
34384958.0,2 AV/E 89 ST,48
34138042.0,WATER ST/GOUVERNEUR LN,179
34142214.0,GRAND CONCOURSE/E 165 ST,106
34150118.0,E 116 ST/PLEASANT AV,600
34169395.0,BROADWAY/THOMAS ST,99
34017965.0,AVENUE U/W 5 ST,153
34022740.0,E 98 ST/LENOX RD,214
34433947.0,CLARKSON AV/NOSTRAND AV,19
34172085.0,DYCKMAN ST/SHERMAN AV,69
34175118.0,CENTRE ST/BROOME ST,189
34181803.0,10 AV/W 45 ST,107
34183108.0,TOMPKINS AV/GREENE AV,126
34197959.0,BAINBRIDGE AV/RESERVOIR OVAL E,99
34202651.0,AMSTERDAM AV/W 93 ST,138
34468721.0,REMSEN AV/SEAVIEW AV,100
34478311.0,SMITH ST/UNION ST,87
34051551.0,JAMAICA AV/98 ST,34
34596961.0,SUTTER AV/FOUNTAIN AV,182
34600024.0,BROADWAY/GREENE AV,92
34603173.0,BRIGHTON BEACH AV/BRIGHTON 3 ST,199
34604981.0,HOYT AV SOUTH/31 ST,744
34478719.0,ADAM C POWELL BLVD/W 130 ST,73
34480008.0,NEW LOTS AV/BRADFORD ST,316
34485317.0,8 AV/W 52 ST,176
34485693.0,8 AV/W 52 ST,176
34205576.0,MESEROLE ST/LEONARD ST,162
34206567.0,GRAND ST/JACKSON ST,92
34230593.0,1 AV/E 82 ST,107
34231172.0,4 AV/53 ST,195
34234215.0,LINDEN BLVD/222 ST,269
34253845.0,LORIMER ST/GRAND ST,94
34485694.0,8 AV/W 52 ST,176
34485696.0,8 AV/W 52 ST,176
34485697.0,8 AV/W 52 ST,176
34485698.0,8 AV/W 52 ST,176
34485699.0,8 AV/W 52 ST,176
34485702.0,8 AV/W 52 ST,176
34485742.0,W 42 ST/AV OF THE AMERICAS,47
34487491.0,7 AV/W 55 ST,78
34616078.0,JAMAICA AV/98 ST,236
34620162.0,SPRINGFIELD BLVD/93 AV,189
34641992.0,MALCOLM X BLVD/W 122 ST,51
34651319.0,7 AV SOUTH/BEDFORD ST,94
34491852.0,7 AV/W 52 ST,130
34491916.0,7 AV/W 52 ST,130
34255449.0,BROADWAY/W 159 ST,60
34256727.0,MIDLAND AV/KISWICK ST,242
34258883.0,LINCOLN AV/SOUTH RAILROAD AV,149
34272580.0,SAINT JOHNS PL/ALBANY AV,165
34278935.0,RICHMOND TERR/WALL ST,202
34279388.0,W 145 ST/RIVERSIDE DR,143
34491918.0,7 AV/W 52 ST,130
34493830.0,JERSEY ST/HENDRICKS AV,420
34281515.0,BRIGHTON BEACH AV/BRIGHTON 6 ST,269
34287923.0,MADISON ST/OLIVER ST,85
34289855.0,MADISON AV/E 28 ST,74
34313601.0,WASHINGTON AV/PROSPECT PL,416
34315737.0,16 AV/ 42 ST,222
34510977.0,WASHINGTON AV/BERGEN ST,92
34656064.0,GRANDVIEW AV/METROPOLITAN AV,336
34659944.0,9 AV/W 20 ST,210
34667590.0,E 149 ST/TRINITY AV,116
34670672.0,VAN WYCK SOUTH SERVICE RD/BUILDING 90,16796
34673353.0,6 AV/W 51 ST,152
34517087.0,MADISON AV/E 28 ST,183
34535182.0,REMSEN AV/AVENUE N,392
34537321.0,1 AV/E 60 ST,57
34539406.0,REMSEN AV/SEAVIEW AV,256
34542125.0,GRAHAM AV/SEIGEL ST,230
34687035.0,GRAND AV/73 ST,1325
34705719.0,MANHATTAN AV/W 119 ST,74
34709283.0,FREDERICK DOUGLASS BLVD/W 121 ST,69
34718010.0,SARATOGA AV/ATLANTIC AV,71
34327434.0,DE KALB AV/WYCKOFF AV,124
34335995.0,AVENUE C/E 7 ST,86
34336135.0,LINDEN BLVD/VAN WYCK EXPWY,1727
34337267.0,CONEY ISLAND AV/CORTELYOU RD,397
34897863.0,8 AV/W 46 ST,153
34542550.0,S 4 ST/HEWES ST,154
34544360.0,3 AV/E 26 ST,83
34568831.0,FORT HAMILTON PKWY/90 ST,206
34592979.0,BOWERY/PRINCE ST,185
34592997.0,MORRIS AV/EAST MOUNT EDEN AV,226
34905459.0,21 ST/44 DR,148
34907049.0,NOSTRAND AV/WILLOUGHBY AV,96
34907354.0,BEDFORD AV/EMPIRE BLVD,46
34907479.0,5 AV/W 125 ST,101
34909026.0,FULTON ST/KINGSTON AV,57
34909594.0,3 AV/14 ST,92
34593016.0,COLUMBUS AV/W 78 ST,145
34737998.0,CONEY ISLAND AV/CORTELYOU RD,397
34738463.0,MALCOLM X BLVD/W 122 ST,105
34741981.0,41 AV/147 ST,158
34742861.0,CONEY ISLAND AV/CORTELYOU RD,397
34745490.0,ALBANY AV/CLARKSON AV,172
34746284.0,MONTROSE AV/LEONARD ST,130
34593055.0,COLUMBUS AV/W 78 ST,145
35154803.0,7 AV/W 55 ST,152
34784910.0,WYTHE AV/S 5 ST,45
35154913.0,7 AV/W 55 ST,152
35155873.0,HENDERSON AV/CLINTON AV,120
34926055.0,LEXINGTON AV/E 96 ST,118
34971449.0,E 34 ST/2 AV,45
34972982.0,E 34 ST/2 AV,22
35166718.0,6 AV/W 27 ST,81
34815470.0,W 8 ST/6 AV,31
34819702.0,CATON AV/E 3 ST,193
35172393.0,CLARKSON AV/ALBANY AV,92
34974475.0,JAMAICA AV/77 ST,168
34978738.0,n conduit av/95 st,1030
34980223.0,BOWERY/GRAND ST,143
34994129.0,BROADWAY/W 89 ST,146
35183293.0,7 AV/PROSPECT AV,115
35186258.0,LEXINGTON AV/E 28 ST,127
35186404.0,BUFFALO AV/SAINT MARKS AV,108
35191797.0,LEXINGTON AV/E 85 ST,121
34998955.0,E 34 ST/PARK AV,110
35000464.0,MADISON AV/E 37 ST,79
35005373.0,LEXINGTON AV/E 37 ST,189
35007394.0,OCEAN AV/QUENTIN RD,53
35012500.0,BROOKVILLE BL/147 DR,362
35197500.0,SPRINGFIELD BLVD/JAMAICA AV,255
34844071.0,MIDLAND AV/FREEBORN ST,240
34860207.0,JAMAICA AV/108 ST,328
34863999.0,GRAND AV/73 ST,1305
35203931.0,W 34 ST/DYER AV,159
35222567.0,REMSEN AV/SEAVIEW AV,61
35224560.0,GREENPOINT AV/47 ST,486
34866682.0,EAST NEW YORK AV/MONTGOMERY ST,203
34866786.0,AMSTERDAM AV/W 89 ST,102
34866897.0,SARATOGA AV/MARION ST,58
34868859.0,E 34 ST/3 AV,99
35025921.0,AMSTERDAM AV/W 89 ST,101
35026161.0,AMSTERDAM AV/W 89 ST,125
35038426.0,5 AV/W 31 ST,144
35043094.0,SOUTH CONDUIT AV/225 ST,406
35045823.0,WEBSTER AV/E 205 ST,138
35231370.0,3 AV/E 60 ST,218
35231916.0,THOMSON AV/VAN DAM ST,1673
35232819.0,3 AV/BAY RIDGE PKWY,190
35235212.0,57 AV/98 ST,147
35235326.0,WILSON AV/WOODBINE ST,94
35076834.0,THOMAS S BOYLAND ST/MACDONOUGH ST,88
35078721.0,JAMAICA AV/CLEVELAND ST,432
35081665.0,JAMAICA AV/78 ST,234
35085826.0,LINDEN BLVD/179 ST,356
35423560.0,1 AV/E 91 ST,62
35428996.0,E 49 ST/1 AV,61
35430378.0,SOUTH CONDUIT AV/225 ST,554
35431400.0,WEST HOUSTON ST/SULLIVAN ST,58
35454756.0,21 ST/BROADWAY,579
35235379.0,57 AV/JUNCTION BLVD,189
35236534.0,82 ST/ROOSEVELT AV,1419
35249458.0,MORRIS AV/E 163 ST,297
35254823.0,5 AV/W 118 ST,64
35114037.0,W 135 ST/RIVERSIDE DR,110
35258943.0,NOSTRAND AV/RUTLAND RD,93
35479956.0,MYRTLE AV/CARLTON AV,105
35490967.0,CHRISTOPHER ST/HUDSON ST,112
35491909.0,SUTTER AV/BRADFORD ST,343
35493937.0,1 AV/E 39 ST,169
35496842.0,EASTCHESTER RD/E 222 ST,91
35267276.0,82 ST/ROOSEVELT AV,1401
35267302.0,82 ST/ROOSEVELT AV,1121
35120222.0,21 ST/BROADWAY,713
35128367.0,VANDERBILT AV/FULTON ST,36
35136523.0,LINDEN BLVD/79 ST,549
35136809.0,LINDEN BLVD/79 ST,740
35269083.0,DE KALB AV/MALCOLM X BLVD,260
35497497.0,BERGEN ST/NEVINS ST,286
35509087.0,MYRTLE AV/CARLTON AV,232
35510876.0,9 AV/W 35 ST,244
35511098.0,9 AV/W 35 ST,258
35513883.0,8 AV/58 ST,62
35147929.0,ATLANTIC AV/HOYT ST,105
35149019.0,SANDS ST/JAY ST,43
35149180.0,JAY ST/CONCORD ST,178
35149282.0,JAY ST/CONCORD ST,227
35149452.0,JAY ST/CONCORD ST,18
35149540.0,WILSON AV/HIMROD ST,27
35149749.0,JAY ST/CONCORD ST,57
35304260.0,GREENPOINT AV/47 ST,963
35310193.0,44 DR/JACKSON AV,285
35315339.0,5 AV/SENATOR ST,90
35324178.0,5 AV/SENATOR ST,116
35520176.0,MALCOLM X BLVD/W 122 ST,151
35523432.0,MYRTLE AV/HART ST,77
35334728.0,KENT AV/N 6 ST,123
35154411.0,7 AV/W 55 ST,152
35154668.0,7 AV/W 55 ST,152
35683483.0,2 AV/E 78 ST,134
35684442.0,BROADWAY/W 140 ST,155
35354567.0,EUCLID AV/BLAKE AV,140
35536969.0,FRANKLIN AV/MYRTLE AV,270
35539586.0,28 ST/QUEENS PLAZA SOUTH,599
35539856.0,28 ST/QUEENS PLAZA SOUTH,599
35369883.0,HOYT AV/31 ST,949
35712515.0,LINDEN BLVD/VAN WYCK EXPWY,1727
35713310.0,7 AV/W 54 ST,74
35713334.0,W 57 ST/BROADWAY,121
35716479.0,BROADWAY/W 149 ST,12
35384123.0,SPRINGFIELD BLVD/SPRINGFIELD LN,548
35387629.0,EMPIRE BLVD/UTICA AV,206
35540158.0,28 ST/QUEENS PLAZA SOUTH,599
35540308.0,28 ST/QUEENS PLAZA SOUTH,455
35540417.0,28 ST/QUEENS PLAZA SOUTH,599
35545194.0,ROOSEVELT AV/COLLEGE POINT BLVD,32
35545434.0,6 AV/W 18 ST,38
35545525.0,5 AV/W 17 ST,150
35408266.0,FREDERICK DOUGLASS BLVD/W 152 ST,163
35719652.0,ADAM C POWELL BLVD/W 116 ST,83
35732634.0,NOSTRAND AV/BEVERLY RD,69
35766431.0,NOSTRAND AV/PACIFIC ST,128
35409445.0,LINDEN BLVD/SUTPHIN BLVD,940
35422599.0,NORTH BOUNDARY RD/FEDERAL EXPRESS,2410
35768873.0,BEDFORD AV/GREENE AV,76
35774669.0,NASSAU AV/ECKFORD ST,178
35995460.0,WATER ST/HANOVER SQ,25
35545595.0,6 AV/W 18 ST,43
35545650.0,5 AV/W 17 ST,140
35546298.0,PELHAM PKWY/WHITE PLAINS RD,316
35548721.0,DE KALB AV/EVERGREEN AV,123
35569130.0,EUCLID AV/BLAKE AV,118
35996222.0,ALLERTON AV/PEARSALL AV,267
35998531.0,EMMONS AV/E 28 ST,50
36004196.0,MAURICE AV/MASPETH AV,188
36036842.0,E 49 ST/3 AV,40
35797866.0,8 AV/W 46 ST,269
35806920.0,GRAND CONCOURSE/E FORDHAM RD,181
35808578.0,FLATLANDS AV/E 105 ST,541
35822763.0,DEAN ST/BEDFORD AV,10
35829570.0,NOSTRAND AV/WILLOUGHBY AV,185
35837998.0,FREDERICK DOUGLASS BLVD/W 113 ST,168
35575345.0,EUCLID AV/PITKIN AV,136
35579364.0,DRIGGS AV/N 7 ST,69
35580609.0,AVENUE A/E 5 ST,205
35581315.0,39 ST/FORT HAMILTON PKWY,222
35595727.0,FLUSHING AV/JOHNSON AV,88
36063144.0,NOSTRAND AV/GREENE AV,69
35840564.0,21 ST/30 AV,387
35840685.0,TROY AV/CARROLL ST,370
35843321.0,DRIGGS AV/S 4 ST,47
35863145.0,NOSTRAND AV/PROSPECT PL,110
35868549.0,E 34 ST/2 AV,130
36080023.0,MORRIS AV/EAST MOUNT EDEN AV,44
35599507.0,FULTON ST/HOWARD AV,221
35600877.0,39 ST/FORT HAMILTON PKWY,196
35601251.0,39 ST/FORT HAMILTON PKWY,205
35603341.0,2 AV/E 94 ST,122
35608098.0,W 178 ST/AUDUBON AV,21
35614233.0,VAN WYCK SOUTH SERVICE RD/BUILDING 90,16502
36085870.0,3 AV/E 173 ST,221
36101436.0,5 AV/83 ST,88
36108534.0,AMSTERDAM AV/W 86 ST,94
35875858.0,JAMAICA AV/78 ST,359
35876828.0,83 ST/ROOSEVELT AV,743
35878938.0,LAFAYETTE AV/LEWIS AV,195
35880719.0,BOWERY/PRINCE ST,157
35893569.0,AVENUE A/E 5 ST,124
35619073.0,SAINT MARKS PL/FORT PL,277
35646199.0,WEBSTER AV/E 182 ST,105
35654798.0,MORRIS AV/MOUNT EDEN PKWY,206
35655950.0,UNION TPKE/VLEIGH PL,478
36134670.0,FREDERICK DOUGLASS BLVD/W 152 ST,170
36137613.0,HALSEY ST/PATCHEN AV,77
35896695.0,LAFAYETTE AV/NOSTRAND AV,244
35898731.0,JAMAICA AV/78 ST,211
35901159.0,CENTRE ST/BROOME ST,210
35906886.0,CENTRE ST/BROOME ST,170
35907916.0,83 ST/ROOSEVELT AV,772
35914632.0,W 23 ST/8 AV,307
35915030.0,5 AV/WARREN ST,95
35917584.0,BROADWAY/DE KALB AV,106
35929196.0,7 AV/GARFIELD PL,292
36145317.0,VAN WYCK SOUTH SERVICE RD/BUILDING 90,14795
36274279.0,GREENPOINT AV/46 ST,1024
36300378.0,MALCOLM X BLVD/GREENE AV,8
36302523.0,7 AV/W 28 ST,167
36147561.0,CENTRE ST/GRAND ST,281
35934018.0,QUEENS BLVD/JAMAICA AV,285
35938640.0,FLATLANDS AV/E 92 ST,74
35944106.0,BOWERY/EAST HOUSTON ST,193
35962668.0,1 AV/E 52 ST,137
36315759.0,MURRAY ST/CHURCH ST,60
36315828.0,BROADWAY/THOMAS ST,99
36152646.0,NOSTRAND AV/BEVERLY RD,119
36197791.0,NOSTRAND AV/GREENE AV,81
36198348.0,SAINT JOHNS PL/ALBANY AV,138
35969545.0,THOMAS S BOYLAND ST/MACDONOUGH ST,138
36601199.0,BOWERY/GRAND ST,116
36322141.0,W 116 ST/SAINT NICHOLAS AV,176
36333124.0,ATLANTIC AV/SMITH ST,179
36354114.0,7 AV/6 ST,72
36359662.0,BOSTON RD/BOLLER AV,572
36370217.0,HALSEY ST/BROADWAY,182
36601571.0,BOWERY/GRAND ST,116
36603015.0,CLASSON AV/EASTERN PKWY,168
36618017.0,LORIMER ST/STAGG ST,147
36629436.0,FREDERICK DOUGLASS BLVD/W 138 ST,119
36236022.0,FULTON ST/CLINTON AV,219
36379279.0,PARK AV SOUTH/E 18 ST,127
36379292.0,BOWERY/KENMARE ST,11
36392997.0,1 AV/E 62 ST,41
36404568.0,E 86 ST/3 AV,101
36236515.0,BEDELL ST/BAISLEY BLVD,1329
36237732.0,8 AV/W 37 ST,226
36404684.0,CLEVELAND  PL/SPRING ST,228
36426788.0,NORTH CONDUIT AV/230 PL,526
36632562.0,18 AV/81 ST,241
36633354.0,BROADWAY/MADISON ST,76
36633369.0,NOSTRAND AV/AVENUE J,160
36640931.0,243 ST/HUXLEY ST,197
36239748.0,8 AV/W 37 ST,226
36454717.0,JAMAICA AV/78 ST,239
36455321.0,JAMAICA AV/78 ST,125
36455649.0,JAMAICA AV/77 ST,100
36456829.0,MANHATTAN AV/W 106 ST,113
36255541.0,8 AV/W 46 ST,75
36260895.0,2 AV/E 36 ST,159
36659812.0,DUMONT AV/MILFORD ST,65
36660274.0,DUMONT AV/MILFORD ST,61
36696860.0,FULTON ST/NOSTRAND AV,102
36698970.0,W 145 ST/RIVERSIDE DR,105
36753879.0,2 AV/E 6 ST,117
36267546.0,NEW DORP LN/FINLEY AV,217
36272957.0,FARMERS BLVD/140 AV,248
36477307.0,AVENUE H/E 52 ST,87
36485171.0,ASTORIA BLVD SOUTH/STEINWAY ST,293
36485642.0,BROADWAY/W 153 ST,88
36488148.0,WEST KINGSBRIDGE RD/KINGSBRIDGE TERR,58
36489561.0,BORDEN AV/39 PL,219
36501387.0,CLEVELAND  PL/SPRING ST,105
36513425.0,21 ST/BROADWAY,612
36974600.0,VAN WYCK SOUTH SERVICE RD/BUILDING 90,17147
36975161.0,CLASSON AV/PUTNAM AV,63
36981285.0,NEW LOTS AV/BERRIMAN ST,245
36762958.0,FARMERS BLVD/WESTGATE ST,66
36796156.0,BRADDOCK AV/WINCHESTER BLVD,270
36803276.0,8 AV/W 52 ST,187
36804299.0,LAFAYETTE AV/TOMPKINS AV,154
36813246.0,BROADWAY/W 225 ST,351
36815318.0,47 AV/196 ST,49
36998345.0,FLUSHING AV/MELROSE ST,153
36523682.0,ATLANTIC AV/134 ST,144
36525799.0,63 RD/102 ST,194
37011601.0,9 AV/W 46 ST,205
36561962.0,DE KALB AV/STUYVESANT AV,232
36836336.0,7 AV/18 ST,284
36838859.0,9 AV/W 52 ST,152
36839214.0,9 AV/W 55 ST,64
36839512.0,W 54 ST/11 AV,312
36839873.0,9 AV/W 55 ST,36
37019982.0,THOMAS S BOYLAND ST/BAINBRIDGE ST,46
37022153.0,UTICA AV/EMPIRE BLVD,114
37023920.0,E 20 ST/E 20 ST Loop,189
37048087.0,52 ST/4 AV,93
36571835.0,WEBSTER AV/E 197 ST,339
36585314.0,FLATLANDS AV/E 84 ST,268
36593724.0,YORK AV/E 72 ST,5895
37207174.0,BROADWAY/W 63 ST,71
37053079.0,W 42 ST/9 AV,180
36872628.0,FULTON ST/NOSTRAND AV,159
36875336.0,FULTON ST/NOSTRAND AV,62
36900144.0,BROADWAY/COOPER ST,293
36906533.0,FULTON ST/LAFAYETTE AV,63
37055580.0,YORK AV/E 69 ST,5914
37055877.0,EASTCHESTER RD/PELHAM PKWY SOUTH,82
36912362.0,3 AV/92 ST,76
36914033.0,2 AV/E 95 ST,71
36917552.0,WEBSTER AV/CLAREMONT PKWY,478
37056638.0,south conduit en eb/cohancy st,2777
37213303.0,E 14 ST/AVENUE B,161
37215278.0,LINDEN BLVD/SUTPHIN BLVD,392
37216159.0,21 ST/35 AV,699
37218076.0,63 DR/AUSTIN ST,1172
37240374.0,ALLERTON AV/PEARSALL AV,387
37057382.0,EAST NEW YORK AV/MONTGOMERY ST,201
37060250.0,NOSTRAND AV/EASTERN PKWY,61
36945647.0,1 AV/E 93 ST,85
37060607.0,NEW YORK AV/EASTERN PKWY,107
37074081.0,82 ST/ROOSEVELT AV,873
37079197.0,FORT WASHINGTON AV/W 165 ST,232
37082885.0,HALSEY ST/MALCOLM X BLVD,146
37083736.0,SUTTON PL/SUTTON SQ,119
37085182.0,FREDERICK DOUGLASS BLVD/W 112 ST,70
37085302.0,RALPH AV/AVENUE K,229
37086914.0,MARCY AV/S 4 ST,91
37247512.0,CHURCH AV/RUGBY RD,567
37250030.0,FREDERICK DOUGLASS BLVD/W 111 ST,55
37253565.0,NEW LOTS AV/BERRIMAN ST,52
37254729.0,ASTORIA BLVD/STEINWAY ST,221
37260475.0,63 RD/102 ST,205
37262517.0,ADAM C POWELL BLVD/W 119 ST,222
37494611.0,SENECA AV/BLEECKER ST,335
37528370.0,BROADWAY/HOOPER ST,8
37529321.0,AVENUE D/NEW YORK AV,181
37093438.0,CLARKSON AV/E 94 ST,198
37094204.0,W 14 ST/8 AV,17
37094209.0,1 AV/E 57 ST,159
37272016.0,WEST HOUSTON ST/SULLIVAN ST,121
37282283.0,E 97 ST/1 AV,176
37285128.0,3 AV/E 11 ST,55
37288147.0,GRAHAM AV/COOK ST,99
37291686.0,EAST TREMONT AV/PURDY ST,110
37094830.0,LEWIS AV/GREENE AV,88
37122162.0,ALLEN ST/E HOUSTON ST,95
37532017.0,DEAN ST/NOSTRAND AV,77
37532987.0,LEXINGTON AV/E 40 ST,104
37536591.0,PARSONS BLVD/ASH AV,330
37549695.0,BEDFORD AV/GREENE AV,196
37552522.0,WILLIAMSBRIDGE RD/ASTOR AV,368
37122437.0,EAST HOUSTON ST/FORSYTH ST,96
37122502.0,EAST HOUSTON ST/FORSYTH ST,132
37122566.0,1 AV/E 1 ST,116
37132673.0,DITMARS BLVD/31 DR,473
37297049.0,WEBSTER AV/E 204 ST,89
37297150.0,FRANKLIN AV/SAINT JOHNS PL,16
37300621.0,21 ST/BROADWAY,1080
37300828.0,21 ST/BROADWAY,1264
37316929.0,1 AV/E 93 ST,76
37138983.0,W 65 ST/CENTRAL PARK WEST,78
37557533.0,MAIN ST/ 82 DR,290
37561740.0,5 AV/UNION ST,273
37563342.0,1 AV/E 57 ST,148
37563932.0,1 AV/E 60 ST,124
37564878.0,MORRIS AV/E 172 ST,205
37585659.0,W 14 ST/7 AV,156
37588246.0,W 65 ST/CENTRAL PARK WEST,78
37589906.0,COLUMBUS AV/W 72 ST,114
37594699.0,GRAND AV/69 PL,37
37317473.0,21 ST/44 DR,258
37318064.0,GREENPOINT AV/44 ST,1796
37319489.0,W 106 ST/BROADWAY,63
37322150.0,BEDELL ST/BAISLEY BLVD,294
37322248.0,FRANKLIN AV/ATLANTIC AV,4
37322632.0,MURDOCK AV/194 ST,250
37325442.0,ALLERTON AV/PEARSALL AV,387
37153544.0,EAST BROADWAY/PIKE ST,17
37329889.0,1 AV/E 62 ST,104
37330856.0,37 AV/104 ST,600
37332720.0,2 AV/E 75 ST,164
37349383.0,7 AV/W 28 ST,167
37182088.0,GATES AV/PATCHEN AV,194
37598410.0,FREDERICK DOUGLASS BLVD/W 135 ST,147
37598495.0,NORTHERN BLVD/BELL BLVD,439
37624494.0,CHRISTOPHER ST/WAVERLY PL,95
37627715.0,ESSEX ST/GRAND ST,134
37630258.0,W 81 ST/COLUMBUS AV,119
37630778.0,BROADWAY/W 150 ST,54
37633552.0,FREDERICK DOUGLASS BLVD/W 141 ST,88
37634311.0,6 AV/W 23 ST,103
37187163.0,MANHATTAN AV/W 111 ST,16
37187259.0,21 ST/BROADWAY,1248
37200571.0,MANHATTAN AV/W 114 ST,16
37361653.0,CITY ISLAND AV/DITMARS ST,195
37371179.0,FULTON ST/UTICA AV,163
37397088.0,2 AV/E 103 ST,121
37404277.0,1 AV /E 4 ST,190
37807246.0,7 AV/W 28 ST,167
37648875.0,MARCUS GARVEY BLVD/MACDONOUGH ST,33
37688045.0,GRAND ST/ESSEX ST,55
37691827.0,W 50 ST/9 AV,17
37696099.0,3 AV/E 86 ST,68
37808381.0,7 AV/W 28 ST,167
37809572.0,CASTLETON AV/NORTH BURGHER AV,77
37816237.0,65 PL/53 DR,981
37818248.0,65 PL/53 DR,1261
37828655.0,FRANKLIN AV/LAFAYETTE AV,30
37424442.0,HOYT AV SOUTH/31 ST,1882
37428856.0,ROOSEVELT AV/COLLEGE POINT BLVD,224
37443671.0,MYRTLE AV/BUSHWICK AV,159
37446470.0,FULTON ST/HOWARD AV,212
37447065.0,FLATBUSH AV/CATON AV,9
37452873.0,METROPOLITAN AV/ALDERTON ST,637
37842610.0,BEDELL ST/BAISLEY BLVD,190
37855573.0,SAINT NICHOLAS AV/W 150 ST,94
37705884.0,BEDFORD AV/WILLOUGHBY AV,54
37706099.0,HALSEY ST/BROADWAY,147
37706464.0,KISSENA BLVD/HORACE HARDING EXPWY,179
37720576.0,BAY ST/PROSPECT ST,32
37720797.0,1 AV/E 64 ST,96
37722378.0,E 14 ST/1 AV,78
37723620.0,GREENPOINT AV/47 ST,568
37857475.0,MYRTLE AV/111 ST,63
37862092.0,SPRINGFIELD BLVD/104 AV,209
37862550.0,ASTORIA BLVD SOUTH/77 ST,1117
37462923.0,AVENUE L/E 86 ST,240
37486474.0,AMSTERDAM AV/W 69 ST,127
38134421.0,PARSONS BLVD/ASH AV,317
37879131.0,MALCOLM X BLVD/W 122 ST,99
37729855.0,5 AV/W 56 ST,100
37740667.0,E 97 ST/1 AV,182
37750065.0,149 AV/241 ST,6323
37750997.0,CENTRAL PARK WEST/W 87 ST,84
37887133.0,MYRTLE AV/BEDFORD AV,115
37889951.0,FORT WASHINGTON AV/W 181 ST,254
37890312.0,63 RD/102 ST,278
37891200.0,83 ST/ROOSEVELT AV,1171
37908288.0,9 AV/W 55 ST,152
37908313.0,9 AV/W 52 ST,168
37909386.0,CENTRAL PARK WEST/W 102 ST,93
38135970.0,NORTHERN BLVD/194 ST,59
38150817.0,CONEY ISLAND AV/AVENUE T,165
38161096.0,FORT WASHINGTON AV/W 171 ST,97
38161780.0,DECATUR ST/WYCKOFF AV,51
38161818.0,FORT WASHINGTON AV/W 168 ST,78
38164618.0,UTICA AV/LENOX RD,130
38166035.0,ROCKAWAY AV/DEAN ST,76
37779494.0,3 AV/23 ST,225
37785816.0,PARK AV/CARLTON AV,130
37798666.0,THOMAS S BOYLAND ST/SAINT MARKS AV,83
38481169.0,28 ST/QUEENS PLAZA SOUTH,599
37914207.0,3 AV/E 17 ST,117
37932566.0,BEDFORD AV/N 3 ST,194
37937595.0,FULTON ST/NOSTRAND AV,113
37941349.0,W 31 ST/6 AV,54
38486378.0,PEARL ST/FULTON ST,113
38496782.0,ROCKAWAY PKWY/AVENUE L,292
38513011.0,GATES AV/BEDFORD AV,141
38178779.0,JAMAICA AV/CYPRESS HILLS ST,214
38186479.0,FARMERS BLVD/122 AV,134
38186786.0,ATLANTIC AV/SCHENCK AV,194
38217247.0,21 ST/35 AV,1003
38226783.0,SCHENECTADY AV/LEFFERTS AV,78
37942657.0,7 AV/W 28 ST,167
37943502.0,149 AV/241 ST,6327
37943668.0,BEDFORD AV/WINTHROP ST,65
37944508.0,BROADWAY/ABERDEEN ST,336
37944546.0,149 AV/241 ST,6745
38515796.0,YORK AV/E 72 ST,5909
38519757.0,MORRIS AV/E 165 ST,108
38521231.0,WYCKOFF AV/MENAHAN ST,91
38522188.0,NORTHERN BLVD/194 ST,84
38522224.0,FRANCIS LEWIS BLVD/256 ST,353
37971614.0,SUTTER AV/MILLER AV,138
38235141.0,ATLANTIC AV/76 ST,268
38236354.0,SCHENECTADY AV/LEFFERTS AV,78
38236463.0,MONTROSE AV/BUSHWICK AV,169
38239421.0,JFK AIRPORT/TERMINAL 8,5966
38261496.0,21 ST/35 AV,1054
37984597.0,SAINT MARKS PL/AVENUE A,198
37986967.0,ALBANY AV/ATLANTIC AV,98
37988664.0,MCDONALD AV/GREENWOOD AV,226
38535656.0,BROOKLYN AV/FULTON ST,66
38542488.0,1 AV/E 60 ST,63
38546708.0,1 AV/E 62 ST,95
38547165.0,1 AV/E 60 ST,120
37988953.0,ROCKAWAY PKWY/WINTHROP ST,229
37989689.0,AVENUE U/CONEY ISLAND AV,189
38281533.0,VAN WYCK SOUTH SERVICE RD/BUILDING 90,16998
38284238.0,AVENUE U/E 13 ST,243
38285454.0,FULTON ST/BROOKLYN AV,249
38291768.0,E 49 ST/1 AV,314
38296895.0,ASTORIA BLVD/STEINWAY ST,1247
38299089.0,E 86 ST/3 AV,179
37992636.0,1 AV/E 62 ST,101
37993547.0,YORK AV/E 60 ST,167
38553463.0,YORK AV/E 60 ST,75
38559180.0,COLUMBUS AV/W 106 ST,229
38573589.0,WESTCHESTER AV/E 156 ST,447
38575019.0,E 14 ST/IRVING PL,60
38575482.0,1 AV/E 62 ST,77
38584270.0,1 AV/E 60 ST,136
38584439.0,YORK AV/E 60 ST,128
38020017.0,HARDING AV/CALHOUN AV,124
38024356.0,NOSTRAND AV/BERGEN ST,119
38316335.0,ALLERTON AV/FISH AV,353
38317957.0,EAST GUN HILL RD/PAULDING AV,325
38323529.0,UNION ST/NORTHERN BLVD,24
38359468.0,SPRINGFIELD BLVD/111 RD,213
38600017.0,FREDERICK DOUGLASS BLVD/W 150 ST,45
38603451.0,3 AV/E 77 ST,4
38609434.0,KINGS HWY/TILDEN AV,237
38617525.0,KISSENA BLVD/BOOTH MEMORIAL AV,134
38617814.0,THROOP AV/FULTON ST,64
38619451.0,KISSENA BLVD/ELDER AV,149
38623036.0,E 241 ST/BAYCHESTER AV,503
38624089.0,60 ST/7 AV,197
38048018.0,BROADWAY/W 185 ST,194
38379068.0,CENTRAL PARK NORTH/ADAM C POWELL BLVD,177
38385758.0,BROADWAY/WYTHE AV,45
38624335.0,1 AV/E 62 ST,132
38624428.0,1 AV/E 60 ST,124
38624439.0,1 AV/E 60 ST,363
38624988.0,1 AV/E 62 ST,134
38625166.0,YORK AV/E 60 ST,42
38625308.0,1 AV/E 60 ST,337
38097887.0,E 34 ST/3 AV,57
38390957.0,LEXINGTON AV/E 104 ST,171
38404770.0,WATER ST/MAIDEN LN,87
38413549.0,CATHEDRAL PKWY/FREDERICK DOUGLASS BLVD,42
38428035.0,FULTON ST/BROOKLYN AV,249
38437629.0,HALSEY ST/MALCOLM X BLVD,167
38645543.0,CROPSEY AV/BAY 46 ST,104
38645666.0,LILY POND AV/McCLEAN AV,111
38646409.0,101 ST/31 AV,242
38664426.0,LINDEN BLVD/LOGAN ST,152
38666081.0,DE KALB AV/THROOP AV,11
38670210.0,YORK AV/E 60 ST,76
38134394.0,COOPER ST/CENTRAL AV,245
38674685.0,PEARL ST/FULTON ST,201
38697036.0,COURT ST/NELSON ST,241
38778121.0,MORRISON AV/WESTCHESTER AV,264
38454938.0,W 81 ST/COLUMBUS AV,128
38456362.0,FLATLANDS AV/SCHENECTADY AV,147
38461525.0,W 106 ST/BROADWAY,85
38462360.0,AVENUE C/E 8 ST,48
38780110.0,47 AV/196 ST,109
38799098.0,WEBSTER AV/E 173 ST,206
38704688.0,MADISON ST/PIKE ST,95
38707413.0,NEW YORK AV/PACIFIC ST,164
38725189.0,BEMENT AV/CARY AV,400
38747830.0,2 AV/E 46 ST,50
38802035.0,2 AV/E 116 ST,90
38469091.0,BEDELL ST/127 AV,1137
38477712.0,WILSON AV/MYRTLE AV,119
38480777.0,WATER ST/JOHN ST,88
38481108.0,BROADWAY/W 69 ST,155
38811858.0,REMSEN AV/AVENUE B,99
38812729.0,ROCKAWAY PKWY/AVENUE L,570
39023096.0,HUDSON ST/BETHUNE ST,78
39023376.0,8 AV/BLEECKER ST,125
39023600.0,8 AV/BLEECKER ST,83
39024243.0,8 AV/W 4 ST,189
38817916.0,5 AV/PROSPECT PL,154
38826956.0,5 AV/83 ST,95
38827616.0,5 AV/81 ST,67
39289019.0,WEBSTER AV/E 173 ST,285
39299540.0,NOSTRAND AV/EMPIRE BLVD,90
39301619.0,LEWIS AV/GATES AV,241
39302944.0,MERRICK BLVD/231 ST,86
39313969.0,MURDOCK AV/200 ST,118
38831666.0,E 86 ST/3 AV,101
38835934.0,DE KALB AV/KNICKERBOCKER AV,218
39024944.0,8 AV/W 4 ST,64
39031849.0,E 110 ST/MADISON AV,66
39033318.0,SAINT JOHNS PL/TROY AV,165
39034248.0,MURDOCK AV/204 ST,45
38839819.0,FORT WASHINGTON AV/W 174 ST,98
38846563.0,7 AV/W 28 ST,167
38849102.0,7 AV/W 17 ST,94
38850758.0,3 AV/E 45 ST,173
39036887.0,6 AV/SPRING ST,102
39059931.0,MADISON AV/E 91 ST,93
39074638.0,HALSEY ST/HOWARD AV,227
39330170.0,WEBSTER AV/E 204 ST,107
39332857.0,PUTNAM AV/FOREST AV,103
39340734.0,Gowanus Exp./Hicks St (N.B.),418
39345548.0,MERRICK BLVD/116 AV,272
39355943.0,WHITE PLAINS RD/E 225 ST,15
38866096.0,FOREST AV/NORTH BURGHER AV,146
38866268.0,ROCKAWAY AV/MARION ST,88
38871574.0,BROADWAY/DELAFIELD AV,219
38871661.0,WILLIAMSBRIDGE RD/PIERCE AV,186
38875424.0,2 AV/E 75 ST,163
39363832.0,HOYT AV SOUTH/31 ST,927
39380947.0,BEDELL ST/127 AV,1328
39381034.0,MALCOLM X BLVD/MADISON ST,83
39081829.0,COVERT ST/WYCKOFF AV,80
39083120.0,HENDERSON AV/CLINTON AV,175
39083245.0,2 AV/E 75 ST,62
39106226.0,MALCOLM X BLVD/W 127 ST,45
39113138.0,EAST TREMONT AV/ANTHONY AV,312
39114171.0,65 PL/53 DR,1074
38879859.0,WILLIAMSBRIDGE RD/PIERCE AV,82
38880744.0,FORT WASHINGTON AV/W 170 ST,172
38900328.0,BROADWAY/W 102 ST,156
38902678.0,EDGECOMBE AV/W 155 ST,126
38908592.0,9 AV/W 35 ST,73
39123850.0,5 AV/81 ST,245
39125813.0,AMBOY RD/BAYVIEW AV,273
39126741.0,LINDEN BLVD/CRESCENT ST,168
39128021.0,2 AV/E 75 ST,62
39146442.0,EAST TREMONT AV/OVERING ST,84
39149013.0,LAFAYETTE AV/BEDFORD AV,135
39386691.0,CONEY ISLAND AV/SLOCUM PL,286
39395456.0,BEDELL ST/127 AV,1203
39411592.0,HORACE HARDING EXPWY/172 ST,234
39413681.0,COLUMBUS AV/W 80 ST,54
38910508.0,lincoln tnl app/lincoln tnl app,202
38924473.0,SANDS ST/JAY ST,61
38930954.0,7 AV/STERLING PL,177
38931289.0,MYRTLE AV/DE KALB AV,90
38932995.0,NEW YORK AV/PACIFIC ST,68
39435705.0,2 AV/E 25 ST,55
39435760.0,2 AV/E 25 ST,54
39435765.0,3 AV/E 26 ST,69
38947926.0,FOREST AV/SANDERS ST,299
38954037.0,FORT WASHINGTON AV/W 172 ST,511
39153457.0,COLUMBUS AV/W 94 ST,112
39169415.0,GRAND ST/GRAHAM AV,234
39174155.0,DRIGGS AV/N 7 ST,55
39176524.0,FLATBUSH AV/CLARENDON RD,222
39176548.0,5 AV/15 ST,207
39177041.0,149 AV/241 ST,6381
39435773.0,2 AV/E 28 ST,28
39435811.0,2 AV/E 25 ST,106
39435835.0,3 AV/E 26 ST,153
38956772.0,LEXINGTON AV/E 50 ST,17
38956793.0,LEXINGTON AV/E 40 ST,167
38956835.0,LEXINGTON AV/E 37 ST,81
38956889.0,LEXINGTON AV/E 37 ST,68
38975498.0,1 AV/E 82 ST,147
39189765.0,MANHATTAN AV/W 113 ST,174
39191142.0,E 86 ST/3 AV,101
39193812.0,MALCOLM X BLVD/W 137 ST,130
39194327.0,FRANKLIN AV/MADISON ST,57
39196417.0,2 AV/E 75 ST,62
38978229.0,8 AV/W 17 ST,250
38978429.0,W 8 ST/6 AV,160
39449814.0,ADAM C POWELL BLVD/W 121 ST,59
39464655.0,LEXINGTON AV/E 110 ST,169
38980221.0,RALPH AV/MACDONOUGH ST,109
38983890.0,LEWIS AV/JEFFERSON AV,128
39483179.0,47 AV/196 ST,84
39484704.0,2 AV/E 25 ST,86
39485765.0,HOYT AV SOUTH/31 ST,218
38996102.0,COOPER ST/CENTRAL AV,127
39199781.0,ESSEX ST/EAST BROADWAY,60
39199816.0,STERLING PL/BEDFORD AV,119
39229191.0,ELLSWORTH AV/SCHLEY AV,217
39243894.0,W 54 ST/11 AV,16
38997592.0,15 ST/8 AV,129
39507366.0,MYRTLE AV/EVERGREEN AV,109
39507856.0,JENNINGS ST/BRYANT AV,47
39508474.0,W 106 ST/BROADWAY,163
39517970.0,NOSTRAND AV/MAPLE ST,105
39526252.0,ADAM C POWELL BLVD/W 123 ST,177
38999862.0,TOMPKINS AV/GREENE AV,149
39001725.0,CATON AV/SAINT PAULS PL,166
39253388.0,CLINTON AV/PARK AV,348
39257912.0,108 ST/VAN CLEEF ST,352
39269487.0,AVENUE U/E 13 ST,297
39005390.0,NOSTRAND AV/PUTNAM AV,145
39016717.0,ROGERS AV/LINCOLN PL,100
39022484.0,8 AV/W 4 ST,64
39526281.0,AVENUE H/E 52 ST,183
39528624.0,WYTHE AV/N 9 ST,79
39531655.0,BERGEN ST/HOYT ST,287
39535241.0,KINGSLAND AV/SKILLMAN AV,58
39535604.0,MYRTLE AV/THROOP AV,150
39965266.0,MARCY AV/S 2 ST,147
39969287.0,WOODPOINT RD/CONSELYEA ST,29
39280356.0,149 AV/241 ST,6364
39820168.0,FRESH POND RD/LINDEN ST,155
39833359.0,ASTORIA BLVD SOUTH/STEINWAY ST,854
39839813.0,DIVISION AV/BERRY ST,185
39971399.0,JACKSON AV/47 AV,113
39535849.0,FLATBUSH AV/CATON AV,65
39537097.0,HOYT AV/31 ST,628
39537553.0,W 42 ST/11 AV,23
39543637.0,13 AV/77 ST,133
39553672.0,E 97 ST/1 AV,192
40009594.0,COLUMBUS AV/W 94 ST,119
39849765.0,1 AV/E 62 ST,139
39850284.0,SUTTON PL/SUTTON SQ,137
39858506.0,7 AV/W 55 ST,75
40011270.0,BROADWAY/MYRTLE AV,147
39554590.0,MADISON ST/JEFFERSON ST,119
39556673.0,OLD FULTON ST/HICKS ST,426
39559324.0,FLATBUSH AV/CLARKSON AV,140
40028007.0,1 AV/E 77 ST,75
39860062.0,RIVERSIDE DR/W 77 ST,166
39860155.0,AMSTERDAM AV/W 75 ST,62
39860690.0,E 32 ST/5 AV,61
39860936.0,LEXINGTON AV/E 31 ST,195
39861059.0,MADISON AV/E 33 ST,97
39861127.0,E 32 ST/5 AV,191
39861182.0,MADISON AV/E 30 ST,57
40035713.0,FREDERICK DOUGLASS BLVD/W 123 ST,178
40040224.0,ROCKAWAY PKWY/AVENUE L,328
39861293.0,MADISON AV/E 30 ST,78
39861458.0,MADISON AV/E 30 ST,91
39862209.0,BROADWAY/WALKER ST,173
39866812.0,COZINE AV/CRESCENT ST,127
39869406.0,BEDFORD AV/GREENE AV,67
40047091.0,8 AV/W 49 ST,176
39872100.0,SAINT MARKS PL/1 AV,58
39878065.0,3 AV/E 82 ST,89
39878087.0,8 AV/W 49 ST,176
39878204.0,8 AV/W 49 ST,176
39587759.0,E 80 ST/PAERDEGAT 7 ST,277
39598996.0,WILSON AV/COOPER ST,134
39603229.0,E 49 ST/1 AV,127
39603782.0,NORTHERN BLVD/232 ST,839
39606161.0,HORACE HARDING EXPWY/188 ST,308
39610139.0,3 AV/E 45 ST,204
39612224.0,BRONXWOOD AV/E 216 ST,214
40062883.0,ROCKAWAY PKWY/AVENUE M,406
40067442.0,FOREST AV/WOODBINE ST,154
40068404.0,5 AV/12 ST,260
40080502.0,TOMPKINS AV/PUTNAM AV,63
39878798.0,1 AV/E 93 ST,65
39878837.0,2 AV/E 28 ST,110
39879250.0,3 AV/E 93 ST,68
39888686.0,E 14 ST/AVENUE A,77
40083498.0,W 86 ST/CENTRAL PK WEST,177
40092387.0,HOLLIS AV/198 ST,62
40092482.0,E 14 ST/2 AV,8
39627703.0,SCHAEFER ST/CENTRAL AV,70
39627727.0,WATER ST/JOHN ST,218
39630152.0,NEW YORK AV/CARROLL ST,122
40095318.0,PUTNAM AV/FOREST AV,101
40103744.0,SENECA AV/BLEECKER ST,158
40107156.0,SUTTER AV/VAN SICLEN AV,135
39894957.0,HARRISON PL/MORGAN AV,69
39896685.0,NEW YORK AV/MIDWOOD ST,298
39899915.0,GRAND CONCOURSE/E 163 ST,219
39903508.0,RICHMOND AV/TRAVIS AV,317
39916681.0,FLATBUSH AV/CHESTER CT,106
39919408.0,GATES AV/MALCOLM X BLVD,57
39920610.0,LEXINGTON AV/E 34 ST,85
39634396.0,CENTRAL PARK WEST/W 104 ST,78
39647259.0,E 125 ST/3 AV,56
39651899.0,SMITH ST/DOUGLASS ST,55
39671310.0,W 86 ST/COLUMBUS AV,98
40137674.0,TOMPKINS AV/DEKALB AV,123
39696136.0,8 AV/W 14 ST,102
39699359.0,CITY ISLAND AV/KILROE ST,341
39703272.0,FRANKLIN ST/GREENPOINT AV,139
39717041.0,7 AV/BERKELEY PL,257
39725627.0,3 AV/E 33 ST,59
39921961.0,CHURCH ST/CHAMBERS ST,40
39922049.0,CHAMBERS ST/HUDSON ST,68
39922192.0,MURRAY ST/WEST BROADWAY,62
40154152.0,WHITE PLAINS RD/EAST GUN HILL RD,295
40158019.0,WYTHE AV/S 3 ST,59
39749416.0,E 96 ST/3 AV,82
39749681.0,E 96 ST/3 AV,38
39922527.0,CHURCH ST/WARREN ST,50
39922635.0,CHAMBERS ST/HUDSON ST,140
39929061.0,AMSTERDAM AV/W 158 ST,77
39930214.0,EAST HOUSTON ST/NORFOLK ST,184
40182687.0,W 106 ST/BROADWAY,23
39767080.0,HORACE HARDING EXPWY/136 ST,254
39777590.0,69 ST/59 DR,88
39781222.0,1 AV/SAINT MARKS PL,167
39940831.0,8 AV/W 49 ST,176
39950446.0,AMSTERDAM AV/W 120 ST,100
39950578.0,FRANKLIN AV/WILLOUGHBY AV,233
39951152.0,AMSTERDAM AV/W 123 ST,69
40198915.0,HOYT AV SOUTH/31 ST,1541
40203774.0,BROOKLYN AV/BERGEN ST,17
40215699.0,BROADWAY/THOMAS ST,99
40223498.0,BEDFORD AV/GATES AV,174
40228352.0,HALSEY ST/EVERGREEN AV,285
40674094.0,MALCOLM X BLVD/HALSEY ST,6
39954574.0,ESSEX ST/DELANCEY ST,218
40447283.0,WILSON AV/GEORGE ST,248
40448201.0,CENTRAL PARK WEST/W 87 ST,93
40454134.0,EAST TREMONT AV/WATERBURY AV,64
40239419.0,8 AV/W 52 ST,111
40239461.0,LEWIS AV/JEFFERSON AV,103
40247800.0,BROADWAY/W 91 ST,67
40261940.0,3 AV/E 53 ST,56
40680003.0,FREDERICK DOUGLASS BLVD/W 148 ST,151
40681398.0,PROSPECT AV/RITTER PL,396
40468300.0,FLUSHING AV/NORTH PORTLAND AV,470
40474055.0,W 145 ST/SAINT NICHOLAS AV,83
40683527.0,ATLANTIC AV/BRADFORD ST,160
40491893.0,AVENUE D/E 6 ST,171
40501316.0,21 ST/41 AV,343
40264373.0,PUTNAM AV/FOREST AV,229
40289316.0,VAN WYCK SOUTH SERVICE RD/BUILDING 90,17159
40292818.0,LAFAYETTE AV/OLMSTEAD AV,214
40699072.0,SOUTH GANNON AV/ARDMORE AV,199
40301903.0,2 AV/E 82 ST,74
40302589.0,CENTRE ST/BROOME ST,203
40304242.0,UTICA AV/AVENUE I,229
40511239.0,METROPOLITAN AV/UNION AV,76
40529147.0,120 AV/NASHVILLE BLVD,79
40704904.0,10 AV/W 23 ST,54
40316923.0,ATLANTIC AV/LEFFERTS BLVD,274
40335341.0,MANHATTAN AV/W 121 ST,71
40721922.0,MURRAY ST/CHURCH ST,60
40535865.0,COURT ST/SACKETT ST,52
40725405.0,HALSEY ST/EVERGREEN AV,144
40728239.0,LEXINGTON AV/E 102 ST,165
40731114.0,COURT ST/SCHERMERHORN ST,183
40335381.0,ROCKAWAY PKWY STA/GLENWOOD RD,366
40335468.0,NOSTRAND AV/KOSCIUSKO ST,167
40339942.0,DITMARS BLVD/27 AV,291
40344826.0,E 97 ST/1 AV,106
40345364.0,MANHATTAN AV/W 113 ST,168
40734111.0,JERSEY ST/LAYTON AV,195
40565556.0,W 49 ST/9 AV,72
40576966.0,ADAM C POWELL BLVD/W 122 ST,88
40591061.0,NEW YORK AV/TILDEN AV,339
40736481.0,EAST GUN HILL RD/BAINBRIDGE AV,132
40737415.0,FLATLANDS AV/E 88 ST,173
40739293.0,YORK AV/E 60 ST,35
40744843.0,ALBANY AV/FENIMORE ST,491
40748884.0,VAN BUREN ST/BROADWAY,198
40608762.0,GREENPOINT AV/47 ST,629
40611604.0,n conduit av/95 st,705
40350292.0,GREENPOINT AV/HUMBOLDT ST,367
40376349.0,WYTHE AV/N 6 ST,90
40754270.0,FULTON ST/ASHLAND PL,90
40756575.0,9 ST/8 AV,5
40758693.0,CHURCH AV/E 96 ST,290
40759693.0,NEW LOTS AV/BRADFORD ST,255
40391410.0,10 AV/W 30 ST,99
40396854.0,CHURCH AV/E 93 ST,161
40397243.0,FOREST AV/WOODBINE ST,66
40399598.0,FOREST AV/WOODBINE ST,62
40403927.0,ROCKAWAY PKWY/GLENWOOD RD,25
40405567.0,MANHATTAN AV/W 122 ST,112
40406049.0,BOWERY/KENMARE ST,186
40424606.0,SAINT MARKS PL/AVENUE A,27
40790813.0,PARSONS BLVD/20 AV,252
40794509.0,EMMONS AV/FORD ST,149
40796348.0,SAINT JOHNS PL/NOSTRAND AV,187
40660322.0,RIVERSIDE DR/W 144 ST,113
40846105.0,FOREST AV/WOODBINE ST,28
40861640.0,CENTRAL PARK SOUTH/6 AV,200
40797425.0,BEDFORD AV/CLARENDON RD,158
40797714.0,BEDFORD AV/AVENUE D,158
40425172.0,FULTON ST/WASHINGTON AV,143
41023393.0,SAINT ANN'S AV/E 146 ST,399
41033943.0,GREENPOINT AV/47 ST,122
41036360.0,FULTON ST/EASTERN PKWY,185
40799715.0,E 72 ST/2 AV,148
40816175.0,DITMARS BLVD/27 AV,271
40816977.0,BAYVIEW AV/W 36 ST,105
40869871.0,WATER ST/JOHN ST,255
40873601.0,DE KALB AV/BOND ST,211
40873866.0,NEW LOTS AV/GEORGIA AV,202
40874667.0,PENNSYLVANIA AV/HEGEMAN AV,308
40824219.0,GREENPOINT AV/47 ST,582
40824301.0,GRAHAM AV/AINSLIE ST,115
41047753.0,W 42 ST/11 AV,120
41048681.0,ROCKAWAY AV/PACIFIC ST,62
41069298.0,82 ST/ROOSEVELT AV,1273
40825740.0,KINGSTON AV/PROSPECT PL,66
40887882.0,LEXINGTON AV/E 94 ST,96
40891496.0,THROOP AV/HART ST,122
40843980.0,ATLANTIC AV/WOODHAVEN BLVD,735
41343124.0,JAMAICA AV/LOGAN ST,418
40896611.0,LEXINGTON AV/E 40 ST,104
40897658.0,CENTRAL PARK WEST/W 88 ST,99
40900757.0,PARK AV/WASHINGTON AV,82
41075946.0,BOSTON RD/ADEE AV,171
41078843.0,WYCKOFF AV/HIMROD ST,194
41082801.0,W 31 ST/6 AV,97
41107092.0,5 AV/W 32 ST,143
41348789.0,FULTON ST/FORT GREENE PL,125
41352166.0,FULTON ST/TOMPKINS AV,241
41353712.0,MALCOLM X BLVD/GREENE AV,297
41354388.0,GREENPOINT AV/MANHATTAN AV,34
41108306.0,FLUSHING AV/JOHNSON AV,226
41109712.0,W 34 ST/BROADWAY,203
41123624.0,NORTH BOUNDARY RD/FEDERAL EXPRESS,2444
41124781.0,18 AV/E 5 ST,348
41127989.0,5 AV/W 32 ST,138
40905066.0,EAST HOUSTON ST/CLINTON ST,389
40911813.0,DE KALB AV/SENECA AV,104
40912721.0,5 AV/UNION ST,74
40915004.0,FAIRVIEW AV/PUTNAM AV,106
41365538.0,CENTRAL PARK SOUTH/6 AV,47
41367371.0,WYTHE AV/S 3 ST,122
41369046.0,CENTRAL PARK SOUTH/6 AV,44
41371194.0,W 57 ST/5 AV,138
41373193.0,W 57 ST/6 AV,229
41374977.0,FRESH POND RD/METROPOLITAN AV,55
40922585.0,THROOP AV/HART ST,126
40922899.0,TOMPKINS AV/WILLOUGHBY AV,173
40926567.0,E 97 ST/1 AV,191
40930849.0,21 ST/BROADWAY,1487
41146307.0,MADISON ST/JEFFERSON ST,199
41151871.0,TOMPKINS AV/GATES AV,99
41173094.0,MAIN ST/BOOTH MEMORIAL AV,70
41383676.0,FLATBUSH AV/BEVERLY RD,379
41395190.0,7 AV/W 23 ST,226
41399557.0,LEXINGTON AV/E 110 ST,186
40944094.0,82 ST/ROOSEVELT AV,1385
40944374.0,W 31 ST/6 AV,92
40946694.0,2 AV/E 75 ST,62
41420151.0,FRANKLIN ST/CALYER ST,118
41175544.0,W 179 ST/BROADWAY,47
41175790.0,EAST NEW YORK AV/SCHENECTADY AV,492
41178612.0,BOWERY/CANAL ST,315
41212093.0,FULTON ST/GRAND AV,346
41215964.0,FULTON ST/ROCKAWAY AV,175
41226843.0,VAN WYCK SOUTH SERVICE RD/BUILDING 90,15647
41425597.0,E 49 ST/LEXINGTON AV,140
41425624.0,E 49 ST/LEXINGTON AV,134
41430801.0,FARMERS BLVD/JORDAN AV,388
41431376.0,ROGERS AV/WINTHROP ST,119
41234346.0,NOSTRAND AV/CARROLL ST,102
41257755.0,W 54 ST/11 AV,16
41258335.0,FREEMAN ST/MANHATTAN AV,353
41433498.0,8 AV/W  56 ST,192
40952752.0,ROEBLING ST/S 8 ST,80
40971681.0,LEWIS AV/WILLOUGHBY AV,123
41433641.0,MORRIS PARK AV/WILLIAMSBRIDGE RD,335
41453338.0,GLENWOOD RD/E 34 ST,60
41454887.0,WEST HOUSTON ST/SULLIVAN ST,118
41466873.0,3 AV/E 91 ST,136
41472347.0,FRANKLIN ST/GREENPOINT AV,68
41473245.0,6 AV/W 29 ST,174
41474950.0,6 AV/W 29 ST,170
41475250.0,W 31 ST/6 AV,43
41484977.0,HALSEY ST/STUYVESANT AV,62
41485666.0,EAST NEW YORK AV/ALABAMA AV,104
41262660.0,21 ST/35 AV,1196
41268569.0,1 AV/E 82 ST,110
41274329.0,8 AV/47 ST,193
41285370.0,W 57 ST/9 AV,68
41289512.0,W 34 ST/BROADWAY,197
41295029.0,8 AV/W 17 ST,70
41295300.0,101 ST/31 AV,286
41295524.0,DEAN ST/KINGSTON AV,34
40992950.0,ALLEN ST/DELANCEY ST,135
41004775.0,HILLSIDE AV/163 ST,475
41007370.0,CASTLETON AV/BARKER ST,214
41008859.0,METROPOLITAN AV/RODNEY ST,45
41009396.0,NORTHERN BLVD/CORPORAL KENNEDY ST,493
41012815.0,HALSEY ST/EVERGREEN AV,317
41494959.0,W 135 ST/BROADWAY,136
41496552.0,HALSEY ST/BROADWAY,27
41502786.0,2 AV/E 46 ST,132
41301073.0,MALCOLM X BLVD/GREENE AV,186
41321694.0,VAN WYCK SOUTH SERVICE RD/BUILDING 90,16785
41322723.0,GRAND ST/LORIMER ST,73
41323959.0,W 81 ST/CENTRAL PARK WEST,222
41504521.0,HALSEY ST/LEWIS AV,201
41506185.0,2 AV/E 25 ST,86
41507050.0,2 AV/E 25 ST,86
41021292.0,BELL BLVD/41 AV,14
41637801.0,W 86 ST/CENTRAL PK WEST,254
41642747.0,MERRICK BLVD/221 ST,699
41647808.0,EAST TREMONT AV/ANTHONY AV,196
41527827.0,VAN WYCK SOUTH SERVICE RD/BUILDING 90,16434
41529631.0,MANHATTAN AV/MESEROLE AV,223
41531671.0,6 AV/W 31 ST,17
41538377.0,FREDERICK DOUGLASS BLVD/W 152 ST,65
41552434.0,PELHAM PKWY/THROOP AV,270
41336712.0,9 AV/W 59 ST,51
41959506.0,FULTON ST/HOWARD AV,155
41964371.0,JAMAICA AV/98 ST,397
41976399.0,21 ST/BROADWAY,553
41665066.0,GRAHAM AV/RICHARDSON ST,84
41666160.0,9 AV/W 28 ST,150
41670159.0,2 AV/E 6 ST,103
41681691.0,W 116 ST/ADAM C POWELL BLVD,96
41686149.0,MARCY AV/METROPOLITAN AV,116
41564056.0,3 AV/E 31 ST,142
41567947.0,FLUSHING AV/HARRISON PL,319
41568108.0,LAMBERTS LN/MAY AV,314
41978804.0,BROADWAY/EASTERN PKWY,361
41997438.0,W 34 ST/9 AV,1
41997469.0,W 34 ST/9 AV,1
41997496.0,E 50 ST/2 AV,130
41997533.0,WATER ST/JOHN ST,265
41585180.0,2 AV/E 75 ST,62
41592296.0,BEDFORD AV/N 12 ST,82
42002291.0,QUEENS BLVD/87 AV,553
41692454.0,NORTH BOUNDARY RD/FEDERAL EXPRESS,2383
41710457.0,TOMPKINS AV/GREENE AV,151
41712212.0,NEW YORK AV/PACIFIC ST,53
41712314.0,DE KALB AV/WASHINGTON AV,78
41720005.0,FLATBUSH AV/GRAND ARMY PLAZA,321
41593430.0,OCEAN AV/AVENUE H,56
41609145.0,MURRAY ST/CHURCH ST,60
41614248.0,CASTLETON AV/WOODSTOCK AV,220
42015560.0,3 AV/E 26 ST,157
42015995.0,BROOKLYN-QUEENS EXPWY/47 ST,100
42020878.0,YORK AV/E 87 ST,230
42022909.0,1 AV/E 116 ST,203
42023090.0,MYRTLE AV/FOREST AV,71
41634451.0,RICHMOND TERR/VAN NAME AV,66
41733738.0,RALPH AV/AVENUE K,451
41746645.0,GRAND ST/WATERBURY ST,210
41747413.0,MYRTLE AV/SUYDAM ST,166
41749993.0,DRIGGS AV/N 9 ST,86
42207141.0,MYRTLE AV/HART ST,114
42219242.0,9 AV/W 28 ST,113
42220001.0,CONEY ISLAND AV/AVENUE T,210
42220146.0,AVENUE U/E 13 ST,226
41769297.0,BROADWAY/W 147 ST,160
41770339.0,MESEROLE ST/MANHATTAN AV,58
41772235.0,5 AV/GARFIELD PL,126
41786442.0,FRANKLIN AV/WILLOUGHBY AV,152
41789758.0,2 AV/E 95 ST,80
42023288.0,BROADWAY/W 196 ST,45
42041277.0,11 ST/JACKSON AV,182
42049436.0,ATLANTIC AV/ESSEX ST,258
42231473.0,MARGINAL ST/E 34 ST,34
42245079.0,LEXINGTON AV/E 34 ST,85
42245107.0,LEXINGTON AV/E 34 ST,85
42249744.0,7 AV/3 ST,28
42265787.0,FREDERICK DOUGLASS BLVD/W 111 ST,128
42058731.0,KINGSLAND AV/SKILLMAN AV,123
42067285.0,BRIGHTON AV/PINE ST,83
42082740.0,E 96 ST/LEXINGTON AV,36
42088954.0,FLATLANDS AV/E 84 ST,127
42097281.0,FULTON ST/UTICA AV,238
41790722.0,LIVONIA AV/ASHFORD ST,332
41799372.0,W 14 ST/7 AV,165
41811144.0,ROGERS AV/EMPIRE BLVD,104
41816533.0,ADAM C POWELL BLVD/W 112 ST,138
41832407.0,LINDEN BLVD/78 ST,608
42273545.0,ROGERS AV/MIDWOOD ST,50
42274209.0,2 AV/E 82 ST,68
42274866.0,BROADWAY/W 204 ST,665
42289549.0,MYRTLE AV/HART ST,224
41840320.0,W 145 ST/CONVENT AV,123
41861321.0,BROADWAY/W 165 ST,43
41867299.0,1 AV/E 93 ST,79
42108317.0,W 49 ST/9 AV,184
42108441.0,EASTCHESTER RD/MACE AV,201
42112149.0,2 AV/E 17 ST,52
42112271.0,2 AV/E 17 ST,142
42132039.0,AVENUE A/E 5 ST,254
42303747.0,SUTTER AV/SCHENCK AV,339
42311578.0,Gowanus Exp./Hicks St (N.B.),391
41889234.0,NOSTRAND AV/LINDEN BLVD,96
41895103.0,1 AV/E 93 ST,78
41908637.0,METROPOLITAN AV/HAVEMEYER ST,138
42137790.0,MAIN ST/JEWEL AV,693
42154630.0,PUTNAM AV/BEDFORD AV,151
42158612.0,ROGERS AV/AVENUE D,155
42159545.0,ATLANTIC AV/88 ST,336
42160230.0,JERSEY ST/BRIGHTON AV,12
42332206.0,E 55 ST/1 AV,55
42332401.0,E 55 ST/1 AV,106
41909568.0,BEDFORD AV/TILDEN AV,77
41915430.0,NOSTRAND AV/BEVERLY RD,175
41934934.0,W 57 ST/6 AV,152
41940501.0,SAINT NICHOLAS AV/W 151 ST,105
42360275.0,101 ST/31 AV,90
42161973.0,120 AV/195 ST,323
42194646.0,CONEY ISLAND AV/AVENUE T,207
42195148.0,2 AV/E 25 ST,154
42473749.0,WILSON AV/PUTNAM AV,279
42377787.0,BEDFORD AV/RUTLAND RD,173
42379175.0,REMSEN AV/LENOX RD,167
42386569.0,CHURCH AV/E 93 ST,121
42389365.0,BROADWAY/BEDFORD AV,195
42683130.0,3 AV/E 20 ST,78
42688012.0,2 AV/E 75 ST,154
42689810.0,DEAN ST/VANDERBILT AV,129
42690493.0,W 139 ST/5 AV,28
42693824.0,82 ST/ROOSEVELT AV,1141
42389957.0,MADISON ST/PIKE ST,58
42476362.0,COLUMBUS AV/W 78 ST,139
42486136.0,ORIENTAL BLVD/BEAUMONT ST,116
42494731.0,SPRINGFIELD BLVD/138 RD,667
42495508.0,WESTERVELT AV/HAMILTON AV,347
42497920.0,BROADWAY/COOK ST,132
42498458.0,GRAHAM AV/SEIGEL ST,95
42391932.0,BROADWAY/W 151 ST,152
42402259.0,CHURCH AV/E 96 ST,135
42704243.0,W 54 ST/11 AV,16
42726674.0,FREDERICK DOUGLASS BLVD/W 143 ST,143
42735065.0,E 96 ST/3 AV,193
42735424.0,2 AV/E 95 ST,94
42404526.0,MURRAY ST/CHURCH ST,60
42404625.0,E 57 ST/LEXINGTON AV,106
42404665.0,E 57 ST/LEXINGTON AV,106
42498484.0,GRAHAM AV/SEIGEL ST,88
42502510.0,BROADWAY/GREENE AV,297
42504616.0,LEXINGTON AV/E 85 ST,110
42516466.0,MADISON ST/CYPRESS AV,175
42404707.0,E 57 ST/LEXINGTON AV,106
42405152.0,WILLIAMSBURG BRIDGE PLAZA/LANE 1,210
42406076.0,ROEBLING ST/S 8 ST,115
42406399.0,EAST TREMONT AV/SILVER ST,250
42410393.0,W 86 ST/CENTRAL PK WEST,84
42735863.0,E 96 ST/3 AV,190
42738424.0,MADISON AV/E 37 ST,183
42741138.0,108 ST/VAN CLEEF ST,297
42745382.0,FLUSHING AV/BUSHWICK AV,232
42433863.0,90 ST/48 AV,91
42438973.0,FREDERICK DOUGLASS BLVD/W 123 ST,144
42746488.0,3 AV/E 14 ST,118
42757436.0,W 54 ST/11 AV,16
42440198.0,THOMAS S BOYLAND ST/SAINT MARKS AV,301
42529554.0,10 AV/W 49 ST,112
42532821.0,BERGEN ST/HOYT ST,318
42535595.0,WILSON AV/PUTNAM AV,324
42536123.0,NEW YORK AV/ATLANTIC AV,100
42444354.0,LEXINGTON AV/E 94 ST,217
42446225.0,OCEAN AV/LINCOLN RD,49
42449569.0,HALSEY ST/IRVING AV,89
42449656.0,MYRTLE AV/DE KALB AV,168
42769704.0,82 ST/ROOSEVELT AV,905
42788958.0,3 AV/E 93 ST,37
42789033.0,WHITE PLAINS RD/BRONXDALE AV,322
42451008.0,E 79 ST/2 AV,147
42467234.0,7 AV/15 ST,302
42541688.0,E 233 ST/KEPLER AV,274
42567610.0,ASTORIA BLVD/STEINWAY ST,571
42579881.0,7 AV/W 44 ST,84
42582390.0,BROADWAY/LA SALLE ST,84
42471990.0,BORDEN AV/39 PL,54
42472632.0,SAINT NICHOLAS AV/W 150 ST,77
42925669.0,YORK AV/E 82 ST,103
42584450.0,E 97 ST/1 AV,187
42584572.0,UTICA AV/PROSPECT PL,133
42586407.0,RIVERSIDE DR/W 142 ST,8
42927800.0,UTICA AV/AVENUE M,35
42795515.0,BRIGHTON BEACH AV/BRIGHTON 3 ST,203
42805340.0,1 AV/E 36 ST,115
42806766.0,E 57 ST/LEXINGTON AV,106
42812068.0,MADISON AV/E 129 ST,76
42927825.0,ADAM C POWELL BLVD/W 122 ST,88
42935766.0,GRAHAM AV/SEIGEL ST,83
42935943.0,BROADWAY/COOK ST,95
42936229.0,GRAHAM AV/SEIGEL ST,108
42936364.0,GRAHAM AV/COOK ST,145
42589526.0,E 23 ST/BROADWAY,260
42596536.0,1 AV/E 81 ST,72
42602038.0,3 AV/E 33 ST,175
42938323.0,2 AV/E 28 ST,31
42942408.0,GRAHAM AV/SEIGEL ST,138
42817298.0,FLATLANDS AV/E 84 ST,301
42817699.0,LEXINGTON AV/E 37 ST,95
42818093.0,LEXINGTON AV/E 37 ST,111
42835727.0,LEXINGTON AV/E 34 ST,85
42835790.0,LEXINGTON AV/E 40 ST,104
42638833.0,8 AV/W 52 ST,118
42640224.0,7 AV/W 53 ST,93
42643177.0,FATHER CAPODANNO BLVD/JEFFERSON AV,755
42645101.0,W 42 ST/10 AV,198
42840583.0,HALSEY ST/STUYVESANT AV,87
42841568.0,NEW YORK AV/SNYDER AV,177
42868646.0,6 AV/SPRING ST,197
42868661.0,W 42 ST/11 AV,48
42965074.0,PROSPECT AV/E 169 ST,48
42970160.0,E 116 ST/3 AV,104
42973039.0,MAIN ST/58 RD,136
42973259.0,MAIN ST/58 RD,131
42975689.0,28 ST/QUEENS PLAZA SOUTH,337
42871724.0,WESTERVELT AV/CRESCENT AV,43
42878514.0,1 AV/E 81 ST,5
42880564.0,HALSEY ST/MALCOLM X BLVD,18
42888442.0,YORK AV/E 82 ST,112
42670622.0,30 AV/21 ST,524
42672172.0,E 14 ST/IRVING PL,48
42981016.0,ATLANTIC AV/BERRIMAN ST,439
42989102.0,BROADWAY/W 151 ST,86
42989213.0,2 AV/E 75 ST,140
42895670.0,UTICA AV/AVENUE M,229
42913200.0,9 AV/W 34 ST,301
42914015.0,CASTLETON AV/BARKER ST,188
43289906.0,28 ST/QUEENS PLAZA SOUTH,485
42682391.0,2 AV/E 17 ST,78
42682643.0,3 AV/E 17 ST,73
42682747.0,3 AV/E 17 ST,5
43061729.0,MYRTLE AV/MARCY AV,188
43069280.0,11 AV/W 29 ST,177
43077519.0,COLUMBUS AV/W 80 ST,56
42997858.0,ADAM C POWELL BLVD/W 122 ST,88
42999798.0,W 66 ST/AMSTERDAM AV,42
43011293.0,BERGEN ST/BOND ST,176
43012924.0,DIVISION AV/LEE AV,38
43293457.0,FORT WASHINGTON AV/W 181 ST,70
43303056.0,DRIGGS AV/BROADWAY,121
43310098.0,BOWERY/GRAND ST,129
43310157.0,BOWERY/KENMARE ST,147
43018237.0,GREENPOINT AV/LEONARD ST,60
43096646.0,W 116 ST/MALCOLM X BLVD,232
43103808.0,ADAM C POWELL BLVD/W 122 ST,141
43104937.0,FRANKLIN AV/PARK AV,81
43022519.0,ASTORIA BLVD SOUTH/STEINWAY ST,1336
43032925.0,REMSEN AV/LINDEN BLVD,202
43034172.0,BEDFORD AV/S 4 ST,64
43123958.0,9 ST/4 AV,161
43131502.0,HALSEY ST/TOMPKINS AV,192
43132765.0,THOMAS S BOYLAND ST/MACDONOUGH ST,51
43147403.0,FLATBUSH AV/AVENUE D,138
43310180.0,BOWERY/KENMARE ST,88
43310275.0,BOWERY/GRAND ST,90
43310301.0,BOWERY/GRAND ST,274
43310986.0,BOWERY/GRAND ST,93
43311037.0,BOWERY/GRAND ST,153
43311186.0,BOWERY/KENMARE ST,219
43311252.0,BOWERY/GRAND ST,163
43311287.0,BOWERY/GRAND ST,136
43311320.0,BOWERY/KENMARE ST,182
43311409.0,BOWERY/KENMARE ST,159
43038479.0,LAUREL HILL BLVD/58 ST,986
43038779.0,LAUREL HILL BLVD/58 ST,1271
43042861.0,90 ST/53 AV,273
43043180.0,DYCKMAN ST/SHERMAN AV,211
43043695.0,21 ST/35 AV,565
43044085.0,28 ST/QUEENS PLAZA SOUTH,555
43044308.0,82 ST/ROOSEVELT AV,1097
43044458.0,82 ST/ROOSEVELT AV,1422
43315188.0,BOWERY/GRAND ST,86
43315235.0,BOWERY/KENMARE ST,110
43315277.0,BOWERY/GRAND ST,165
43315319.0,BOWERY/KENMARE ST,169
43315428.0,BOWERY/GRAND ST,93
43315528.0,BOWERY/KENMARE ST,152
43315639.0,BOWERY/GRAND ST,155
43316108.0,BOWERY/KENMARE ST,238
43317855.0,BEDFORD AV/N 8 ST,136
43150520.0,ASTORIA BLVD SOUTH/STEINWAY ST,981
43152182.0,FULTON ST/WASHINGTON AV,87
43156881.0,GRAND ST/PITT ST,347
43161885.0,ASTORIA BLVD SOUTH/STEINWAY ST,273
43163186.0,E 14 ST/3 AV,96
43054040.0,METROPOLITAN AV/HAVEMEYER ST,127
43054170.0,2 AV/E 28 ST,71
43336316.0,ADAM C POWELL BLVD/W 122 ST,103
43348178.0,BEDFORD AV/S 2 ST,59
43354556.0,W 49 ST/7 AV,123
43163750.0,SAINT NICHOLAS AV/W 181 ST,83
43170046.0,CRESCENT ST/FLATLANDS AV,323
43174785.0,9 ST/4 AV,150
43174844.0,3 AV/6 ST,142
43177809.0,10 AV/W 37 ST,120
43185743.0,BROADWAY/WILLOUGHBY AV,120
43450191.0,82 ST/ROOSEVELT AV,1092
43451168.0,7 AV/W 55 ST,189
43357020.0,BROADWAY/ISHAM ST,344
43357084.0,AMSTERDAM AV/W 143 ST,143
43358518.0,VAN WYCK SOUTH SERVICE RD/BUILDING 90,17142
43364918.0,CATHEDRAL PKWY/FREDERICK DOUGLASS BLVD,43
43451371.0,CHRISTOPHER ST/WAVERLY PL,48
43197566.0,HAMILTON AV/EGMONT PL,192
43203702.0,COLUMBUS AV/W 92 ST,143
43211440.0,RALPH AV/HANCOCK ST,89
43211533.0,HALSEY ST/RALPH AV,176
43211635.0,RALPH AV/HANCOCK ST,80
43211802.0,RALPH AV/HANCOCK ST,60
43213162.0,FULTON ST/NEW YORK AV,56
43218562.0,EAST GUN HILL RD/EASTCHESTER RD,237
43220447.0,DE KALB AV/FORT GREENE PL,161
43458250.0,MYRTLE AV/SUYDAM ST,264
43468359.0,GRAND CONCOURSE/E 169 ST,143
43366411.0,48 AV/38 ST,115
43371304.0,BROOKLYN AV/EASTERN PKWY,131
43375941.0,82 ST/ROOSEVELT AV,1083
43376016.0,82 ST/ROOSEVELT AV,990
43379017.0,E 116 ST/2 AV,192
43379173.0,VAN WYCK SOUTH SERVICE RD/BUILDING 90,16965
43470278.0,FRANCIS LEWIS BLVD/SUNRISE HWY,34
43477321.0,AVENUE A/E 5 ST,272
43221088.0,8 AV/W 14 ST,126
43230953.0,BROADWAY/W 151 ST,52
43239496.0,GATES AV/KNICKERBOCKER AV,180
43247671.0,LAFAYETTE AV/SOUTH PORTLAND AV,173
43251184.0,3 AV/6 ST,101
43251246.0,3 AV/6 ST,277
43251356.0,9 ST/4 AV,178
43251455.0,9 ST/4 AV,214
43495869.0,243 ST/145 AV,56
43381880.0,ROGERS AV/LINDEN BLVD,59
43381881.0,ROGERS AV/CHURCH AV,16
43387363.0,1 AV/E 39 ST,133
43388055.0,9 ST/4 AV,43
43497073.0,ROCKAWAY PKWY/SHORE PKWY SERVICE RD NORTH,11685
43497107.0,BEDFORD AV/PROSPECT PL,69
43498379.0,PENNSYLVANIA AV/LIVONIA AV,137
43498999.0,THROOP AV/MADISON ST,99
43251517.0,3 AV/6 ST,234
43251669.0,9 ST/4 AV,63
43251732.0,3 AV/6 ST,287
43255573.0,QUEENS MIDTOWN EXPY / 43RD ST,119
43259385.0,FREDERICK DOUGLASS BLVD/W 142 ST,46
43266587.0,BOWERY/KENMARE ST,20
43267312.0,BOWERY/KENMARE ST,143
43414885.0,10 AV/W 207 ST,302
43499730.0,LORIMER ST/TEN EYCK ST,74
43509173.0,HALSEY ST/BUSHWICK AV,5
43518331.0,n conduit av/cohancy st,1363
43526370.0,149 AV/241 ST,7781
43530040.0,BARTOW AV/ELY AV,309
43267372.0,BOWERY/GRAND ST,117
43268186.0,BOWERY/GRAND ST,121
43268369.0,BOWERY/KENMARE ST,136
43268744.0,BOWERY/KENMARE ST,44
43270798.0,BOWERY/KENMARE ST,226
43271004.0,BOWERY/GRAND ST,165
43420963.0,8 AV/W 17 ST,116
43421180.0,COLUMBUS AV/W 84 ST,113
43431973.0,W 65 ST/COLUMBUS AV,36
43433217.0,SMITH ST/WARREN ST,70
43537431.0,PEARL ST / PEARL ST,77
43547014.0,BROADWAY/GRAND ST,58
43547204.0,BROADWAY/GRAND ST,93
43725737.0,BEDFORD AV/DE KALB AV,102
43731306.0,5 AV/W 31 ST,141
43553341.0,ALLEN ST/DELANCEY ST,10
43275029.0,HOYT AV SOUTH/31 ST,593
43275110.0,FULTON ST/BEDFORD AV,66
43278897.0,HORACE HARDING EXPWY/99 ST,104
43986924.0,W 65 ST/BROADWAY,38
43993168.0,SAINT JOHNS PL/NEW YORK AV,105
43997163.0,FLATLANDS AV/E 86 ST,88
43558653.0,JAMAICA AV/130 ST,219
43595974.0,MARCUS GARVEY BLVD/LAFAYETTE AV,1
43605445.0,VICTORY BLVD/MELROSE AV,124
43742522.0,LINDEN BLVD/VAN WYCK EXPWY,1369
43744465.0,SARATOGA AV/BAINBRIDGE ST,77
43747226.0,120 AV/227 ST,319
43749311.0,DE KALB AV/FRANKLIN AV,231
43751271.0,W 14 ST/7 AV,126
44004162.0,CATHEDRAL PKWY/FREDERICK DOUGLASS BLVD,156
44012173.0,83 ST/ROOSEVELT AV,1002
44012767.0,1 AV/E 62 ST,146
44014632.0,LAUREL HILL BLVD/58 ST,983
44014809.0,1 AV/E 62 ST,38
43611951.0,ADAM C POWELL BLVD/W 137 ST,134
43612639.0,COLLEGE POINT BLVD/58 RD,195
43615808.0,PUTNAM AV/CLASSON AV,122
43626965.0,BERGEN ST/BOND ST,279
43770316.0,SARATOGA AV/PARK PL,51
43778304.0,ATLANTIC AV/ESSEX ST,314
43785452.0,WYTHE AV/GRAND ST,106
44020205.0,1 AV/E 106 ST,107
44033325.0,LEXINGTON AV/E 45 ST,242
44033794.0,3 AV/E 47 ST,86
44035515.0,W 155 ST/AMSTERDAM AV,114
44035724.0,W 34 ST/8 AV,16
43652025.0,BEDFORD AV/S 2 ST,117
43656521.0,W 10 ST/BLEECKER ST,178
43788419.0,5 AV/W 130 ST,131
43803118.0,BRIGHTON BEACH AV/BRIGHTON 5 ST,7
43806406.0,HOYT AV SOUTH/31 ST,127
43806992.0,ASTORIA BLVD SOUTH/STEINWAY ST,765
44040169.0,2 AV/E 64 ST,182
44040868.0,7 AV/PROSPECT AV,80
44048372.0,GATES AV/EVERGREEN AV,223
44049457.0,BOWERY/KENMARE ST,110
44059834.0,FLATLANDS AV/E 88 ST,98
44072324.0,FULTON ST/FORT GREENE PL,65
43667745.0,HALSEY ST/TOMPKINS AV,120
43669374.0,6 AV/W 31 ST,48
43688142.0,5 AV/W 31 ST,73
43814549.0,CENTRE ST/BROOME ST,68
43817473.0,82 ST/ROOSEVELT AV,865
43820337.0,ASTORIA BLVD SOUTH/STEINWAY ST,658
43820586.0,HOYT AV SOUTH/31 ST,174
43821239.0,WEBSTER AV/CLAREMONT PKWY,300
43831018.0,7 AV/BERKELEY PL,97
43834804.0,WYCKOFF AV/STANHOPE ST,146
43701555.0,YORK AV/E 88 ST,77
44101621.0,9 AV/W 46 ST,112
44102245.0,2 AV/E 92 ST,199
44139096.0,WEBSTER AV/E 173 ST,187
44149100.0,AVENUE A/E 5 ST,205
43703359.0,W 34 ST/BROADWAY,214
43714286.0,LAFAYETTE AV/MALCOLM X BLVD,124
43715460.0,6 AV/W 27 ST,143
44350115.0,FULTON ST/FRANKLIN AV,101
44353711.0,HOYT AV SOUTH/31 ST,201
44164449.0,1 AV/E 36 ST,86
44166880.0,E 34 ST/1 AV,67
44183108.0,MARGINAL ST/E 34 ST,142
44355095.0,WEST HOUSTON ST/SULLIVAN ST,83
43844044.0,W 31 ST/6 AV,149
43846580.0,23 AV/87 ST,751
43847085.0,EAST TREMONT AV/MILES AV,157
43848101.0,GREENPOINT AV/47 ST,518
43856156.0,120 AV/178 PL,387
43869863.0,VAN WYCK SOUTH SERVICE RD/BUILDING 90,14853
44377502.0,NOSTRAND AV/GREENE AV,68
44378348.0,28 ST/QUEENS PLAZA SOUTH,235
44189059.0,LINCOLN RD/FLATBUSH AV,89
44189839.0,E 34 ST /1 AV,133
44191733.0,LINCOLN AV/SOUTH RAILROAD AV,149
44197064.0,BRONXWOOD AV/E 218 ST,298
44211352.0,BROADWAY/W 165 ST,92
43871113.0,NEW YORK AV/MIDWOOD ST,115
43878655.0,82 ST/ROOSEVELT AV,845
43878868.0,GRAHAM AV/COOK ST,138
43888356.0,E 57 ST/LEXINGTON AV,106
43894383.0,5 AV/W 30 ST,161
43895124.0,5 AV/W 32 ST,135
44384403.0,MANHATTAN AV/W 116 ST,78
44393462.0,PARK ROW/BEEKMAN ST,61
44397304.0,NOSTRAND AV/BEVERLY RD,85
44248261.0,102 ST/35 ST,580
44249049.0,CEBRA AV/WARD AV,314
44251069.0,BEACH ST/VAN DUZER ST,168
44261110.0,5 AV/E 77 ST,100
44261171.0,E 57 ST/LEXINGTON AV,106
44261202.0,W 10 ST/BLEECKER ST,191
44402774.0,RIVERDALE AV/W 238 ST,693
43909885.0,2 AV/E 25 ST,86
43928714.0,1 AV/E 93 ST,200
43929087.0,MYRTLE AV/CLASSON AV,121
43937175.0,AVENUE D/E 45 ST,282
44408295.0,METROPOLITAN AV/LEFFERTS BLVD,403
44415969.0,VICTORY BLVD/BROOK ST,290
44416142.0,COURT ST/ATLANTIC AV,49
44432970.0,94 ST/23 AV,224
43946617.0,MURDOCK AV/200 ST,312
43947562.0,E 72 ST/2 AV,95
43956795.0,NEW YORK AV/PROSPECT PL,180
43957282.0,W 57 ST/9 AV,109
43961545.0,SUTTER AV/LOGAN ST,292
43969564.0,MANHATTAN AV/W 113 ST,106
44262107.0,E 167 ST/RIVER AV,96
44277610.0,YORK AV/E 91 ST,221
44281187.0,W 31 ST/6 AV,111
44282642.0,EAST GUN HILL RD/EASTCHESTER RD,309
44283460.0,VICTORY BLVD/BROOK ST,309
44288421.0,3 AV/E 99 ST,126
44289364.0,UNION SQ EAST/E 15 ST,103
44303056.0,E 9 ST/3 AV,85
44303641.0,10 AV/W 45 ST,193
44440915.0,DRIGGS AV/S 4 ST,72
44461963.0,NOSTRAND AV/GATES AV,80
44466661.0,MYRTLE AV/79 ST,404
44320456.0,5 AV/W 30 ST,77
44320572.0,BOWERY/KENMARE ST,175
44321572.0,LEXINGTON AV/E 40 ST,172
44321778.0,GREENPOINT AV/47 ST,1748
44324396.0,ADAM C POWELL BLVD/W 114 ST,102
44340470.0,ELIOT AV/83 PL,86
45187777.0,WILSON AV/JEFFERSON AV,171
45189535.0,RIVERSIDE DR/W 84 ST,134
43986314.0,HAMPTON ST/BRITTON AV,1178
44635187.0,HILLSIDE AV/169 ST,78
44642468.0,CITY ISLAND AV/DITMARS ST,111
44643892.0,BROADWAY/DYCKMAN ST,54
44648831.0,63 DR/AUSTIN ST,296
44475635.0,WILLIAMSBRIDGE RD/PIERCE AV,229
44475971.0,7 AV/W 49 ST,235
44476787.0,BOWERY/PRINCE ST,147
44477235.0,MARCUS GARVEY BLVD/MADISON ST,141
44478978.0,FARMERS BLVD/175 ST,232
44662666.0,SARATOGA AV/SAINT MARKS AV,129
44663787.0,2 AV/E 28 ST,85
44699042.0,FOREST AV/69 AV,104
44486696.0,BOWERY/E 3 ST,100
44496053.0,PROSPECT PARK WEST/18 ST,192
45192635.0,W 116 ST/MALCOLM X BLVD,168
45203126.0,E 10 ST/AVENUE B,142
45205118.0,GATEWAY PLAZA 2/BAY 2,159
45214975.0,MADISON ST/PIKE ST,79
45216874.0,EAST BURNSIDE AV/GRAND CONCOURSE,124
44503706.0,2 AV/E 119 ST,79
44505444.0,3 AV/E 11 ST,58
44506417.0,RALPH AV/AVENUE J,196
44506958.0,W 31 ST/6 AV,159
44699326.0,E 233 ST/PAULDING AV,212
44711827.0,BERGEN ST/GRAND AV,174
44722548.0,ATLANTIC AV/104 ST,988
44747618.0,AMSTERDAM AV/W 102 ST,65
44748353.0,BOWERY/KENMARE ST,2
44749327.0,RODNEY ST/S 5 ST,69
44749512.0,BOWERY/GRAND ST,143
44769471.0,W 135 ST/MALCOLM X BLVD,75
44521574.0,DRIGGS AV/N 9 ST,175
45222805.0,LAUREL HILL BLVD/58 ST,1323
45224180.0,HAMPTON ST/BRITTON AV,1178
45224909.0,5 AV/W 30 ST,123
45235972.0,83 ST/ROOSEVELT AV,965
44521731.0,METROPOLITAN AV/N 5 ST,303
44531911.0,2 AV/E 119 ST,173
44532028.0,MARCUS GARVEY BLVD/MADISON ST,111
44798876.0,THOMAS S BOYLAND ST/SAINT MARKS AV,117
44799074.0,GREENWICH ST/BATTERY PL,53
44802224.0,SARATOGA AV/SAINT MARKS AV,70
44804027.0,E 116 ST/3 AV,67
44866024.0,7 AV/15 ST,136
44558113.0,2 AV/E 31 ST,127
44560298.0,SARATOGA AV/SAINT MARKS AV,18
44575875.0,CENTRAL PARK WEST/W 102 ST,94
45253125.0,AVENUE N/E 55 ST,436
45261830.0,5 AV/W 30 ST,163
45261941.0,W 31 ST/6 AV,82
45267941.0,SEDGWICK AV/W 176 ST,92
45268111.0,SEDGWICK AV/W 176 ST,126
45270114.0,W 31 ST/6 AV,179
44580169.0,LAFAYETTE AV/BEDFORD AV,82
44902498.0,7 AV/PROSPECT AV,169
44917765.0,SAINT NICHOLAS AV/W 184 ST,136
44938771.0,UTICA AV/BEVERLY RD,332
44975642.0,E 49 ST/2 Av,48
44594337.0,5 AV/W 32 ST,133
44595136.0,KENT AV/N 9 ST,118
45270317.0,W 34 ST/BROADWAY,225
45270476.0,W 31 ST/6 AV,62
45270796.0,1 AV/E 60 ST,66
45275194.0,1 AV/E 82 ST,17
45277434.0,10 AV/W 55 ST,150
45277537.0,9 AV/W 55 ST,169
45282181.0,62 DR/YELLOWSTONE BLVD,55
45286461.0,SMITH ST/UNION ST,247
44631028.0,POSTAL FACILITY RD/BROOKLYN MAIL FACILITY,774
44631766.0,LEXINGTON AV/E 94 ST,75
44631955.0,AMSTERDAM AV/W 83 ST,141
45000320.0,ASTORIA BLVD SOUTH/STEINWAY ST,310
45001256.0,LEXINGTON AV/E 77 ST,96
45045785.0,ALLEN ST/GRAND ST,150
45067068.0,VAN WYCK SOUTH SERVICE RD/BUILDING 90,16457
45427869.0,3 AV/E 82 ST,89
45440460.0,NOSTRAND AV/PROSPECT PL,48
45448589.0,DE KALB AV/EVERGREEN AV,197
45449265.0,6 AV/W 27 ST,131
45287978.0,SAINT NICHOLAS AV/W 148 ST,107
45303002.0,FULTON ST/HOWARD AV,238
45318765.0,MORRIS AV/MOUNT EDEN PKWY,316
45327468.0,GATES AV/TOMPKINS AV,121
45330395.0,10 AV/W 55 ST,166
45449294.0,6 AV/W 27 ST,48
45449426.0,6 AV/W 23 ST,188
45075405.0,3 AV/E 9 ST,70
45075497.0,COURT ST/1 PL,283
45086065.0,LEXINGTON AV/E 89 ST,70
45089241.0,W 31 ST/6 AV,136
45089745.0,82 ST/ROOSEVELT AV,966
45457047.0,9 AV/W 55 ST,144
45460506.0,BRIGHTON BEACH AV/BRIGHTON 14 ST,368
45463342.0,LEXINGTON AV/E 34 ST,85
45341673.0,WATER ST/GOUVERNEUR LN,267
45344367.0,WATER ST/GOUVERNEUR LN,267
45345628.0,WATER ST/GOUVERNEUR LN,267
45349876.0,VAN WYCK SOUTH SERVICE RD/BUILDING 90,17013
45466241.0,1 AV/E 60 ST,57
45091742.0,GRAND ST/BEDFORD AV,120
45099567.0,LORIMER ST/STAGG ST,194
45103929.0,FULTON ST/THOMAS S BOYLAND ST,163
45114711.0,9 AV/W 55 ST,139
45469752.0,FLUSHING AV/BEAVER ST,77
45471095.0,MALCOLM X BLVD/W 129 ST,17
45472312.0,3 AV/E 88 ST,81
45479645.0,AMSTERDAM AV/W 188 ST,122
45480128.0,ALLEN ST/HESTER ST,106
45138225.0,METROPOLITAN AV/N 5 ST,194
45138618.0,MANHATTAN AV/W 112 ST,225
45138735.0,10 AV/W 53 ST,123
45139002.0,GREENPOINT AV/47 ST,677
45143239.0,BEDFORD AV/GATES AV,88
45151029.0,E 79 ST/2 AV,210
45157580.0,AMSTERDAM AV/W 106 ST,199
45350372.0,FULTON ST/CLASSON AV,118
45362333.0,METROPOLITAN AV/71 RD,761
45366428.0,FLUSHING AV/HUMBOLDT ST,77
45368990.0,FRANCIS LEWIS BLVD/HOLLIS AV,130
45480607.0,GATES AV/THROOP AV,99
45481225.0,W 50 ST/8 AV,61
45481240.0,8 AV/W 52 ST,101
45482929.0,1 AV/E 60 ST,57
45483048.0,10 AV/W 53 ST,28
45484811.0,FRANKFORT ST/WILLIAM ST,298
45492275.0,W 87 ST/WEST END AV,89
45380846.0,2 AV/E 61 ST,127
45384737.0,PENNSYLVANIA AV/HEGEMAN AV,2
45396954.0,3 AV/E 82 ST,89
45398984.0,9 AV/W 52 ST,139
45399393.0,LACONIA AV/E 225 ST,89
45407980.0,JAMAICA AV/WARWICK ST,46
45493732.0,VICTORY BLVD/BROOK ST,486
45408614.0,GRAND AV/79 ST,413
45409765.0,3 AV/E 82 ST,89
45412157.0,MESEROLE ST/MANHATTAN AV,280
45414303.0,3 AV/E 47 ST,73
45418350.0,10 AV/W 53 ST,115
45420463.0,3 AV/E 82 ST,89
45503836.0,SPRINGFIELD BLVD/115 RD,261
45164113.0,7 AV SOUTH/CLARKSON ST,60
45176673.0,10 AV/W 53 ST,150
45599852.0,21 ST/30 AV,450
45602209.0,HAMPTON ST/BRITTON AV,696
45609365.0,FARMERS BLVD/120 AV,120
45609412.0,MYRTLE AV/WOODHAVEN BLVD,290
45505206.0,NOSTRAND AV/GATES AV,47
45506170.0,SAINT NICHOLAS AV/W 150 ST,113
45527090.0,5 AV/11 ST,289
45527936.0,ATLANTIC AV/WARWICK ST,331
45623054.0,SAINT JOHNS PL/NOSTRAND AV,106
45626554.0,TRINITY PL/RECTOR ST,157
45634265.0,ATLANTIC AV/CLINTON ST,116
45656925.0,WILSON AV/JEFFERSON ST,276
45425730.0,LIBERTY AV/REMINGTON ST,582
45768094.0,BROADWAY/W 91 ST,173
45775472.0,LAUREL HILL BLVD/58 ST,1225
45781965.0,AMSTERDAM AV/W 89 ST,51
45783139.0,TOMPKINS AV/GATES AV,65
45783587.0,BAYVIEW AV/W 36 ST,132
45783672.0,ALBANY AV/CLARKSON AV,274
45530370.0,WATER ST/HANOVER SQ,183
45530652.0,YORK AV/E 82 ST,96
45530663.0,YORK AV/E 84 ST,153
45530812.0,1 AV/E 82 ST,83
45671894.0,FRANKLIN ST/CALYER ST,191
45673594.0,90 ST/48 AV,321
45673803.0,E 79 ST/2 AV,41
45530831.0,YORK AV/E 82 ST,29
45530901.0,1 AV/E 82 ST,73
45530938.0,W 34 ST/9 AV,121
45530985.0,W 34 ST/8 AV,27
45797302.0,82 ST/ROOSEVELT AV,1066
45801851.0,OCEAN AV/AVENUE N,225
45809231.0,21 ST/35 AV,1025
45813469.0,ROCKAWAY PKWY/SHORE PKWY SERVICE RD NORTH,12135
45815060.0,CRESCENT ST/RIDGEWOOD AV,146
45531339.0,BROADWAY/W 101 ST,83
45531530.0,FRANKLIN AV/EASTERN PKWY,137
45532748.0,MYRTLE AV/TOMPKINS AV,239
45682803.0,2 AV/E 12 ST,104
45686011.0,8 AV/W  56 ST,223
45687094.0,AMSTERDAM AV/W 123 ST,144
45688536.0,west st/morris st,153
45688889.0,BATTERY PL/WASHINGTON ST,139
45543400.0,VAN WYCK SOUTH SERVICE RD/BUILDING 90,15182
45547297.0,9 AV/W 52 ST,102
45557629.0,3 AV/E 88 ST,14
45689161.0,AMSTERDAM AV/W 75 ST,137
45689199.0,E 72 ST/2 AV,132
45689225.0,2 AV/E 75 ST,80
45689293.0,2 AV/E 75 ST,73
45690330.0,5 AV/60 ST,132
45691383.0,BOWERY/KENMARE ST,68
45829645.0,E 241 ST/BAYCHESTER AV,557
45830845.0,3 AV/E 20 ST,155
45834849.0,101 ST/31 AV,533
45844343.0,BROADWAY/W 204 ST,188
45846335.0,1 AV/E 57 ST,76
45847112.0,10 AV/W 53 ST,221
45850493.0,NOSTRAND AV/TILDEN AV,185
45558214.0,UTICA AV/AVENUE O,541
45561535.0,GATES AV/TOMPKINS AV,108
45578810.0,W 8 ST/5 AV,232
45578986.0,LEXINGTON AV/E 92 ST,138
45579953.0,3 AV/E 21 ST,19
45579970.0,E 23 ST/2 AV,250
45579985.0,3 AV/E 24 ST,32
45580965.0,ATLANTIC AV/WOODHAVEN BLVD,356
45851431.0,83 ST/ROOSEVELT AV,959
45860553.0,DEAN ST/ALBANY AV,127
45863833.0,THROOP AV/GREENE AV,97
45865497.0,FLATBUSH AV/DORCHESTER RD,100
45866168.0,BEDFORD AV/CAMPUS RD,188
45878126.0,LEXINGTON AV/E 31 ST,94
45694688.0,LEWIS AV/LAFAYETTE AV,93
45697372.0,BOWERY/GRAND ST,125
45697674.0,BATTERY PL/GREENWICH ST,53
45697850.0,BOWERY/KENMARE ST,107
45698750.0,fdr/battery pl,69
45699931.0,BROADWAY/WALKER ST,139
45701998.0,HALSEY ST/BROADWAY,178
45705785.0,HENRY HUDSON PKWY WEST/W 249 ST,560
45581221.0,W 34 ST/9 AV,56
45581228.0,W 34 ST/8 AV,80
45581273.0,YORK AV/E 82 ST,104
45581450.0,2 AV/E 61 ST,167
45581457.0,2 AV/E 64 ST,77
45581475.0,2 AV/E 66 ST,131
45884646.0,DRIGGS AV/N 11 ST,27
45894834.0,THROOP AV/GREENE AV,97
45896593.0,ROCKAWAY AV/LIVONIA AV,364
45591853.0,BOWERY/KENMARE ST,50
45720236.0,11 ST/47 AV,90
45721454.0,BROADWAY/W 151 ST,52
45722884.0,W 57 ST/9 AV,109
45723636.0,57 AV/JUNCTION BLVD,143
45595551.0,2 AV/E 75 ST,163
45595732.0,BOWERY/GRAND ST,250
45595850.0,9 AV/W 55 ST,147
45595993.0,BOWERY/KENMARE ST,106
45988097.0,GREENPOINT AV/47 ST,727
45990473.0,2 AV/E 31 ST,127
45727008.0,DE KALB AV/KNICKERBOCKER AV,158
45733243.0,5 AV/W 32 ST,196
45738048.0,BOWERY/GRAND ST,16
45738105.0,NOSTRAND AV/HAWTHORNE ST,171
45741437.0,RALPH AV/EASTERN PKWY,8
45897458.0,CEBRA AV/WARD AV,336
45903786.0,ADAM C POWELL BLVD/W 131 ST,225
45906774.0,GATES AV/NOSTRAND AV,291
45908302.0,1 AV/E 62 ST,50
45909943.0,AVENUE C/E 3 ST,63
45995828.0,BROADWAY/W 204 ST,289
46006123.0,UTICA AV/BEVERLY RD,49
46006972.0,THROOP AV/GREENE AV,97
46007228.0,DE KALB AV/MYRTLE AV,136
45742729.0,ADAM C POWELL BLVD/W 112 ST,180
45747355.0,BOWERY/GRAND ST,2
45748772.0,VAN WYCK SOUTH SERVICE RD/BUILDING 90,16830
45750107.0,LEXINGTON AV/E 40 ST,79
45750319.0,LEXINGTON AV/E 34 ST,85
45752036.0,BOWERY/GRAND ST,85
45752068.0,E 79 ST/1 AV,139
46025711.0,BOWERY/GRAND ST,144
45913437.0,SPRINGFIELD BLVD/145 AV,333
45914075.0,GREENPOINT AV/FRANKLIN ST,86
45918592.0,TOMPKINS AV/HALSEY ST,79
45919566.0,PUTNAM AV/BEDFORD AV,94
45922753.0,MESEROLE ST/GRAHAM AV,93
45926800.0,BEDFORD AV/LENOX RD,135
45927831.0,LINDEN BLVD/FARMERS BLVD,273
45930596.0,E 106 ST/LEXINGTON AV,197
45752087.0,46 AV/PARSONS BLVD,307
45752267.0,BOWERY/GRAND ST,135
45754166.0,120 AV/230 ST,276
45754690.0,ADAM C POWELL BLVD/W 123 ST,82
45767847.0,COLUMBUS AV/W 86 ST,74
45767870.0,W 49 ST/5 AV,106
46047742.0,ADAM C POWELL BLVD/W 138 ST,73
45933728.0,TOMPKINS AV/LAFAYETTE AV,78
45934464.0,CENTRAL PARK WEST/W 88 ST,46
45943671.0,WEST HOUSTON ST/LAGUARDIA PL,208
45951602.0,HAMPTON ST/BRITTON AV,921
45952953.0,THROOP AV/GREENE AV,97
45953196.0,THROOP AV/GREENE AV,97
45954683.0,THROOP AV/GREENE AV,97
45955183.0,REMSEN AV/CHURCH AV,240
46054095.0,EAST HOUSTON ST/ESSEX ST,137
45767904.0,8 AV/W 52 ST,178
45767958.0,5 AV/W 46 ST,210
45767972.0,MADISON AV/E 37 ST,114
46193644.0,3 AV/E 39 ST,115
46193714.0,3 AV/E 39 ST,124
46194587.0,HALSEY ST/SARATOGA AV,209
46062116.0,2 AV/E 89 ST,98
46067261.0,W 125 ST/ADAM C POWELL BLVD,107
45957861.0,28 ST/QUEENS PLAZA SOUTH,343
45969792.0,OCEAN AV/231 OCEAN AV,828
45972391.0,HOMELAWN ST/84 RD,560
45976871.0,3 AV/E 99 ST,115
46077274.0,CHRISTOPHER ST/HUDSON ST,112
46195194.0,LEXINGTON AV/E 40 ST,134
46195333.0,3 AV/E 39 ST,115
46195400.0,LEXINGTON AV/E 42 ST,77
46195854.0,3 AV/E 39 ST,118
46202555.0,CHRISTOPHER ST/GREENWICH ST,88
46211796.0,8 AV/W  56 ST,223
46088307.0,DECATUR ST/BUSHWICK AV,96
45985395.0,DRIGGS AV/BROADWAY,102
46381862.0,82 ST/ROOSEVELT AV,1285
46382691.0,10 AV/W 42 ST,101
46393855.0,KOSSUTH PL/BUSHWICK AV,21
46397667.0,RIVERSIDE DR/W 74 ST,121
46102949.0,E 23 ST/1 AV,28
46108000.0,VANDERBILT AV/PLAZA ST EAST,280
46212641.0,UTICA AV/LENOX RD,345
46212643.0,ALBANY AV/CLARKSON AV,414
46214998.0,83 ST/ROOSEVELT AV,1016
46236500.0,WILLIAMSBRIDGE RD/NEILL AV,465
46237688.0,EAST HOUSTON ST/AV B,176
46241495.0,8 AV/W 17 ST,104
46241504.0,W 14 ST/7 AV,206
46113778.0,8 AV/W  56 ST,223
46401930.0,GRAHAM AV/COOK ST,45
46402076.0,GRAHAM AV/SEIGEL ST,7
46414174.0,McDONALD AV/20 ST,401
46414339.0,MESEROLE ST/MANHATTAN AV,255
46415269.0,LORIMER ST/POWERS ST,109
46415505.0,3 AV/E 24 ST,93
46417510.0,HALSEY ST/EVERGREEN AV,278
46113799.0,8 AV/W  56 ST,223
46113818.0,8 AV/W  56 ST,223
46113841.0,8 AV/W  56 ST,223
46115154.0,10 AV/W 45 ST,138
46115358.0,TOMPKINS AV/ELLERY ST,99
46115871.0,MAIN ST/72 AV,615
46419119.0,EAST BROADWAY/FORSYTH ST,69
46419316.0,5 AV/W 32 ST,150
46430844.0,FREDERICK DOUGLASS BLVD/MACOMBS PL,68
46432272.0,9 AV/W 52 ST,133
46246632.0,ADAM C POWELL BLVD/W 112 ST,180
46262041.0,9 AV/W 52 ST,147
46270554.0,THROOP AV/HART ST,85
46275383.0,SOUTHERN BLVD/E 187 ST,155
46119792.0,THROOP AV/GREENE AV,97
46120125.0,THROOP AV/GREENE AV,97
46120337.0,THROOP AV/GREENE AV,97
46127578.0,THROOP AV/HART ST,170
46137867.0,AVENUE X/E 1 ST,72
46278185.0,VANDERBILT AV/MYRTLE AV,166
46279853.0,10 AV/W 53 ST,42
46280185.0,YORK AV/E 69 ST,5774
46280898.0,west st/morris st,100
46143578.0,MYRTLE AV/WOODHAVEN BLVD,207
46432776.0,7 AV/W 55 ST,143
46435388.0,FLUSHING AV/THAMES ST,350
46436269.0,CRESCENT AV/WESTERVELT AV,267
46436583.0,W 31 ST/6 AV,148
46438870.0,BOSTON RD/BRUNER AV,973
46444812.0,WYTHE AV/METROPOLITAN AV,103
46449888.0,DIVISION AV/BERRY ST,367
46450521.0,2 AV/E 31 ST,124
46154815.0,ASTORIA BLVD SOUTH/STEINWAY ST,470
46314128.0,VAN WYCK SOUTH SERVICE RD/BUILDING 90,16706
46318416.0,7 AV/W 44 ST,197
46319642.0,BOWERY/KENMARE ST,184
46458377.0,FOSTER AV/OCEAN AV,173
46461933.0,W 57 ST/10 AV,100
46468503.0,YORK AV/E 69 ST,5999
46470574.0,101 ST/31 AV,373
46474689.0,3 AV/E 77 ST,100
46480002.0,E 57 ST/LEXINGTON AV,106
46159103.0,GLENWOOD RD/E 32 ST,90
46160422.0,HALSEY ST/STUYVESANT AV,202
46161668.0,FULTON ST/MALCOLM X BLVD,312
46169958.0,5 AV/44 ST,326
46326722.0,6 AV/W 47 ST,130
46326832.0,AMSTERDAM AV/W 91 ST,142
46326889.0,5 AV/W 46 ST,208
46326912.0,W 49 ST/8 AV,78
46326981.0,6 AV/W 27 ST,119
46327032.0,5 AV/W 46 ST,168
46171697.0,WEBSTER AV/E 173 ST,218
46480127.0,E 57 ST/LEXINGTON AV,106
46480144.0,E 57 ST/LEXINGTON AV,106
46480260.0,E 57 ST/LEXINGTON AV,106
46498576.0,E 57 ST/LEXINGTON AV,106
46179119.0,FREDERICK DOUGLASS BLVD/W 123 ST,62
46186886.0,W 106 ST/BROADWAY,150
46192932.0,3 AV/E 39 ST,115
46193134.0,3 AV/E 39 ST,115
46193211.0,3 AV/E 39 ST,115
46330099.0,2 AV/E 31 ST,127
46330338.0,E 42 ST/PARK AV,151
46332804.0,2 AV/E 33 ST,78
46334036.0,FLATBUSH AV/E 31 ST,215
46334141.0,HALSEY ST/MALCOLM X BLVD,261
46193296.0,3 AV/E 39 ST,115
46502639.0,PENNSYLVANIA AV/HEGEMAN AV,135
46510119.0,METROPOLITAN AV/N 5 ST,318
46510270.0,RICHMOND RD/LONGVIEW RD,118
46527677.0,BOWERY/KENMARE ST,157
46193401.0,3 AV/E 39 ST,115
46193536.0,3 AV/E 39 ST,115
46548617.0,POST AV/DECKER AV,205
46535498.0,5 AV/W 30 ST,158
46540733.0,W 54 ST/11 AV,4
46540786.0,W 66 ST/COLUMBUS AV,30
46335178.0,LEXINGTON AV/E 92 ST,109
46336893.0,BEDFORD AV/LEFFERTS AV,129
46336910.0,LEXINGTON AV/E 92 ST,137
46350355.0,BEDELL ST/BAISLEY BLVD,833
46354423.0,BOWERY/SPRING ST,89
46354444.0,6 AV/W 18 ST,154
46565079.0,BROADWAY/ROEBLING ST,370
46566048.0,FULTON ST/SARATOGA AV,153
46542631.0,W 54 ST/11 AV,4
46542654.0,W 54 ST/11 AV,4
46542773.0,2 AV/E 64 ST,49
46601386.0,METROPOLITAN AV/69 AV,602
46355720.0,21 ST/BROADWAY,565
46356028.0,QUEENS BLVD/87 AV,596
46357397.0,7 AV/W 17 ST,86
46375709.0,E 167 ST/RIVER AV,343
46544231.0,LEXINGTON AV/E 86 ST,60
46546450.0,GRAHAM AV/JACKSON ST,137
46546926.0,W 34 ST/BROADWAY,232
47000799.0,MALCOLM X BLVD/W 137 ST,80
46610764.0,W 54 ST/11 AV,16
46640630.0,E 80 ST/PAERDEGAT 15 ST,46
46640912.0,3 AV/E 45 ST,46
46787572.0,LEXINGTON AV/E 40 ST,66
46787942.0,3 AV/E 37 ST,122
46788013.0,3 AV/E 39 ST,115
46788207.0,LEXINGTON AV/E 40 ST,74
46788335.0,LEXINGTON AV/E 40 ST,25
46788551.0,LEXINGTON AV/E 40 ST,92
46788667.0,LEXINGTON AV/E 42 ST,153
46788718.0,3 AV/E 37 ST,36
46644584.0,E 50 ST/3 AV,129
46645146.0,5 AV/W 32 ST,121
46646140.0,3 AV/E 53 ST,47
47001322.0,GRAHAM AV/RICHARDSON ST,100
47009616.0,CASTLETON AV/CEBRA AV,63
47012155.0,MYRTLE AV/BUSHWICK AV,331
47023758.0,MADISON AV/E 38 ST,161
47026093.0,SENECA AV/BLEECKER ST,220
47031259.0,COOPER ST/CENTRAL AV,223
46788841.0,E 42 ST/LEXINGTON AV,194
46788955.0,3 AV/E 39 ST,146
46791050.0,YORK AV/E 88 ST,115
46791082.0,9 AV/W 46 ST,112
46797479.0,2 AV/E 75 ST,163
46667674.0,W 34 ST/9 AV,1
46667694.0,W 34 ST/9 AV,1
46667739.0,W 34 ST/9 AV,1
46669233.0,7 AV SOUTH/CLARKSON ST,28
46671693.0,GREENPOINT AV/MANHATTAN AV,98
47042470.0,BROADWAY/RECTOR ST,155
47042494.0,BROADWAY/RECTOR ST,155
47042517.0,BROADWAY/RECTOR ST,155
47044684.0,FLATLANDS AV/E 105 ST,305
47045396.0,BOWERY/GRAND ST,132
46672848.0,EAST HOUSTON ST/AV B,257
46797938.0,YORK AV/E 82 ST,7
46798669.0,COLUMBUS AV/W 100 ST,161
46677269.0,MARCUS GARVEY BLVD/LEXINGTON AV,161
46689847.0,94 ST/23 AV,1093
47047419.0,3 AV/E 82 ST,75
47048969.0,9 AV/W 46 ST,112
47050312.0,9 AV/W 46 ST,112
47050614.0,9 AV/W 46 ST,112
47052682.0,6 AV/W 23 ST,124
47052694.0,8 AV/W 52 ST,89
46695446.0,BROADWAY/HALSEY ST,83
46705156.0,SUTTER AV/WILLIAMS AV,147
46706175.0,YORK AV/E 82 ST,104
46833665.0,2 AV/E 61 ST,45
46848948.0,3 AV/E 75 ST,90
46851568.0,OCEAN AV/CATON AV,84
46852193.0,AVENUE U/CONEY ISLAND AV,136
46854989.0,2 AV/E 122 ST,137
46868917.0,BROADWAY/KENT AV,60
46873173.0,BEDFORD AV/N 9 ST,57
46706771.0,5 AV/W 32 ST,122
46712287.0,ADAM C POWELL BLVD/W 113 ST,138
47052701.0,ALBANY AV/EAST NEW YORK AV,185
47052736.0,8 AV/W  56 ST,86
47052885.0,1 AV/E 62 ST,46
47052953.0,8 AV/W 52 ST,130
47052971.0,W 57 ST/BROADWAY,89
46715472.0,1 AV/E 81 ST,126
46720587.0,W 34 ST/9 AV,1
46881502.0,LEXINGTON AV/E 100 ST,51
46887704.0,W 54 ST/11 AV,16
46887738.0,E 50 ST/2 AV,130
46891080.0,90 ST/48 AV,193
46892479.0,2 AV/E 75 ST,154
46892658.0,9 AV/W 35 ST,121
46725288.0,2 AV/E 31 ST,127
46725493.0,2 AV/E 31 ST,127
46727329.0,3 AV/E 37 ST,82
46729395.0,LEXINGTON AV/E 89 ST,100
47076840.0,1 AV/E 60 ST,57
47077578.0,MYRTLE AV/THROOP AV,148
47078080.0,20 ST/10 AV,323
47080388.0,FINGERBOARD RD/LINCOLN PL,36
47097490.0,YORK AV/E 60 ST,2
47098575.0,BOWERY/GRAND ST,142
46729545.0,3 AV/E 37 ST,153
46729678.0,3 AV/E 37 ST,192
46894179.0,CORPORAL KENNEDY ST/33 AV,360
46895055.0,BELL BLVD/32 AV,323
46895868.0,BELL BLVD/32 AV,199
46899354.0,MALCOLM X BLVD/LAFAYETTE AV,43
46900455.0,W 49 ST/8 AV,246
46729892.0,E 34 ST/3 AV,272
46729966.0,3 AV/E 37 ST,181
47100985.0,FLATLANDS AV/E 108 ST,620
47101612.0,COURT ST/MONTAGUE ST,122
47101625.0,COURT ST/SCHERMERHORN ST,351
47106347.0,WORTH ST/MOTT ST,210
47115606.0,DE KALB AV/MALCOLM X BLVD,217
47120135.0,101 ST/31 AV,388
46732594.0,NEW YORK AV/BEVERLY RD,553
46737044.0,COLLEGE POINT BLVD/58 RD,205
46902179.0,3 AV/E 47 ST,151
46913873.0,FREDERICK DOUGLASS BLVD/W 138 ST,106
46923243.0,GREENPOINT AV/JEWEL ST,357
46926058.0,YORK AV/E 82 ST,128
46929299.0,KINGS HWY/OCEAN PKWY,175
46943882.0,VAN WYCK SOUTH SERVICE RD/BUILDING 90,15144
46944839.0,DRIGGS AV/S 4 ST,103
46737074.0,COLLEGE POINT BLVD/58 AV,176
46746791.0,E 9 ST/1 AV,63
46751044.0,W 31 ST/6 AV,71
46753919.0,YORK AV/E 84 ST,72
47141317.0,VAN WYCK SOUTH SERVICE RD/BUILDING 90,15014
47142595.0,BOWERY/HESTER ST,32
47152307.0,BRIGHTON BEACH AV/OCEAN PKWY,141
47159537.0,DRIGGS AV/GRAND ST,93
47162719.0,BOWERY/KENMARE ST,86
47169578.0,E 50 ST/2 AV,130
47169602.0,E 50 ST/2 AV,130
46757310.0,COLUMBUS AV/W 72 ST,207
46971592.0,HAMPTON ST/BRITTON AV,731
46972585.0,CATHEDRAL PKWY/COLUMBUS AV,137
46973548.0,HOYT AV SOUTH/31 ST,135
46768272.0,BOWERY/GRAND ST,133
46773212.0,COLLEGE POINT BLVD/58 RD,163
47173334.0,VAN WYCK SOUTH SERVICE RD/BUILDING 90,15144
47175997.0,THROOP AV/MACDONOUGH ST,77
47177315.0,SAINT MARKS PL/2 AV,166
47179845.0,2 AV/E 25 ST,95
47181087.0,BERGEN ST/BROOKLYN AV,108
47181609.0,NEW YORK AV/BERGEN ST,63
47230196.0,WATER ST/JOHN ST,72
47239416.0,BERGEN ST/BOND ST,297
47243424.0,n conduit av/cohancy st,1250
47250386.0,FOREST AV/HAVEN ESPLANADE,134
47250831.0,CASTLETON AV/WOODSTOCK AV,110
46987549.0,BERGEN ST/ROCHESTER AV,179
46991303.0,POST AV/DECKER AV,103
46992098.0,WOODWARD AV/STANHOPE ST,171
46992656.0,3 AV/E 26 ST,113
46999617.0,2 AV/E 13 ST,37
47493324.0,W 31 ST/6 AV,85
47496129.0,METROPOLITAN AV/72 DR,271
47258482.0,150 ST/17 RD,213
47183756.0,243 ST/147 AV,414
47197021.0,90 ST/53 AV,147
47267003.0,E 20 ST/1 AV,86
47269867.0,PARK AV SOUTH/E 18 ST,93
47272247.0,CENTRE ST/GRAND ST,191
47206059.0,150 ST/17 RD,71
47210401.0,E 50 ST/2 AV,130
47210461.0,E 50 ST/2 AV,130
47210471.0,WATER ST/JOHN ST,72
47214900.0,WATER ST/JOHN ST,72
47276861.0,GRANDVIEW AV/GATES AV,102
47510694.0,E 233 ST/GUNTHER AV,145
47518840.0,HALSEY ST/TOMPKINS AV,103
47277456.0,2 AV/E 82 ST,225
47281460.0,MADISON AV/E 129 ST,84
47286267.0,CASTLETON AV/WOODSTOCK AV,284
47537276.0,GATES AV/EVERGREEN AV,451
47547297.0,EASTCHESTER RD/EAST GUN HILL RD,180
47551230.0,GRAHAM AV/SEIGEL ST,132
47553112.0,5 AV/W 32 ST,143
47577248.0,SHORE PKWY/BRIGHAM ST,52
47581594.0,DE KALB AV/TOMPKINS AV,19
47582768.0,2 AV/E 78 ST,128
47292906.0,5 AV/21 ST,94
47293776.0,NORTHERN BLVD/PARSONS BLVD,319
47219783.0,BOWERY/HESTER ST,20
47223694.0,WYTHE AV/S 5 ST,50
47226137.0,150 ST/17 RD,238
47848650.0,CASTLETON AV/HARBOR VIEW CT,34
47848693.0,FOREST AV/HAVEN ESPLANADE,121
47858654.0,JERSEY ST/CASTLETON AV,285
47866275.0,MANHATTAN AV/EAGLE ST,66
47295606.0,ASTORIA BLVD SOUTH/STEINWAY ST,494
47584587.0,W 31 ST/6 AV,198
47596692.0,6 AV/W 27 ST,177
47703518.0,5 AV/W 26 ST,141
47706983.0,E 23 ST/2 AV,161
47716158.0,3 AV/E 118 ST,73
47720387.0,NOSTRAND AV/LINDEN BLVD,136
47728714.0,10 AV/W 45 ST,128
47313887.0,E 34 ST /1 AV,110
47315577.0,1 AV/E 36 ST,121
47316061.0,63 DR/WOODHAVEN BLVD,477
47869412.0,ROCKAWAY AV/SUMPTER ST,106
47869588.0,10 AV/W 37 ST,71
47870168.0,SEDGWICK AV/STEVENSON PL 1,118
47874401.0,JAMAICA AV/ELDERT LN,229
47729102.0,2 AV/E 75 ST,62
47737131.0,MYRTLE AV/BUSHWICK AV,143
47316320.0,FDR DR/E 35 ST,72
47316506.0,ROCKAWAY PKWY/AVENUE M,320
47333781.0,9 AV/W 46 ST,112
47887785.0,MYRTLE AV/74 ST,442
47889158.0,10 AV/W 47 ST,128
47890017.0,9 AV/W 52 ST,98
47892276.0,CENTRAL PARK WEST/W 102 ST,94
47900810.0,ROGERS AV/AVENUE D,46
47337463.0,FLATLANDS AV/E 88 ST,23
47341575.0,MORGAN AV/THAMES ST,136
47761307.0,W 31 ST/6 AV,46
47767712.0,83 ST/ROOSEVELT AV,898
47770897.0,1 AV/E 60 ST,128
47773433.0,NEPTUNE AV/E 12 ST,185
47774203.0,NEPTUNE AV/E 12 ST,318
47783273.0,FLATLANDS AV/E 86 ST,64
47348298.0,LAUREL HILL BLVD/58 ST,1779
47355990.0,FOREST AV/SILVER LAKE PARK,67
47356141.0,E 10 ST/AVENUE B,80
47356150.0,E 10 ST/AVENUE C,0
47904246.0,ADAM C POWELL BLVD/W 116 ST,181
47906957.0,E 98 ST/CHURCH AV,39
47907266.0,5 AV/18 ST,316
47921311.0,JACKSON AV/DAVIS ST,186
47924038.0,BOWERY/KENMARE ST,57
47933628.0,8 AV/W 28 ST,100
47783561.0,AMSTERDAM AV/W 102 ST,131
47795106.0,10 AV/W 45 ST,192
47803501.0,TOMPKINS AV/WILLOUGHBY AV,167
47803519.0,FREDERICK DOUGLASS BLVD/W 131 ST,111
47359500.0,W 34 ST/BROADWAY,197
47373382.0,HOYT AV/31 ST,236
47373389.0,YORK AV/E 60 ST,14
47373597.0,1 AV/E 60 ST,108
47938375.0,HYLAN BLVD/SEGUINE AV,500
47939524.0,BROOKLYN AV/ATLANTIC AV,78
47942202.0,CRESCENT ST/ETNA ST,63
47944133.0,47 AV/193 ST,188
47964241.0,E 72 ST/2 AV,256
47808900.0,ARCHER AV/160 ST,1000
47812540.0,ATLANTIC AV/100 ST,892
47825830.0,TOMPKINS AV/FULTON ST,110
47395232.0,W 31 ST/6 AV,68
47396746.0,5 AV/W 32 ST,144
47397326.0,W 31 ST/6 AV,54
47402779.0,SAINT PAULS AV/SWAN ST,105
47410952.0,E 86 ST/LEXINGTON  AV,136
47412929.0,53 ST/2 AV,167
47967099.0,BRIGHTON BEACH AV/BRIGHTON 3 ST,277
47968256.0,WATER ST/PINE ST,32
47968434.0,NEPTUNE AV/OCEAN PKWY,358
47974913.0,AVENUE A/E 5 ST,168
47974969.0,JFK AIRPORT/TERMINAL 8,5924
47975799.0,RIVERSIDE DR/W 142 ST,328
47977116.0,LAUREL HILL BLVD/58 ST,1125
47421830.0,BEDFORD AV/N 9 ST,217
47443009.0,QUEENS BLVD/87 AV,275
47832229.0,KINGSTON AV/CARROLL ST,251
47832340.0,WEBSTER AV/E 173 ST,264
47833551.0,HAMPTON ST/BRITTON AV,1000
47841969.0,WEBSTER AV/CLAREMONT PKWY,316
47842721.0,BOWERY/SPRING ST,34
47844167.0,WEBSTER AV/E 173 ST,227
47444016.0,WATER ST/PINE ST,20
47448046.0,10 AV/W 45 ST,119
47448127.0,HUDSON ST/BARROW ST,75
47449728.0,GRAND ST/BUSHWICK AV,190
47451852.0,FRANCIS LEWIS BLVD/112 AV,230
47977634.0,ATLANTIC AV/ELTON ST,365
47982995.0,MANHATTAN AV/W 108 ST,81
47990503.0,BROADWAY/W 138 ST,112
47993937.0,E 72 ST/2 AV,74
47467110.0,LEWIS AV/JEFFERSON AV,115
47846567.0,CHURCH AV/E 55 ST,164
47846577.0,AMSTERDAM AV/W 81 ST,79
48055938.0,2 AV/E 75 ST,98
48062301.0,LINDEN BLVD/SUTPHIN BLVD,1231
47472308.0,HALSEY ST/STUYVESANT AV,266
47486539.0,2 AV/E 75 ST,199
48083343.0,WILSON AV/JEFFERSON AV,82
48089766.0,9 AV/W 13 ST,45
48095346.0,ALBANY AV/FENIMORE ST,378
48100776.0,BROADWAY/W 91 ST,67
48100962.0,6 AV/BROOME ST,134
47994751.0,CHURCH AV/OCEAN PKWY,148
47996191.0,BOWERY/KENMARE ST,74
47996705.0,CENTRAL PARK WEST/W 102 ST,94
48011354.0,HOYT AV SOUTH/31 ST,275
48016092.0,3 AV/8 ST,167
48017619.0,NEW YORK AV/CLARENDON RD,206
48024678.0,WEST ST/CARLISLE ST,50
48029069.0,DRIGGS AV/N 7 ST,131
47486935.0,BROADWAY/JEFFERSON AV,116
48103930.0,9 AV/W 52 ST,225
48104025.0,W 31 ST/6 AV,41
48109162.0,HILLSIDE AV/WINCHESTER BLVD,99
48110470.0,5 AV/21 ST,320
48111149.0,E 68 ST/AVENUE N,681
48030596.0,W 31 ST/6 AV,67
48042018.0,1 AV/E 116 ST,108
48045041.0,E 10 ST/AVENUE B,159
48266114.0,ROCKAWAY AV/MACDOUGAL ST,1
48266140.0,SEAVIEW AV/E 105 ST,593
48270362.0,MERRICK BLVD/FOCH BLVD,388
48279821.0,2 AV/E 6 ST,176
48404504.0,GATES AV/STUYVESANT AV,131
48416088.0,10 AV/W 53 ST,194
48423570.0,ALLEN ST/DELANCEY ST,87
48111511.0,WYCKOFF AV/GROVE ST,103
48121041.0,BROADWAY/W 82 ST,86
48124602.0,10 AV/W 47 ST,80
48128688.0,MANHATTAN AV/W 114 ST,62
48282693.0,BOWERY/GRAND ST,138
48295887.0,BROADWAY/WALKER ST,31
48130923.0,NEW YORK AV/CLARENDON RD,372
48133291.0,E 106 ST/2 AV,152
48133569.0,PARSONS BLVD/23 AV,175
48134826.0,7 AV/W 20 ST,77
48134893.0,NORTH END AV/WARREN ST,150
48135717.0,10 AV/W 37 ST,95
48137711.0,GATES AV/BEDFORD AV,185
48137872.0,BROADWAY/HOOPER ST,127
48427492.0,HALSEY ST/LEWIS AV,27
48430489.0,ATLANTIC AV/76 ST,295
48440192.0,EAST BURNSIDE AV/JEROME AV,124
48444133.0,E 135 ST/ST ANN'S AV,318
48300185.0,YORK AV/E 60 ST,43
48304015.0,BOWERY/GRAND ST,138
48316162.0,6 AV/W 27 ST,133
48316241.0,5 AV/W 23 ST,233
48139155.0,WEST HOUSTON ST/SULLIVAN ST,121
48142110.0,NEW YORK AV/STERLING PL,154
48143746.0,E 14 ST/IRVING PL,36
48146527.0,WEST HOUSTON ST/WEST BROADWAY,56
48316249.0,6 AV/W 27 ST,93
48316258.0,W 23 ST/6 AV,366
48316284.0,5 AV/W 28 ST,185
48445362.0,MORRIS PARK AV/BARNES AV,510
48449621.0,LINCOLN AV/BRUCKNER BLVD,623
48452927.0,6 AV/WEST HOUSTON ST,117
48456241.0,FRANKLIN AV/SAINT JOHNS PL,105
48463531.0,82 ST/ROOSEVELT AV,984
48463899.0,83 ST/ROOSEVELT AV,1026
48317954.0,COLUMBUS AV/W 92 ST,114
48318184.0,AMSTERDAM AV/W 93 ST,92
48323889.0,PENNSYLVANIA AV/BLAKE AV,153
48326902.0,2 AV/E 46 ST,36
48328710.0,AMSTERDAM AV/W 91 ST,81
48331524.0,MALCOLM X BLVD/W 119 ST,96
48159314.0,5 AV/18 ST,195
48168657.0,2 AV/E 70 ST,37
48170918.0,ATLANTIC AV/92 ST,723
48181694.0,MYRTLE AV/HARMAN ST,240
48182954.0,10 AV/W 45 ST,54
48470766.0,BEDFORD AV/LINDEN BLVD,123
48483049.0,3 AV/E 17 ST,95
48489975.0,1 AV/E 60 ST,77
48493122.0,W 49 ST/5 AV,76
48503504.0,DE KALB AV/SAINT NICHOLAS AV,135
48334556.0,47 AV/196 ST,79
48341938.0,7 AV/W 53 ST,117
48344749.0,W 34 ST/8 AV,155
48344963.0,9 AV/W 35 ST,240
48345047.0,W 34 ST/8 AV,133
48345099.0,CENTRAL PARK WEST/W 104 ST,141
48345227.0,9 AV/W 35 ST,131
48214743.0,CASTLETON AV/HARBOR VIEW CT,62
48215693.0,n conduit av/95 st,1204
48216778.0,CATON AV/SAINT PAULS PL,134
48229606.0,UTICA AV/LINDEN BLVD,224
48230852.0,E 57 ST/3 AV,150
48230897.0,SAINT MARKS PL/2 AV,93
48345447.0,8 AV/W 37 ST,193
48520815.0,BROOKLYN AV/ATLANTIC AV,44
48527525.0,W 145 ST/CONVENT AV,11
48528952.0,MANHATTAN AV/W 113 ST,106
48559980.0,COLUMBUS AV/W 84 ST,83
48356312.0,5 AV/W 30 ST,113
48357548.0,MANHATTAN AV/W 112 ST,81
48360362.0,ASTORIA BLVD/STEINWAY ST,407
48231063.0,2 AV/E 6 ST,61
48233657.0,LEXINGTON AV/E 89 ST,103
48247577.0,BROADWAY/WYTHE AV,189
48365708.0,E 98 ST/CLARKSON AV,101
48367018.0,BROADWAY/WILLOUGHBY AV,117
48562814.0,6 AV/W 27 ST,137
48562902.0,6 AV/W 29 ST,76
48563315.0,6 AV/W 29 ST,194
48566707.0,GREENWICH ST/BATTERY PL,20
48569389.0,7 AV/W 28 ST,173
48585070.0,ATLANTIC AV/124 ST,108
48586222.0,5 AV/E 55 ST,112
48367351.0,3 AV/E 75 ST,127
48253767.0,HOYT AV/31 ST,555
48255368.0,CENTRE ST/BROOME ST,124
48255427.0,10 AV/W 25 ST,67
48257064.0,MONTROSE AV/LORIMER ST,70
48627687.0,BOWERY/GRAND ST,120
48380523.0,3 AV/E 104 ST,48
48587319.0,5 AV/E 55 ST,167
48587320.0,5 AV/W 56 ST,74
48587324.0,W 57 ST/5 AV,92
48587330.0,W 57 ST/6 AV,106
48587331.0,5 AV/E 55 ST,102
48587332.0,5 AV/W 56 ST,62
48587333.0,W 57 ST/6 AV,217
48382101.0,LACONIA AV/E 225 ST,162
48383636.0,FREDERICK DOUGLASS BLVD/W 140 ST,66
48383760.0,E 14 ST/AVENUE A,177
48639298.0,147 AV/184 ST,150
48654449.0,UTOPIA PKWY/75 AV,105
48658249.0,AVENUE D/E 6 ST,227
48658534.0,BEDFORD AV/WILLOUGHBY AV,196
48659103.0,HOLLIS AV/217 PL,132
48661185.0,SAINT ANN'S AV/E 146 ST,179
48672660.0,WATER ST/WALL ST,63
48587864.0,3 AV/E 37 ST,131
48601052.0,3 AV/E 39 ST,104
48601560.0,3 AV/E 37 ST,115
48601706.0,E 42 ST/LEXINGTON AV,223
48601811.0,3 AV/E 37 ST,110
48602128.0,E 42 ST/LEXINGTON AV,184
48602260.0,3 AV/E 39 ST,51
48602318.0,LEXINGTON AV/E 40 ST,148
48602370.0,3 AV/E 37 ST,110
48399663.0,9 AV/W 40 ST,73
48402078.0,JERSEY ST/PAUW ST,131
48612262.0,NOSTRAND AV/CLARENDON RD,200
48867046.0,E 14 ST/2 AV,212
48674402.0,WYTHE AV/GRAND ST,74
48674893.0,CENTRAL PARK WEST/W 104 ST,141
48676981.0,7 AV/STERLING PL,169
48679571.0,MYRTLE AV/79 ST,313
48682927.0,COLUMBUS AV/W 78 ST,40
48871242.0,BROADWAY/MADISON ST,182
48879282.0,HUGH GRANT CIRCLE/CROSS BRONX EXPWY SERVICE RD,97
48886891.0,UTICA AV/FARRAGUT RD,220
48699809.0,ASTORIA BLVD/STEINWAY ST,385
48707741.0,63 RD/108 ST,1270
48720514.0,E 57 ST/3 AV,189
48731947.0,DEAN ST/NEW YORK AV,227
49060074.0,SAINT JOHNS PL/SCHENECTADY AV,188
49072113.0,LINCOLN RD/FLATBUSH AV,6
49074308.0,GATES AV/PATCHEN AV,144
49074726.0,LEXINGTON AV/E 62 ST,96
49074929.0,5 AV/W 31 ST,77
48920995.0,EMPIRE BLVD/LAMONT CT,327
48733636.0,3 AV/E 14 ST,92
48735024.0,E 14 ST/IRVING PL,36
48735040.0,E 14 ST/IRVING PL,36
48735062.0,E 14 ST/IRVING PL,36
48736649.0,LAUREL HILL BLVD/58 ST,917
48921786.0,MURDOCK AV/200 ST,245
48922519.0,BROADWAY/W 69 ST,91
48933117.0,6 AV/WHITE ST,123
48936915.0,GATES AV/PATCHEN AV,135
49077488.0,GREENWICH ST/HORATIO ST,76
49081266.0,E 23 ST/BROADWAY,66
49088129.0,8 AV/W 31 ST,81
49089324.0,8 AV/W 31 ST,124
49089376.0,8 AV/W 28 ST,232
49089414.0,8 AV/W 28 ST,43
49089488.0,8 AV/W 28 ST,163
49089500.0,8 AV/W 28 ST,178
49089513.0,8 AV/W 28 ST,62
48939444.0,21 ST/38 AV,341
48940172.0,LINDEN BLVD/193 ST,256
48942624.0,2 AV/E 75 ST,154
48740080.0,COOPER ST/CENTRAL AV,220
48740096.0,WHITE PLAINS RD/OBRIEN AV,343
48741152.0,WHITE PLAINS RD/OBRIEN AV,101
48742328.0,HALSEY ST/KNICKERBOCKER AV,125
48752329.0,1 AV/E 60 ST,118
48758785.0,FR CAPODANNO BL/WINFIELD ST,244
48758887.0,LEWIS AV/GREENE AV,61
48764611.0,MANHATTAN AV/W 114 ST,63
48767472.0,28 ST/QUEENS PLAZA SOUTH,599
49089574.0,8 AV/W 28 ST,295
49089583.0,8 AV/W 28 ST,78
49089593.0,8 AV/W 31 ST,57
49089605.0,8 AV/W 28 ST,98
49089633.0,8 AV/W 28 ST,85
49089728.0,8 AV/W 28 ST,87
49089734.0,8 AV/W 31 ST,208
49089753.0,8 AV/W 31 ST,181
49089760.0,8 AV/W 31 ST,89
49089771.0,8 AV/W 31 ST,124
48943038.0,BROADWAY/MADISON ST,95
48943933.0,FULTON ST/THOMAS S BOYLAND ST,151
48944147.0,ROCKAWAY AV/MACDOUGAL ST,70
48955719.0,CENTRAL PARK WEST/W 102 ST,141
48956711.0,COLUMBUS AV/W 89 ST,149
48959254.0,JAMAICA AV/LOGAN ST,413
49089796.0,8 AV/W 28 ST,75
49089859.0,8 AV/W 31 ST,119
49091621.0,COLUMBUS AV/W 106 ST,199
49092035.0,8 AV/W 28 ST,174
49092042.0,COLUMBUS AV/W 102 ST,166
49092069.0,8 AV/W 20 ST,149
48767648.0,LEXINGTON AV/E 94 ST,85
48768760.0,28 ST/QUEENS PLAZA SOUTH,505
48782140.0,CLARKSON AV/FLATBUSH AV,72
48783563.0,8 AV/W 39 ST,109
48786590.0,SPRINGFIELD BLVD/HORACE HARDING EXPWY SOUTH,179
48787510.0,EAST TREMONT AV/CROTONA AV,89
48789001.0,3 AV/15 ST,178
48959628.0,COLUMBUS AV/W 89 ST,125
48972837.0,W 57 ST/5 AV,193
48978779.0,METROPOLITAN AV/ASCAN AV,1603
48981222.0,FULTON ST/THOMAS S BOYLAND ST,133
48982956.0,BERGEN ST/BROOKLYN AV,183
48983218.0,NEW YORK AV/ATLANTIC AV,145
48802079.0,FLATBUSH AV/FOSTER AV,190
48804279.0,HALSEY ST/KNICKERBOCKER AV,388
48805587.0,COLUMBUS AV/W 86 ST,9
48805600.0,6 AV/W 27 ST,301
48807455.0,6 AV/W 27 ST,132
48983715.0,DEAN ST/BROOKLYN AV,97
49092077.0,8 AV/W 31 ST,73
49092089.0,8 AV/W 31 ST,94
49092101.0,8 AV/W 31 ST,180
49092125.0,8 AV/W 28 ST,238
49094153.0,3 AV/E 17 ST,113
49099507.0,9 AV/W 44 ST,131
49111268.0,19 ST/PROSPECT PARK WEST,315
48984579.0,BROOKLYN AV/ATLANTIC AV,78
48989849.0,1 AV /E 4 ST,143
48810846.0,BROADWAY/GRAND ST,239
48811129.0,ROGERS AV/MIDWOOD ST,16
48989915.0,DEAN ST/NEW YORK AV,206
48992874.0,HALSEY ST/STUYVESANT AV,140
48994025.0,DRIGGS AV/N 11 ST,140
49113280.0,3 AV/E 14 ST,98
49114251.0,BROADWAY/MADISON ST,144
49115431.0,ASTORIA BLVD/STEINWAY ST,825
49124533.0,7 AV/W 28 ST,98
49124837.0,7 AV/W 31 ST,187
49124976.0,6 AV/W 29 ST,82
48996689.0,KENT AV/S 1 ST,56
48823509.0,LAFAYETTE AV/GRAND AV,137
48825622.0,W 31 ST/6 AV,151
48828204.0,3 AV/E 14 ST,66
48845751.0,3 AV/E 82 ST,102
48846698.0,GLENWOOD RD/E 102 ST,174
48848322.0,SAINT MARKS PL/2 AV,111
48848698.0,SAINT MARKS PL/2 AV,191
48848891.0,SAINT MARKS PL/2 AV,193
48998267.0,DEAN ST/NEW YORK AV,144
48998616.0,HUDSON ST/BETHUNE ST,82
49002584.0,SUTTER AV/ATKINS AV,121
49003714.0,WESTCHESTER AV/INTERVALE AV,262
49125584.0,BROADWAY/WYTHE AV,152
49125621.0,BROADWAY/W 149 ST,67
49126425.0,3 AV/E 47 ST,110
49126896.0,AMSTERDAM AV/W 149 ST,150
49127236.0,NOSTRAND AV/GREENE AV,152
49132815.0,3 AV/E 91 ST,77
49011831.0,CENTRE ST/GRAND ST,170
49013421.0,W 34 ST/9 AV,74
48849201.0,1 AV /E 4 ST,73
48860567.0,86 ST/16 AV,318
49193889.0,MARCUS GARVEY BLVD/MADISON ST,133
49199952.0,3 AV/E 60 ST,114
49207819.0,HAMPTON ST / WHITNEY AVE,479
49208965.0,4 AV/SENATOR ST,165
49014923.0,8 AV/13 ST,78
49016783.0,FULTON ST/THOMAS S BOYLAND ST,125
49018761.0,3 AV/E 82 ST,89
49019237.0,ROCKAWAY AV/MACDOUGAL ST,48
49022805.0,21 ST/38 AV,620
49024100.0,237 ST/129 AV,300
49026948.0,21 ST/38 AV,602
49211825.0,SAINT NICHOLAS AV/FORT GEORGE HILL,57
49218440.0,RIVERSIDE BLVD/W 69 ST,140
49225568.0,6 AV/W 29 ST,154
49226616.0,BEDFORD AV/N 5 ST,115
49228776.0,COLUMBUS AV/W 102 ST,145
49241398.0,CENTRAL PARK WEST/W 104 ST,10
49136477.0,FATHER CAPODANNO BLVD/HUNTER AV,99
49142923.0,SAINT JOHNS PL/BROOKLYN AV,116
49145365.0,120 AV/177 ST,32
49149598.0,FRANKLIN ST/INDIA ST,91
49152970.0,AMSTERDAM AV/W 184 ST,99
49157025.0,BERGEN ST/NOSTRAND AV,202
49157424.0,GREENPOINT AV/40 ST,178
49158456.0,W 49 ST/8 AV,194
49029323.0,FLUSHING AV/HUMBOLDT ST,87
49030865.0,UTOPIA PKWY/65 AV,479
49039026.0,FOREST AV/68 RD,62
49041803.0,SUTTON PL/E 55 ST,84
49042509.0,LAFAYETTE AV/STUYVESANT AV,233
49044299.0,COLUMBUS AV/W 102 ST,130
49159986.0,E 106 ST/LEXINGTON AV,126
49169710.0,SMITH ST/BERGEN ST,72
49172890.0,21 ST/38 AV,446
49174756.0,3 AV/UNION ST,272
49175978.0,3 AV/E 14 ST,85
49046539.0,5 AV/W 31 ST,90
49046672.0,5 AV/W 31 ST,119
49241564.0,3 AV/E 60 ST,229
49243212.0,9 AV/W 35 ST,69
49244215.0,8 AV/W 37 ST,191
49245482.0,82 ST/ROOSEVELT AV,1380
49246673.0,3 AV/E 17 ST,118
49247483.0,HALSEY ST/STUYVESANT AV,74
49247694.0,BERGEN ST/HOYT ST,185
49054182.0,METROPOLITAN AV/LEFFERTS BLVD,182
49059730.0,8 AV/W 37 ST,51
49177425.0,1 AV/E 64 ST,0
49177819.0,SARATOGA AV/MACDONOUGH ST,91
49179008.0,FLATBUSH AV/OCEAN AV,52
49179068.0,fdr/catherine slip,204
49190919.0,VARICK ST/CHARLTON ST,173
49402750.0,1 AV/E 52 ST,63
49249517.0,FLATBUSH AV/MIDWOOD ST,169
49256890.0,1 AV/E 82 ST,101
49258364.0,HARRISON ST/HUDSON ST,242
49258856.0,E 79 ST/2 AV,169
49259071.0,3 AV/E 45 ST,121
49259253.0,MARCUS GARVEY BLVD/LAFAYETTE AV,115
49612318.0,LEXINGTON AV/E 89 ST,119
49613696.0,VICTORY BLVD/WOODSTOCK AV,311
49617920.0,2 AV/E 36 ST,26
49403099.0,STERLING PL/BEDFORD AV,158
49404022.0,BROADWAY/W 100 ST,176
49420553.0,21 ST/BROADWAY,1375
49421625.0,3 AV/E 17 ST,109
49422746.0,HALSEY ST/THROOP AV,152
49627000.0,CLARKSON AV/KINGS COUNTY HOSPITAL,935
49260138.0,YORK AV/E 84 ST,51
49270284.0,5 AV/W 30 ST,79
49273047.0,ALBANY AV/ATLANTIC AV,137
49274169.0,BROADWAY/CHAMBERS ST,51
49627248.0,ALBANY AV/FENIMORE ST,350
49629345.0,CATHEDRAL PKWY/FREDERICK DOUGLASS BLVD,35
49636298.0,7 AV/W 53 ST,174
49638183.0,BRUCKNER BLVD/JARVIS AV,342
49425803.0,FULTON ST/NOSTRAND AV,9
49426040.0,ATLANTIC AV/BERRIMAN ST,391
49436100.0,7 AV/W 55 ST,75
49441284.0,SENECA AV/BLEECKER ST,263
49639535.0,28 ST/QUEENS PLAZA SOUTH,616
49286428.0,CHURCH AV/RUGBY RD,700
49287294.0,BROADWAY/W 151 ST,146
49288693.0,FLATBUSH AV/DORCHESTER RD,246
49290383.0,SUTTON PL/SUTTON SQ,123
49294132.0,2 AV/E 6 ST,71
49294534.0,2 AV/E 6 ST,83
49645125.0,W 49 ST/7 AV,123
49646649.0,WEBSTER AV/ITTNER PL,400
49648091.0,GRAHAM AV/BAYARD ST,70
49651889.0,ALLEN ST/DELANCEY ST,226
49652245.0,2 AV/E 13 ST,113
49653467.0,BROADWAY/W 99 ST,79
49299232.0,SARATOGA AV/BAINBRIDGE ST,231
49315958.0,5 AV/12 ST,136
49316728.0,9 AV/W 35 ST,53
49317436.0,W 97 ST/WEST END AV,230
49319626.0,63 RD/108 ST,1319
49320836.0,HOLLIS AV/209 PL,350
49322333.0,1 AV /E 4 ST,101
49325044.0,JAMAICA AV/78 ST,219
49442994.0,SUTTON PL/SUTTON SQ,179
49443360.0,AVENUE D/E 40 ST,204
49447343.0,SCHAEFER ST/CENTRAL AV,129
49447624.0,HOLLIS AV/209 PL,417
49447923.0,STARR ST/WOODWARD AV,72
49448292.0,8 AV/W 52 ST,126
49451418.0,1 AV/E 39 ST,281
49460071.0,COLUMBUS AV/W 97 ST,3
49658095.0,ROCKAWAY AV/MACDOUGAL ST,60
49669315.0,HOYT AV SOUTH/31 ST,1057
49684216.0,VANDERBILT AV/STERLING PL,231
49690753.0,ESSEX ST/GRAND ST,57
49690878.0,W 145 ST/AMSTERDAM AV,165
49691549.0,GLENWOOD RD/E 58 ST,116
49462266.0,COLUMBUS AV/W 75 ST,137
49470050.0,7 AV/W 54 ST,38
49470218.0,W 57 ST/BROADWAY,66
49470374.0,W 57 ST/7 AV,74
49475002.0,YORK AV/E 87 ST,104
49483226.0,7 AV/15 ST,80
49328408.0,E 34 ST/2 AV,136
49336931.0,DRIGGS AV/BROADWAY,150
49341125.0,JFK AIRPORT/TERMINAL 8,5481
49341459.0,2 AV/E 75 ST,97
49341497.0,2 AV/E 75 ST,85
49346114.0,ASTORIA BLVD/STEINWAY ST,812
49346405.0,10 AV/W 45 ST,52
49348879.0,120 AV/177 ST,613
49692590.0,ROCKAWAY PKWY/FARRAGUT RD,117
49692782.0,3 AV/CARROLL ST,220
49693252.0,PUTNAM AV/CLASSON AV,179
49698767.0,BROADWAY/W 91 ST,67
49350342.0,243 ST/WELLER AV,97
49351323.0,3 AV/E 47 ST,100
49364284.0,1 AV /E 4 ST,89
49367371.0,3 AV/E 17 ST,96
49377270.0,2 AV/E 41 ST,64
49377278.0,2 AV/E 41 ST,64
49701947.0,9 AV/W 35 ST,72
49702148.0,W 34 ST/DYER AV,172
49702711.0,BERGEN ST/BOND ST,317
49487853.0,15 ST/8 AV,224
49491879.0,YORK AV/E 87 ST,104
49512718.0,2 AV/E 75 ST,126
49524149.0,REMSEN AV/AVENUE B,360
49528207.0,5 AV/14 ST,257
49705160.0,COLUMBUS AV/W 102 ST,204
49705923.0,W 97 ST/WEST END AV,101
49707129.0,KOSSUTH PL/BUSHWICK AV,255
49708212.0,E 79 ST/YORK AV,203
49378714.0,WATER ST/OLD SLIP,99
49380403.0,WATER ST/PINE ST,25
49384376.0,BROADWAY/W 153 ST,64
49388478.0,5 AV/W 32 ST,146
49391040.0,3 AV/E 45 ST,75
49532423.0,FURMANVILLE AV/77 ST,204
49533981.0,BOSTON RD/BAYCHESTER AV,651
49534641.0,3 AV/E 77 ST,235
49535251.0,E 106 ST/LEXINGTON AV,82
49538059.0,ROCKAWAY AV/FULTON ST,98
49713396.0,CENTRAL PARK WEST/W 100 ST,67
49713996.0,OCEAN AV/PARKSIDE AV,103
49716213.0,JFK AIRPORT/TERMINAL 8,6310
49551756.0,THOMAS S BOYLAND ST/DEAN ST,133
49563078.0,AVENUE C/E 3 ST,56
49563531.0,5 AV/W 28 ST,85
49730558.0,AMSTERDAM AV/W 83 ST,151
49733510.0,GATES AV/EVERGREEN AV,345
49809595.0,82 ST/ROOSEVELT AV,1015
49811796.0,ATLANTIC AV/100 ST,588
49813829.0,BEDELL ST/BAISLEY BLVD,911
49814851.0,ATLANTIC AV/84 ST,311
49815039.0,W 57 ST/9 AV,133
49834604.0,FLUSHING AV/MELROSE ST,274
49835977.0,HALSEY ST/BUSHWICK AV,174
49733992.0,BEDFORD AV/N 9 ST,218
49734537.0,BRIGHTON BEACH AV/BRIGHTON 14 ST,168
49735553.0,AMSTERDAM AV/W 149 ST,102
49738307.0,WORTH ST/MOTT ST,409
49567184.0,WYCKOFF AV/HARMAN ST,87
49568874.0,AMSTERDAM AV/W 98 ST,355
49579941.0,W 96 ST/COLUMBUS AV,66
49584983.0,9 AV/W 44 ST,112
49752230.0,48 ST/54 AV,138
49752320.0,MANHATTAN AV/W 106 ST,131
49754187.0,BROADWAY/LA SALLE ST,74
49840515.0,8 AV/W 28 ST,225
49856007.0,THROOP AV/PARK AV,111
49860773.0,GRAHAM AV/SCHOLES ST,351
49756756.0,MARCY AV/METROPOLITAN AV,184
49767880.0,OCEAN AV/231 OCEAN AV,619
49590996.0,W 145 ST/AMSTERDAM AV,169
49591825.0,VICTORY BLVD/FOREST AV,802
49593677.0,2 AV/E 6 ST,72
49596032.0,W 43 ST/8 AV,264
49607441.0,5 AV/GARFIELD PL,184
50032602.0,GATES AV/MARCY AV,159
49770362.0,QUEENS BLVD/87 AV,281
49770554.0,OCEAN AV/AVENUE O,156
49770573.0,3 AV/E 47 ST,99
49771515.0,lincoln tnl app/lincoln tnl app,311
49861555.0,LINDEN BLVD/LOGAN ST,210
49863599.0,LAFAYETTE ST/E 4 ST,83
49871065.0,MADISON AV/E 32 ST,213
49872358.0,W 34 ST/BROADWAY,239
49873851.0,BRIGHTON AV/WEBSTER AV,149
49877263.0,W 42 ST/9 AV,107
49775120.0,MALCOLM X BLVD/W 122 ST,141
49776485.0,PROSPECT PARK SOUTHWEST/10 AV,493
49777208.0,JFK AIRPORT/TERMINAL 8,6129
50034823.0,BOWERY/GRAND ST,168
50044566.0,BERGEN ST/FRANKLIN AV,234
50045106.0,2 AV/E 46 ST,145
50046726.0,CENTRAL PARK WEST/W 104 ST,193
50047337.0,DEAN ST/CLASSON AV,185
50048410.0,CONEY ISLAND AV/AVENUE T,247
50051141.0,CARY AV/NORTH BURGHER AV,37
50053083.0,MERRICK BLVD/FOCH BLVD,85
49779563.0,W 135 ST/ADAM C POWELL BLVD,236
49792300.0,CADMAN PLAZA WEST/MONTAGUE ST,89
49792328.0,COURT ST/MONTAGUE ST,215
49881509.0,MADISON AV/E 123 ST,95
49895566.0,E 86 ST/2 AV,80
49899440.0,57 AV/JUNCTION BLVD,190
49901647.0,FLATBUSH AV/LINCOLN RD,95
49902236.0,SAINT NICHOLAS AV/W 145 ST,100
49906500.0,E 57 ST/LEXINGTON AV,160
50229513.0,GREENPOINT AV/48 AV,207
50054553.0,19 ST/8 AV,290
50056629.0,WESTERVELT AV/CRESCENT AV,81
50060985.0,CROSBY AV/WESTCHESTER AV,225
50067437.0,7 AV/W 58 ST,10
50070357.0,E 14 ST/2 AV,19
50070650.0,3 AV/E 39 ST,156
50084513.0,SARATOGA AV/SAINT MARKS AV,339
50230523.0,ADAM C POWELL BLVD/W 135 ST,14
49910031.0,149 AV/241 ST,6622
49910561.0,E 23 ST/PARK AV SOUTH,196
49916027.0,9 AV/W 52 ST,95
49920227.0,WESTCHESTER AV/BRYANT AV,205
49921619.0,COLUMBUS AV/W 106 ST,164
49923953.0,MYRTLE AV/EVERGREEN AV,185
49926303.0,CLYDE PL/ARNOLD ST,221
49926780.0,Gowanus Exp./Hicks St (N.B.),805
50231445.0,GATES AV/EVERGREEN AV,78
50232312.0,MYRTLE AV/KNICKERBOCKER AV,244
50240781.0,MARCUS GARVEY BLVD/BROADWAY,131
50087383.0,2 AV/E 6 ST,94
50102924.0,COLUMBUS AV/W 80 ST,214
50243854.0,COURT ST/3 PL,145
49927058.0,2 AV/E 122 ST,184
49927153.0,46 AV/158 ST,218
49931452.0,W 145 ST/CONVENT AV,101
49934233.0,MARCUS GARVEY BLVD/BROADWAY,170
49938794.0,DRIGGS AV/N 7 ST,65
49942554.0,FORT WASHINGTON AV/W 162 ST,80
50245157.0,RIVERSIDE DR/W 119 ST,72
50257676.0,VAN WYCK SOUTH SERVICE RD/BUILDING 90,14962
50260476.0,W 14 ST/7 AV,247
49946463.0,ALLEN ST/DELANCEY ST,139
49949577.0,MALCOLM X BLVD/W 122 ST,109
49951454.0,BROADWAY/LAWTON ST,212
49951702.0,THROOP AV/JEFFERSON AV,112
49958366.0,BERGEN ST/CARLTON AV,158
50273161.0,THROOP AV/GATES AV,146
50105157.0,GATES AV/EVERGREEN AV,369
50105297.0,VANDERBILT AV/STERLING PL,146
50106057.0,120 AV/202 ST,226
50114549.0,5 AV/W 32 ST,115
50114718.0,WEST ST/KENT ST,273
50115342.0,FARRAGUT RD/NOSTRAND AV,102
50116921.0,SUTTON PL/SUTTON SQ,174
50126048.0,237 ST/129 AV,458
50282803.0,GRAHAM AV/SCHOLES ST,118
50287920.0,JOHNSON AV/HUMBOLDT ST,72
50288333.0,SOUNDVIEW AV/LACOMBE AV,335
50288716.0,9 AV/W 35 ST,227
50288808.0,KINGSLAND AV/SKILLMAN AV,122
49964381.0,WILLIAMSBURG BRIDGE PLAZA/LANE 1,226
49968296.0,5 AV/GARFIELD PL,98
49978761.0,W 139 ST/5 AV,238
49980221.0,CASTLETON AV/CEBRA AV,24
49980476.0,103 ST/ROOSEVELT AV,90
49986878.0,VAN WYCK SOUTH SERVICE RD/BUILDING 90,16528
49987009.0,MCDONALD AV/GREENWOOD AV,116
49987096.0,9 AV/W 44 ST,61
50291345.0,9 AV/W 46 ST,213
50307683.0,GATES AV/PATCHEN AV,143
50309122.0,8 AV/W  56 ST,62
50309369.0,DIVISION AV/DRIGGS AV,113
50132114.0,YORK AV/E 60 ST,57
50132200.0,GRAND CONCOURSE/E 153 ST,527
50133133.0,AVENUE A/E 11 ST,91
50133389.0,BEDFORD AV/BERGEN ST,13
50133987.0,UTICA AV/AVENUE M,75
50136462.0,21 ST/30 AV,537
50145063.0,30 AV/21 ST,689
50147460.0,DE KALB AV/WASHINGTON AV,110
50310472.0,W 50 ST/10 AV,158
50323999.0,VAN WYCK SOUTH SERVICE RD/BUILDING 90,16982
50325603.0,MANHATTAN AV/W 106 ST,144
50148604.0,E 57 ST/LEXINGTON AV,160
50152840.0,KINGSLAND AV/HERBERT ST,263
50154380.0,TOMPKINS AV/PUTNAM AV,87
50154480.0,3 AV/E 39 ST,156
50165885.0,W 23 ST/6 AV,286
49996255.0,BORINQUEN PL/S 1 ST,191
50000106.0,5 AV/W 30 ST,90
50001583.0,AVENUE C/E 12 ST,49
50005702.0,2 AV/E 9 ST,219
50012899.0,57 AV/98 ST,153
50014718.0,TOMPKINS AV/WILLOUGHBY AV,103
50017683.0,149 AV/242 ST,7413
50027063.0,AMSTERDAM AV/W 104 ST,93
50335735.0,W 49 ST/8 AV,184
50338291.0,10 AV/W 37 ST,112
50348283.0,E 14 ST/2 AV,199
50348687.0,REMSEN AV/FOSTER AV,393
50350784.0,62 DR/99 ST,77
50357364.0,10 AV/W 37 ST,91
50421355.0,LEXINGTON AV/E 31 ST,33
50423127.0,149 AV/242 ST,7591
50427075.0,GRAND CONCOURSE/FIELD PL,52
50434100.0,AVENUE X/E 2 ST,163
50437750.0,GATES AV/PATCHEN AV,195
50438495.0,3 AV/E 26 ST,100
50169444.0,6 AV/PRINCE ST,98
50170583.0,BEDFORD AV/MAPLE ST,141
50172690.0,ATLANTIC AV/SHEPHERD AV,113
50177212.0,23 AV/87 ST,725
50181296.0,2 AV/E 97 ST,39
50184806.0,NOSTRAND AV/SNYDER AV,96
50197398.0,2 AV/E 25 ST,86
50357770.0,W 37 ST/CANAL AV,1176
50357851.0,W 34 ST/DYER AV,24
50359042.0,BEDFORD AV/BROADWAY,101
50361433.0,MANHATTAN AV/W 122 ST,112
50197603.0,E 79 ST/2 AV,169
50210952.0,7 AV/W 17 ST,151
50213868.0,MOUNT MORRIS PARK WEST/W 124 ST,96
50363428.0,KENT AV/METROPOLITAN AV,32
50439191.0,DE KALB AV/SAINT NICHOLAS AV,54
50439347.0,MURDOCK AV/200 ST,395
50444487.0,E 79 ST/MADISON AV,61
50444902.0,W 97 ST/WEST END AV,44
50447076.0,OCEAN AV/AVENUE O,111
50448458.0,57 AV/98 ST,320
50373097.0,LORIMER ST/BAYARD ST,106
50373395.0,PROSPECT PARK SOUTHWEST/10 AV,19
50377243.0,3 AV/E 33 ST,40
50379952.0,SAINT JOHNS PL/BROOKLYN AV,179
50217850.0,BOWERY/GRAND ST,217
50218172.0,COLUMBIA ST/SACKETT ST,59
50218259.0,DE KALB AV/NOSTRAND AV,242
50229406.0,ATLANTIC AV/108 ST,676
50634330.0,10 AV/W 42 ST,74
50634369.0,W 42 ST/10 AV,144
50634986.0,BROADWAY/W 159 ST,83
50380856.0,94 ST/23 AV,497
50381056.0,NEW LOTS AV/VAN SINDEREN AV,227
50454030.0,BERGEN ST/NOSTRAND AV,165
50455183.0,ATLANTIC AV/WARWICK ST,58
50464753.0,ASTORIA BLVD SOUTH/STEINWAY ST,218
50464835.0,ASTORIA BLVD SOUTH/STEINWAY ST,318
50467092.0,ASTORIA BLVD SOUTH/STEINWAY ST,571
50473264.0,E 49 ST/1 AV,261
50475919.0,FRANKLIN ST/GREEN ST,107
50476420.0,SAINT NICHOLAS AV/W 150 ST,92
50480214.0,STERLING PL/FRANKLIN AV,107
50382110.0,W 72 ST/COLUMBUS AV,170
50394984.0,SAINT MARKS PL/1 AV,177
50398446.0,BEDFORD AV/HANCOCK ST,72
50403442.0,LAFAYETTE AV/STUYVESANT AV,226
50403831.0,W 33 ST/NEPTUNE AV,219
50636537.0,8 AV/W 37 ST,173
50637542.0,HOLLIS AV/201 ST,323
50638762.0,SHORE PKWY/BROWN ST,81
50639364.0,NORTH BOUNDARY RD/FEDERAL EXPRESS,2283
50640505.0,PUTNAM AV/BEDFORD AV,174
50643073.0,JOHNSON AV/HUMBOLDT ST,217
50643599.0,ASTORIA BLVD/STEINWAY ST,408
50488088.0,COLUMBUS AV/W 92 ST,136
50490000.0,GERRITSEN AV/CYRUS AV,138
50490073.0,MADISON AV/E 38 ST,213
50490369.0,THROOP AV/GATES AV,91
50496178.0,NEREID AV/MONTICELLO AV,272
50497636.0,FRANKLIN AV/EASTERN PKWY,73
50403963.0,GATES AV/STUYVESANT AV,168
50408339.0,MANHATTAN AV/NORMAN AV,217
50416793.0,DE KALB AV/NOSTRAND AV,256
50416941.0,FULTON ST/ROCKWELL PL,203
50654283.0,OCEAN AV/CATON AV,76
50654386.0,GRAHAM AV/ENGERT AV,142
50657075.0,FULTON ST/HUDSON AV,119
50657826.0,FRANCIS LEWIS BLVD/93 AV,202
50526392.0,ASTORIA BLVD SOUTH/77 ST,1258
50535149.0,DE KALB AV/NOSTRAND AV,186
50535731.0,MADISON AV/E 32 ST,224
50540716.0,MYRTLE AV/PARK LN SOUTH,184
50788937.0,MADISON AV/E 86 ST,61
50793014.0,HALSEY ST/BEDFORD AV,107
50793849.0,W 37 ST/NEPTUNE AV,823
50661588.0,BERGEN ST/BOND ST,247
50669306.0,11 AV/W 42 ST,178
50672817.0,GERRITSEN AV/GERRITSEN BEACH,10822
50673172.0,ALLEN ST/CANAL ST,250
50675195.0,9 AV/W 40 ST,107
50679257.0,BROADWAY/W 114 ST,71
50681515.0,VAN BRUNT ST/KING ST,134
50795444.0,10 AV/W 53 ST,102
50545664.0,REMSEN AV/AVENUE K,211
50546202.0,VANDERBILT AV/SAINT MARKS AV,97
50547429.0,1 AV/E 86 ST,74
50549001.0,BROADWAY/PARK ST,60
50550783.0,DE KALB AV/IRVING AV,139
50551102.0,MYRTLE AV/KNICKERBOCKER AV,261
50795818.0,NEW YORK AV/CHURCH AV,104
50797765.0,ALLERTON AV/PEARSALL AV,338
50802956.0,MALCOLM X BLVD/W 132 ST,56
50806836.0,FLATBUSH AV/CLARENDON RD,213
50807495.0,CENTRAL PARK WEST/W 84 ST,65
50684236.0,ROGERS AV/LINCOLN RD,103
50685019.0,UTICA AV/WINTHROP ST,233
50685274.0,CLARKSON AV/KINGS COUNTY HOSPITAL,64
50687637.0,WYCKOFF AV/DE KALB AV,65
50692596.0,MADISON AV/E 30 ST,205
50697485.0,BEDFORD AV/N 5 ST,42
50698344.0,2 AV/E 75 ST,73
50698997.0,RALPH AV/PUTNAM AV,15
50552044.0,WYCKOFF AV/GREENE AV,167
50552494.0,WYCKOFF AV/GREENE AV,263
50552681.0,WYCKOFF AV/MENAHAN ST,238
50552859.0,WYCKOFF AV/GREENE AV,249
50554478.0,KINGS HWY/W 6 ST,532
50564872.0,3 AV/E 60 ST,139
50808284.0,8 AV/W 31 ST,86
50809342.0,BROADWAY/ROEBLING ST,321
50813895.0,FOREST AV/BLEECKER ST,192
50822826.0,CHURCH AV/LLOYD ST,139
50826322.0,ALLEN ST/DELANCEY ST,241
50831816.0,MAIN ST/72 AV,284
50699494.0,FARMERS BLVD/177 PL,765
50701850.0,E 9 ST/2 AV,50
50702408.0,8 AV/W 28 ST,208
50702550.0,8 AV/W 28 ST,208
50704666.0,RALPH AV/PUTNAM AV,91
50706815.0,8 AV/W 46 ST,34
50706878.0,CORONA AV/JUNCTION BLVD,306
50707891.0,THROOP AV/GATES AV,146
50568691.0,CLASSON AV/MYRTLE AV,58
50574468.0,KINGSLAND AV/MASPETH AV,16
50575615.0,120 AV/196 ST,235
50583386.0,CHURCH AV/E 96 ST,312
50586925.0,83 ST/ROOSEVELT AV,918
50588332.0,RALPH AV/EASTERN PKWY,51
50593578.0,W 34 ST/DYER AV,122
50593873.0,W 34 ST/DYER AV,138
50594529.0,VAN WYCK SOUTH SERVICE RD/BUILDING 90,16845
50595710.0,21 ST/30 AV,583
50596016.0,SAINT ANN'S AV/SAINT MARY'S ST,344
50831853.0,GREENPOINT AV/47 ST,636
50833394.0,FLATBUSH AV/BEVERLY RD,403
50840675.0,LORRAINE ST/COLUMBIA ST,421
50844104.0,UTICA AV/FARRAGUT RD,300
50850599.0,10 AV/W 37 ST,102
50851753.0,104 ST/ROOSEVELT AV,389
50614701.0,FULTON ST/WASHINGTON AV,165
50619651.0,8 AV/W 28 ST,208
50622095.0,BOWERY/PRINCE ST,234
50623654.0,YORK AV/E 60 ST,724
50634288.0,W 42 ST/10 AV,175
51001407.0,SPRINGFIELD BLVD/SPRINGFIELD LN,494
50709185.0,FOSTER AV/E 29 ST,216
50710947.0,FLUSHING AV/THROOP AV,125
50720125.0,MERRICK BLVD/231 ST,272
50724280.0,BROADWAY/W 100 ST,73
50728845.0,W 145 ST/CONVENT AV,67
50729758.0,E 80 ST/PAERDEGAT 7 ST,140
50731544.0,3 AV/E 14 ST,90
50853546.0,ATLANTIC AV/LEFFERTS BLVD,130
50854532.0,9 AV/W 46 ST,213
50862774.0,NOSTRAND AV/FLATBUSH AV,121
50866798.0,BEDFORD AV/N 5 ST,84
50740601.0,YORK AV/E 74 ST,50
50743177.0,MONTROSE AV/LORIMER ST,113
50744270.0,THROOP AV/GATES AV,148
50744441.0,2 AV/E 75 ST,154
50745200.0,GERRITSEN AV/GERRITSEN BEACH,10749
50749649.0,ADAM C POWELL BLVD/W 140 ST,184
51001908.0,BROADWAY/GROVE ST,444
51001957.0,48 AV/GREENPOINT AV,7
51003836.0,E 125 ST/MADISON AV,275
51008529.0,BROADWAY/W 88 ST,94
51008582.0,2 AV/E 46 ST,146
51013625.0,LEXINGTON AV/E 34 ST,49
50871220.0,NOSTRAND AV/LAFAYETTE AV,207
50873910.0,BOWERY/PRINCE ST,100
50874018.0,7 AV/W 54 ST,48
50755431.0,W 23 ST/10 AV,126
50755857.0,1 AV/E 97 ST,72
50762178.0,2 AV/E 61 ST,184
50764841.0,8 AV/44 ST,411
50769055.0,8 AV/W 52 ST,158
50874085.0,PROSPECT PARK SOUTHWEST/10 AV,266
51014536.0,CENTRAL PARK WEST/W 104 ST,141
51019131.0,8 AV/W 28 ST,208
51023350.0,AVENUE D/E 5 ST,86
51023989.0,FREDERICK DOUGLASS BLVD/W 123 ST,191
51023991.0,ADAM C POWELL BLVD/W 122 ST,136
51024266.0,SOUNDVIEW AV/GILDERSLEEVE AV,300
51025107.0,SAINT JOHNS PL/ALBANY AV,210
50875290.0,LAUREL HILL BLVD/48 ST,124
50875520.0,UTICA AV/FARRAGUT RD,251
50877802.0,CENTRAL PARK WEST/W 104 ST,50
50879115.0,ADAM C POWELL BLVD/W 112 ST,115
50769070.0,7 AV/W 55 ST,86
50775933.0,MYRTLE AV/WALWORTH ST,124
50778696.0,10 AV/W 49 ST,134
50782009.0,1 AV/56 ST,158
51227641.0,YORK AV/E 84 ST,58
51228351.0,MADISON AV/E 40 ST,30
50888320.0,GOLD ST/TILLARY ST,224
50890282.0,PROSPECT PARK SOUTHWEST/10 AV,428
51035025.0,SAINT JOHNS PL/KINGSTON AV,192
51037782.0,PUTNAM AV/BEDFORD AV,40
51040846.0,LORIMER ST/TEN EYCK ST,143
51042544.0,BAY PKWY/CROPSEY AV,42
51045369.0,9 AV/W 44 ST,65
51058734.0,8 AV/W 52 ST,126
51059180.0,5 AV/W 31 ST,90
50892818.0,SEAVIEW AV/E 102 ST,242
50897694.0,HALSEY ST/MARCY AV,206
50898831.0,E 9 ST/1 AV,247
50899124.0,E 14 ST/AVENUE A,52
51230660.0,9 AV/W 40 ST,236
51232872.0,ASTORIA BLVD/STEINWAY ST,459
51233737.0,BOWERY/KENMARE ST,6
51235989.0,lincoln tnl app/lincoln tnl app,144
51241506.0,E 50 ST/3 AV,112
51243376.0,NEW YORK AV/MIDWOOD ST,118
51246356.0,GATES AV/STUYVESANT AV,207
51248654.0,CATON AV/SAINT PAULS PL,193
50900377.0,THOMAS S BOYLAND ST/MACDONOUGH ST,149
51059798.0,E 79 ST/2 AV,210
51061698.0,MALCOLM X BLVD/HALSEY ST,50
51064101.0,UTICA AV/TILDEN AV,197
51064493.0,GRAHAM AV/MEEKER AV,151
51068516.0,FLATBUSH AV/HAWTHORNE ST,166
50912283.0,6 AV/W 3 ST,163
50913395.0,7 AV/W 54 ST,56
50918485.0,BROADWAY/W 234 ST,209
50921324.0,S 4 ST/RODNEY ST,37
50925457.0,E 96 ST/3 AV,67
51081964.0,WEST HOUSTON ST/SULLIVAN ST,132
51083869.0,WHITE PLAINS RD/E 225 ST,3
51101034.0,FULTON ST/HUDSON AV,73
51109929.0,AVENUE H/E 52 ST,147
51119388.0,ASTORIA BLVD/STEINWAY ST,1838
51121141.0,E 23 ST/1 AV,151
51251317.0,WOODPOINT RD/CONSELYEA ST,164
51257815.0,HALSEY ST/MARCY AV,115
51260918.0,E 80 ST/EAST END AV,142
51262232.0,MANHATTAN AV/FREEMAN ST,90
51262978.0,BOWERY/HESTER ST,29
51263392.0,BEACH ST/VAN DUZER ST,363
51265152.0,ROCKAWAY PKWY/CLARKSON AV,50
51265207.0,PUTNAM AV/CLASSON AV,175
50925570.0,BOWERY/EAST HOUSTON ST,176
50942618.0,FRANKLIN AV/BERGEN ST,204
51265906.0,W 66 ST/AMSTERDAM AV,202
51267133.0,ASTORIA BLVD SOUTH/STEINWAY ST,461
50943154.0,61 ST/59 AV,58
51143643.0,ESSEX ST/CANAL ST,88
51143675.0,AVENUE D/E 42 ST,220
51145379.0,KINGSLAND AV/WITHERS ST,166
51149917.0,W 133 ST/AMSTERDAM AV,74
51150521.0,GRAND CONCOURSE/E 169 ST,146
50953084.0,BOWERY/PRINCE ST,100
50957892.0,2 AV/E 111 ST,75
50958541.0,2 AV/E 20 ST,57
50961550.0,MONTROSE AV/GRAHAM AV,109
50971404.0,COOPER ST/CENTRAL AV,174
50975371.0,MERRICK BLVD/116 AV,360
51165082.0,KENT AV/S 6 ST,101
51166991.0,E 79 ST/2 AV,210
51169564.0,BEDFORD AV/S 4 ST,70
51174632.0,WATCHOGUE RD/NEAL DOW AV,39
51175460.0,1 AV/E 77 ST,89
51175938.0,JEWETT AV/HOLBERNT CT,426
51176539.0,GREENWICH ST/HORATIO ST,99
51279306.0,S 4 ST/HEWES ST,123
51279896.0,80 ST/68 RD,109
51281056.0,LEXINGTON AV/E 34 ST,160
51283129.0,TOMPKINS AV/DEKALB AV,192
51286547.0,FLATBUSH AV/NOSTRAND AV,23
51290734.0,48 AV/38 ST,87
50977430.0,BOWERY/PRINCE ST,58
50982593.0,W 23 ST/6 AV,286
50982601.0,3 AV/E 29 ST,110
50991222.0,MARCUS GARVEY BLVD/MADISON ST,137
50992996.0,GRAHAM AV/AINSLIE ST,99
51305818.0,WOODRUFF AV/OCEAN AV,108
51306036.0,CENTRAL PARK WEST/W 102 ST,94
51307052.0,ROCKAWAY AV/FULTON ST,141
51321125.0,HALSEY ST/CENTRAL AV,113
51321191.0,MYRTLE AV/EVERGREEN AV,138
51327110.0,9 AV/W 52 ST,94
50994682.0,CROTONA AV/E 183 ST,237
50998578.0,ROCKAWAY AV/CHAUNCEY ST,105
51000097.0,E 14 ST/AVENUE A,145
51195082.0,RALPH AV/FARRAGUT RD,175
51195659.0,BOWERY/GRAND ST,140
51196272.0,CENTRE ST/GRAND ST,396
51196476.0,GRAND ST/PITT ST,443
51197475.0,23 AV/82 ST,781
51198851.0,BERGEN ST/BOND ST,194
51205263.0,DITMARS BLVD/31 AV,345
51421349.0,KISSENA BLVD/BOOTH MEMORIAL AV,272
51345893.0,RICHMOND AV/BARON HIRSCH CEMETERY,93
51346279.0,MADISON AV/E 86 ST,61
51350836.0,1 AV/E 97 ST,69
51356492.0,5 AV/W 31 ST,108
51429497.0,46 AV/167 ST,264
51434147.0,AMSTERDAM AV/W 109 ST,147
51439915.0,FULTON ST/HUDSON AV,83
51441187.0,FARMERS BLVD/144 AV,378
51205592.0,GRAHAM AV/MEEKER AV,17
51211344.0,MCDONALD AV/TERRACE PL,288
51212669.0,7 AV/W 20 ST,89
51215712.0,5 AV/21 ST,69
51226268.0,44 DR/JACKSON AV,286
51444991.0,WASHINGTON AV/STERLING PL,410
51445783.0,7 AV/3 ST,289
51447515.0,1 AV/E 52 ST,63
51449212.0,NEW YORK AV/TILDEN AV,205
51357616.0,23 AV/87 ST,495
51358202.0,E 233 ST/CARPENTER AV,215
51361023.0,WYTHE AV/N 9 ST,87
51363890.0,CANAL ST/CANAL ST,23
51364003.0,RALPH AV/MADISON ST,75
51367149.0,10 AV/W 47 ST,86
51383927.0,MALCOLM X BLVD/GREENE AV,56
51386433.0,METROPOLITAN AV/LEFFERTS BLVD,390
51387550.0,METROPOLITAN AV/PARK LN SOUTH,189
51450548.0,HALSEY ST/RALPH AV,253
51623333.0,SAINT JOHNS PL/BROOKLYN AV,56
51636415.0,UNION TPKE/PARSONS BLVD,470
51637875.0,9 AV/W 46 ST,198
51639195.0,ROGERS AV/CARROLL ST,77
51639443.0,ALBANY AV/EAST NEW YORK AV,198
51639873.0,BROADWAY/W 68 ST,85
51640258.0,CHURCH AV/E 94 ST,18
51451368.0,MADISON AV/E 37 ST,179
51454723.0,4 AV/SENATOR ST,112
51455566.0,ADAM C POWELL BLVD/W 132 ST,95
51455941.0,FREDERICK DOUGLASS BLVD/W 133 ST,157
51455950.0,ADAM C POWELL BLVD/W 132 ST,58
51461593.0,WATER ST/WALL ST,202
51387723.0,GLENWOOD RD/E 39 ST,467
51389174.0,LINDEN BLVD/SUTPHIN BLVD,1076
51391054.0,MAIN ST/ELDER AV,270
51391555.0,BEDFORD AV/SNYDER AV,160
51402678.0,FRANKLIN ST/GREEN ST,44
51407096.0,BAY ST/CHESTNUT AV,208
51464250.0,LEFFERTS BLVD/AIRTRAIN STATION,3461
51465312.0,E 135 ST/MADISON AV,596
51466826.0,ROGERS AV/LINCOLN RD,87
51467306.0,3 AV/SENATOR ST,140
51653479.0,EAST NEW YORK AV/E 92 ST,80
51662471.0,9 AV/W 52 ST,176
51664307.0,2 AV/E 46 ST,75
51664813.0,NEW YORK AV/STERLING PL,107
51667245.0,NEW YORK AV/STERLING PL,122
51670402.0,NOSTRAND AV/GLENWOOD RD,65
51670813.0,9 AV/W 46 ST,198
51470664.0,LINDEN PL/31 RD,176
51471374.0,WESTCHESTER AV/SAINT ANN'S AV,120
51471445.0,LEXINGTON AV/E 92 ST,131
51411254.0,BOWERY/SPRING ST,143
51411625.0,101 ST/31 AV,381
51782007.0,CROSS BRONX EXPWY SERVICE RD/COMMONWEALTH AV,55
51783037.0,W 37 ST/NEPTUNE AV,766
51789106.0,HALSEY ST/TOMPKINS AV,208
51791648.0,BROADWAY/PARK AV,50
51791962.0,MARCUS GARVEY BLVD/BROADWAY,140
51482510.0,YORK AV/E 76 ST,80
51483825.0,2 AV/E 61 ST,133
51485535.0,MYRTLE AV/SUYDAM ST,373
51486881.0,HALSEY ST/PATCHEN AV,230
51487553.0,LORIMER ST/POWERS ST,113
51493315.0,LORIMER ST/STAGG ST,135
51670947.0,9 AV/W 46 ST,198
51680457.0,CHURCH AV/RUGBY RD,559
51682883.0,BELL BLVD/38 AV,462
51684534.0,BOWERY/PRINCE ST,68
51685104.0,OCEAN AV/AVENUE X,197
51685477.0,UTICA AV/WINTHROP ST,365
51691170.0,VAN WYCK SOUTH SERVICE RD/BUILDING 90,14902
51699905.0,2 AV/E 61 ST,70
51494382.0,BROADWAY/W 135 ST,26
51498194.0,AMSTERDAM AV/W 69 ST,127
51503294.0,E 79 ST/2 AV,169
51792172.0,BROADWAY/PARK ST,81
51793102.0,ATLANTIC AV/104 ST,776
51796945.0,GATES AV/STUYVESANT AV,247
51799070.0,9 AV/W 35 ST,96
51804543.0,ROCKAWAY PKWY/AVENUE M,519
51804585.0,VICTORY BLVD/CANNON AV,715
51818793.0,NEW YORK AV/PACIFIC ST,102
51825274.0,9 AV/W 40 ST,84
51826933.0,CENTRAL PARK WEST/W 104 ST,104
51702923.0,WYTHE AV/N 6 ST,77
51704149.0,CENTRAL PARK WEST/W 104 ST,141
51709109.0,HALSEY ST/WYCKOFF AV,65
51507287.0,2 AV/E 6 ST,53
51509581.0,9 AV/W 25 ST,234
51517634.0,NOSTRAND AV/PUTNAM AV,67
51519926.0,CROTONA AV/E 183 ST,227
51714960.0,47 AV/196 ST,152
51715178.0,47 AV/196 ST,152
51715205.0,47 AV/196 ST,361
51720274.0,YORK AV/E 87 ST,104
51721119.0,2 AV/E 61 ST,70
51721133.0,YORK AV/E 87 ST,104
51519947.0,UTICA AV/FARRAGUT RD,377
51826952.0,2 AV/E 20 ST,119
51827299.0,94 ST/23 AV,297
51828187.0,CORONA AV/NATIONAL ST,42
51836707.0,COLUMBUS AV/W 102 ST,165
51839530.0,AILEEN RYAN OVAL/UNIONPORT RD,143
51840664.0,COLUMBUS AV/W 102 ST,161
51862472.0,BROADWAY/W 57 ST,98
51863390.0,KISSENA BLVD/45 AV,372
51522141.0,COLUMBUS AV/W 106 ST,157
51534246.0,LEWIS AV/GREENE AV,159
51534404.0,103 ST/ROOSEVELT AV,135
51538601.0,MYRTLE AV/CARLTON AV,65
51539646.0,3 AV/E 53 ST,149
51542838.0,21 ST/BROADWAY,1756
51866726.0,W 49 ST/10 AV,83
51868126.0,BROADWAY/JEFFERSON ST,259
51868685.0,63 DR/AUSTIN ST,753
51868745.0,63 DR/AUSTIN ST,706
51868809.0,63 DR/AUSTIN ST,638
51870855.0,W 49 ST/9 AV,141
51724883.0,8 AV/W 46 ST,199
51725222.0,DELANCEY ST/COLUMBIA ST,279
51726180.0,W 116 ST/MALCOLM X BLVD,255
51726376.0,21 ST/38 AV,465
51727396.0,GATES AV/STUYVESANT AV,34
51560696.0,2 AV/E 78 ST,32
51561670.0,9 AV/W 55 ST,142
51565221.0,140 AV/SOUTHGATE ST,174
51888947.0,63 DR/QUEENS BLVD,704
51888990.0,63 DR/QUEENS BLVD,847
51889016.0,63 DR/AUSTIN ST,753
51570734.0,W 23 ST/9 AV,76
51734038.0,21 ST/38 AV,238
51735848.0,RALPH AV/GATES AV,14
51740604.0,E 96 ST/3 AV,67
51740739.0,3 AV/E 60 ST,229
51742352.0,GREENPOINT AV/47 ST,888
51744329.0,GLENWOOD RD/E 100 ST,70
51745454.0,BROADWAY/BEDFORD AV,188
51575637.0,COLUMBUS AV/W 102 ST,175
51580102.0,LORIMER ST/GRAND ST,57
51582710.0,E 79 ST/2 AV,169
51889577.0,63 DR/AUSTIN ST,716
51889674.0,63 DR/AUSTIN ST,1251
51905886.0,WATER ST/WALL ST,118
51585959.0,BRABANT ST/UNION AV,297
51592852.0,W 50 ST/8 AV,44
51753768.0,W 49 ST/7 AV,42
51755775.0,HALSEY ST/STUYVESANT AV,225
51762694.0,WILSON AV/CORNELIA ST,84
51764436.0,E 10 ST/AVENUE A,115
51764485.0,BROADWAY/SCHAEFFER ST,77
51765447.0,RALPH AV/HANCOCK ST,98
51603968.0,JAMAICA AV/98 ST,159
51608080.0,TROY AV/DEAN ST,73
51608497.0,ARLINGTON PL/NORTHFIELD AV,240
51610857.0,2 AV/E 61 ST,70
51768775.0,E 222 ST/BARNES AV,272
51772649.0,W 31 ST/6 AV,95
51774310.0,CONEY ISLAND AV/AVENUE T,164
51613018.0,2 AV/E 61 ST,187
51614134.0,REMSEN AV/AVENUE D,393
51907134.0,ALLEN ST/DELANCEY ST,29
51907246.0,ALLEN ST/DELANCEY ST,113
51907281.0,ESSEX ST/DELANCEY ST,138
51907377.0,ALLEN ST/DELANCEY ST,113
51913352.0,RANDALL AV/ROSEDALE AV,422
51915213.0,POSTAL FACILITY RD/BROOKLYN MAIL FACILITY,941
51917088.0,THOMAS S BOYLAND ST/MACDONOUGH ST,127
51917224.0,MADISON AV/E 32 ST,198
51615709.0,W 43 ST/8 AV,196
51619252.0,GERRITSEN AV/GERRITSEN BEACH,10995
51619634.0,EAST HOUSTON ST/BOWERY,240
51619751.0,FRANCIS LEWIS BLVD/MCLAUGHLIN AV,428
51620955.0,ATLANTIC AV/CLEVELAND ST,272
51621362.0,ATLANTIC AV/LINWOOD ST,249
51621583.0,3 AV/E 17 ST,122
51777608.0,CATON AV/OCEAN PKWY,111
51781289.0,2 AV/E 94 ST,111
51961227.0,BROADWAY/W 57 ST,107
51977461.0,OCEAN AV/CATON AV,15
51978202.0,PENNSYLVANIA AV/LINDEN BLVD,127
51621590.0,JAMAICA AV/WARWICK ST,356
51621735.0,JAMAICA AV/CLEVELAND ST,583
51621907.0,CRESCENT ST/RIDGEWOOD AV,285
51622613.0,10 AV/W 55 ST,121
51920836.0,BEDFORD AV/CLARENDON RD,262
51927775.0,41 AV/147 ST,189
51927795.0,BROADWAY/WYTHE AV,70
51929057.0,BROADWAY/W 99 ST,150
51933590.0,5 AV/GARFIELD PL,95
51934249.0,W 34 ST/DYER AV,34
51939606.0,CRESCENT ST/ETNA ST,126
51940555.0,CENTRAL PARK WEST/W 84 ST,88
51622736.0,BOWERY/GRAND ST,136
52169355.0,CORONA AV/51 AV,51
52169754.0,BROADWAY/DUANE ST,109
51980527.0,GERRITSEN AV/CHANNEL AV,528
51980770.0,FLUSHING AV/KNICKERBOCKER AV,89
51980852.0,VAN WYCK SOUTH SERVICE RD/BUILDING 90,15218
51985589.0,1 AV/E 120 ST,183
51986202.0,STANHOPE ST/ONDERDONK AV,113
51987241.0,7 AV/W 15 ST,97
51987334.0,AVENUE U/FLATBUSH AV,12
52169805.0,7 AV/W 17 ST,206
51945222.0,ALLEN ST/DELANCEY ST,252
51945257.0,VAN WYCK SOUTH SERVICE RD/BUILDING 90,14955
51948208.0,ASTORIA BLVD SOUTH/77 ST,465
51950079.0,1 AV/E 91 ST,82
51955482.0,W 135 ST/MALCOLM X BLVD,73
51956352.0,YORK AV/E 69 ST,6078
52169886.0,CHAMBERS ST/WEST BROADWAY,75
52170063.0,7 AV/W 17 ST,146
52170623.0,7 AV/W 17 ST,78
52172527.0,ALLEN ST/DELANCEY ST,113
52172540.0,ALLEN ST/DELANCEY ST,113
52172548.0,ALLEN ST/DELANCEY ST,113
51957818.0,28 ST/QUEENS PLAZA SOUTH,666
51960731.0,SPRINGFIELD BLVD/107 AV,328
52354591.0,ASTORIA BLVD SOUTH/77 ST,185
52360862.0,149 AV/241 ST,7449
52365494.0,2 AV/E 103 ST,120
52365660.0,OCEAN AV/AVENUE H,239
52366169.0,PROSPECT PARK SOUTHWEST/TERRACE PL,394
52001672.0,ALLEN ST/DELANCEY ST,252
52002141.0,W 34 ST/BROADWAY,187
52009700.0,ALLEN ST/DELANCEY ST,113
52011240.0,ASTORIA BLVD NORTH/77 ST,486
52013393.0,BEDELL ST/BAISLEY BLVD,1176
52019272.0,E 10 ST/AVENUE B,56
52021432.0,7 AV/W 17 ST,132
52025707.0,W 49 ST/10 AV,73
52184522.0,W 50 ST/8 AV,44
52188420.0,7 AV/W 55 ST,190
52367339.0,JFK AIRPORT/TERMINAL 8,5873
52367668.0,LINCOLN AV/BRUCKNER BLVD,299
52368136.0,149 AV/241 ST,7384
52368832.0,JFK AIRPORT/TERMINAL 8,5899
52368962.0,JEROME AV/W 183 ST,251
52369054.0,149 AV/241 ST,7202
52372037.0,WATER ST/JOHN ST,122
52372247.0,W 116 ST/FREDERICK DOUGLASS BLVD,203
52190454.0,THOMAS S BOYLAND ST/ATLANTIC AV,18
52191839.0,39 ST/7 AV,101
52194261.0,28 ST/QUEENS PLAZA SOUTH,460
52026028.0,ATLANTIC AV/HENRY ST,203
52031750.0,8 AV/W 17 ST,129
52039176.0,8 AV/W 28 ST,2
52041617.0,7 AV/W 28 ST,127
52059533.0,EAST NEW YORK AV/E 94 ST,15
52060325.0,10 AV/W 207 ST,189
52062263.0,6 AV/W 31 ST,42
52209121.0,UNION TPKE/MAIN ST,158
52211971.0,ALLEN ST/STANTON ST,120
52219116.0,METROPOLITAN AV/125 ST,771
52219943.0,RIVERSIDE DR/W 137 ST,31
52062993.0,6 AV/W 29 ST,111
52075215.0,MADISON AV/E 118 ST,183
52075647.0,EAST TREMONT AV/SCHLEY AV,236
52076178.0,KINGSLAND AV/LOMBARDY ST,372
52084225.0,2 AV/E 39 ST,70
52085221.0,W 34 ST/DYER AV,32
52380858.0,JFK AIRPORT/TERMINAL 8,6161
52381790.0,ASTORIA BLVD SOUTH/STEINWAY ST,824
52382837.0,METROPOLITAN AV/UNION AV,180
52384047.0,NASSAU AV/MANHATTAN AV,101
52388002.0,3 AV/E 93 ST,74
52389360.0,FRESH POND RD/LINDEN ST,345
52221919.0,RIVERSIDE DR/W 137 ST,50
52223600.0,MALCOLM X BLVD/HALSEY ST,178
52226410.0,W 50 ST/11 AV,74
52229417.0,W 50 ST/8 AV,44
52231166.0,W 50 ST/8 AV,44
52231615.0,COLUMBUS AV/W 78 ST,70
52233258.0,LEXINGTON AV/E 37 ST,162
52399609.0,LEWIS AV/GATES AV,134
52399899.0,TOMPKINS AV/GATES AV,73
52404588.0,20 AV/127 ST,327
52405277.0,ATLANTIC AV/ELTON ST,389
52407383.0,BERGEN ST/FLATBUSH AV,33
52235688.0,AVENUE C/E 10 ST,70
52240531.0,ALLEN ST/GRAND ST,105
52089998.0,WILSON AV/WOODBINE ST,212
52095695.0,E 72 ST/2 AV,139
52101440.0,BROADWAY/W 161 ST,61
52102524.0,W 14 ST/7 AV,171
52105294.0,BEDFORD PARK BLVD/MARION AV,125
52105349.0,MERRICK BLVD/116 AV,1053
52107496.0,LEXINGTON AV/E 31 ST,61
52109956.0,CRESCENT ST/RIDGEWOOD AV,116
52110070.0,243 ST/WELLER AV,142
52246989.0,MALCOLM X BLVD/W 137 ST,157
52251326.0,2 AV/E 28 ST,104
52408941.0,FLATLANDS AV/E 57 ST,7
52411201.0,2 AV/E 78 ST,112
52417096.0,2 AV/E 25 ST,86
52417197.0,NOSTRAND AV/LINDEN BLVD,71
52418045.0,MADISON ST/ONDERDONK AV,48
52419044.0,63 DR/WOODHAVEN BLVD,813
52421812.0,BEDFORD AV/STERLING PL,71
52253807.0,6 AV/W 3 ST,220
52258307.0,AMSTERDAM AV/W 143 ST,122
52110071.0,GRAND ST/UNION AV,126
52114771.0,GATES AV/STUYVESANT AV,74
52125718.0,BEDFORD AV/HANCOCK ST,58
52126679.0,KINGS HWY/CLARENDON RD,118
52128548.0,HORACE HARDING EXPWY/188 ST,711
52128553.0,FULTON ST/MACDOUGAL ST,72
52128775.0,5 AV/18 ST,64
52131795.0,MALCOLM X BLVD/W 127 ST,83
52132742.0,BAY RIDGE AV/6 AV,160
52262568.0,4 AV/E 10 ST,87
52267290.0,39 ST/9 AV,431
52267684.0,GATES AV/STUYVESANT AV,229
52426248.0,NOSTRAND AV/TILDEN AV,105
52427297.0,FLATLANDS AV/E 105 ST,652
52427990.0,PROSPECT AV/KELLY ST,165
52435248.0,5 AV/W 37 ST,48
52440958.0,KOSSUTH PL/BUSHWICK AV,27
52441335.0,OCEAN AV/231 OCEAN AV,13
52443892.0,21 ST/30 AV,490
52444758.0,BROADWAY/W 100 ST,50
52451077.0,WHITE PLAINS RD/MACE AV,85
52271041.0,LAFAYETTE AV/STUYVESANT AV,163
52280572.0,FARMERS BLVD/143 RD,159
52281259.0,BROADWAY/DE KALB AV,268
52283472.0,ADAM C POWELL BLVD/W 122 ST,66
52283675.0,2 AV/E 54 ST,100
52142843.0,FOSTER AV/OCEAN AV,156
52143943.0,AMSTERDAM AV/W 75 ST,126
52145241.0,SAINT JOHNS PL/NEW YORK AV,55
52149565.0,BOWERY/PRINCE ST,50
52153731.0,7 AV/W 15 ST,115
52154854.0,SAINT MARKS PL/HAMILTON AV,66
52286333.0,WYCKOFF AV/BLEECKER ST,89
52286422.0,LINDEN BLVD/79 ST,834
52288075.0,LEWIS AV/MADISON ST,231
52451281.0,JAMAICA AV/ELTON ST,218
52455685.0,ROGERS AV/MONTGOMERY ST,154
52459126.0,GREENPOINT AV/44 ST,1819
52466688.0,DECATUR ST/CYPRESS AV,651
52471756.0,TOMPKINS AV/FINGERBOARD RD,100
52472350.0,VICTORY BLVD/LITTLE CLOVE RD,212
52476530.0,W 37 ST/CANAL AV,865
52481960.0,E 86 ST/3 AV,101
52300094.0,SARATOGA AV/SAINT MARKS AV,156
52162163.0,W 50 ST/8 AV,44
52163880.0,NOSTRAND AV/FLATBUSH AV,340
52164877.0,71 ST/GRAND AV,195
52164915.0,7 AV/W 28 ST,167
52165147.0,8 AV/W 17 ST,163
52165228.0,EAST TREMONT AV/SCHLEY AV,225
52166223.0,CENTRAL PARK WEST/W 102 ST,70
52167873.0,MALCOLM X BLVD/MADISON ST,117
52304392.0,WILLIAMSBRIDGE RD/EASTCHESTER RD,45
52307085.0,VAN WYCK SOUTH SERVICE RD/BUILDING 90,15070
52307807.0,BROADWAY/W 100 ST,27
52487784.0,FOREST AV/WALBROOKE AV,84
52490036.0,BORINQUEN PL/S 1 ST,266
52491515.0,ALLEN ST/GRAND ST,16
52492041.0,PUTNAM AV/MYRTLE AV,333
52492455.0,DEAN ST/BROOKLYN AV,144
52500005.0,SENECA AV/CORNELIA ST,19
52500799.0,E 34 ST/PARK AV,72
52508207.0,BROOKLYN AV/PARK PL,70
52316185.0,8 AV/W 17 ST,151
52317592.0,LEXINGTON AV/E 62 ST,94
52318271.0,FULTON ST/HUDSON AV,83
52168422.0,DITMARS BLVD/102 ST,518
52168496.0,CHURCH ST/WORTH ST,74
52168525.0,CHURCH ST/DUANE ST,81
52168779.0,CHURCH ST/CHAMBERS ST,126
52534882.0,LEXINGTON AV/E 89 ST,115
52535430.0,LAFAYETTE AV/CARLTON AV,79
52548658.0,MYRTLE AV/THROOP AV,133
52551120.0,BOWERY/SPRING ST,208
52320080.0,82 ST/ROOSEVELT AV,1544
52508496.0,E 14 ST/2 AV,73
52509268.0,BROADWAY/MADISON ST,85
52514819.0,1 AV /E 4 ST,173
52517517.0,FREDERICK DOUGLASS BLVD/W 138 ST,119
52551973.0,BOWERY/SPRING ST,114
52552429.0,EAST HOUSTON ST/FORSYTH ST,125
52552638.0,BOWERY/SPRING ST,291
52323876.0,BROADWAY/W 97 ST,82
52324031.0,BROADWAY/W 97 ST,81
52324341.0,ROCKAWAY PKWY/AVENUE M,133
52324528.0,W 34 ST/5 AV,121
52329966.0,PUTNAM AV/FRANKLIN AV,73
52527440.0,AMSTERDAM AV/W 98 ST,101
52534281.0,8 AV/W 28 ST,208
52534815.0,8 AV/W 28 ST,208
52615451.0,RALPH AV/TILDEN AV,92
52617173.0,W 31 ST/6 AV,232
52618225.0,69 ST/59 DR,1299
52618390.0,ATLANTIC AV/EUCLID AV,262
52618396.0,BROADWAY/DE KALB AV,79
52618610.0,12 AV/W 43 ST,112
52350901.0,BROADWAY/W 100 ST,176
52353508.0,VAN WYCK SOUTH SERVICE RD/BUILDING 90,15093
52553725.0,8 AV/W 46 ST,216
52354363.0,NEW LOTS AV/PENNSYLVANIA AV,96
52634243.0,BEDFORD AV/HANCOCK ST,175
52635900.0,4 AV/E 13 ST,92
52636880.0,UTICA AV/AVENUE M,218
52637377.0,8 AV/W 28 ST,208
52637973.0,69 ST/59 DR,62
52781681.0,WAKEMAN PL/3 AV,184
52782607.0,WAKEMAN PL/3 AV,112
52788498.0,149 AV/241 ST,6564
52791162.0,PITMAN AV/HILL AV,225
52554380.0,W 125 ST/ADAM C POWELL BLVD,88
52555884.0,JEROME ST/FLATLANDS AV,106
52557797.0,CHURCH AV/E 93 ST,135
52561467.0,DRIGGS AV/N 7 ST,102
52562444.0,MANHATTAN AV/INDIA ST,100
52570981.0,8 AV/W 46 ST,60
52793095.0,69 ST/59 DR,144
52639158.0,GATES AV/BROADWAY,248
52651961.0,FLUSHING AV/EVERGREEN AV,135
52654519.0,HARRISON ST/WEST ST,53
52656590.0,W 42 ST/BROADWAY,206
52659735.0,W 97 ST/WEST END AV,144
52795397.0,AMSTERDAM AV/W 98 ST,15
52795626.0,WATER ST/PINE ST,124
52797203.0,WORTH ST/MOTT ST,184
52799338.0,UNIVERSITY AV/W 190 ST,117
52801190.0,2 AV/E 25 ST,86
52804286.0,BROADWAY/MADISON ST,22
52807490.0,E 79 ST/2 AV,169
52578551.0,GREENPOINT AV/FRANKLIN ST,93
52578966.0,ATLANTIC AV/WARWICK ST,235
52582634.0,BELL BLVD/35 AV,368
52585129.0,HOLLAND AV/BENJAMIN PL,467
52586577.0,WEST END AV/SHORE BLVD,20
52664308.0,21 ST/BROADWAY,1302
52665729.0,GREENPOINT AV/44 ST,811
52666694.0,9 AV/W 35 ST,46
52668079.0,FULTON ST/FORT GREENE PL,73
52670276.0,WASHINGTON AV/PACIFIC ST,103
52671855.0,ADAM C POWELL BLVD/W 121 ST,98
52672732.0,SANFORD AV/162 ST,460
52674546.0,ADAM C POWELL BLVD/W 116 ST,141
52675191.0,GRAHAM AV/JOHNSON AV,86
52688154.0,YORK AV/E 64 ST,258
52822823.0,MALCOLM X BLVD/W 137 ST,157
52823884.0,KINGSLAND AV/WITHERS ST,292
52824025.0,METROPOLITAN AV/HAVEMEYER ST,104
52593299.0,5 AV/DEAN ST,83
52593554.0,LEWIS AV/GREENE AV,79
52599501.0,NEW YORK AV/SNYDER AV,68
52600890.0,BOSTON RD/BOLLER AV,56
52607337.0,SMITH ST/DOUGLASS ST,226
52824389.0,W 135 ST/MALCOLM X BLVD,226
52689535.0,W 31 ST/6 AV,2
52690310.0,GATES AV/LEWIS AV,144
52691176.0,BROADWAY/W 100 ST,160
52692555.0,HOYT AV/31 ST,586
52700537.0,W 50 ST/8 AV,25
52700622.0,BROADWAY/JEFFERSON AV,132
52701221.0,WEST ST/KENT ST,239
52702018.0,DITMARS BLVD/102 ST,296
52703094.0,BROADWAY/W 184 ST,149
52826514.0,GATES AV/NOSTRAND AV,199
52826943.0,AVENUE J/E 18 ST,73
52827359.0,CORONA AV/NATIONAL ST,700
52830424.0,MADISON AV/E 129 ST,85
52833897.0,9 AV/W 44 ST,63
52609953.0,MARCUS GARVEY BLVD/JEFFERSON AV,95
52610408.0,YORK AV/E 88 ST,55
52611423.0,ASTORIA BLVD SOUTH/77 ST,2031
52611526.0,SANDS ST/GOLD ST,167
52611770.0,10 AV/W 53 ST,88
52613594.0,ADAM C POWELL BLVD/W 138 ST,111
52614426.0,W 97 ST/WEST END AV,232
52834116.0,9 AV/W 46 ST,34
52703852.0,82 ST/ROOSEVELT AV,973
52705563.0,FLATBUSH AV/CATON AV,112
52705960.0,CHURCH AV/BEDFORD AV,177
52706726.0,BROADWAY/W 207 ST,79
52714650.0,YORK AV/E 84 ST,59
52716416.0,SHORE PKWY/COYLE ST,88
52718388.0,7 AV/3 ST,133
52721803.0,HOMELAWN ST/84 RD,513
52836962.0,8 AV/W 52 ST,93
52838667.0,METROPOLITAN AV/MACRI SQ,119
52839619.0,EUCLID AV/PITKIN AV,90
52839743.0,LAFAYETTE AV/FRANKLIN AV,96
52842129.0,CASTLETON AV/NORTH BURGHER AV,37
52842845.0,3 AV/E 91 ST,45
52843726.0,JAMAICA AV/SCHENCK AV,68
52846635.0,PITMAN AV/HILL AV,204
52721824.0,SAINT JOHNS PL/NEW YORK AV,117
52731161.0,BOX ST/MANHATTAN AV,161
52731316.0,pulaski br/box st,266
52731419.0,pulaski br/box st,23
52732645.0,RIVERSIDE DR/W 74 ST,63
52737799.0,FOSTER AV/ARGYLE RD,217
52744634.0,FARMERS BLVD/LINDEN BLVD,110
52747790.0,W 34 ST/DYER AV,99
52926435.0,RIVERSIDE DR/W 94 ST,153
52930589.0,UTICA AV/PROSPECT PL,122
52934351.0,KINGS HWY/OCEAN PKWY,125
52934401.0,BEDFORD AV/N 8 ST,133
52941331.0,CLARKSON AV/E 38 ST,312
52947788.0,MADISON ST/GOUVERNEUR ST,145
52948831.0,WILSON AV/GREENE AV,71
52952799.0,W 106 ST/COLUMBUS AV,17
52854012.0,46 AV/167 ST,264
52854992.0,WILSON AV/MENAHAN ST,56
52855420.0,WILSON AV/MENAHAN ST,34
52857463.0,MANHATTAN AV/W 108 ST,96
52858606.0,GREENPOINT AV/47 ST,599
52749770.0,LINCOLN AV/BRUCKNER BLVD,299
52749784.0,LINCOLN AV/BRUCKNER BLVD,299
52749804.0,LINCOLN AV/BRUCKNER BLVD,299
52753023.0,W 135 ST/MALCOLM X BLVD,112
52754282.0,HALSEY ST/THROOP AV,81
52755364.0,DRIGGS AV/N 7 ST,66
52755449.0,NEW YORK AV/BEVERLY RD,300
52953940.0,ALLEN ST/GRAND ST,178
52968839.0,RIVERSIDE DR WEST/157-10 RIVERSIDE DR,550
52969085.0,VAN WYCK SOUTH SERVICE RD/BUILDING 90,17131
52971091.0,HOLLIS AV/198 ST,92
52972242.0,DRIGGS AV/S 4 ST,77
52861365.0,PROSPECT PARK WEST/PROSPECT AV,85
52861792.0,8 AV/W 39 ST,113
52862058.0,WATER ST/GOUVERNEUR LN,304
52868962.0,DIVISION AV/BERRY ST,345
52977888.0,8 AV/W 46 ST,175
52982901.0,W 97 ST/WEST END AV,87
52993669.0,63 RD/108 ST,168
52995360.0,NEPTUNE AV/BRIGHTON 6 ST,108
52997244.0,2 AV/E 75 ST,68
52869658.0,1 AV/E 91 ST,82
52755593.0,W 42 ST/9 AV,212
52755763.0,63 RD/98 PL,49
52756284.0,HALSEY ST/STUYVESANT AV,239
52756850.0,MALCOLM X BLVD/W 142 ST,238
52757238.0,11 AV/W 57 ST,59
52761116.0,ASTORIA BLVD SOUTH/STEINWAY ST,1371
52766414.0,WEST FORDHAM RD/JEROME AV,82
52769186.0,LEXINGTON AV/E 31 ST,78
52871655.0,3 AV/E 93 ST,80
52879829.0,W 37 ST/BAY VIEW AV,1353
52882662.0,BROADWAY/W 204 ST,65
52883668.0,10 AV/W 202 ST,222
52884956.0,JEROME AV/E 184 ST,148
52885971.0,LINDEN BLVD/GUY R BREWER BL,204
52886556.0,W 116 ST/ADAM C POWELL BLVD,75
53011236.0,PELHAM PKWY/THROOP AV,236
53012005.0,FLATBUSH AV/GRAND ARMY PLAZA,354
53021262.0,CORONA AV/NATIONAL ST,696
53022508.0,EAST HOUSTON ST/2 AV,155
53022671.0,EAST HOUSTON ST/FORSYTH ST,149
53023798.0,FLATBUSH AV/GRAND ARMY PLAZA,276
53025816.0,METROPOLITAN AV/LEONARD ST,188
52894094.0,3 AV/E 72 ST,173
52771412.0,LINCOLN AV/BRUCKNER BLVD,299
52772214.0,WATER ST/PINE ST,124
52772578.0,WATER ST/PINE ST,124
53109044.0,HALSEY ST/LEWIS AV,210
53110748.0,LORIMER ST/POWERS ST,161
53111559.0,7 AV/W 44 ST,84
53116201.0,82 ST/ROOSEVELT AV,702
52901227.0,DEAN ST/WASHINGTON AV,19
52906284.0,FRANKLIN AV/GREENE AV,159
52916520.0,BROADWAY/W 75 ST,89
52916582.0,BROADWAY/W 75 ST,74
53027258.0,CASTLETON AV/NORTH BURGHER AV,82
53030482.0,NORTH CONDUIT AV/230 PL,625
53031902.0,RIVERSIDE DR/W 137 ST,58
53032375.0,RIVERSIDE DR/W 139 ST,122
53032542.0,RIVERSIDE DR/W 139 ST,797
53032739.0,RIVERSIDE DR/W 139 ST,125
53043735.0,ASTORIA BLVD/STEINWAY ST,1355
52920789.0,EAST HOUSTON ST/AV B,102
52921783.0,MONTROSE AV/BUSHWICK AV,41
53117856.0,GRAND CONCOURSE/E 196 ST,117
53118209.0,FLATLANDS AV/E 101 ST,137
53120519.0,MORRIS PARK AV/RADCLIFF AV,578
53122420.0,s 4 st/havemeyer st,115
53123360.0,BROADWAY/JEFFERSON ST,153
53123361.0,SEAVIEW AV/E 102 ST,119
53126131.0,AILEEN RYAN OVAL/METROPOLITAN AV,60
52922566.0,FLATBUSH AV/HAWTHORNE ST,126
52923303.0,BAY RIDGE PKWY/NEW UTRECHT AV,180
53045130.0,WATER ST/PINE ST,124
53045250.0,WATER ST/PINE ST,124
53045283.0,3 AV/E 11 ST,80
53045316.0,WATER ST/PINE ST,124
53045446.0,WATER ST/PINE ST,124
53045512.0,WATER ST/PINE ST,124
53047016.0,MANHATTAN AV/W 108 ST,62
53047254.0,2 AV/E 61 ST,119
53047664.0,FREDERICK DOUGLASS BLVD/W 138 ST,92
53221519.0,HORACE HARDING EXPWY/QUEENS BLVD,505
53126188.0,BROADWAY/DE KALB AV,140
53127153.0,MARCUS GARVEY BLVD/PULASKI ST,120
53128684.0,COLUMBUS AV/W 89 ST,182
53130521.0,BROADWAY/W 100 ST,50
53130809.0,BROADWAY/W 97 ST,69
53130902.0,BROADWAY/W 100 ST,157
53132475.0,BOWERY/SPRING ST,210
53132818.0,6 AV/PRINCE ST,36
53133025.0,W 42 ST/10 AV,67
53222519.0,HALSEY ST/EVERGREEN AV,336
53223918.0,CHURCH AV/TROY AV,209
53050789.0,HYLAN BLVD/CONNECTICUT ST,189
53050810.0,GREENPOINT AV/JEWEL ST,330
53050999.0,BERGEN ST/ALBANY AV,86
53051081.0,KOSSUTH PL/BUSHWICK AV,174
53051231.0,1 AV/E 17 ST,106
53051569.0,MARCY AV/S 4 ST,86
53054858.0,W 106 ST/COLUMBUS AV,65
53057885.0,SUTPHIN BLVD/94 AV,326
53229531.0,LEXINGTON AV/E 64 ST,139
53135888.0,21 ST/35 AV,1136
53143687.0,W 97 ST/WEST END AV,36
53145833.0,GREENWICH ST/HORATIO ST,246
53148906.0,W 97 ST/WEST END AV,46
53149000.0,BROADWAY/W 97 ST,93
53236575.0,57 AV/JUNCTION BLVD,291
53058438.0,3 AV/E 75 ST,166
53060702.0,LINDEN BLVD/THOMAS BOYLAND ST,173
53071607.0,MANHATTAN AV/W 108 ST,81
53073848.0,GOLD ST/TILLARY ST,62
53079605.0,CORONA AV/91 PL,822
53149771.0,BROADWAY/W 100 ST,24
53150114.0,AMSTERDAM AV/W 98 ST,102
53150335.0,BROADWAY/W 99 ST,16
53150444.0,BROADWAY/W 100 ST,55
53150639.0,BROADWAY/W 100 ST,18
53150648.0,LINCOLN AV/BRUCKNER BLVD,299
53150666.0,LINCOLN AV/BRUCKNER BLVD,299
53150820.0,W 97 ST/WEST END AV,118
53150923.0,BROADWAY/W 97 ST,84
53240079.0,COLUMBUS AV/W 69 ST,108
53242466.0,10 AV/W 202 ST,275
53249946.0,EAST HOUSTON ST/MOTT ST,72
53250816.0,FRESH POND RD/CATALPA AV,153
53080602.0,CHURCH AV/E 42 ST,314
53081378.0,MYRTLE AV/79 ST,381
53088652.0,BAY ST/HYLAN BLVD,140
53095529.0,LEXINGTON AV/E 64 ST,68
53251757.0,SCHAEFER ST/CENTRAL AV,58
53256987.0,WATER ST/PINE ST,41
53257905.0,BROADWAY/W 69 ST,132
53151188.0,BROADWAY/W 100 ST,122
53151407.0,BROADWAY/W 99 ST,44
53151823.0,MCDONALD AV/AVENUE C,511
53155237.0,BROADWAY/JEFFERSON AV,305
53155469.0,HOLLIS AV/211 ST,245
53161679.0,HALSEY ST/IRVING AV,65
53260928.0,GRAND ST/LORIMER ST,116
53261632.0,94 ST/23 AV,574
53364824.0,E 80 ST/EAST END AV,188
53373979.0,HOYT AV SOUTH/31 ST,1293
53375640.0,DIVISION AV/BERRY ST,349
53379658.0,11 ST/JACKSON AV,597
53381376.0,7 AV/W 20 ST,89
53384134.0,HORACE HARDING EXPWY/160 ST,274
53262764.0,94 ST/23 AV,631
53263395.0,94 ST/23 AV,285
53170821.0,WILSON AV/CORNELIA ST,285
53171838.0,MYRTLE AV/MARCY AV,163
53173426.0,MARCUS GARVEY BLVD/DE KALB AV,77
53180695.0,7 AV/3 ST,253
53188172.0,LEWIS AV/GREENE AV,51
53263629.0,94 ST/23 AV,570
53267116.0,PROSPECT AV/E 166 ST,373
53270564.0,E 72 ST/LEXINGTON AV,70
53384575.0,EDGECOMBE AV/W 155 ST,154
53385771.0,YORK AV/E 74 ST,299
53386606.0,AVENUE A/E 5 ST,139
53400412.0,NOSTRAND AV/HAWTHORNE ST,153
53402699.0,NEW YORK AV/WINTHROP ST,52
53403946.0,31 RD/138 ST,172
53280628.0,JOHNSON AV/BUSHWICK PL,155
53282903.0,57 AV/JUNCTION BLVD,281
53286280.0,WILLIS AV/E 138 ST,607
53287361.0,2 AV/E 75 ST,72
53189912.0,GRAND ST/BUSHWICK AV,280
53191182.0,HILLSIDE AV/199 ST,624
53191232.0,HILLSIDE AV/199 ST,624
53192744.0,HILLSIDE AV/175 ST,468
53194567.0,3 AV/E 121 ST,112
53194676.0,THROGS NECK EXPWY/PRENTISS AV,415
53408117.0,11 ST/JACKSON AV,566
53409435.0,W 147 ST/ADAM C POWELL BLVD,62
53410702.0,W 10 ST/GREENWICH ST,95
53410940.0,BOWERY/EAST HOUSTON ST,171
53412410.0,BUFFALO AV/PROSPECT PL,14
53413454.0,COLLEGE POINT BLVD/AVERY AV,123
53414148.0,MORRIS PARK AV/SEMINOLE AV,224
53292101.0,2 AV/E 75 ST,155
53292725.0,METROPOLITAN AV/FOREST AV,48
53202170.0,VAN DYKE ST/RICHARDS ST,22
53204406.0,BEDFORD AV/TILDEN AV,152
53211837.0,21 ST/BROADWAY,403
53213847.0,WEST HOUSTON ST/SULLIVAN ST,87
53215556.0,EAST NEW YORK AV/UNION ST,72
53215623.0,3 AV/E 26 ST,108
53216577.0,ESSEX ST/RIVINGTON ST,109
53294328.0,HALSEY ST/MARCY AV,214
53294652.0,SUTTER AV/BARBEY ST,212
53296353.0,GATES AV/CYPRESS AV,240
53415549.0,CLAREMONT PKWY/WEBSTER AV,250
53417238.0,WESTCHESTER AV/OLMSTEAD AV,106
53418934.0,BOSTON RD/SEYMOUR AV,279
53420671.0,1 AV/MITCHELL PL,167
53422309.0,NEW YORK AV/WINTHROP ST,113
53299304.0,CLOVE RD/GRASMERE STATION,239
53299373.0,WEBSTER AV/CLAREMONT PKWY,354
53300313.0,MAIN ST/BOOTH MEMORIAL AV,306
53306350.0,TOMPKINS AV/WILLOUGHBY AV,149
53425369.0,11 ST/JACKSON AV,566
53429873.0,3 AV/E 121 ST,178
53309419.0,KISSENA BLVD/FRANKLIN AV,218
53311697.0,LAFAYETTE AV/STUYVESANT AV,246
53219891.0,fdr/battery pl,100
53495710.0,HALSEY ST/CENTRAL AV,176
53496227.0,CLARKSON AV/E 92 ST,246
53498315.0,AMSTERDAM AV/W 98 ST,41
53501342.0,58 ST/ 2 AV,163
53501732.0,DEAN ST/GRAND AV,59
53502758.0,5 AV/W 30 ST,102
53503106.0,LINDEN BLVD/179 ST,233
53505044.0,W 49 ST/8 AV,184
53313409.0,WATER ST/OLD SLIP,118
53315072.0,94 ST/23 AV,291
53317759.0,BROADWAY/PARK ST,97
53320871.0,TOMPKINS AV/MYRTLE AV,109
53320872.0,TOMPKINS AV/MYRTLE AV,127
53436872.0,WASHINGTON AV/PROSPECT PL,280
53437547.0,E 72 ST/YORK AV,86
53441894.0,9 AV/W 46 ST,213
53442786.0,JFK AIRPORT/TERMINAL 8,4374
53448680.0,AMBOY RD/PETERSONS LN,714
53450489.0,HILLSIDE AV/198 ST,712
53453680.0,BROOKVILLE BL/148 AV,697
53511447.0,E 79 ST/2 AV,169
53512290.0,7 AV/W 20 ST,89
53512507.0,s 4 st/havemeyer st,77
53515102.0,3 AV/E 88 ST,103
53516635.0,E 222 ST/BARNES AV,254
53523753.0,BROADWAY/W 91 ST,67
53524397.0,SAINT MARKS PL/2 AV,170
53326519.0,E 10 ST/AVENUE C,210
53328559.0,GATES AV/BEDFORD AV,241
53330115.0,FLATLANDS AV/ E 103 ST,230
53335766.0,COLUMBUS AV/W 78 ST,74
53340131.0,PROSPECT PARK SOUTHWEST/10 AV,582
53527603.0,ASTORIA BLVD SOUTH/77 ST,399
53528553.0,FRANCIS LEWIS BLVD/89 AV,689
53531890.0,W 31 ST/6 AV,165
53538132.0,MORRIS PARK AV/DELANCEY PL,673
53542590.0,FULTON ST/MALCOLM X BLVD,393
53542641.0,5 AV/W 31 ST,109
53340147.0,PROSPECT PARK SOUTHWEST/BARTEL PRITCHARD SQ,213
53457920.0,EMPIRE BLVD/LAMONT CT,151
53458499.0,PENNSYLVANIA AV/VANDALIA AV,311
53462276.0,W 31 ST/6 AV,83
53464092.0,3 AV/E 33 ST,143
53465589.0,SAINT NICHOLAS AV/W 181 ST,74
53467848.0,CHURCH AV/OCEAN AV,201
53471515.0,TOMPKINS AV/MYRTLE AV,135
53343701.0,MORRIS PARK AV/BARNES AV,173
53346269.0,CENTRAL PARK WEST/W 100 ST,157
53349532.0,W 34 ST/9 AV,1
53349734.0,W 34 ST/9 AV,1
53353569.0,5 AV/39 ST,7
53471519.0,MYRTLE AV/TOMPKINS AV,217
53472533.0,MADISON AV/E 37 ST,108
53475354.0,2 AV/E 103 ST,85
53480206.0,HOYT AV SOUTH/31 ST,105
53484201.0,ASTORIA BLVD SOUTH/77 ST,1645
53355572.0,E 106 ST/LEXINGTON AV,21
53544002.0,YORK AV/E 74 ST,101
53544214.0,BOWERY/PRINCE ST,98
53544686.0,NOSTRAND AV/FLATBUSH AV,229
53544739.0,3 AV/E 45 ST,108
53545175.0,RIVERDALE AV/W 231 ST,112
53545394.0,WILSON AV/SCHAEFFER ST,12
53555701.0,3 AV/E 14 ST,15
53560560.0,W 145 ST/FREDERICK DOUGLASS BLVD,185
53560986.0,5 AV/52 ST,95
53356951.0,1 AV/E 113 ST,112
53357250.0,LEXINGTON AV/E 110 ST,131
53358037.0,VAN WYCK SOUTH SERVICE RD/BUILDING 90,16981
53608551.0,2 AV/E 31 ST,105
53489130.0,ASTORIA BLVD/STEINWAY ST,1438
53489560.0,BOWERY/SPRING ST,218
53491341.0,BEDFORD AV/N 5 ST,167
53491480.0,5 AV/W 32 ST,137
53494300.0,WILSON AV/WOODBINE ST,89
53494944.0,HALSEY ST/CENTRAL AV,64
53728290.0,1 AV/E 57 ST,43
53562029.0,GREENPOINT AV/47 ST,510
53569871.0,21 ST/30 AV,663
53572597.0,21 ST/30 AV,526
53573536.0,THOMAS S BOYLAND ST/DEAN ST,53
53615384.0,E 86 ST/2 AV,127
53623779.0,2 AV/E 94 ST,142
53626202.0,METROPOLITAN AV/N 5 ST,32
53628816.0,MALCOLM X BLVD/BAINBRIDGE ST,124
53574404.0,HOYT AV SOUTH/31 ST,542
53574876.0,21 ST/30 AV,450
53584914.0,CORONA AV/51 AV,1128
53587623.0,lincoln tnl app/lincoln tnl app,390
53588172.0,W 31 ST/6 AV,159
53588627.0,5 AV/W 30 ST,86
53739963.0,CATON AV/SAINT PAULS PL,221
53740410.0,82 ST/ROOSEVELT AV,1105
53741142.0,BROADWAY/ROEBLING ST,370
53741603.0,UTICA AV/CHURCH AV,232
53742866.0,E 105 ST/1 AV,158
53630203.0,BAY RIDGE PKWY/21 AV,540
53630220.0,CASTLE HILL AV/LACOMBE AV,131
53630655.0,TOMPKINS AV/PUTNAM AV,88
53743242.0,PUTNAM AV/CLASSON AV,160
53746978.0,BROADWAY/W 91 ST,67
53751903.0,ALLEN ST/DELANCEY ST,152
53753273.0,WYCKOFF AV/GREENE AV,77
53754167.0,VAN WYCK SOUTH SERVICE RD/BUILDING 90,16266
53755563.0,MALCOLM X BLVD/W 137 ST,107
53756457.0,MALCOLM X BLVD/MADISON ST,142
53633058.0,94 ST/23 AV,579
53633109.0,MARCUS GARVEY BLVD/WILLOUGHBY AV,126
53633241.0,THROOP AV/HART ST,31
53590037.0,5 AV/W 32 ST,142
53590193.0,W 31 ST/6 AV,36
53590832.0,W 31 ST/6 AV,136
53593168.0,CASTLE HILL AV/GLEASON AV,103
53593362.0,2 AV/E 23 ST,204
53594181.0,BROADWAY/W 140 ST,111
53594675.0,NOSTRAND AV/PROSPECT PL,176
53594793.0,EAST NEW YORK AV/ALABAMA AV,563
53634502.0,LINDEN BLVD/SUTPHIN BLVD,1167
53636623.0,BROOKLYN AV/PARK PL,137
53644375.0,MALCOLM X BLVD/MADISON ST,73
53646749.0,BROADWAY/JEFFERSON AV,107
53596672.0,DE KALB AV/THROOP AV,32
53601751.0,HOYT AV/31 ST,1568
53602634.0,LEXINGTON AV/E 31 ST,158
53603216.0,LEXINGTON AV/E 31 ST,200
53603321.0,LEXINGTON AV/E 31 ST,127
53603421.0,LEXINGTON AV/E 28 ST,186
53603491.0,LEXINGTON AV/E 28 ST,171
53603574.0,LEXINGTON AV/E 31 ST,178
53603682.0,LEXINGTON AV/E 31 ST,85
53604779.0,LEXINGTON AV/E 31 ST,199
53604923.0,LEXINGTON AV/E 31 ST,238
53756834.0,BROADWAY/JEFFERSON AV,187
53759746.0,EDWARD L GRANT HWY/JESUP AV,185
53766143.0,10 AV/W 55 ST,72
53770530.0,GREENPOINT AV/47 ST,500
53771167.0,ASTORIA BLVD SOUTH/77 ST,966
53772655.0,11 AV/W 44 ST,54
53650203.0,BRUCKNER BLVD/HAVEMEYER AV,145
53653438.0,E 106 ST/LEXINGTON AV,104
53656900.0,BROADWAY/WYTHE AV,192
53658866.0,E 233 ST/MURDOCK AV,540
53605076.0,LEXINGTON AV/E 31 ST,67
53605090.0,MALCOLM X BLVD/PUTNAM AV,111
53605625.0,LEXINGTON AV/E 31 ST,72
53606101.0,LEXINGTON AV/E 31 ST,108
53606452.0,LEXINGTON AV/E 31 ST,196
53606617.0,BEDFORD AV/BERGEN ST,70
53606895.0,WYTHE AV/S 3 ST,138
53607099.0,6 AV/W 29 ST,170
53607569.0,5 AV/W 31 ST,138
53661970.0,BERGEN ST/HOYT ST,147
53662451.0,FRANKLIN AV/MADISON ST,76
53666929.0,LEWIS AV/GATES AV,125
53773701.0,HORACE HARDING EXPWY/OTIS AV,683
53773839.0,ASTORIA BLVD SOUTH/STEINWAY ST,779
53774579.0,3 AV/15 ST,251
53781715.0,WATER ST/HANOVER SQ,237
53784778.0,120 AV/227 ST,174
53784825.0,GATES AV/PATCHEN AV,171
53786119.0,E 106 ST/LEXINGTON AV,207
53786333.0,E 106 ST/LEXINGTON AV,158
53786471.0,BEDFORD AV/LENOX RD,288
53793402.0,BROADWAY/W 100 ST,43
53675152.0,AVENUE U/E 28 ST,82
53676368.0,W 37 ST/NEPTUNE AV,826
53607959.0,6 AV/W 29 ST,166
53608127.0,5 AV/W 30 ST,86
53850682.0,ASTORIA BLVD SOUTH/77 ST,314
53850746.0,FLATBUSH AV/ALBEMARLE RD,277
53858082.0,MYRTLE AV/WALWORTH ST,82
53861294.0,BROADWAY/W 100 ST,70
53862013.0,3 AV/E 45 ST,117
53682017.0,MADISON AV/E 67 ST,72
53683669.0,JAMAICA AV/ELDERT LN,494
53689694.0,JAMAICA AV/ELDERT LN,343
53689938.0,JAMAICA AV/ELDERT LN,435
53795503.0,GRANDVIEW AV/METROPOLITAN AV,447
53796187.0,EDGECOMBE AV/W 155 ST,41
53796341.0,DEAN ST/CARLTON AV,107
53796775.0,SUTTER AV/ASHFORD ST,114
53798235.0,BROADWAY/MADISON ST,4
53801158.0,149 AV/257 ST,297
53802072.0,243 ST/WELLER AV,197
53806496.0,BROADWAY/GREENE AV,35
53809708.0,LAFAYETTE AV/THROOP AV,46
53693128.0,MADISON AV/E 116 ST,86
53693977.0,E 86 ST/3 AV,101
53863561.0,WOODRUFF AV/OCEAN AV,80
53864193.0,BROADWAY/JEFFERSON AV,76
53864330.0,BROADWAY/JEFFERSON AV,200
53869676.0,149 AV/241 ST,281
53874130.0,MYRTLE AV/BEDFORD AV,73
53874529.0,MYRTLE AV/BEDFORD AV,87
53874828.0,EAST HOUSTON ST/BOWERY,242
53696990.0,FURMANVILLE AV/77 ST,47
53699054.0,AVENUE L/E 82 ST,33
53699744.0,BROADWAY/RECTOR ST,123
53809925.0,LAFAYETTE AV/THROOP AV,46
53810195.0,LAFAYETTE AV/THROOP AV,46
53810255.0,CLARKSON AV/NOSTRAND AV,145
53700256.0,SOUNDVIEW AV/CORNELL AV,394
53875417.0,BOWERY/SPRING ST,190
53875921.0,COLUMBUS AV/W 102 ST,170
53875935.0,CENTRAL PARK WEST/W 104 ST,61
53875954.0,BOWERY/SPRING ST,56
53876346.0,GREENPOINT AV/47 ST,1580
53879568.0,SAINT NICHOLAS AV/W 181 ST,60
53701060.0,KINGS HWY/W 7 ST,397
53703509.0,11 AV/W 23 ST,36
53812386.0,LAFAYETTE AV/THROOP AV,46
53813081.0,CASTLETON AV/NORTH BURGHER AV,153
53814025.0,KINGSLAND AV/LOMBARDY ST,53
53815424.0,OLYMPIA BLVD/NORWAY AV,137
53816858.0,8 AV/W 20 ST,94
53817954.0,JAMAICA AV/WOODHAVEN BLVD WEST,247
53817985.0,CLASSON AV/PROSPECT PL,146
53823703.0,WYTHE AV/METROPOLITAN AV,125
53826433.0,9 AV/W 52 ST,168
53704110.0,DRIGGS AV/N 11 ST,137
53708171.0,W 145 ST/AMSTERDAM AV,87
53882491.0,W 23 ST/7 AV,133
53886001.0,BROOKVILLE BL/148 AV,561
53890468.0,EAST GUN HILL RD/WEBSTER AV,501
53891639.0,LENOX RD/ROCKAWAY PKWY,168
53892659.0,WOODRUFF AV/OCEAN AV,60
53893056.0,REMSEN AV/RUTLAND RD,165
53709387.0,LEWIS AV/GATES AV,140
53719446.0,10 AV/W 47 ST,68
53720201.0,MANHATTAN AV/W 114 ST,58
53830757.0,ASTORIA BLVD SOUTH/77 ST,428
53831146.0,W 50 ST/9 AV,71
53831670.0,OCEAN AV/CATON AV,37
53831766.0,LEXINGTON AV/E 31 ST,193
53832868.0,MORNINGSTAR RD/ST ADALBERT PL,194
53840594.0,ROCKAWAY AV/FOSTER AV,220
53845422.0,BROADWAY/PARK ST,142
53720606.0,9 AV/W 35 ST,99
53722444.0,BRUCKNER BLVD/ZEREGA AV,124
53722560.0,W 97 ST/WEST END AV,150
53893384.0,W 34 ST/BROADWAY,217
53894411.0,AVENUE H/ALBANY AV,422
53895180.0,ESSEX ST/RIVINGTON ST,156
53900513.0,JAMAICA AV/ELDERT LN,189
53903662.0,1 AV /E 4 ST,98
53723870.0,MORGAN AV/HARRISON PL,100
53725725.0,METROPOLITAN AV/LEFFERTS BLVD,454
53725779.0,CHURCH AV/E 5 ST,240
53847813.0,7 AV/W 15 ST,164
53848694.0,W 34 ST/BROADWAY,253
53849102.0,ATLANTIC AV/VAN SICLEN AV,76
53850635.0,7 AV/18 ST,187
53725805.0,DE KALB AV/SAINT NICHOLAS AV,291
53726439.0,W 96 ST/WEST END AV,79
53726935.0,METROPOLITAN AV/LEFFERTS BLVD,454
54108451.0,ATLANTIC AV/CLINTON ST,117
54109419.0,WEBSTER AV/E 205 ST,163
53903785.0,BOWERY/SPRING ST,114
53904032.0,MALCOLM X BLVD/QUINCY ST,101
53909238.0,MANHATTAN AV/W 121 ST,93
53909434.0,GRAND CONCOURSE/E 167 ST,384
53915505.0,HALSEY ST/BUSHWICK AV,97
53916899.0,HALSEY ST/BUSHWICK AV,142
54114542.0,HILLSIDE AV/PARSONS BLVD,224
54115612.0,HILLSIDE AV/PARSONS BLVD,93
53980069.0,BROADWAY/W 204 ST,180
53980416.0,DYCKMAN ST/SHERMAN AV,135
53981147.0,10 AV/W 202 ST,380
53988526.0,5 AV/36 ST,90
53988568.0,OCEAN AV/AVENUE X,81
53988773.0,5 AV/36 ST,588
54117644.0,E 23 ST/LEXINGTON AV,20
54122624.0,BEDFORD AV/S 4 ST,88
54129391.0,BEDFORD AV/CLARENDON RD,225
54129568.0,E 174 ST/BOONE AV,13
54131340.0,WOODHAVEN BLVD/61 RD,361
53920517.0,MAIN ST/BOOTH MEMORIAL AV,41
53933376.0,MADISON AV/E 28 ST,205
53934304.0,TOMPKINS AV/WILLOUGHBY AV,144
53935712.0,113 DR/219 ST,188
53937868.0,E 98 ST/LEGION ST,248
53938859.0,GREENPOINT AV/MANHATTAN AV,152
53939162.0,GREENPOINT AV/MANHATTAN AV,152
53992539.0,14 AV/123 ST,761
53994947.0,1 AV/SAINT MARKS PL,162
53999738.0,RIVERSIDE DR/W 100 ST,31
54001498.0,AVENUE U/E 57 ST,58
54002531.0,lincoln tnl app/lincoln tnl app,153
54003147.0,39 ST/9 AV,203
54003481.0,W 34 ST/BROADWAY,227
54132661.0,1 AV/E 99 ST,78
54136634.0,BROADWAY/W 100 ST,157
54136738.0,FARMERS BLVD/145 DR,53
54137553.0,CLEVELAND  PL/SPRING ST,119
54140633.0,2 AV/E 82 ST,203
53939267.0,LINDEN BLVD/79 ST,1116
53939453.0,GREENPOINT AV/MANHATTAN AV,152
53939534.0,GREENPOINT AV/MANHATTAN AV,152
53939745.0,GREENPOINT AV/MANHATTAN AV,152
53939828.0,GREENPOINT AV/MANHATTAN AV,152
53939843.0,GREENPOINT AV/MANHATTAN AV,152
53940686.0,4 AV/SENATOR ST,23
53942042.0,W 34 ST/DYER AV,270
54144015.0,LINCOLN AV/BRUCKNER BLVD,299
54004046.0,W 31 ST/6 AV,163
54004374.0,BROADWAY/W 204 ST,130
54004596.0,BROADWAY/W 204 ST,181
54005271.0,1 AV/E 52 ST,140
54007743.0,WILLIS AV/E 138 ST,164
54013154.0,GATES AV/MARCY AV,19
54018489.0,W 50 ST/11 AV,91
54018763.0,METROPOLITAN AV/LEFFERTS BLVD,454
54144455.0,SAINT NICHOLAS AV/W 170 ST,134
54146364.0,DRIGGS AV/S 4 ST,32
53953891.0,MANHATTAN AV/INDIA ST,71
53958813.0,LEWIS AV/GREENE AV,112
53967226.0,LEXINGTON AV/E 102 ST,124
53967245.0,2 AV/E 25 ST,154
53967351.0,7 AV/18 ST,314
53970600.0,BROADWAY/JEFFERSON AV,9
53970830.0,BROADWAY/JEFFERSON AV,261
54148158.0,RALPH AV/AVENUE L,387
54160031.0,SAINT NICHOLAS AV/W 167 ST,54
54161007.0,FORT WASHINGTON AV/W 168 ST,134
54019918.0,5 AV/33 ST,167
54020186.0,10 AV/W 202 ST,380
54021730.0,BROADWAY/W 204 ST,297
54022749.0,UTICA AV/ATLANTIC AV,80
54028410.0,W 49 ST/7 AV,123
54032723.0,CROPSEY AV/BAY 25 ST,425
54032853.0,FRANKLIN AV/MADISON ST,46
54162906.0,SAINT NICHOLAS AV/W 167 ST,32
54163608.0,82 ST/ROOSEVELT AV,1565
54163789.0,BROADWAY/W 170 ST,193
54163912.0,BROADWAY/W 170 ST,110
54164357.0,BROADWAY/W 168 ST,113
54164587.0,5 AV/W 32 ST,129
53970914.0,SAINT MARKS AV/ROCHESTER AV,96
53970963.0,JFK AIRPORT/TERMINAL 8,4375
53971055.0,ELIOT AV/77 PL,182
53971111.0,AVENUE D/NOSTRAND AV,164
53971403.0,GATES AV/CLASSON AV,60
54242854.0,MYRTLE AV/KNICKERBOCKER AV,78
54243072.0,WYTHE AV/METROPOLITAN AV,71
54243687.0,MANHATTAN AV/EAGLE ST,26
54245109.0,MANHATTAN AV/INDIA ST,13
54245163.0,2 AV/E 64 ST,203
54245594.0,FORT WASHINGTON AV/W 168 ST,102
54036658.0,W 31 ST/6 AV,126
54038902.0,EAST HOUSTON ST/AV C,284
54039046.0,UNIVERSITY AV/1910 UNIVERSITY AV,532
54042480.0,WILLIS AV/E 144 ST,208
54045965.0,HILLSIDE AV/180 ST,265
54049778.0,GREENPOINT AV/MANHATTAN AV,152
54049940.0,GREENPOINT AV/MANHATTAN AV,152
54050176.0,GREENPOINT AV/MANHATTAN AV,152
54164726.0,CATON AV/SAINT PAULS PL,200
54167112.0,DE KALB AV/SOUTH PORTLAND AV,194
54169005.0,MERRICK BLVD/116 AV,454
54050549.0,GREENPOINT AV/MANHATTAN AV,152
54050973.0,GREENPOINT AV/MANHATTAN AV,152
54051067.0,GREENPOINT AV/MANHATTAN AV,152
54051259.0,GREENPOINT AV/MANHATTAN AV,152
54051352.0,GREENPOINT AV/MANHATTAN AV,152
54173093.0,FLATBUSH AV/CATON AV,93
54179594.0,6 AV/PRINCE ST,65
54245960.0,1 AV/E 60 ST,52
54246235.0,1 AV/E 60 ST,21
54246425.0,1 AV/E 62 ST,92
54247180.0,MONTROSE AV/BUSHWICK AV,204
54247733.0,W 34 ST/DYER AV,68
54258024.0,1 AV/E 62 ST,167
54258718.0,1 AV/E 60 ST,65
54260194.0,MARCUS GARVEY BLVD/BROADWAY,146
54180355.0,MESEROLE ST/LEONARD ST,96
54181198.0,PIKE ST/SOUTH  ST,82
54183564.0,E 105 ST/1 AV,163
54186567.0,LINDEN BLVD/179 ST,511
54193168.0,RIVERSIDE DR/W 77 ST,183
54260674.0,DE KALB AV/KNICKERBOCKER AV,52
54262388.0,1 AV/E 62 ST,100
54262883.0,1 AV/E 60 ST,140
54263436.0,1 AV/E 60 ST,54
54263674.0,1 AV/E 62 ST,146
54263886.0,1 AV/E 62 ST,104
54264164.0,1 AV/E 62 ST,161
54264262.0,PARKSIDE AV/OCEAN AV,166
54264944.0,NOSTRAND AV/TILDEN AV,155
54065958.0,BOWERY/GRAND ST,223
54067905.0,BAYCHESTER AV/E 233 ST,235
54068602.0,UTICA AV/TILDEN AV,129
54068618.0,E 125 ST/PARK AV,175
54069349.0,CENTRE ST/GRAND ST,160
54193549.0,KINGSLAND AV/RICHARDSON ST,92
54194995.0,METROPOLITAN AV/69 AV,169
54195597.0,RIVERSIDE DR/W 76 ST,109
54196350.0,RIVERSIDE DR/W 74 ST,121
54196744.0,RIVERSIDE DR/W 76 ST,42
54196777.0,RIVERSIDE DR/W 74 ST,139
54196947.0,RIVERSIDE DR/W 74 ST,150
54197051.0,RIVERSIDE DR/W 76 ST,103
54197179.0,RIVERSIDE DR/W 76 ST,80
54070767.0,E 20 ST/1 AV,103
54071410.0,EAST HOUSTON ST/AV B,67
54083128.0,21 ST/30 AV,375
54093527.0,2 AV/E 50 ST,77
54093824.0,FARRAGUT RD/NOSTRAND AV,102
54101952.0,7 AV/W 20 ST,89
54276494.0,E 23 ST/AV C,132
54281443.0,EAST GUN HILL RD/SEYMOUR AV,107
54281603.0,EAST GUN HILL RD/DEWITT PL,302
54291034.0,W 31 ST/6 AV,182
54291234.0,W 31 ST/6 AV,14
54292164.0,6 AV/W 27 ST,75
54294086.0,MERRICK BLVD/104 AV,735
54295682.0,NOSTRAND AV/BEVERLY RD,1
54295697.0,NOSTRAND AV/BEVERLY RD,122
54197182.0,RIVERSIDE DR/W 77 ST,197
54199296.0,ADAM C POWELL BLVD/W 120 ST,62
54206877.0,LEXINGTON AV/E 62 ST,94
54210471.0,ATLANTIC AV/ELTON ST,367
54210998.0,HALSEY ST/TOMPKINS AV,145
54211784.0,ASTORIA BLVD/STEINWAY ST,716
54302784.0,BROADWAY/W 167 ST,55
54303003.0,CENTRAL PARK WEST/W 104 ST,123
54303183.0,BROADWAY/W 170 ST,175
54303623.0,FORT WASHINGTON AV/W 168 ST,152
54304065.0,RIVERSIDE DR/W 76 ST,108
54304382.0,W 72 ST/WEST END AV,210
54307163.0,1 AV/E 111 ST,164
54307170.0,1 AV/E 111 ST,53
54102963.0,NASSAU AV/MANHATTAN AV,57
54103419.0,KINGS HWY/E 92 ST,238
54104181.0,BOSTON RD/WILSON AV,191
54108028.0,LINCOLN RD/FLATBUSH AV,47
5.080959928393479e+17,FLATLANDS AV/ E 103 ST,282
5.090212887590727e+17,NORTH CONDUIT AV/230 PL,197
5.099126947806783e+17,HOLLIS AV/216 ST,115
5.115545902842674e+17,FORT HAMILTON PKWY/83 ST,40
5.136950124315206e+17,FRANKLIN ST/GREENPOINT AV,101
54213367.0,LEXINGTON AV/E 94 ST,87
54214433.0,DYCKMAN ST/SHERMAN AV,142
54214666.0,21 ST/BROADWAY,878
54217724.0,GRAND ST/GRAHAM AV,205
54220873.0,BOSTON RD/LACONIA AV,188
5.1392354815677056e+17,86 ST/DAHLGREN PL,92
5.150360443817618e+17,86 ST/DAHLGREN PL,135
5.152709647522015e+17,BAY RIDGE AV/4 AV,242
5.186891092088539e+17,AMSTERDAM AV/W 69 ST,131
5.2242585562071616e+17,VAN DUZER ST/BROAD ST,616
54226057.0,W 145 ST/BROADWAY,40
54314301.0,BROADWAY/CORTLANDT ST,266
54315055.0,STORY AV/BOYNTON AV,485
54318636.0,FRANCIS LWEIS BLVD/CANEY LN,450
54318921.0,AVENUE C/E 3 ST,300
54319024.0,3 AV/E 157 ST,463
54227270.0,21 ST/BROADWAY,520
54230938.0,COLUMBUS AV/W 100 ST,224
54238053.0,FULTON ST/SAINT JAMES PL,122
5.291571030426047e+17,EMPIRE BLVD/UTICA AV,171
5.2973793414531955e+17,FORT HAMILTON PKWY/83 ST,31
5.321084122571107e+17,CHURCH AV/BROOKLYN AV,75
5.355655780842812e+17,3 AV/E 91 ST,371
5.3558162656120685e+17,LEXINGTON AV/E 92 ST,120
5.357521074194225e+17,LEXINGTON AV/E 110 ST,194
54238875.0,BROADWAY/W 91 ST,67
54240974.0,ATLANTIC AV/WAVERLY AV,42
54242006.0,1 AV/E 91 ST,130
5.480168577943528e+17,39 ST/FORT HAMILTON PKWY,228
54326605.0,8 AV/46 ST,267
54328203.0,2 AV/E 84 ST,139
54334216.0,ADAM C POWELL BLVD/W 139 ST,6
54338345.0,5 AV/W 30 ST,102
54341162.0,AVENUE C/E 3 ST,226
54342351.0,FRANKLIN AV/UNION ST,197
54342792.0,AVENUE C/E 3 ST,72
54343089.0,BEDFORD AV/AVENUE D,127
54344557.0,5 AV/21 ST,75
5.480415709211788e+17,GATES AV/STUYVESANT AV,203
5.4805806102375635e+17,FAIRVIEW AV/PUTNAM AV,155
5.485118650751061e+17,GATES AV/STUYVESANT AV,188
5.3780854108614605e+17,LINCOLN AV/BRUCKNER BLVD,309
5.390840255293344e+17,CRESCENT ST/RIDGEWOOD AV,54
5.3974263326608275e+17,2 AV/E 94 ST,133
5.3990090537606925e+17,EAST TREMONT AV/BOSTON RD,84
5.403996997292643e+17,WILSON AV/PUTNAM AV,244
5.485598822096852e+17,BAY PKWY/65 ST,86
54344780.0,FRANKLIN AV/EASTERN PKWY,23
54351519.0,JEROME AV/E 183 ST,207
54351650.0,GRAND CONCOURSE/E 182 ST,279
54352197.0,MYRTLE AV/69 ST,298
54353571.0,MAIN ST/58 RD,33
54355778.0,W 96 ST/COLUMBUS AV,125
5.486725720960283e+17,LEXINGTON AV/E 94 ST,90
5.41449474530378e+17,82 ST/ROOSEVELT AV,1028
5.418383341741196e+17,E 49 ST/1 AV,261
5.418408616400556e+17,E 49 ST/1 AV,261
5.418412296310873e+17,E 49 ST/1 AV,261
5.4882619078939206e+17,THROOP AV/PARK AV,128
5.4896376410968237e+17,BEDELL ST/BAISLEY BLVD,733
5.4902677241742317e+17,DITMARS BLVD/27 AV,444
5.491948830058547e+17,SUTTON PL/E 55 ST,65
5.4926434506452864e+17,1 AV/E 120 ST,135
5.492750039074053e+17,VANDERBILT AV/LAFAYETTE AV,101
5.49362079534421e+17,ATLANTIC AV/BOERUM PL,139
54357934.0,8 AV/W 28 ST,208
54364623.0,LAFAYETTE AV/BEDFORD AV,10
54376286.0,GATES AV/ONDERDONK AV,169
54392381.0,5 AV/9 ST,102
54395062.0,67 AV/60 ST,186
54395760.0,LORIMER ST/AINSLIE ST,94
54397475.0,3 AV/E 112 ST,158
5.494187121239251e+17,CLARKSON AV/FLATBUSH AV,337
5.4946528958709914e+17,EAST TREMONT AV/LATTING ST,393
5.4223905378937286e+17,ROCKAWAY PKWY/AVENUE K,332
5.426009439128478e+17,21 ST/38 AV,466
5.426406521516417e+17,ROGERS AV/CLARKSON AV,107
5.4267726937236006e+17,5 AV/W 137 ST,146
5.426813860765867e+17,5 AV/E 77 ST,100
5.4274707279286586e+17,BOSTON RD/WICKHAM AV,215
5.4276593699317875e+17,TOMPKINS AV/GREENE AV,118
5.428563799909166e+17,HOYT AV/31 ST,1071
5.428971687688142e+17,BELL BLVD/35 AV,232
5.500264880819739e+17,3 AV/E 17 ST,97
4.972216569539128e+17,FORT HAMILTON PKWY/86 ST,80
4.9922878578179584e+17,LEXINGTON AV/E 94 ST,155
5.01404598925362e+17,E 233 ST/WHITE PLAINS RD,214
5.022356080924785e+17,HOLLIS AV/217 PL,143
5.02887119852003e+17,THROOP AV/GATES AV,73
5.056659540411991e+17,VICTORY BLVD/BROOK ST,295
5.0675337882571206e+17,COLUMBUS AV/W 72 ST,100
5.5503538710776877e+17,ONDERDONK AV/CATALPA AV,169
5.50135601428139e+17,RALPH AV/STERLING PL,141
5.4295995421725165e+17,MERRICK BLVD/BAISLEY BLVD,185
5.433732652353268e+17,GATES AV/TOMPKINS AV,109
5.434919295928275e+17,MERRICK BLVD/231 ST,178
5.436354259430768e+17,3 AV/E 47 ST,223
5.43706507891143e+17,HORACE HARDING EXPWY/MARATHON PKWY,687
5.444014574198571e+17,6 AV/W 31 ST,56
5.50410803871292e+17,48 AV/208 ST,139
5.5055542877744237e+17,BEDFORD AV/GREENE AV,171
5.506185277753797e+17,FRANKLIN AV/UNION ST,75
5.5074167455446374e+17,E 106 ST/2 AV,263
5.55036643800097e+17,ONDERDONK AV/CATALPA AV,169
5.550380694408915e+17,ONDERDONK AV/CATALPA AV,169
5.5504086677349235e+17,ONDERDONK AV/CATALPA AV,168
5.55056971119509e+17,BOWERY/GRAND ST,132
5.5507351044305856e+17,SARATOGA AV/SAINT MARKS AV,134
5.551590348960344e+17,LEXINGTON AV/E 31 ST,93
5.551712023681843e+17,DECATUR ST/SENECA AV,396
5.5525357195853594e+17,HUDSON ST/PERRY ST,138
5.556105434092672e+17,LEXINGTON AV/E 28 ST,215
5.507867096102067e+17,73 AV/190 ST,109
5.5084160085936045e+17,YORK AV/E 76 ST,58
5.5084592008786925e+17,CLASSON AV/PROSPECT PL,245
5.448670224942517e+17,THOMAS S BOYLAND ST/MARION ST,67
5.4499865007874675e+17,BOWERY/SPRING ST,73
5.450501877177631e+17,CHURCH AV/E 94 ST,55
5.450909143751735e+17,DEAN ST/SCHENECTADY AV,175
5.4516315746861146e+17,104 ST/ROOSEVELT AV,605
5.4555277340702445e+17,DE KALB AV/SAINT NICHOLAS AV,257
5.455636976661126e+17,ASTORIA BLVD SOUTH/77 ST,1699
5.456533846778664e+17,2 AV/E 95 ST,37
5.5090529496232134e+17,LEWIS AV/MADISON ST,118
5.50923487986078e+17,SAINT MARKS PL/HAMILTON AV,61
5.5092439750563584e+17,RALPH AV/DECATUR ST,118
5.513342344154395e+17,DECATUR ST/BUSHWICK AV,102
5.514455239381811e+17,ASTORIA BLVD/STEINWAY ST,1130
5.556878283150168e+17,BRABANT ST/UNION AV,259
5.5624709167954086e+17,104 ST/ROOSEVELT AV,1030
5.563659270240531e+17,BROAD ST/GORDON ST,503
5.5668026947960205e+17,LIBERTY AV/REMINGTON ST,880
5.569607379950693e+17,FOREST AV/69 AV,206
5.570314728492944e+17,HALSEY ST/MARCUS GARVEY BLVD,182
5.572147689831565e+17,GREENPOINT AV/44 ST,1552
5.5149486209219386e+17,ASTORIA BLVD/STEINWAY ST,672
5.5149714193112915e+17,11 ST/JACKSON AV,297
5.462564559559639e+17,LEXINGTON AV/E 86 ST,46
5.4626311451163386e+17,LEXINGTON AV/E 31 ST,174
5.4640751767497645e+17,28 ST/QUEENS PLAZA SOUTH,518
5.4643837635938003e+17,BEDFORD AV/S 2 ST,75
5.4648919763260224e+17,FULTON ST/SOUTH ELLIOT PL,36
5.4655594905423155e+17,BEDFORD AV/WILLOUGHBY AV,79
5.4668983446071917e+17,21 ST/BROADWAY,1919
5.518467819138842e+17,E 86 ST/2 AV,80
5.520422425483507e+17,MALCOLM X BLVD/HALSEY ST,58
5.573085624453216e+17,3 AV/E 88 ST,65
5.57486369436961e+17,SARATOGA AV/PARK PL,151
5.5750907501543014e+17,101 ST/31 AV,636
5.5791271596148595e+17,ROGERS AV/ALBERMARLE RD,129
5.579539215386563e+17,LEXINGTON AV/E 62 ST,94
5.5797477640230957e+17,AMSTERDAM AV/W 98 ST,17
5.520758509422085e+17,7 AV/W 17 ST,50
5.52087932017335e+17,HALSEY ST/STUYVESANT AV,242
5.470587904815482e+17,7 AV/W 25 ST,177
5.470865015228144e+17,5 AV/W 130 ST,183
5.471501242203872e+17,VAN DUZER ST/GRANT ST,121
5.4721982303700634e+17,REMSEN AV/LENOX RD,234
5.477930675933043e+17,2 AV/E 61 ST,126
5.477977879166162e+17,FULTON ST/NOSTRAND AV,115
5.520943564503886e+17,MALCOLM X BLVD/PUTNAM AV,49
5.52098297559363e+17,8 AV/W  56 ST,96
5.521131580323537e+17,TOMPKINS AV/GREENE AV,126
5.5214825052318816e+17,MALCOLM X BLVD/HALSEY ST,51
5.5217494358251104e+17,MALCOLM X BLVD/MADISON ST,93
5.5220856369931885e+17,WATCHOGUE RD/LEVIT AV,345
5.581918860760904e+17,WILSON AV/GEORGE ST,86
5.5819195171492685e+17,FLUSHING AV/KNICKERBOCKER AV,70
5.5830650046882086e+17,DITMARS BLVD/31 AV,375
5.583104829621976e+17,LEXINGTON AV/E 37 ST,219
5.583744358938957e+17,MARCUS GARVEY BLVD/PARK AV,98
5.585755571223309e+17,10 AV/W 53 ST,114
5.5221123389601574e+17,COOPER ST/EVERGREEN AV,131
5.5273848478595757e+17,GATES AV/TOMPKINS AV,123
5.527823827411819e+17,23 AV/87 ST,699
5.527980125365535e+17,21 ST/35 ST,413
5.4782023822540845e+17,SUTTER AV/ATKINS AV,130
5.4799862252541075e+17,S 5 ST/HOOPER ST,205
5.480065726476493e+17,39 ST/FORT HAMILTON PKWY,409
5.6300756008456736e+17,LEXINGTON AV/E 31 ST,33
5.631480005149809e+17,NORTHERN BLVD/163 ST,65
5.632467068115734e+17,SARATOGA AV/SAINT MARKS AV,109
5.632682920065993e+17,EUCLID AV/BLAKE AV,62
5.528045198314474e+17,WATER ST/HANOVER SQ,192
5.5281908704661555e+17,SAINT NICHOLAS AV/W 150 ST,63
5.52839358870025e+17,3 AV/12 ST,325
5.586666860494366e+17,SUTPHIN BLVD/HILLSIDE AV,525
5.587325209071622e+17,WEBSTER AV/ITTNER PL,539
5.5874622370742675e+17,7 AV/W 20 ST,89
5.5887497654259776e+17,WEST FORDHAM RD/UNIVERSITY AV,126
5.5894156639944166e+17,MACOMBS RD/INWOOD AV,243
5.594855198064587e+17,MARCUS GARVEY BLVD/MACDONOUGH ST,144
5.595440548950928e+17,BROADWAY/EASTERN PKWY,209
5.595729839819295e+17,WHITE PLAINS RD/E 228 ST,111
5.5297254759385594e+17,2 AV/E 78 ST,133
5.635615793255251e+17,WASHINGTON AV/BERGEN ST,84
5.6368742515651315e+17,JACKSON AV/DAVIS ST,127
5.636901046821264e+17,JACKSON AV/DAVIS ST,114
5.6371946703568083e+17,JACKSON AV/THOMPSON AV,266
5.637287232245103e+17,JACKSON AV/THOMPSON AV,261
5.63737087590348e+17,E 34 ST/3 AV,173
5.5300512122064486e+17,SUTTER AV/BARBEY ST,52
5.5302923828346605e+17,9 AV/W 34 ST,94
5.534240767773047e+17,JAMAICA AV/ELDERT LN,183
5.534299766052733e+17,9 AV/W 35 ST,37
5.595865049178273e+17,FLATBUSH AV/CHESTER CT,161
5.5959274361728384e+17,KINGSTON AV/PACIFIC ST,145
5.596439185479515e+17,FLUSHING AV/64 ST,238
5.5967138297244326e+17,8 AV/W 46 ST,180
5.597309448245451e+17,HALSEY ST/IRVING AV,2
5.600939473894512e+17,3 AV/30 ST,18
5.6014919706378554e+17,2 AV/E 94 ST,42
5.63814027308621e+17,FULTON ST/SCHENECTADY AV,70
5.63878450144015e+17,CASTLE HILL AV/RANDALL AV,129
5.642292802255041e+17,W 125 ST/ADAM C POWELL BLVD,221
5.6427437797429274e+17,MARCUS GARVEY BLVD/BROADWAY,152
5.6428147458768186e+17,5 AV/21 ST,93
5.541256872850925e+17,63 DR/QUEENS BLVD,441
5.5427205729964205e+17,RIVERDALE AV/W 236 ST,392
5.54283191774753e+17,E 96 ST/2 AV,58
5.545908335847557e+17,RALPH AV/HERKIMER ST,226
5.547851841476767e+17,W 23 ST/7 AV,73
5.643323644312458e+17,10 AV/W 37 ST,86
5.643922770730187e+17,UNION TPKE/UTOPIA PKWY,188
5.6454231812048646e+17,7 AV/W 57 ST,49
5.645465975966867e+17,FARMERS BLVD/115 RD,95
5.646021086952752e+17,SPRINGFIELD BLVD/EASTGATE PLAZA,216
5.6460270218807584e+17,JACKSON AV/DAVIS ST,134
5.6020566394977056e+17,BOWERY/SPRING ST,72
5.602244007036397e+17,BEDFORD AV/BEVERLEY RD,50
5.60239229723612e+17,DE KALB AV/STUYVESANT AV,178
5.602415297920064e+17,WEST HOUSTON ST/LAGUARDIA PL,61
5.606122126657763e+17,BAY ST/BAYLEY SETON HOSPITAL,71
5.607466232030807e+17,2 AV/E 75 ST,68
5.5495133081006086e+17,OCEAN AV/AVENUE X,126
5.550052711356058e+17,HALSEY ST/MARCUS GARVEY BLVD,223
5.55025453219072e+17,ONDERDONK AV/CATALPA AV,169
5.550282782363782e+17,ONDERDONK AV/CATALPA AV,169
5.550302463578543e+17,ONDERDONK AV/CATALPA AV,169
5.5503445981257114e+17,ONDERDONK AV/CATALPA AV,169
5.695576413705924e+17,GATES AV/NOSTRAND AV,128
5.6958155415992237e+17,NOSTRAND AV/PACIFIC ST,98
5.646828243714931e+17,149 AV/257 ST,395
5.647790369753892e+17,SENECA AV/BLEECKER ST,216
5.648079138647547e+17,BROADWAY/JEFFERSON AV,161
5.64844435225916e+17,COURT ST/AMITY ST,58
5.649243802113386e+17,HALSEY ST/HOWARD AV,215
5.649732753975353e+17,E 14 ST/1 AV,90
5.700346655273081e+17,5 AV/W 30 ST,78
5.701166605744056e+17,E 34 ST/PARK AV,169
5.701191783133676e+17,E 34 ST/PARK AV,169
5.6082355614926266e+17,BROADWAY/PARK ST,97
5.6092284197956806e+17,JAMAICA AV/124 ST,291
5.609970116422183e+17,UTOPIA PKWY/75 AV,86
5.6105645907447085e+17,21 ST/BROADWAY,854
5.614116943696294e+17,18 AV/81 ST,417
5.614381119140867e+17,VAN WYCK SOUTH SERVICE RD/BUILDING 90,16782
5.615808740923837e+17,MARCUS GARVEY BLVD/PULASKI ST,64
5.701202225389963e+17,MADISON AV/E 30 ST,111
5.701955490627506e+17,WYTHE AV/GRAND ST,58
5.7020380464685594e+17,NORTHERN BLVD/147 ST,173
5.7020574549790426e+17,NORTHERN BLVD/147 ST,90
5.702080204435694e+17,5 AV/7 ST,139
5.65112303079121e+17,VAN WYCK SOUTH SERVICE RD/BUILDING 90,16968
5.6511492435035866e+17,E 233 ST/MURDOCK AV,183
5.6517311244523066e+17,MELROSE AV/E 153 ST,119
5.651773896383273e+17,SARATOGA AV/BAINBRIDGE ST,103
5.6523387450278483e+17,LAFAYETTE AV/STUYVESANT AV,152
5.6535294599131437e+17,E 226 ST/WHITE PLAINS RD,67
5.702450657168239e+17,MAIN ST/76 AV,754
5.621390989922827e+17,28 ST/QUEENS PLAZA SOUTH,135
5.6222846526857075e+17,5 AV/W 33 ST,165
5.623166033384833e+17,W 96 ST/COLUMBUS AV,202
5.624180474878261e+17,PENNSYLVANIA AV/HEGEMAN AV,162
5.627184051960837e+17,3 AV/33 ST,112
5.6288490345712896e+17,GRAND CONCOURSE/E 144 ST,339
5.6290781964112966e+17,TROY AV/CARROLL ST,184
5.702897612345239e+17,1 AV/E 1 ST,214
5.703054975379817e+17,GRAND ST/LORIMER ST,218
5.703131628952448e+17,FREEMAN ST/MANHATTAN AV,185
5.7049673119143725e+17,BROADWAY/W 133 ST,146
5.657733695154817e+17,E 80 ST/PAERDEGAT 7 ST,392
5.6593262578017594e+17,AMSTERDAM AV/W 81 ST,157
5.6602991124868717e+17,FRANCIS LEWIS BLVD/256 ST,126
5.660953427488068e+17,BROADWAY/KENT AV,136
5.660992988377224e+17,SOUTH CONDUIT AV/221 ST,356
5.6611522783003386e+17,21 ST/38 AV,730
5.6611962309368064e+17,28 ST/QUEENS PLAZA SOUTH,519
5.71047174375999e+17,NORTHERN BLVD/147 ST,216
5.7104783054849594e+17,NORTHERN BLVD/147 ST,83
5.71048519257374e+17,NORTHERN BLVD/147 ST,279
5.7609385533784826e+17,UTICA AV/BEVERLY RD,232
5.762178082631092e+17,ASTORIA BLVD/STEINWAY ST,943
5.765549645427557e+17,150 ST/24 RD,237
5.76645744639819e+17,11 ST/JACKSON AV,341
5.766500687004004e+17,5 AV/W 56 ST,78
5.767796948484031e+17,RALPH AV/BAINBRIDGE ST,140
5.768956206974272e+17,W 50 ST/9 AV,92
5.710853926894946e+17,BAYCHESTER AV/STRANG AV,150
5.7114128963026726e+17,WASHINGTON AV/PROSPECT PL,109
5.712028589825751e+17,5 AV/15 ST,207
5.715335062424967e+17,FOREST AV/BRIGHTON AV,61
5.6654824554922496e+17,COLUMBIA ST/CARROLL ST,366
5.6676308637355955e+17,LIBERTY AV/187 ST,55
5.6677029319458086e+17,YORK AV/E 69 ST,84
5.667939059750108e+17,E 9 ST/2 AV,23
5.6716673632976166e+17,MADISON ST/RUTGERS ST,74
5.6725758373157766e+17,COLUMBUS AV/W 100 ST,88
5.675695974453319e+17,W 31 ST/6 AV,182
5.680497891970125e+17,FULTON ST/NOSTRAND AV,224
5.715845198852253e+17,S 5 ST/RODNEY ST,64
5.7159817173833786e+17,KINGS HWY/AVENUE J,127
5.717251148601595e+17,BROADWAY/W 133 ST,130
5.717662382450276e+17,21 ST/38 AV,708
5.717751143548083e+17,21 ST/38 AV,685
5.681797752399634e+17,GATES AV/SENECA AV,140
5.682705724325281e+17,5 AV/W 32 ST,136
5.6851158361056486e+17,E 34 ST/PARK AV,169
5.6867899162078074e+17,5 AV/W 30 ST,53
5.769976756562548e+17,7 AV/STERLING PL,9
5.771641775234058e+17,ROGERS AV/WINTHROP ST,143
5.771873061749347e+17,37 AV/104 ST,600
5.773534187265288e+17,E 9 ST/2 AV,70
5.77528145632005e+17,243 ST/MEMPHIS AV,143
5.775688580416195e+17,THOMAS S BOYLAND ST/MACDOUGAL ST,114
5.776384183238819e+17,DE KALB AV/SENECA AV,353
5.7178418615372986e+17,21 ST/38 AV,650
5.717873801407822e+17,21 ST/38 AV,460
5.717994556011865e+17,28 ST/QUEENS PLAZA SOUTH,621
5.718058790054801e+17,QUEENS BLVD/78 AV,640
5.7191628127166336e+17,ROCKAWAY AV/BROADWAY,227
5.687729140925802e+17,1 AV/E 116 ST,203
5.687824833859196e+17,ESSEX ST/CANAL ST,81
5.6880428257100806e+17,CROPSEY AV/BAY 37 ST,34
5.688899608516005e+17,1 AV/E 1 ST,214
5.689125665057994e+17,7 AV/W 17 ST,121
5.691834513831572e+17,EMPIRE BLVD/ROGERS AV,40
5.694890531399389e+17,SCHAEFER ST/BROADWAY,66
5.695464040498835e+17,MADISON AV/E 28 ST,37
5.77657240307523e+17,ROGERS AV/CLARKSON AV,99
5.776714241555191e+17,RALPH AV/PROSPECT PL,215
5.77684671946039e+17,GRAND ST/UNION AV,188
5.77717132178907e+17,MANHATTAN AV/GREENPOINT AV,17
5.778574771646705e+17,ATLANTIC AV/104 ST,801
5.780994449563942e+17,W 42 ST/BROADWAY,248
5.781008625971241e+17,7 AV/W 44 ST,110
5.719778725912581e+17,3 AV/12 ST,64
5.7198328429191866e+17,BROADWAY/W 114 ST,104
5.72326237669669e+17,5 AV/W 55 ST,86
5.723265312198162e+17,W 42 ST/10 AV,190
5.7232874116352134e+17,E 34 ST/PARK AV,169
5.723290245334127e+17,1 AV/E 57 ST,43
5.723661660137013e+17,THOMAS S BOYLAND ST/MACDOUGAL ST,139
5.781137795794943e+17,9 AV/W 46 ST,198
5.781229763087027e+17,MAIN ST/BOOTH MEMORIAL AV,49
5.783279250113462e+17,CHURCH AV/E 93 ST,87
5.78338335733828e+17,CHURCH AV/E 38 ST,76
5.784236570572513e+17,CORONA AV/51 AV,138
5.784302301173655e+17,MONTROSE AV/LEONARD ST,72
5.724846604974505e+17,MALCOLM X BLVD/W 129 ST,161
5.725309137711945e+17,UTICA AV/LENOX RD,146
5.725462574310586e+17,DRIGGS AV/N 11 ST,120
5.81858374016685e+17,HALSEY ST/MALCOLM X BLVD,62
5.82035740622572e+17,E 79 ST/EAST END AV,5478
5.820991682377791e+17,RALPH AV/GATES AV,32
5.821372896651713e+17,ASTORIA BLVD/STEINWAY ST,1217
5.822400671908211e+17,POSTAL FACILITY RD/BROOKLYN MAIL FACILITY,906
5.82466438103478e+17,5 AV/33 ST,384
5.824780292793864e+17,SENECA AV/STOCKHOLM ST,208
5.825258169282272e+17,BOWERY/KENMARE ST,114
5.7254748624245914e+17,120 AV/198 ST,161
5.784450666267114e+17,CORONA AV/51 AV,345
5.785920720564838e+17,GRAND ST/BEDFORD AV,61
5.786563995496141e+17,149 AV/257 ST,224
5.787691923185642e+17,3 AV/E 26 ST,131
5.787711939958737e+17,E 14 ST/1 AV,165
5.7881465125311e+17,9 AV/W 46 ST,198
5.726121256155e+17,5 AV/60 ST,116
5.7262087072218086e+17,AVENUE D/UTICA AV,6
5.7271485262261664e+17,MERRICK BLVD/BAISLEY BLVD,329
5.727330899737389e+17,MCDONALD AV/GREENWOOD AV,198
5.7300445503365306e+17,8 AV/W 52 ST,136
5.732915936052593e+17,SAINT JOHNS PL/ALBANY AV,137
5.7361018576508326e+17,8 AV/W 25 ST,19
5.826266818895588e+17,DRIGGS AV/N 9 ST,183
5.826787734663035e+17,HALSEY ST/WILSON AV,150
5.828172788617121e+17,HILLSIDE AV/PARSONS BLVD,44
5.830183034014345e+17,SAINT NICHOLAS AV/W 139 ST,105
5.830292605193501e+17,BROADWAY/THOMAS ST,99
5.831366535992134e+17,LEWIS AV/GREENE AV,149
5.832613347741239e+17,7 AV/W 15 ST,3
5.833126962305746e+17,ONDERDONK AV/CATALPA AV,169
5.833169463695551e+17,ONDERDONK AV/CATALPA AV,169
5.737373517487913e+17,HEGEMAN AV/WATKINS ST,413
5.788970087049882e+17,3 AV/E 17 ST,98
5.789235710894071e+17,ROGERS AV/AVENUE D,191
5.789467479986597e+17,ROGERS AV/AVENUE D,191
5.789778801994834e+17,DE KALB AV/KNICKERBOCKER AV,281
5.795136544535972e+17,DE KALB AV/WYCKOFF AV,162
5.737787914005137e+17,E 34 ST/PARK AV,169
5.73937970477329e+17,LINDEN BLVD/197 ST,267
5.833181244462028e+17,ONDERDONK AV/CATALPA AV,169
5.833189378100481e+17,ONDERDONK AV/CATALPA AV,169
5.833197949628104e+17,ONDERDONK AV/CATALPA AV,169
5.833208595724863e+17,ONDERDONK AV/CATALPA AV,169
5.833252069006511e+17,ONDERDONK AV/CATALPA AV,169
5.833279003850396e+17,ONDERDONK AV/CATALPA AV,168
5.83428565614956e+17,COLUMBUS AV/W 89 ST,159
5.740693890694001e+17,E 57 ST/LEXINGTON AV,209
5.74111905696388e+17,65 PL/53 DR,1073
5.7456283284609344e+17,MARCUS GARVEY BLVD/MACDONOUGH ST,109
5.745861172933557e+17,5 AV/E 77 ST,100
5.795435333722103e+17,NASSAU AV/HUMBOLDT ST,49
5.796052852220296e+17,MERRICK BLVD/SELOVER RD,215
5.796793705059629e+17,7 AV/13 ST,118
5.800130148099876e+17,9 AV/W 20 ST,183
5.801557643298452e+17,AVENUE A/E 5 ST,4
5.802047289353085e+17,KENT AV/N 6 ST,180
5.802212703167898e+17,W 42 ST/10 AV,190
5.7460344293613766e+17,9 AV/W 46 ST,198
5.7475797474232525e+17,FREDERICK DOUGLASS BLVD/W 147 ST,180
5.837917862682049e+17,11 ST/JACKSON AV,566
5.840536587464902e+17,DITMARS BLVD/102 ST,479
5.841001497417682e+17,MYRTLE AV/BUSHWICK AV,124
5.841089040968059e+17,COOPER ST/CENTRAL AV,59
5.841106720698341e+17,104 ST/ROOSEVELT AV,912
5.844648413514993e+17,MARCUS GARVEY BLVD/PARK AV,110
5.747839012887344e+17,NORTHERN BLVD/147 ST,150
5.747897568009065e+17,NORTHERN BLVD/147 ST,86
5.7479750300156934e+17,NORTHERN BLVD/147 ST,123
5.751239739200367e+17,W 31 ST/6 AV,47
5.80271592654435e+17,ALLEN ST/HESTER ST,191
5.80327989332197e+17,SPRINGFIELD BLVD/MONTEFIORE CEMETERY,352
5.804763254258802e+17,E 14 ST/2 AV,146
5.804804078939278e+17,37 AV/104 ST,710
5.805890404946964e+17,McCLEAN AV/LAMPORT BLVD,97
5.751679918747443e+17,2 AV/E 25 ST,182
5.751775538136249e+17,FRANKLIN ST/INDIA ST,61
5.846318507490871e+17,MANHATTAN AV/NORMAN AV,137
5.846744682045587e+17,COLUMBUS AV/W 102 ST,171
5.848334063453407e+17,GRAND ST/BEDFORD AV,151
5.848434531943156e+17,BROADWAY/WYTHE AV,82
5.8490310323967e+17,KINGS HWY/E 37 ST,158
5.7526216194367584e+17,SARATOGA AV/SAINT MARKS AV,83
5.752965076543594e+17,FULTON ST/ROCKAWAY AV,77
5.753236355388055e+17,VANDERBILT AV/STERLING PL,182
5.811465986004311e+17,ROGERS AV/EASTERN PKWY,105
5.812048318792756e+17,RALPH AV/PUTNAM AV,76
5.812761931093158e+17,FARMERS BLVD/144 AV,470
5.814115472696224e+17,FREDERICK DOUGLASS BLVD/W 123 ST,103
5.814278696309207e+17,SAINT MARKS AV/RALPH AV,53
5.817038960204424e+17,WORTH ST/MOTT ST,243
5.817078456994877e+17,WHITE PLAINS RD/E 228 ST,41
5.7537782289177165e+17,104 ST/ROOSEVELT AV,912
5.754101556365884e+17,FULTON ST/EASTERN PKWY,267
5.759327518093661e+17,VAN WYCK SOUTH SERVICE RD/BUILDING 90,15203
5.949781881465298e+17,EAST BROADWAY/CATHERINE ST,80
5.851166108195374e+17,WASHINGTON AV/PROSPECT PL,123
5.851167484068635e+17,WASHINGTON AV/PROSPECT PL,141
5.852913074217187e+17,FARMERS BLVD/145 DR,617
5.853624619294875e+17,FLATBUSH AV/CATON AV,167
5.853821260838938e+17,7 AV/W 49 ST,238
5.853935105735781e+17,CONEY ISLAND AV/CORTELYOU RD,562
5.854151179161988e+17,WASHINGTON AV/PROSPECT PL,128
5.854215912676023e+17,WASHINGTON AV/PROSPECT PL,119
5.854857814189649e+17,SOUTH AV/AMADOR ST,212
5.94978227209109e+17,EAST BROADWAY/MARKET ST,220
5.949927946300522e+17,W 145 ST/BROADWAY,67
5.950468100222774e+17,ATLANTIC AV/NEVINS ST,102
5.954913664240877e+17,E 49 ST/1 AV,261
5.817560655373866e+17,BROADWAY/WYTHE AV,225
5.818042031120751e+17,W 43 ST/8 AV,273
5.818284500674578e+17,5 AV/W 28 ST,85
5.88748105671065e+17,8 AV/W 46 ST,129
5.889700633491786e+17,VAN WYCK SOUTH SERVICE RD/BUILDING 90,16920
5.889717223049124e+17,NOSTRAND AV/BEVERLY RD,70
5.890778888228225e+17,NASSAU AV/ECKFORD ST,31
5.891979732202026e+17,REMSEN AV/FOSTER AV,519
5.860290135051401e+17,7 AV SOUTH/BARROW ST,204
5.862448702633676e+17,82 ST/ROOSEVELT AV,1309
5.955280553873491e+17,CHAMBERS ST/GREENWICH ST,250
5.955433652768785e+17,CADMAN PLAZA WEST/CLARK ST,410
5.956135590939324e+17,STANHOPE ST/ONDERDONK AV,34
5.956529702302414e+17,BAILEY AV/W 233 ST,856
5.956564761823292e+17,MORRIS AV/E 172 ST,214
5.89598122351179e+17,SMITH ST/W 9 ST,39
5.897465077633112e+17,AVENUE A/E 5 ST,295
5.898551516217955e+17,S 5 ST/RODNEY ST,178
5.898570430167699e+17,METROPOLITAN AV/RODNEY ST,387
5.900406481933714e+17,ADAM C POWELL BLVD/W 132 ST,202
5.958790317805426e+17,COLUMBUS AV/W 100 ST,95
5.870348455294682e+17,83 ST/ROOSEVELT AV,545
5.872075241200169e+17,ESSEX ST/CANAL ST,144
5.876063957190692e+17,E 96 ST/3 AV,138
5.87615709441606e+17,50 ST/4 AV,145
5.876325435261036e+17,5 AV/21 ST,96
5.87659571869719e+17,JERICHO TPKE/COMMONWEALTH BLVD,432
5.878423321421997e+17,AVENUE U/W 10 ST,327
5.961650650288906e+17,MORRIS PARK AV/RADCLIFF AV,260
5.962037315635826e+17,DRIGGS AV/BROADWAY,76
5.963619493424375e+17,MAIN ST/60 AV,97
5.964132527062044e+17,W 23 ST/6 AV,69
5.964133026812594e+17,E 23 ST/BROADWAY,174
5.9686919048451e+17,AMSTERDAM AV/W 104 ST,68
5.900412638543986e+17,BROADWAY/JEFFERSON AV,426
5.901576850389878e+17,82 ST/ROOSEVELT AV,1008
5.903906482977174e+17,LINDEN BLVD/179 ST,112
5.904222014078353e+17,FDR DR/E 35 ST,67
5.90484773612652e+17,VAN WYCK SOUTH SERVICE RD/BUILDING 90,16812
5.904938986118319e+17,FLUSHING AV/BEAVER ST,37
5.969464859855382e+17,GERRITSEN AV/GERRITSEN BEACH,12066
5.882119298639052e+17,W 50 ST/11 AV,101
5.882635917868686e+17,2 AV/E 75 ST,65
5.882739378199909e+17,MERRICK BLVD/224 ST,564
5.882883274708092e+17,YORK AV/NAVY ST,64
5.884339350546148e+17,SOUNDVIEW AV/CORNELL AV,175
5.885509700229046e+17,BROADWAY/MYRTLE AV,277
5.970133333524483e+17,MALCOLM X BLVD/GREENE AV,42
5.970777464824276e+17,YORK AV/E 88 ST,301
5.970879427046464e+17,DIVISION AV/WYTHE AV,139
5.972937628817659e+17,Gowanus Exp./Hicks St (N.B.),245
5.905414865401409e+17,HALSEY ST/BUSHWICK AV,332
5.905438057948529e+17,LORIMER ST/FROST ST,199
5.905510817275855e+17,KINGSLAND AV/HERBERT ST,213
5.905953419923556e+17,GATES AV/STUYVESANT AV,197
5.907141658179611e+17,PARSONS BLVD/ELM AV,297
5.911682653315194e+17,GREENE AV/CLASSON AV,184
5.91317872598387e+17,RALPH AV/E 88 ST,191
5.97304555711876e+17,ESSEX ST/EAST BROADWAY,103
5.977528857649242e+17,W 31 ST/6 AV,110
5.885594696166176e+17,MYRTLE AV/LEWIS AV,29
5.88562529196153e+17,ADAM C POWELL BLVD/W 112 ST,79
5.886275151879579e+17,LAFAYETTE AV/LEWIS AV,136
6.01395300140041e+17,PIKE ST/MADISON ST,37
6.014001785457597e+17,HEMPSTEAD AV/217 LN,260
6.014109140870725e+17,FULTON ST/ROCKWELL PL,195
6.014367987835037e+17,NOSTRAND AV/TILDEN AV,228
6.01450993668834e+17,HALSEY ST/STUYVESANT AV,301
6.016219215563844e+17,MARCUS GARVEY BLVD/HALSEY ST,17
5.97775417684776e+17,W 79 ST/RIVERSIDE DR,246
5.978854718762058e+17,GREENPOINT AV/FRANKLIN ST,321
5.913223588322874e+17,7 AV/15 ST,196
5.913409119124995e+17,WATER ST/OLD SLIP,94
5.914271356805455e+17,GATES AV/BUSHWICK AV,144
5.914858683528369e+17,SPRINGFIELD BLVD/SPRINGFIELD LN,327
5.915250782899361e+17,CLASSON AV/ATLANTIC AV,56
5.916327769601087e+17,WEST FORDHAM RD/SEDGWICK AV,152
5.918835824031561e+17,LIVINGSTON ST/NEVINS ST,117
5.979382304655767e+17,1 AV/E 23 ST,147
5.979700572924705e+17,101 ST/31 AV,139
5.979805449896945e+17,DE KALB AV/STUYVESANT AV,195
6.016433664629476e+17,W 50 ST/7 AV,130
6.016845181973567e+17,11 AV/W 44 ST,213
6.016908679477279e+17,HALSEY ST/SARATOGA AV,200
6.018094812398199e+17,SAINT MARKS PL/1 AV,62
6.020186385433554e+17,6 AV/BROOME ST,215
6.020193728025084e+17,BOSTON RD/ASTOR AV,226
6.020292152138881e+17,BOSTON RD/ASTOR AV,226
6.027599342551453e+17,ADAM C POWELL BLVD/W 139 ST,217
5.98371691339737e+17,FULTON ST/SOUTH ELLIOT PL,168
5.919691849383127e+17,LIVONIA AV/ASHFORD ST,89
5.919826948505248e+17,5 AV/W 128 ST,87
5.921608384823775e+17,HALSEY ST/TOMPKINS AV,64
5.9217410838782e+17,MADISON AV/E 79 ST,89
5.922319282821196e+17,SOUNDVIEW AV/LAFAYETTE AV,201
5.924663682467899e+17,ATLANTIC AV/114 ST,398
5.925293543911615e+17,3 AV/E 47 ST,69
5.925739977378259e+17,140 AV/180 ST,161
5.984189610255282e+17,W 31 ST/6 AV,110
5.984234154347812e+17,W 31 ST/6 AV,110
5.984289723109812e+17,W 31 ST/6 AV,110
5.984516870673101e+17,W 31 ST/6 AV,110
6.027631121232831e+17,ADAM C POWELL BLVD/W 139 ST,217
6.027808492473939e+17,E 106 ST/1 AV,216
6.027917975876305e+17,GOLD ST/TILLARY ST,343
6.028236825504164e+17,ADAM C POWELL BLVD/W 139 ST,217
6.028273561146456e+17,ADAM C POWELL BLVD/W 139 ST,217
6.028292571111245e+17,ADAM C POWELL BLVD/W 139 ST,217
6.028313812261156e+17,ADAM C POWELL BLVD/W 139 ST,217
5.98456006209498e+17,W 31 ST/6 AV,110
5.984595774904492e+17,W 31 ST/6 AV,110
5.984881933270543e+17,W 31 ST/6 AV,110
5.926167787845859e+17,10 AV/W 47 ST,83
5.926799845949517e+17,ATLANTIC AV/111 ST,312
5.927364488081766e+17,HOYT AV SOUTH/31 ST,818
5.927704569787072e+17,W 106 ST/COLUMBUS AV,191
5.928931837685389e+17,42 RD/JACKSON AV,65
5.929149218570976e+17,ASTORIA BLVD SOUTH/77 ST,1291
5.984990993243196e+17,W 31 ST/6 AV,110
5.985030988452644e+17,W 31 ST/6 AV,110
5.985078582244264e+17,W 31 ST/6 AV,110
5.986005689381043e+17,CENTRAL PARK WEST/W 75 ST,84
5.987130510612393e+17,EAST NEW YORK AV/ALBANY AV,378
5.989231051717594e+17,2 AV/E 75 ST,68
5.989285060318162e+17,SOUTHERN BLVD/E 187 ST,115
5.99017022512025e+17,5 AV/14 ST,99
5.990779976454778e+17,ATLANTIC AV/CLINTON ST,60
5.92923226218574e+17,SOUNDVIEW AV/CORNELL AV,181
5.933109077210756e+17,E 97 ST/1 AV,171
5.933223473406028e+17,8 AV/W 28 ST,99
5.935394413799826e+17,GATES AV/CENTRAL AV,349
5.93539645856888e+17,W 135 ST/ADAM C POWELL BLVD,111
6.02833605446123e+17,ADAM C POWELL BLVD/W 139 ST,217
6.028475149917414e+17,DEAN ST/NEW YORK AV,60
6.029287339985024e+17,MANHATTAN AV/CLAY ST,81
6.029525775020273e+17,JOHNSON AV/HUMBOLDT ST,145
6.029713709452791e+17,1 AV/E 20 ST,65
6.029897166616686e+17,KINGS HWY/CLARENDON RD,126
6.030531656834065e+17,2 AV/E 6 ST,86
6.0308390008811e+17,WEST ST/CARLISLE ST,131
6.031453994376351e+17,E 34 ST/2 AV,132
5.991149740378792e+17,GRAND ST/BUSHWICK AV,240
5.991638552324854e+17,10 AV/W 45 ST,77
5.991893376861334e+17,W 34 ST/8 AV,206
5.99256513633251e+17,HOYT AV SOUTH/31 ST,565
5.936285734235299e+17,ATLANTIC AV/92 ST,131
5.936848430785441e+17,LINDEN PL/32 AV,138
5.941087349205834e+17,DECATUR ST/BUSHWICK AV,124
5.941593089314708e+17,W 50 ST/10 AV,134
5.941687102340033e+17,EAST TREMONT AV/BARKLEY AV,212
5.994118031598056e+17,GRAND CONCOURSE/E 182 ST,232
6.032887244100129e+17,BEDELL ST/BAISLEY BLVD,1178
6.033155067620436e+17,MARCUS GARVEY BLVD/PARK AV,152
6.033236042359009e+17,BROADWAY/PARK ST,64
6.035169846833993e+17,GREENE AV/WASHINGTON AV,83
6.038589564590003e+17,WYCKOFF AV/DE KALB AV,274
5.994529614154185e+17,ROCKAWAY AV/MACDOUGAL ST,114
5.994668945176714e+17,42 RD/JACKSON AV,247
5.997801302290419e+17,21 ST/35 AV,682
5.998066876310207e+17,5 AV/53 ST,142
5.942356846783643e+17,ALBANY AV/FULTON ST,70
5.942403385545009e+17,E 14 ST/3 AV,186
5.942788927126467e+17,UTICA AV/BEVERLY RD,341
5.943649013239395e+17,SOUNDVIEW AV/SOUNDVIEW FERRY,116
5.946860689746963e+17,3 AV/E 47 ST,69
5.946865023846725e+17,3 AV/E 47 ST,69
5.948080929926383e+17,KENT AV/N 9 ST,243
5.948183556752078e+17,DECATUR ST/BUSHWICK AV,106
5.998578007566644e+17,BELL BLVD/41 AV,196
5.999061699227776e+17,WEBSTER AV/E 235 ST,282
5.999924299508402e+17,5 AV/W 23 ST,266
5.999928077631681e+17,W 23 ST/6 AV,55
6.042130815280502e+17,5 AV/W 32 ST,147
6.042747858069494e+17,10 AV/W 45 ST,137
6.045748462820125e+17,4 AV/DEAN ST,62
6.046231365400228e+17,BROADWAY/GRANITE ST,149
6.04977398783818e+17,11 AV/W 44 ST,48
6.049790906705943e+17,2 AV/E 122 ST,125
6.050354484547068e+17,RIVERSIDE DR/W 137 ST,47
6.050519480714351e+17,MARCONI ST/HUTCHINSON METRO CENTER,2005
6.050572840371631e+17,243 ST/147 AV,324
5.999939849170254e+17,5 AV/W 23 ST,187
5.949141312750911e+17,CHURCH AV/E 93 ST,86
6.07841201085063e+17,UNIVERSITY AV/W 179 ST,370
6.07857571989966e+17,MADISON AV/E 38 ST,173
6.079336883753928e+17,VAN WYCK SOUTH SERVICE RD/BUILDING 90,16886
6.079455329127747e+17,W 135 ST/BROADWAY,132
6.080653505621455e+17,30 AV/21 ST,332
6.000113413664421e+17,2 AV/E 25 ST,86
6.000139898305592e+17,MALCOLM X BLVD/W 139 ST,72
6.001136952732605e+17,GATES AV/SAINT NICHOLAS AV,106
6.002631160641277e+17,BOWERY/SPRING ST,114
6.05090421306436e+17,ROCKAWAY PY/FARRAGUT RD,178
6.051539781870867e+17,NOSTRAND AV/GREENE AV,197
6.0530002019361e+17,LAUREL HILL BLVD/58 ST,1096
6.055839912441713e+17,2 AV/E 78 ST,198
6.056774937355227e+17,1 AV/E 75 ST,160
6.005161150737368e+17,BROADWAY/PARK ST,111
6.007053970439656e+17,ADAM C POWELL BLVD/W 139 ST,217
6.009538957623414e+17,BROADWAY/MADISON ST,180
6.080735861046031e+17,30 AV/21 ST,555
6.081537892983095e+17,S 4 ST/HOOPER ST,78
6.083163670026726e+17,2 AV/E 46 ST,146
6.08484199640101e+17,E 41 ST/1 AV,664
6.086095247655698e+17,1 AV/E 20 ST,153
6.086186391988219e+17,FLATLANDS AV/E 57 ST,171
6.01189303598379e+17,JAMAICA AV/94 ST,275
6.013441490693975e+17,SARATOGA AV/DEAN ST,91
6.086714687362912e+17,WILSON AV/DE KALB AV,112
6.087542828413591e+17,30 AV/21 ST,570
6.013838478637811e+17,ESSEX ST/EAST BROADWAY,95
6.013873782956326e+17,PIKE ST/MADISON ST,13
6.130455878547204e+17,SAINT NICHOLAS AV/W 176 ST,105
6.057206393709299e+17,ASTORIA BLVD SOUTH/STEINWAY ST,1115
6.057346462048486e+17,21 ST/BROADWAY,856
6.063660949725322e+17,FULTON ST/UTICA AV,206
6.064065240275004e+17,E 116 ST/3 AV,61
6.065020083185012e+17,10 AV/W 53 ST,59
6.065449968034952e+17,1 AV/E 91 ST,171
6.130985813536413e+17,BROADWAY/W 196 ST,334
6.088293701558529e+17,VAN WYCK SOUTH SERVICE RD/BUILDING 90,15035
6.088329576227501e+17,PUTNAM AV/CLASSON AV,115
6.088400049887386e+17,NORTHERN BLVD/147 ST,80
6.131693724561441e+17,E 167 ST/RIVER AV,152
6.131996331406771e+17,CHRISTOPHER ST/WAVERLY PL,63
6.13230113020408e+17,VAN WYCK SOUTH SERVICE RD/BUILDING 90,16693
6.066902254205965e+17,MAIN ST/ELDER AV,270
6.069619403568413e+17,REMSEN AV/LENOX RD,233
6.071454269018394e+17,FLATBUSH AV/TROY AV,292
6.072024374618172e+17,FULTON ST/SOUTH ELLIOT PL,91
6.073288225751421e+17,94 ST/23 AV,229
6.073340098098899e+17,DITMARS BLVD/31 AV,180
6.132661535870156e+17,FRANKLIN ST/GREENPOINT AV,145
6.132952229445902e+17,LINDEN BLVD/VAN WYCK EXPWY,1258
6.134298062622817e+17,94 ST/23 AV,397
6.136066854007638e+17,DECATUR ST/EVERGREEN AV,24
6.088832546727803e+17,WASHINGTON AV/STERLING PL,279
6.092195253464308e+17,TOMPKINS AV/HALSEY ST,13
6.092356054490867e+17,14 AV/123 ST,871
6.09238880596761e+17,14 AV/128 ST,814
6.092782050759434e+17,20 AV/COLLEGE POINT BLVD,642
6.093747795044152e+17,JAMAICA AV/80 ST,336
6.094257092038644e+17,MADISON AV/E 30 ST,77
6.094853346176481e+17,GATES AV/CYPRESS AV,62
6.13625022147622e+17,THROGS NECK EXPWY/VETERANS MEMORIAL PARK,462
6.136491436632982e+17,BROADWAY/W 93 ST,67
6.136589459461219e+17,HALSEY ST/HOWARD AV,298
6.137987006732777e+17,AMSTERDAM AV/W 91 ST,68
6.075278800773517e+17,FLATBUSH AV/BEVERLY RD,619
6.07696246279492e+17,SPRINGFIELD BLVD/HORACE HARDING EXPWY SOUTH,80
6.077873843824556e+17,BROADWAY/W 91 ST,67
6.078376484630769e+17,CONEY ISLAND AV/CORTELYOU RD,458
6.18973131846384e+17,W 49 ST/11 AV,42
6.189941917231799e+17,n conduit av/cohancy st,141
6.192638440540273e+17,SUTTER AV/ATKINS AV,211
6.138073250090152e+17,CHURCH AV/E 55 ST,363
6.13808562601796e+17,QUENTIN RD/E 19 ST,91
6.138090220212806e+17,CITY ISLAND AV/FORDHAM ST,1
6.138116553920052e+17,BROADWAY/W 139 ST,88
6.138406993658406e+17,BEDFORD AV/S 4 ST,160
6.099560683658127e+17,BROADWAY/W 73 ST,68
6.102123950475242e+17,6 AV/W 3 ST,230
6.103130749517974e+17,BEDFORD AV/S 4 ST,91
6.103974478418551e+17,BROADWAY/W 204 ST,101
6.104142241533379e+17,BROADWAY/W 204 ST,345
6.104188352432178e+17,BROADWAY/W 204 ST,90
6.104240247161649e+17,BROADWAY/W 207 ST,267
6.107455466809732e+17,MYRTLE AV/CARLTON AV,314
6.138422782917961e+17,HOYT AV/31 ST,479
6.139485415516628e+17,ELLSWORTH AV/SCHLEY AV,134
6.192665321021435e+17,7 AV SOUTH/BEDFORD ST,34
6.193543742886225e+17,MADISON ST/RUTGERS ST,121
6.193817667274042e+17,WOODRUFF AV/OCEAN AV,83
6.194713472766447e+17,101 ST/31 AV,218
6.194932281776212e+17,PEARL ST/FULTON ST,107
6.194962425997331e+17,1 AV/E 11 ST,152
6.195040216771898e+17,W 23 ST/8 AV,211
6.140084638854422e+17,3 AV/58 ST,224
6.143217901657724e+17,2 AV/E 75 ST,175
6.144125644673556e+17,8 AV/W 31 ST,137
6.108918007891886e+17,CATON AV/E 3 ST,137
6.109715006470419e+17,BROADWAY/RIVERSIDE DR,199
6.109956368489184e+17,W 37 ST/NEPTUNE AV,582
6.144405099282893e+17,83 ST/ROOSEVELT AV,1047
6.144710785561098e+17,E 20 ST/1 AV,326
6.195231658383809e+17,ATLANTIC AV/114 ST,1205
6.195235340734533e+17,THOMAS S BOYLAND ST/EASTERN PKWY,146
6.195982010015004e+17,W 135 ST/ADAM C POWELL BLVD,193
6.197621152063757e+17,HOLLIS AV/195 ST,364
6.199686534512886e+17,W 66 ST/FREEDOM PL,157
6.200911107364987e+17,E 96 ST/2 AV,134
6.145090995488014e+17,ROCKAWAY PKWY/AVENUE K,207
6.113919683910447e+17,CONEY ISLAND AV/AVENUE W,298
6.11470894386068e+17,BEDELL ST/BAISLEY BLVD,770
6.117361714103661e+17,KOSSUTH PL/BUSHWICK AV,110
6.1178325671491e+17,ATLANTIC AV/MILFORD ST,68
6.120931372952485e+17,VAN WYCK SOUTH SERVICE RD/BUILDING 90,15205
6.150436602768663e+17,W 97 ST/WEST END AV,112
6.151182624199468e+17,LINDEN BLVD/228 ST,229
6.1514710393772e+17,ATLANTIC AV/111 ST,67
6.151806852472972e+17,FLUSHING AV/HUMBOLDT ST,133
6.201278983244515e+17,SAINT NICHOLAS AV/W 124 ST,76
6.203851645976792e+17,FARMERS BLVD/143 RD,107
6.204287604444783e+17,EMPIRE BLVD/LAMONT CT,250
6.15395641198034e+17,DIVISION AV/DRIGGS AV,137
6.154326847610252e+17,RIVERSIDE DR/W 142 ST,391
6.158464089807196e+17,BEDELL ST/BAISLEY BLVD,222
6.159044416387584e+17,NEREID AV/SETON AV,219
6.121467953119218e+17,GRAND ST/GRAHAM AV,3
6.121782572116941e+17,BROADWAY/W 251 ST,9
6.122282032847761e+17,BROADWAY/CHAUNCEY ST,185
6.122359673417304e+17,5 AV/41 ST,114
6.122889872773958e+17,BERGEN ST/FLATBUSH AV,87
6.12338884237506e+17,WASHINGTON AV/STERLING PL,371
6.124099302651877e+17,SOUTH CONDUIT AV/225 ST,870
6.128727114531695e+17,FLATLANDS AV/E 105 ST,706
6.128883909199149e+17,30 AV/21 ST,680
6.160451634952285e+17,WILSON AV/CORNELIA ST,137
6.205695937391631e+17,SAINT NICHOLAS AV/W 142 ST,208
6.205788683283186e+17,5 AV/W 56 ST,142
6.208304121897137e+17,CENTRAL PARK WEST/W 102 ST,166
6.209193242216305e+17,E 116 ST/PLEASANT AV,378
6.210001447831551e+17,CONEY ISLAND AV/SLOCUM PL,688
6.215812701862514e+17,NOSTRAND AV/PACIFIC ST,253
6.164414399876347e+17,63 RD/108 ST,1530
6.165799008377752e+17,7 AV/W 23 ST,69
6.165882236862326e+17,COOPER ST/EVERGREEN AV,379
6.168676646483762e+17,MORRIS AV/E 165 ST,229
6.216923245532919e+17,JFK AIRPORT/TERMINAL 8,6015
6.217635686499145e+17,TOMPKINS AV/LAFAYETTE AV,122
6.218809058500878e+17,HARDING AV/EMERSON AV,88
6.171081392433975e+17,5 AV/18 ST,240
6.129455093315558e+17,COLUMBUS AV/W 102 ST,146
6.129910655498098e+17,1 AV/E 116 ST,153
6.241976787359571e+17,WEBSTER AV/E 169 ST,378
6.243992387745577e+17,BROADWAY/W 141 ST,89
6.17276903379514e+17,SAINT JOHNS PL/ROCHESTER AV,217
6.173392779165796e+17,AMSTERDAM AV/W 170 ST,176
6.17348066884968e+17,BEDFORD AV/S 4 ST,196
6.174407827091684e+17,WEST HOUSTON ST/SULLIVAN ST,89
6.222823733265807e+17,2 AV/E 75 ST,146
6.222892833592474e+17,1 AV/E 77 ST,128
6.223504690759072e+17,ATLANTIC AV/76 ST,384
6.223556561734656e+17,8 AV/W 49 ST,186
6.174787860221092e+17,REMSEN AV/AVENUE N,320
6.174990386976755e+17,3 AV/34 ST,7
6.245644599125536e+17,LEWIS AV/BAINBRIDGE ST,150
6.245859856351076e+17,E 42 ST/2 AV,178
6.246320153352547e+17,1 AV/E 45 ST,157
6.24652602355765e+17,2 AV/E 46 ST,100
6.246623813188841e+17,2 AV/E 46 ST,79
6.246688830110392e+17,2 AV/E 46 ST,33
6.178719356703928e+17,GRAHAM AV/RICHARDSON ST,207
6.179764691678904e+17,W 58 ST/BROADWAY,54
6.179966662184948e+17,HALSEY ST/BUSHWICK AV,193
6.180231283014711e+17,E 116 ST/PLEASANT AV,351
6.223561735875272e+17,8 AV/W 49 ST,186
6.223566275264046e+17,8 AV/W 49 ST,186
6.226021934037007e+17,10 AV/W 45 ST,97
6.226223206758985e+17,HALSEY ST/NOSTRAND AV,242
6.226472383908812e+17,MADISON AV/E 30 ST,112
6.22852689794634e+17,E 14 ST/1 AV,175
6.180299271033905e+17,86 ST/17 AV,173
6.181368306092383e+17,ADAM C POWELL BLVD/W 113 ST,164
6.181378794331249e+17,QUEENS BLVD/78 AV,424
6.246781184917228e+17,2 AV/E 46 ST,32
6.246877531425837e+17,1 AV/E 45 ST,166
6.246946993946806e+17,1 AV/E 43 ST,186
6.246959979347855e+17,RALPH AV/MACDONOUGH ST,78
6.248042714948572e+17,NEW LOTS AV/HINSDALE ST,67
6.251019482807826e+17,E 136 ST/LINCOLN AV,344
6.2512094156884e+17,WESTCHESTER AV/SAINT ANN'S AV,124
6.181554888818505e+17,THOMSON AV/31 PL,1648
6.228529641340319e+17,3 AV/E 14 ST,75
6.22853236242589e+17,W 66 ST/FREEDOM PL,157
6.228535788575003e+17,W 66 ST/FREEDOM PL,157
6.228539304055758e+17,W 66 ST/FREEDOM PL,157
6.229640504083578e+17,COURT ST/3 PL,80
6.230821066053478e+17,21 ST/35 AV,1365
6.181849151397679e+17,WYCKOFF AV/GROVE ST,182
6.182825976194435e+17,5 AV/78 ST,66
6.183907332901437e+17,ATLANTIC AV/BRADFORD ST,364
6.184516535069792e+17,HOLLIS AV/217 LN,443
6.185997747838386e+17,LINCOLN AV/E 137 ST,222
6.186944024134861e+17,3 AV/42 ST,130
6.187081619538541e+17,GATES AV/EVERGREEN AV,311
6.187318193015406e+17,20 ST/PROSPECT PARK WEST,82
6.251308044279963e+17,FRANCIS LEWIS BLVD/255 ST,75
6.251341928739057e+17,PROSPECT PARK WEST/PROSPECT AV,173
6.251377845252564e+17,LAFAYETTE AV/STUYVESANT AV,185
6.252069525398628e+17,63 RD/98 PL,670
6.253279006920749e+17,VARICK ST/WATTS ST,240
6.25395041557539e+17,WHITE PLAINS RD/LYDIG AV,379
6.253968510962441e+17,UTICA AV/AVENUE M,124
6.254707725961399e+17,4 AV/53 ST,100
6.255068696505048e+17,COLUMBIA ST/SACKETT ST,167
6.187920151140339e+17,SENECA AV/STOCKHOLM ST,219
6.23087251740124e+17,DECATUR ST/BUSHWICK AV,50
6.231855253407908e+17,DRIGGS AV/LEONARD ST,12
6.23311353812146e+17,BAYSIDE AV/152 ST,11
6.233169055660557e+17,3 AV/20 ST,155
6.235145176685462e+17,W 49 ST/8 AV,184
6.236579775197821e+17,SAINT MARKS AV/ROCHESTER AV,14
6.188323168669661e+17,2 AV/E 92 ST,140
6.188426037961988e+17,BROADWAY/JEFFERSON AV,290
6.255191911365974e+17,5 AV/53 ST,147
6.255593088597236e+17,5 AV/45 ST,131
6.255751552022505e+17,AVENUE U/E 1 ST,283
6.255755876551494e+17,E 79 ST/2 AV,185
6.256070572808024e+17,WASHINGTON AV/PACIFIC ST,71
6.257920346145268e+17,8 AV/W 49 ST,176
6.25794540207537e+17,COLUMBUS AV/W 78 ST,105
6.237635339178862e+17,SARATOGA AV/ATLANTIC AV,144
6.238124320624019e+17,21 ST/BROADWAY,1571
6.238699907770034e+17,E 34 ST /1 AV,94
6.238827109178143e+17,HUDSON ST/BARROW ST,57
6.239119147510291e+17,AMBOY RD/BLOOMINGDALE RD,135
6.23922493793824e+17,FULTON ST/UTICA AV,221
6.239305445415933e+17,LINDEN BLVD/197 ST,204
6.259453053104776e+17,HALSEY ST/CENTRAL AV,219
6.25949325513876e+17,EAST GUN HILL RD/DE KALB AV,147
6.263688158193507e+17,CHURCH AV/NEW YORK AV,98
6.26742288830984e+17,FARMERS BLVD/109 AV,96
6.267673279760259e+17,ATLANTIC AV/HOYT ST,190
6.23939702676372e+17,OCEAN AV/QUENTIN RD,141
6.325515340398633e+17,MONTROSE AV/BUSHWICK AV,241
6.325866318104421e+17,MONTROSE AV/BUSHWICK AV,63
6.326088999022318e+17,FORT WASHINGTON AV/W 174 ST,1152
6.326320667890922e+17,21 ST/38 AV,537
6.327269815122381e+17,MANHATTAN AV/MESEROLE AV,119
6.327526081771108e+17,21 ST/35 AV,807
6.331133628931099e+17,7 AV/GARFIELD PL,463
6.331147777382029e+17,5 AV/E 77 ST,100
6.268138360650463e+17,FRANCIS LEWIS BLVD/100 AV,326
6.269401204816893e+17,MAIN ST/NORTHERN BLVD,223
6.270053071945276e+17,MANHATTAN AV/NORMAN AV,193
6.270283147893549e+17,HOYT AV SOUTH/31 ST,142
6.270753542772154e+17,GREENPOINT AV/47 ST,1699
6.272093172915059e+17,LINCOLN AV/BRUCKNER BLVD,275
6.272099913704082e+17,LINCOLN AV/BRUCKNER BLVD,617
6.273714701007956e+17,ALLEN ST/STANTON ST,175
6.273809944743212e+17,SCHAEFER ST/KNICKERBOCKER AV,55
6.331151051201938e+17,W 42 ST/10 AV,190
6.33168575271695e+17,46 AV/162 ST,445
6.333184500075071e+17,FULTON ST/MARCUS GARVEY BLVD,177
6.333214953782753e+17,BAYCHESTER AV/EDENWALD AV,207
6.334923646368242e+17,NOSTRAND AV/BERGEN ST,132
6.337419210389064e+17,11 ST/JACKSON AV,566
6.296080426376485e+17,149 AV/241 ST,8116
6.27445495897027e+17,SEAVIEW AV/E 100 ST,106
6.275539301194053e+17,TROY AV/CARROLL ST,127
6.277683016684657e+17,ROCKAWAY AV/CHAUNCEY ST,113
6.27897706345601e+17,ATLANTIC AV/76 ST,328
6.280545987426239e+17,36 ST/4 AV,215
6.281382067274058e+17,OCEAN AV/CATON AV,80
6.28375857871187e+17,REMSEN AV/E 54 ST,59
6.296633550745586e+17,MYRTLE AV/69 ST,472
6.297287079250982e+17,48 ST/47 ST,251
6.339302216895328e+17,1 AV/E 52 ST,151
6.339393807452224e+17,CONEY ISLAND AV/DORCHESTER RD,521
6.339561609532156e+17,3 AV/E 99 ST,115
6.339688062849554e+17,BOX ST/MANHATTAN AV,148
6.339773519279534e+17,NEPTUNE AV/BRIGHTON 6 ST,214
6.339868095470766e+17,7 AV/W 55 ST,77
6.340333153970582e+17,W 125 ST/MALCOLM X BLVD,37
6.340352178895535e+17,SAINT NICHOLAS AV/W 162 ST,168
6.297380671481491e+17,MALCOLM X BLVD/W 127 ST,85
6.29785812320853e+17,FARMERS BLVD/QUENCER RD,223
6.283823405091092e+17,2 AV/E 9 ST,126
6.287698735591991e+17,OCEAN AV/AVENUE R,217
6.290360014049466e+17,NOSTRAND AV/SNYDER AV,82
6.290404940577793e+17,SUTTER AV/ESSEX ST,193
6.290997098875571e+17,6 AV/W 3 ST,159
6.298286211664946e+17,PROSPECT PARK WEST/PROSPECT AV,60
6.299378653357065e+17,LIBERTY AV/172 ST,220
6.301276018766106e+17,EAST HOUSTON ST/CLINTON ST,235
6.342769020120727e+17,NEPTUNE AV/BRIGHTON 6 ST,322
6.345437015160191e+17,8 AV/W 49 ST,176
6.346965941718461e+17,SUTTON PL/E 55 ST,162
6.347371856190801e+17,VAN WYCK SOUTH SERVICE RD/BUILDING 90,16501
6.301344524516452e+17,CATON AV/SAINT PAULS PL,86
6.301499491409151e+17,CATON AV/SAINT PAULS PL,251
6.303377191115566e+17,DE KALB AV/STUYVESANT AV,84
6.30424920231712e+17,PUTNAM AV/CLASSON AV,118
6.304575436288892e+17,FULTON ST/CLASSON AV,51
6.291961503309695e+17,E 68 ST/AVENUE N,655
6.382089328980667e+17,5 AV/W 32 ST,130
6.382744118029779e+17,4 AV/BAY RIDGE PKWY,90
6.383756959551182e+17,7 AV/18 ST,188
6.38405806968346e+17,VAN WYCK SOUTH SERVICE RD/BUILDING 90,17163
6.304946412167128e+17,BEDFORD AV/ATLANTIC AV,91
6.304997499879456e+17,GRAHAM AV/ENGERT AV,179
6.347432598552028e+17,120 AV/234 ST,238
6.348986252266341e+17,10 AV/W 37 ST,127
6.349965894136306e+17,MORRIS PARK AV/BARNES AV,11
6.35125760914246e+17,MORRIS PARK AV/BARNES AV,341
6.353018680805617e+17,BROADWAY/JEFFERSON AV,217
6.353499812235178e+17,VICTORY BLVD/ BROOK ST,564
6.305018282507305e+17,GRAND CONCOURSE/E 170 ST,59
6.30539037367902e+17,UTICA AV/AVENUE O,128
6.305508828604105e+17,CLEVELAND  PL/SPRING ST,165
6.306063680630913e+17,FRANKLIN AV/GREENE AV,134
6.3078228896264e+17,FREDERICK DOUGLASS BLVD/W 133 ST,107
6.384116144895564e+17,6 AV/W 29 ST,114
6.384515739887095e+17,LIVINGSTON ST/BOND ST,199
6.384524679108801e+17,MANHATTAN AV/W 109 ST,38
6.384547917385098e+17,5 AV/W 31 ST,126
6.385931874083188e+17,WEST END AV/SHORE BLVD,104
6.389436693715295e+17,LEXINGTON AV/E 37 ST,81
6.308639532002941e+17,3 AV/E 47 ST,69
6.308644165092058e+17,2 AV/E 46 ST,145
6.308666210745085e+17,HALSEY ST/RALPH AV,130
6.309211354875368e+17,3 AV/E 138 ST,51
6.3096248989969e+17,HALSEY ST/PATCHEN AV,145
6.353835234258756e+17,1 AV/E 75 ST,159
6.35406284291902e+17,PUTNAM AV/NOSTRAND AV,216
6.354205213274057e+17,SUMMERFIELD ST/CYPRESS AV,110
6.354463933521425e+17,E 233 ST/CARPENTER AV,377
6.354744298747214e+17,W 72 ST/COLUMBUS AV,211
6.354843690908676e+17,SUTTER AV/MONTAUK AV,350
6.355746158949425e+17,COURT ST/3 PL,234
6.356172044860617e+17,BERGEN ST/4 AV,293
6.358400988290739e+17,1 AV/E 36 ST,194
6.30988343816913e+17,FULTON ST/FRANKLIN AV,132
6.310978748682196e+17,CONEY ISLAND AV/NEWKIRK AV,49
6.311498920146016e+17,E 96 ST/3 AV,42
6.312979714124732e+17,5 AV/DOUGLASS ST,195
6.314107694510354e+17,WEBSTER AV/CLAREMONT PKWY,508
6.38965000463156e+17,GREENPOINT AV/44 ST,975
6.392591450233645e+17,92 ST/53 AV,236
6.393172330461437e+17,ASTORIA BLVD SOUTH/77 ST,1355
6.39375848801087e+17,AVENUE A/E 5 ST,23
6.395404293178874e+17,ADAM C POWELL BLVD/W 137 ST,9
6.395491970739479e+17,3 AV/E 14 ST,75
6.3966459108707e+17,WHITE PLAINS RD/BIRCHALL AV,929
6.31700434097172e+17,QUEENS BLVD/83 AV,395
6.317365604113802e+17,GATES AV/MALCOLM X BLVD,91
6.317828804511173e+17,DE KALB AV/KNICKERBOCKER AV,315
6.318232292871867e+17,SMITH ST/WARREN ST,159
6.318384833220745e+17,3 AV/BAY RIDGE PKWY,115
6.36051632523342e+17,3 AV/E 47 ST,69
6.361675939755343e+17,WILSON AV/MYRTLE AV,127
6.362165780683955e+17,NEW YORK AV/TILDEN AV,96
6.362744566763288e+17,CRAIG AV/AMBOY RD,44
6.363841309503598e+17,KENT AV/N 9 ST,112
6.367488299586806e+17,JAY ST/CONCORD ST,297
6.3675058030425e+17,ROCKAWAY AV/DUMONT AV,96
6.318690389318683e+17,7 AV/PROSPECT AV,123
6.318931854556568e+17,FREDERICK DOUGLASS BLVD/W 116 ST,91
6.319404816604351e+17,3 AV/E 47 ST,61
6.396945586113993e+17,E 106 ST/2 AV,71
6.397058368700393e+17,W 31 ST/6 AV,41
6.397724639123967e+17,NASSAU AV/NEWEL ST,119
6.399201411106093e+17,BRONXWOOD AV/E 218 ST,312
6.399439771463071e+17,28 ST/QUEENS PLAZA SOUTH,533
6.399860412029435e+17,E 10 ST/AVENUE C,129
6.399879618380408e+17,JAMAICA AV/AUTUMN AV,154
6.428822826668095e+17,28 ST/QUEENS PLAZA SOUTH,594
6.368016057355438e+17,7 AV/6 ST,117
6.368737955921133e+17,ADAM C POWELL BLVD/W 145 ST,107
6.369446818660192e+17,VAN WYCK SOUTH SERVICE RD/BUILDING 90,15135
6.369597249176385e+17,VANDALIA AV/ERSKINE ST,360
6.369747590662966e+17,VAN WYCK SOUTH SERVICE RD/BUILDING 90,15193
6.370419148565245e+17,VAN WYCK SOUTH SERVICE RD/BUILDING 90,15006
6.42948543237638e+17,36 ST/4 AV,124
6.430368395213592e+17,9 ST/6 AV,285
6.432923385310135e+17,28 ST/QUEENS PLAZA SOUTH,135
6.43309952273241e+17,11 ST/JACKSON AV,566
6.433192227926826e+17,BROADWAY/LAWTON ST,133
6.400288128208545e+17,GREENWICH AV/CHRISTOPHER ST,62
6.40148680845711e+17,63 RD/102 ST,180
6.401592752601869e+17,DEAN ST/WASHINGTON AV,81
6.402702607900838e+17,HILLSIDE AV/180 ST,326
6.403665044295398e+17,MANHATTAN AV/INDIA ST,61
6.433996676826783e+17,ASTORIA BLVD SOUTH/STEINWAY ST,1516
6.37524390360273e+17,HEMPSTEAD AV/221 ST,192
6.376343573768463e+17,TROY AV/MONTGOMERY ST,72
6.376600913504801e+17,YORK ST/JAY ST,426
6.377448164399991e+17,LINDEN BLVD/231 ST,457
6.434101034041827e+17,FRANKLIN AV/GREENE AV,91
6.434200637485626e+17,W 49 ST/8 AV,89
6.434683293391242e+17,5 AV/UNION ST,234
6.434717366268082e+17,3 AV/DEGRAW ST,144
6.380443713660595e+17,lincoln tnl ap/lincoln tnl ap,333
6.38186562751523e+17,W 66 ST/FREEDOM PL,157
6.48552533965337e+17,SUTTON PL/E 55 ST,169
6.485878040940886e+17,WATER ST/HANOVER SQ,252
6.434736695469713e+17,3 AV/UNION ST,110
6.404434728555974e+17,BEDFORD AV/GREENE AV,117
6.404761555413074e+17,VAN WYCK SOUTH SERVICE RD/BUILDING 90,15056
6.405082900691557e+17,2 AV/E 78 ST,212
6.405461149756927e+17,1 AV/E 36 ST,85
6.405509036747159e+17,E 170 ST/TELLER AV,111
6.405538449800863e+17,WHITE PLAINS RD/E 222 ST,133
6.405775465070074e+17,MALCOLM X BLVD/W 125 ST,100
6.434787531287857e+17,5 AV/UNION ST,241
6.434791751823553e+17,3 AV/CARROLL ST,201
6.438782249202828e+17,LORIMER ST/POWERS ST,17
6.439750672585029e+17,AVENUE D/E 40 ST,210
6.440537983968951e+17,BOWERY/SPRING ST,114
6.40612171111039e+17,FOREST AV/SILVER LAKE PARK,122
6.406985842285359e+17,CHURCH AV/E 39 ST,221
6.407175374426056e+17,1 AV/E 45 ST,93
6.410722341335638e+17,3 AV/E 11 ST,55
6.411288029030318e+17,WILSON AV/WOODBINE ST,419
6.412098540021972e+17,DE KALB AV/FORT GREENE PL,176
6.485926835520315e+17,94 ST/23 AV,96
6.486248927958985e+17,CRESCENT ST/WORTMAN AV,153
6.486269386296058e+17,5 AV/12 ST,273
6.486865016355964e+17,BROADWAY/HULL ST,61
6.487325506512851e+17,AMSTERDAM AV/W 135 ST,214
6.487339147739754e+17,3 AV/E 17 ST,63
6.487672607829576e+17,QUEENS BLVD/78 AV,753
6.487755596615162e+17,ALBANY AV/ATLANTIC AV,133
6.488573593501644e+17,DE KALB AV/STUYVESANT AV,111
6.490750748871246e+17,E 79 ST/2 AV,73
6.441568826462008e+17,VAN WYCK SOUTH SERVICE RD/BUILDING 90,15021
6.441763249668218e+17,SENECA AV/CORNELIA ST,135
6.442023195592328e+17,COLUMBUS AV/W 75 ST,127
6.443119383712739e+17,GREENE AV/WASHINGTON AV,133
6.443711900946588e+17,ALBANY AV/RUTLAND RD,97
6.443911167581295e+17,CONEY ISLAND AV/DORCHESTER RD,446
6.414074989182753e+17,HALSEY ST/MARCUS GARVEY BLVD,198
6.414436565200122e+17,83 ST/ROOSEVELT AV,620
6.415032399357172e+17,MELROSE AV/E 158 ST,39
6.415035656931743e+17,MELROSE AV/E 162 ST,70
6.417539119376685e+17,18 AV/OCEAN PKWY,591
6.418632278708517e+17,HOLLAND AV/BENJAMIN PL,423
6.446080084515187e+17,3 AV/E 26 ST,131
6.448183736150394e+17,KINGS HWY/W 6 ST,25
6.448451562314516e+17,1 AV /E 4 ST,181
6.491076653186831e+17,GRAND AV/GOLDSMITH ST,430
6.49110754016519e+17,FULTON ST/THOMAS S BOYLAND ST,131
6.491296860974975e+17,WATER ST/OLD SLIP,2
6.491712344574834e+17,FREDERICK DOUGLASS BLVD/W 138 ST,99
6.491746477610732e+17,W 135 ST/MALCOLM X BLVD,101
6.491852113574757e+17,FREDERICK DOUGLASS BLVD/W 111 ST,147
6.491927963358355e+17,ADAM C POWELL BLVD/W 135 ST,110
6.491969026460211e+17,WEST THAMES ST/SOUTH END AV,99
6.448932391313068e+17,5 AV/UNION ST,182
6.449405526408148e+17,8 AV/W 17 ST,167
6.4499612644751e+17,CENTRE ST/GRAND ST,6
6.450569130890008e+17,SMITH ST/UNION ST,303
6.419280384763447e+17,FULTON ST/SHEFFIELD AV,43
6.419300689844212e+17,MANHATTAN AV/INDIA ST,61
6.41966849143162e+17,46 AV/158 ST,416
6.420048948463224e+17,E 116 ST/MADISON AV,108
6.420603253653532e+17,LAFAYETTE AV/CARLTON AV,164
6.421935341640329e+17,CASTLE HILL AV/GLEASON AV,143
6.422040056258929e+17,MALCOLM X BLVD/W 122 ST,84
6.426172349938075e+17,BERGEN ST/NOSTRAND AV,72
6.492434804563226e+17,HYLAN BLVD/CROMWELL AV,217
6.492657691076765e+17,WATER ST/HANOVER SQ,21
6.4926580713835e+17,WATER ST/HANOVER SQ,108
6.492667641090469e+17,GATES AV/BEDFORD AV,238
6.492677547306127e+17,NOSTRAND AV/HAWTHORNE ST,112
6.453151652547827e+17,3 AV/E 24 ST,135
6.454266629538408e+17,MORRIS PARK AV/BRONXDALE AV,482
6.454464108377267e+17,ROGERS AV/CLARENDON RD,118
6.456666598756353e+17,MYRTLE AV/SUYDAM ST,158
6.461159478908719e+17,EAST HOUSTON ST/CLINTON ST,235
6.427556931021734e+17,WEST END AV/W 69 ST,30
6.427785809464575e+17,DECATUR ST/SENECA AV,80
6.427794916283823e+17,FULTON ST/TOMPKINS AV,74
6.516290866668381e+17,CHURCH AV/E 93 ST,260
6.516343140326353e+17,BROADWAY/W 251 ST,127
6.516407289740467e+17,E 79 ST/1 AV,56
6.517298323499208e+17,COLUMBUS AV/W 78 ST,49
6.461162863134317e+17,EAST HOUSTON ST/MOTT ST,185
6.493441964013645e+17,NOSTRAND AV/LINDEN BLVD,106
6.493618048017211e+17,WATER ST/GOUVERNEUR LN,167
6.493968172117471e+17,W 49 ST/9 AV,196
6.494232035533677e+17,2 AV/E 92 ST,115
6.494705847925833e+17,FLATBUSH AV/E 29 ST,66
6.494930722348192e+17,SANFORD AV/MURRAY ST,403
6.495229481408877e+17,DE KALB AV/MARCUS GARVEY BLVD,101
6.49701695006936e+17,INWOOD AV/MACOMBS RD,753
6.462348691891608e+17,10 AV/W 45 ST,48
6.462583249094406e+17,LEFFERTS BLVD/AIRTRAIN STATION,3230
6.462909068779981e+17,W 34 ST/DYER AV,122
6.463258223912604e+17,BEDFORD AV/S 4 ST,79
6.463719828770634e+17,ATLANTIC AV/76 ST,287
6.463972949129441e+17,NORTHERN BLVD/159 ST,69
6.466655104897087e+17,MAIN ST/56 AV,258
6.521727452792628e+17,10 AV/W 45 ST,124
6.522096166417452e+17,ROCKAWAY AV/ATLANTIC AV,45
6.522796764682802e+17,ROCKAWAY AV/MACDOUGAL ST,2
6.527651956633343e+17,BEDFORD AV/S 4 ST,150
6.529335344518772e+17,YORK AV/E 79 ST,81
6.529373456329741e+17,NASSAU AV/MANHATTAN AV,90
6.529435243056484e+17,REMSEN AV/FOSTER AV,522
6.52993992835733e+17,THROOP AV/GATES AV,148
6.471259623195587e+17,3 AV/E 88 ST,68
6.498145778763999e+17,QUEENS BLVD/78 AV,302
6.498197219233996e+17,CHURCH AV/WESTMINSTER RD,97
6.499079622361326e+17,FOSTER AV/BEDFORD AV,289
6.499305391328351e+17,28 ST/QUEENS PLAZA SOUTH,450
6.471428818243703e+17,JAMAICA AV/NICHOLS AV,9
6.472213551734904e+17,92 ST/53 AV,308
6.472667875074433e+17,FARMERS BLVD/133 RD,198
6.476238523379354e+17,SARATOGA AV/DUMONT AV,305
6.476709133854207e+17,LINDEN BLVD/VAN WYCK EXPWY,1244
6.477058058674098e+17,2 AV/E 89 ST,67
6.47713196690083e+17,21 ST/30 AV,472
6.530150926337117e+17,AVENUE M/E 18 ST,121
6.530335653923758e+17,GRAND ST/LORIMER ST,143
6.53115959913998e+17,WYCKOFF AV/DE KALB AV,63
6.531216265489775e+17,MANHATTAN AV/W 106 ST,13
6.532584742479526e+17,8 AV/W 52 ST,99
6.532952613357608e+17,BROADWAY/W 76 ST,114
6.53295592214769e+17,COURT ST/1 PL,122
6.477253786777558e+17,HELL GATE CIRCLE/IFO FIELD 61,4029
6.499521797076367e+17,28 ST/QUEENS PLAZA SOUTH,435
6.499588104373903e+17,28 ST/QUEENS PLAZA SOUTH,372
6.499656907629455e+17,28 ST/QUEENS PLAZA SOUTH,439
6.499681612009908e+17,WILLIS AV/E 144 ST,317
6.499681695599964e+17,28 ST/QUEENS PLAZA SOUTH,458
6.500380795214797e+17,CHRISTOPHER ST/WAVERLY PL,194
6.477544387219159e+17,WATER ST/HANOVER SQ,216
6.47827764669965e+17,SANFORD AV/MURRAY ST,403
6.478718642728632e+17,9 AV/W 28 ST,152
6.479953819324756e+17,MALCOLM X BLVD/W 132 ST,96
6.534364755298532e+17,ROCKAWAY PKWY/AVENUE M,178
6.534629899817551e+17,HALSEY ST/BUSHWICK AV,160
6.535072977973362e+17,MYRTLE AV/79 ST,179
6.535366943330179e+17,E 23 ST/2 AV,36
6.535382894556744e+17,2 AV/E 75 ST,119
6.536071259443996e+17,WYCKOFF AV/DE KALB AV,284
6.479972379546099e+17,FARMERS BLVD/131 AV,141
6.480023479813024e+17,SAINT JOHNS PL/ROCHESTER AV,234
6.50091090835963e+17,EMMONS AV/E 16 ST,39
6.501180880951493e+17,10 AV/W 47 ST,72
6.501383614189359e+17,2 AV/E 92 ST,94
6.501398949281769e+17,CENTRE ST/GRAND ST,106
6.501565533583114e+17,28 ST/QUEENS PLAZA SOUTH,570
6.504819677502642e+17,GREENE AV/VANDERBILT AV,73
6.504941374732444e+17,SARATOGA AV/BAINBRIDGE ST,216
6.506573730085347e+17,MADISON AV/E 28 ST,73
6.506825837116038e+17,94 ST/23 AV,157
6.509566113490817e+17,BOWERY/SPRING ST,114
6.480336762380172e+17,UNIVERSITY AV/W 190 ST,218
6.480770911133083e+17,BEDFORD AV/N 9 ST,68
6.483398523140684e+17,WYCKOFF AV/CORNELIA ST,100
6.483648676511978e+17,UTOPIA PKWY/KILDARE RD,443
6.539095558210126e+17,SAINT MARKS PL/NICHOLAS ST,68
6.540301065591877e+17,BROADWAY/W 91 ST,67
6.540736738477976e+17,BROADWAY/CHAUNCEY ST,111
6.542068439869716e+17,BEDFORD AV/S 2 ST,143
6.483774072093248e+17,FREDERICK DOUGLASS BLVD/W 111 ST,42
6.484153498530844e+17,11 AV/W 42 ST,80
6.48487968072894e+17,W 50 ST/10 AV,85
6.509698506245668e+17,7 AV/W 25 ST,149
6.511410708668017e+17,ALLEN ST/HESTER ST,199
6.513152088902964e+17,CRESCENT ST/FULTON ST,163
6.513385561742459e+17,HALSEY ST/STUYVESANT AV,34
6.513793699748343e+17,AMSTERDAM AV/W 75 ST,151
6.513839833095195e+17,ADAM C POWELL BLVD/W 132 ST,68
6.514050016343507e+17,FLUSHING AV/WYCKOFF AV,87
6.51449714253706e+17,AVENUE A/E 5 ST,76
6.48501530742752e+17,23 AV/82 ST,1247
6.485433381591031e+17,SUTTON PL/E 55 ST,562
6.542136989302975e+17,6 AV/W 18 ST,221
6.542366501534766e+17,NOSTRAND AV/GLENWOOD RD,137
6.542726941676332e+17,6 AV/W 20 ST,6
6.542745407816364e+17,W 23 ST/7 AV,155
6.543614823060911e+17,10 AV/W 49 ST,91
6.543691427224531e+17,CRESCENT ST/ETNA ST,109
6.562899938891981e+17,E 49 ST/1 AV,262
6.562903284182285e+17,5 AV/E 77 ST,100
6.514950867185221e+17,DE KALB AV/CLASSON AV,8
6.514975070124435e+17,GRAND AV/MASPETH AV,383
6.515644401141133e+17,ADAM C POWELL BLVD/W 138 ST,49
6.515878736126011e+17,2 AV/E 78 ST,74
6.515939160269984e+17,KINGS HWY/AVENUE K,236
6.516156464786241e+17,9 AV/W 35 ST,40
6.599976739060634e+17,SUTTER AV/BRADFORD ST,327
6.600298982821172e+17,KOSSUTH PL/BUSHWICK AV,138
6.562925127673587e+17,ALLEN ST/HESTER ST,199
6.563880335742188e+17,NOSTRAND AV/RUTLAND RD,94
6.563949749947167e+17,FLATBUSH AV/AVENUE D,135
6.544023883761499e+17,CLOVE RD/MILFORD DR,1232
6.544036703986534e+17,3 AV/E 17 ST,96
6.5441268670127e+17,RALPH AV/PROSPECT PL,300
6.544992642671206e+17,SUTTER AV/ELTON ST,376
6.545286948897856e+17,W 49 ST/9 AV,191
6.545447714252479e+17,RALPH AV/AVENUE L,119
6.564188761636429e+17,THROOP AV/MACDONOUGH ST,65
6.564395520958912e+17,W 43 ST/8 AV,268
6.564805770995465e+17,METROPOLITAN AV/HAVEMEYER ST,155
6.565718708515329e+17,FLATBUSH AV/E 29 ST,62
6.600421953958766e+17,BEDFORD AV/S 4 ST,82
6.600521206319553e+17,63 RD/98 PL,727
6.600565135596334e+17,FLATBUSH AV/MIDWOOD ST,102
6.600820955371165e+17,BROADWAY/DE KALB AV,141
6.601437032897079e+17,BEDFORD AV/HANCOCK ST,72
6.602048750253594e+17,GLENWOOD RD/E 94 ST,43
6.6029993186335e+17,6 AV/W 27 ST,113
6.602999469446118e+17,BEDFORD AV/BEVERLEY RD,96
6.603106672656284e+17,WOODWARD AV/STANHOPE ST,205
6.565724431949204e+17,GLENWOOD RD/AMERSFORT PL,95
6.566137114177275e+17,48 AV/208 ST,131
6.56619145059845e+17,48 AV/208 ST,212
6.545581589810002e+17,DEAN ST/CARLTON AV,57
6.546256404175433e+17,FULTON ST/EASTERN PKWY,105
6.5472620771104e+17,VARICK ST/NORTH MOORE ST,87
6.549498025420968e+17,E 80 ST/PAERDEGAT 10 ST,150
6.550578656145434e+17,MANHATTAN AV/NORMAN AV,59
6.55061924755782e+17,NOSTRAND AV/HANCOCK ST,64
6.550849154478231e+17,BATTERY PL/WEST ST,138
6.551190492545188e+17,BOSTON RD/WICKHAM AV,341
6.569842276980352e+17,ADAM C POWELL BLVD/W 123 ST,89
6.570074919018807e+17,SARATOGA AV/MACDONOUGH ST,223
6.604494973122892e+17,W 106 ST/COLUMBUS AV,174
6.604642268612128e+17,82 ST/ROOSEVELT AV,1253
6.60621871798289e+17,W 79 ST/AMSTERDAM AV,74
6.606450474447752e+17,VAN SICLEN AV/HEGEMAN AV,122
6.608013665658191e+17,KINGSLAND AV/MASPETH AV,48
6.608061192896379e+17,1 AV/SAINT MARKS PL,110
6.608781773724292e+17,METROPOLITAN AV/69 AV,911
6.57114792493776e+17,BOWERY/CANAL ST,322
6.571250838423304e+17,10 AV/W 45 ST,92
6.571482085326484e+17,1 AV/E 11 ST,70
6.551361033487823e+17,BORINQUEN PL/S 1 ST,197
6.551449312557998e+17,LEXINGTON AV/E 83 ST,146
6.551552219938941e+17,MYRTLE AV/STOCKHOLM ST,114
6.552054383002916e+17,1 AV/E 116 ST,266
6.552381600949155e+17,14 AV/BENSON AV,123
6.552414861611791e+17,FRANKLIN ST/CALYER ST,159
6.553390074976385e+17,RALPH AV/AVENUE J,199
6.571616251379014e+17,YORK ST/JAY ST,293
6.574419304939757e+17,BROADWAY/GERRY ST,259
6.574504157521894e+17,1 AV/E 72 ST,230
6.578315970449103e+17,GATES AV/STUYVESANT AV,168
6.610516893034847e+17,UNION TPKE/168 ST,241
6.610723008087391e+17,UNION TPKE/168 ST,333
6.610821746732644e+17,UNION TPKE/168 ST,643
6.611247611757055e+17,6 AV/W 10 ST,3
6.611471394255875e+17,LINDEN BLVD/VAN WYCK EXPWY,635
6.611494652609746e+17,82 ST/ROOSEVELT AV,955
6.578366498492384e+17,SOUTH CONDUIT AV/225 ST,337
6.579457723162595e+17,RALPH AV/PROSPECT PL,279
6.579622210126289e+17,MANHATTAN AV/NORMAN AV,184
6.579850696386949e+17,FLATBUSH AV/MIDWOOD ST,120
6.555650906020201e+17,E 57 ST/1 AV,41
6.555843552471941e+17,ADAM C POWELL BLVD/W 114 ST,133
6.556068534298152e+17,south conduit en eb/cohancy st,1570
6.556555907351994e+17,ADAM C POWELL BLVD/W 112 ST,180
6.55733624096906e+17,61 ST/59 AV,146
6.644977483837801e+17,BORDEN AV/39 PL,234
6.645132504785848e+17,ADAM C POWELL BLVD/W 132 ST,88
6.614040476845818e+17,HYLAN BLVD/YETMAN AV,599
6.614143495069129e+17,STORY AV/BOYNTON AV,101
6.615071662741577e+17,MURDOCK AV/204 ST,98
6.615524601789322e+17,FREEMAN ST/MANHATTAN AV,185
6.615715894804168e+17,FREEMAN ST/MANHATTAN AV,185
6.615825217985257e+17,2 AV/E 94 ST,70
6.616302055772434e+17,HELL GATE CIRCLE/IFO FIELD 61,4082
6.584768937531526e+17,CLEVELAND  PL/SPRING ST,220
6.645728432768596e+17,FORT WASHINGTON AV/W 181 ST,132
6.645793739364088e+17,TOMPKINS AV/PUTNAM AV,144
6.646331322209774e+17,BRIGHTON AV/WEBSTER AV,290
6.646367112978262e+17,HALSEY ST/MARCUS GARVEY BLVD,198
6.647861381479542e+17,BROADWAY/CORONA AV,179
6.585458118330915e+17,RIVERSIDE DR/W 160 ST,196
6.585678471664174e+17,HOYT AV/31 ST,538
6.617066849753504e+17,ASTORIA BLVD/STEINWAY ST,682
6.617137822776282e+17,ALBANY AV/CLARKSON AV,400
6.617304178584782e+17,28 ST/QUEENS PLAZA SOUTH,636
6.617817999027548e+17,BEDFORD AV/GATES AV,124
6.617829309871396e+17,ROCKAWAY PKWY/WINTHROP ST,59
6.621946442954152e+17,QUEENS BLVD/83 AV,397
6.622258213260781e+17,ATLANTIC AV/LEFFERTS BLVD,1561
6.586520341563174e+17,WATER ST/GOUVERNEUR LN,224
6.586584191674025e+17,DE KALB AV/MYRTLE AV,452
6.586804458292527e+17,FREEMAN ST/MANHATTAN AV,185
6.648584909828481e+17,90 ST/48 AV,323
6.650966841593856e+17,CHURCH AV/NOSTRAND AV,73
6.6513852779048e+17,METROPOLITAN AV/AMORY CT,285
6.651560204772255e+17,CENTRAL PARK WEST/W 102 ST,77
6.651942682056179e+17,W 34 ST/6 AV,77
6.652072241474372e+17,MARCY AV/S 2 ST,116
6.586986663589248e+17,W 37 ST/NEPTUNE AV,771
6.587609780307049e+17,LEXINGTON AV/E 37 ST,118
6.587728271642929e+17,9 AV/W 46 ST,93
6.587784073259633e+17,21 ST/30 AV,891
6.623228073813231e+17,55 ST/3 AV,246
6.623246530984278e+17,E 149 ST/GERARD AV,168
6.62468221101298e+17,21 ST/35 AV,278
6.62475127673634e+17,1 AV/E 52 ST,160
6.627198492899014e+17,6 AV/W 15 ST,90
6.587977620756136e+17,W 57 ST/11 AV,137
6.588402484505865e+17,227 ST/113 DR,349
6.652161862026019e+17,E 233 ST/WHITE PLAINS RD,269
6.652616739182939e+17,28 ST/QUEENS PLAZA SOUTH,455
6.653127897124264e+17,W 86 ST/CENTRAL PK WEST,18
6.654092901033516e+17,COLUMBUS AV/W 72 ST,101
6.656834499753133e+17,UNION TPKE/168 ST,238
6.588480313864571e+17,CONEY ISLAND AV/GRAVESEND NECK RD,430
6.588521888012893e+17,RALPH AV/AVENUE K,602
6.588729109495768e+17,TROY AV/CARROLL ST,370
6.629081393463894e+17,ADAM C POWELL BLVD/W 113 ST,206
6.631858749257837e+17,W 57 ST/10 AV,212
6.636195110430685e+17,8 AV/W 31 ST,78
6.63621928284719e+17,BROADWAY/MADISON ST,233
6.636496343171924e+17,1 AV/E 75 ST,58
6.658240994685663e+17,ADAM C POWELL BLVD/W 113 ST,104
6.658576676459665e+17,ADAM C POWELL BLVD/W 112 ST,49
6.658812402611969e+17,ADAM C POWELL BLVD/W 112 ST,78
6.659378568624134e+17,VANDERBILT AV/DE KALB AV,38
6.659570604025792e+17,MALCOLM X BLVD/BAINBRIDGE ST,244
6.659806312178871e+17,CENTRAL PARK NORTH/MALCOLM X BLVD,147
6.591928042468535e+17,GRAND ST/GRAHAM AV,105
6.592609712952063e+17,NEW YORK AV/MIDWOOD ST,180
6.593106253383447e+17,2 AV/E 9 ST,105
6.593184997934285e+17,BRIGHTON BEACH AV/BRIGHTON 6 ST,47
6.593295920705427e+17,ADAM C POWELL BLVD/W 139 ST,217
6.636976102367168e+17,WEBSTER AV/E 173 ST,406
6.637184408376964e+17,W 133 ST/AMSTERDAM AV,11
6.638026641626652e+17,HALSEY ST/KNICKERBOCKER AV,252
6.638122500750438e+17,BAYCHESTER AV/EDENWALD AV,240
6.638339797684936e+17,JAMAICA AV/SHEPHERD AV,231
6.640690267865293e+17,OCEAN AV/CATON AV,72
6.641316505045382e+17,BROADWAY/W 76 ST,114
6.660229436674752e+17,THROOP AV/MACDONOUGH ST,107
6.660398595863242e+17,CORONA AV/91 PL,154
6.66452158465931e+17,KINGS HWY/E 94 ST,67
6.664823628559551e+17,BATTERY PL/WEST ST,117
6.665460732874716e+17,LORIMER ST/NASSAU AV,72
6.66553660571848e+17,MADISON ST/ONDERDONK AV,113
6.666472403239002e+17,3 AV/SENATOR ST,43
6.666876892021332e+17,WYCKOFF AV/MENAHAN ST,107
6.594204595025964e+17,WYCKOFF AV/DE KALB AV,145
6.594226243256443e+17,WYCKOFF AV/DE KALB AV,145
6.594831031908717e+17,5 AV/GARFIELD PL,48
6.642557025851346e+17,FULTON ST/SOUTH ELLIOT PL,70
6.643571739152077e+17,UNION TPKE/168 ST,356
6.643758458308988e+17,GREENPOINT AV/40 ST,144
6.643908268057687e+17,COLUMBUS AV/W 84 ST,111
6.643972292631484e+17,6 AV/W 23 ST,107
6.690648162198675e+17,MANHATTAN AV/W 114 ST,167
6.691249778878392e+17,E 68 ST/AVENUE N,207
6.693055947499365e+17,THROOP AV/MACDONOUGH ST,139
6.595069434058629e+17,EASTERN PKWY/BUFFALO AV,175
6.667050652740201e+17,WYCKOFF AV/GROVE ST,74
6.667209785022536e+17,GATES AV/IRVING AV,141
6.667579740430194e+17,FULTON ST/BUFFALO AV,175
6.669280899242006e+17,3 AV/E 182 ST,285
6.671934624234317e+17,VAN WYCK SOUTH SERVICE RD/BUILDING 90,15034
6.672605649991092e+17,RICHMOND AV/WILSON AV,286
6.673228472807082e+17,2 AV/E 3 ST,73
6.673477875282207e+17,E 135 ST/MADISON AV,163
6.595244681376622e+17,53 DR/62 ST,904
6.595281669682844e+17,SAINT NICHOLAS AV/W 153 ST,72
6.596314729108438e+17,69 ST/59 DR,193
6.597865808836472e+17,GREENPOINT AV/48 AV,170
6.673797684698746e+17,GATES AV/IRVING AV,542
6.675035017511373e+17,149 AV/241 ST,7969
6.675396681935644e+17,HALSEY ST/THROOP AV,69
6.676817079294189e+17,RALPH AV/BROADWAY,64
6.693891480565435e+17,82 ST/ROOSEVELT AV,924
6.694349585037068e+17,GRAND CONCOURSE/E 182 ST,340
6.694621623064568e+17,82 ST/ROOSEVELT AV,950
6.694882391778451e+17,82 ST/ROOSEVELT AV,926
6.694912678626829e+17,YORK AV/E 84 ST,58
6.695149684672009e+17,9 AV/W 46 ST,213
6.695171616974276e+17,BROADWAY/CORTLANDT ST,161
6.69586810357582e+17,FARMERS BLVD/131 AV,134
6.598957738988929e+17,ATLANTIC AV/BOERUM PL,74
6.598986728037766e+17,COURT ST/AMITY ST,58
6.598989914840986e+17,EAST HOUSTON ST/AV B,204
6.697209391194679e+17,SAINT NICHOLAS AV/W 181 ST,73
6.697263098159569e+17,CROTONA AV/E 187 ST,52
6.698816120900483e+17,149 AV/241 ST,7980
6.699756375389404e+17,COURT ST/1 PL,121
6.599621278273313e+17,JAMAICA AV/ELTON ST,300
6.733396280052191e+17,FLATLANDS AV/E 88 ST,80
6.680156111715128e+17,HALSEY ST/STUYVESANT AV,311
6.680725425919261e+17,BERGEN ST/BUFFALO AV,167
6.681014924059584e+17,LINDEN BLVD/SUTPHIN BLVD,412
6.681845009552612e+17,LINDEN BLVD/79 ST,689
6.682355749803598e+17,7 AV/W 44 ST,149
6.682467332134426e+17,MYRTLE AV/MARCUS GARVEY BLVD,208
6.682656631798202e+17,NORTHERN BLVD/CORPORAL KENNEDY ST,458
6.733714947153172e+17,SUTTER AV/GRANT AV,349
6.734004352991308e+17,6 AV/W 57 ST,123
6.737226203498445e+17,OLD FULTON ST/PROSPECT ST,254
6.701132091693453e+17,E 175 ST/WALTON AV,105
6.70165785509109e+17,E 80 ST/AVENUE N,305
6.702397883548872e+17,106 AV/177 ST,164
6.702582250979048e+17,HALSEY ST/EVERGREEN AV,315
6.702918542736836e+17,HALSEY ST/THROOP AV,92
6.702944895553033e+17,JAMAICA AV/222 ST,422
6.737631960224919e+17,11 ST/JACKSON AV,566
6.737656675674313e+17,3 AV/E 24 ST,136
6.683060853484125e+17,9 AV/W 46 ST,115
6.683367788316398e+17,DECATUR ST/CENTRAL AV,132
6.687827530743192e+17,THROOP AV/MACDONOUGH ST,134
6.687840327592326e+17,WEBSTER AV/E 173 ST,377
6.73784924326196e+17,MADISON AV/E 129 ST,120
6.737866036524975e+17,5 AV/72 ST,88
6.737988565589994e+17,ATLANTIC AV/80 ST,144
6.738037633282911e+17,4 AV/E 10 ST,100
6.738111424185481e+17,E 55 ST/1 AV,59
6.738112234867657e+17,1 AV/E 52 ST,108
6.738112654840095e+17,SUTTON PL/E 55 ST,562
6.738112866683429e+17,MADISON AV/E 132 ST,239
6.738324291833224e+17,FLUSHING AV/BEAVER ST,53
6.70325129117711e+17,PARSONS BLVD/ELM AV,359
6.703295733237394e+17,28 ST/QUEENS PLAZA SOUTH,374
6.703437628628929e+17,LINCOLN AV/E 137 ST,314
6.703473565763181e+17,EAST HOUSTON ST/LAFAYETTE ST,241
6.703759527264466e+17,CASTLETON AV/NORTH BURGHER AV,42
6.704012052293032e+17,CASTLETON AV/NORTH BURGHER AV,198
6.704330843940733e+17,CHURCH AV/OCEAN PKWY,251
6.705087823337558e+17,JAMAICA AV/AUTUMN AV,224
6.705286660756371e+17,FULTON ST/SOUTH ELLIOT PL,91
6.738328332537001e+17,SUTTON PL/E 55 ST,562
6.738534717950948e+17,LEXINGTON AV/E 125 ST,295
6.68867522409494e+17,82 ST/ROOSEVELT AV,1111
6.689020931319352e+17,LEWIS AV/GREENE AV,164
6.68902255426418e+17,GATES AV/STUYVESANT AV,157
6.787103139225361e+17,S 4 ST/HOOPER ST,46
6.787883591124155e+17,DRIGGS AV/N 4 ST,97
6.787942918184507e+17,WHITE PLAINS RD/VAN NEST AV,111
6.738659404355073e+17,MADISON AV/E 129 ST,235
6.738731922258994e+17,MADISON AV/E 129 ST,33
6.738748468266029e+17,2 AV/E 94 ST,167
6.738919494094934e+17,MADISON AV/E 129 ST,19
6.73945070295034e+17,2 AV/E 75 ST,64
6.739787757290996e+17,BROADWAY/W 113 ST,118
6.740008907814486e+17,KISSENA BLVD/45 AV,278
6.740094116107837e+17,n conduit av/95 st,1204
6.740406030179535e+17,3 AV/E 102 ST,133
6.788512747297408e+17,DYCKMAN ST/SHERMAN AV,282
6.788534572332248e+17,HORACE HARDING EXPWY/136 ST,489
6.788768631790246e+17,BROADWAY/W 204 ST,165
6.789191809768132e+17,DYCKMAN ST/SHERMAN AV,287
6.789552282177674e+17,BETHUNE ST/GREENWICH ST,72
6.789681654613682e+17,W 66 ST/FREEDOM PL,167
6.790834340847594e+17,SEAVIEW AV/E 102 ST,97
6.705780618355913e+17,MYRTLE AV/KNICKERBOCKER AV,298
6.70760245146901e+17,GRAND ST/PITT ST,462
6.707971783972996e+17,LODOVICK AV/ALLERTON AV,485
6.708699969431903e+17,2 AV/E 28 ST,72
6.708708389342723e+17,243 ST/147 AV,136
6.710349272492042e+17,5 AV/41 ST,123
6.710536764573247e+17,FRANKLIN AV/BERGEN ST,73
6.710930355692814e+17,8 AV/W  56 ST,98
6.740436553203529e+17,SARATOGA AV/PARK PL,98
6.741174116894011e+17,2 AV/E 75 ST,64
6.74289725303083e+17,HAMPTON ST/BRITTON AV,690
6.745246057111519e+17,5 AV/18 ST,200
6.7911926786492e+17,E 98 ST/LOTT AV,156
6.795588226089117e+17,WEST END AV/W 64 ST,96
6.796047227872957e+17,BAYSIDE AV/146 ST,460
6.796100666794993e+17,E 96 ST/2 AV,80
6.745737622844428e+17,W 81 ST/COLUMBUS AV,59
6.746419115076264e+17,E 233 ST/BUSSING AV,302
6.711238017062918e+17,METROPOLITAN AV/AMORY CT,285
6.711884015495749e+17,27 AV/2 ST,64
6.711978090282277e+17,GREENPOINT AV/47 ST,1548
6.71595380930437e+17,FLUSHING AV/NOSTRAND AV,69
6.716506081871148e+17,CROTONA AV/E 187 ST,350
6.716582134522401e+17,BEDFORD AV/HANCOCK ST,115
6.717172842478088e+17,1 AV/E 52 ST,107
6.717199261570019e+17,60 LN/SAINT FELIX AV,710
6.749004792612241e+17,2 AV/E 54 ST,127
6.751472986951517e+17,EAST HOUSTON ST/NORFOLK ST,70
6.754896698213277e+17,CONVENT AV/W 129 ST,31
6.756373540032402e+17,METROPOLITAN AV/AMORY CT,285
6.796390395526839e+17,YORK ST/JAY ST,393
6.796690679937439e+17,VAN WYCK SOUTH SERVICE RD/BUILDING 90,16392
6.796740577180867e+17,MAIN ST/JEWEL AV,485
6.797020218826336e+17,BEDFORD AV/BEVERLEY RD,114
6.797378642621169e+17,SAINT MARKS PL/NICHOLAS ST,25
6.797500502144608e+17,MYRTLE AV/69 ST,133
6.797893761011164e+17,DECATUR ST/CYPRESS AV,482
6.797938881250761e+17,BOSTON RD/HOLLAND AV,64
6.798101633777371e+17,E 163 ST/TINTON AV,143
6.798208400014326e+17,MADISON AV/E 95 ST,48
6.75765317337436e+17,11 ST/JACKSON AV,566
6.717324475454545e+17,1 AV/E 52 ST,166
6.717455787343446e+17,OCEAN AV/AVENUE Y,5
6.717572039049778e+17,FREEMAN ST/MANHATTAN AV,185
6.718318027852822e+17,METROPOLITAN AV/AMORY CT,285
6.718524335286372e+17,CASTLETON AV/NORTH BURGHER AV,12
6.719003783045773e+17,86 ST/DAHLGREN PL,185
6.719049249549375e+17,ROCKAWAY PKWY/FARRAGUT RD,79
6.719882861211327e+17,6 AV/SPRING ST,81
6.758946716489528e+17,28 ST/QUEENS PLAZA SOUTH,135
6.759591173551647e+17,9 AV/W 55 ST,202
6.760787659923251e+17,LORIMER ST/CONSELYEA ST,104
6.762068577569548e+17,ROGERS AV/LINCOLN RD,86
6.798570435532874e+17,LEXINGTON AV/E 31 ST,178
6.799034770390488e+17,DYCKMAN ST/SHERMAN AV,131
6.79987510857372e+17,NEW LOTS AV/ELTON ST,90
6.80280955847184e+17,SAINT JOHNS PL/ROCHESTER AV,12
6.803309914908086e+17,2 AV/E 54 ST,189
6.803414635297545e+17,METROPOLITAN AV/LORIMER ST,60
6.80360485707633e+17,MYRTLE AV/CYPRESS HILLS ST,126
6.804429383884374e+17,21 ST/BROADWAY,369
6.804776464629192e+17,RALPH AV/DECATUR ST,115
6.722894645266902e+17,3 AV/E 45 ST,72
6.722911171492298e+17,7 AV/6 ST,175
6.724597172591068e+17,JAMAICA AV/WOODHAVEN BLVD,260
6.725008356056717e+17,W 23 ST/6 AV,251
6.725220141243197e+17,E 23 ST/BROADWAY,188
6.725271457849676e+17,W 23 ST/6 AV,26
6.766911509914861e+17,SEAVIEW AV/E 105 ST,124
6.767057491785088e+17,METROPOLITAN AV/LEONARD ST,291
6.767093385518968e+17,AVENUE Z/HUBBARD ST,87
6.767315226761994e+17,WATER ST/WALL ST,83
6.767372796567572e+17,5 AV/SENATOR ST,67
6.804848636804806e+17,BEDFORD AV/S 4 ST,90
6.805062832445934e+17,MANHATTAN AV/W 106 ST,96
6.805273953055872e+17,ASTORIA BLVD/STEINWAY ST,1420
6.805505398113001e+17,FOSTER AV/ARGYLE RD,293
6.805575058701044e+17,CEBRA AV/SAINT PAULS AV,306
6.805630590503962e+17,ROCKAWAY PKWY/AVENUE L,337
6.80586350161739e+17,BAY RIDGE AV/4 AV,63
6.806095604611323e+17,JAMAICA AV/78 ST,336
6.767782099453297e+17,FULTON ST/GRAND  AV,82
6.72584509447841e+17,SEDGWICK AV/W 197 ST,616
6.72679520595641e+17,W 23 ST/6 AV,75
6.730655857505274e+17,AVENUE C/E 12 ST,5
6.731027657572211e+17,DRIGGS AV/BROADWAY,62
6.73171576876246e+17,WESTCHESTER AV/INTERVALE AV,282
6.73213798306719e+17,NEW YORK AV/TILDEN AV,309
6.732595192380993e+17,SMITH ST/UNION ST,63
6.733021943381304e+17,PROSPECT PARK SOUTHWEST/REEVE PL,339
6.768020053882605e+17,SARATOGA AV/PARK PL,86
6.768102146565855e+17,3 AV/30 ST,138
6.769558672311558e+17,DITMARS BLVD/31 AV,486
6.808471399504701e+17,ASTORIA BLVD/STEINWAY ST,1549
6.810251393369852e+17,SOUTHERN BLVD/AVENUE SAINT JOHN,301
6.810958753815959e+17,HYLAN BLVD/BAYVIEW AV,831
6.811644040444133e+17,WYCKOFF AV/MENAHAN ST,78
6.811832727310764e+17,CENTRAL PARK WEST/W 104 ST,57
6.770640386293458e+17,CHRISTOPHER ST/WAVERLY PL,223
6.771401887702566e+17,82 ST/ROOSEVELT AV,983
6.771523193406828e+17,SEAVIEW AV/E 91 ST,650
6.833261426656708e+17,WEBSTER AV/CLAREMONT PKWY,324
6.833491592624202e+17,NASSAU AV/MONITOR ST,267
6.833681201862209e+17,LINDEN BLVD/SUTPHIN BLVD,862
6.83521188198132e+17,8 AV/W 4 ST,295
6.835236421211288e+17,86 ST/4 AV,157
6.837564990474972e+17,BROADWAY/W 94 ST,57
6.774088662654335e+17,23 AV/82 ST,655
6.774816168252471e+17,GERRITSEN AV/GERRITSEN BEACH,10960
6.775380416881627e+17,BROADWAY/EASTERN PKWY,264
6.812101584700815e+17,AVENUE H/E 56 ST,142
6.812963271393764e+17,ATLANTIC AV/CARLTON AV,191
6.813405187731871e+17,CLAREMONT PKWY/WASHINGTON AV,61
6.813800287224762e+17,ATLANTIC AV/BRADFORD ST,343
6.815041259668878e+17,ASTORIA BLVD/STEINWAY ST,1463
6.8152043014046e+17,ASTORIA BLVD/STEINWAY ST,1463
6.815334967029919e+17,ASTORIA BLVD/STEINWAY ST,1463
6.838327723567852e+17,GRAND CONCOURSE/E 149 ST,170
6.838558484442148e+17,YORK AV/E 84 ST,79
6.838568082535077e+17,DE KALB AV/CARLTON AV,243
6.839098619218237e+17,COLUMBUS AV/W 102 ST,137
6.839173595848279e+17,BROADWAY/RECTOR ST,186
6.8392798032501e+17,10 AV/W 45 ST,134
6.839965578145414e+17,ALLERTON AV/PEARSALL AV,479
6.840327258867857e+17,MADISON AV/E 28 ST,38
6.840387257699657e+17,3 AV/E 33 ST,92
6.840399502747388e+17,8 AV/W 52 ST,139
6.840615405978525e+17,CENTRAL PARK WEST/W 102 ST,71
6.841671528902277e+17,SUTPHIN BLVD/HILLSIDE AV,328
6.776664792777716e+17,ROCKAWAY PKWY/AVENUE L,560
6.780358880169213e+17,21 ST/BROADWAY,1250
6.815488256180983e+17,ASTORIA BLVD/STEINWAY ST,1463
6.81609393472186e+17,2 AV/E 92 ST,146
6.817302433237386e+17,KOSSUTH PL/BUSHWICK AV,416
6.818055601728717e+17,ROOSEVELT AV/COLLEGE POINT BLVD,109
6.819424227635505e+17,SOUTHERN BLVD/E 167 ST,10
6.820110384061521e+17,7 AV/6 ST,168
6.825355275139241e+17,FRANKLIN ST/INDIA ST,235
6.825696407658811e+17,DEAN ST/GRAND AV,186
6.782133476144827e+17,VAN WYCK SOUTH SERVICE RD/BUILDING 90,17068
6.782167929048856e+17,ASHFORD ST/LINDEN BLVD,239
6.782999904253841e+17,NEW LOTS AV/CLEVELAND ST,102
6.783076736472366e+17,BROADWAY/GREENE AV,221
6.783205520706705e+17,SAINT JOHNS PL/CLASSON AV,246
6.843337331595798e+17,LINDEN BLVD/VAN WYCK EXPWY,207
6.84335173772455e+17,PUTNAM AV/FRESH POND RD,223
6.843420308389815e+17,GRAHAM AV/METROPOLITAN AV,67
6.843808934114397e+17,FOREST AV/SUMMERFIELD ST,120
6.845336288718575e+17,W 125 ST/5 AV,76
6.82641202868881e+17,E 167 ST/RIVER AV,132
6.827397150095222e+17,LINDEN BLVD/VAN WYCK EXPWY,861
6.832263026965724e+17,CHURCH AV/CONEY ISLAND AV,64
6.832598554008812e+17,NATIONAL ST/43 AV,289
6.869483088608588e+17,BROADWAY/GREENE AV,77
6.869563281272948e+17,MADISON AV/E 28 ST,75
6.871436364843107e+17,NEPTUNE AV/CONEY ISLAND AV,95
6.872137579478643e+17,BROADWAY/JEFFERSON AV,78
6.783313354134053e+17,SAINT MARKS AV/ROCHESTER AV,83
6.784378755621302e+17,MARCUS GARVEY BLVD/MACDONOUGH ST,22
6.919121678241832e+17,W 168 ST/AUDUBON AV,146
6.919168395369512e+17,AMSTERDAM AV/W 184 ST,87
6.845984599837533e+17,E 96 ST/3 AV,111
6.846859294734856e+17,AMSTERDAM AV/W 164 ST,102
6.84753116716835e+17,FREEMAN ST/MANHATTAN AV,185
6.847776164341806e+17,FLATBUSH AV/GRAND ARMY PLAZA,321
6.84788720978219e+17,BOWERY/GRAND ST,190
6.919481321771322e+17,MYRTLE AV/BROADWAY,217
6.91963044801267e+17,POSTAL FACILITY RD/BROOKLYN MAIL FACILITY,1831
6.920278592828293e+17,FRANKLIN AV/PUTNAM AV,111
6.920759483487593e+17,130 PL/BERGEN RD,1724
6.873515224212698e+17,GREENPOINT AV/44 ST,332
6.875613229390996e+17,LEXINGTON AV/E 64 ST,233
6.87654908406138e+17,GLENWOOD RD/AMERSFORT PL,146
6.876984749682143e+17,AVENUE A/E 11 ST,129
6.883473077526426e+17,COLUMBUS AV/W 108 ST,77
6.921253341293805e+17,JAMAICA AV/111 ST,336
6.848156542462077e+17,BOWERY/CANAL ST,156
6.848183451838897e+17,ARLINGTON PL/NORTHFIELD AV,142
6.848456666752413e+17,DIVISION AV/LEE AV,119
6.849183286177834e+17,MELROSE AV/E 158 ST,153
6.84960054251262e+17,ATLANTIC AV/111 ST,750
6.851078815270391e+17,2 AV/E 46 ST,145
6.921542618040822e+17,HOYT AV SOUTH/31 ST,1342
6.921857197088524e+17,AMSTERDAM AV/W 171 ST,107
6.921942791430803e+17,SAINT NICHOLAS AV/W 173 ST,226
6.922000078329696e+17,AMSTERDAM AV/W 172 ST,77
6.922176451748909e+17,BROADWAY/WALKER ST,220
6.922527927585229e+17,SAINT NICHOLAS AV/W 172 ST,130
6.923454860973517e+17,AMSTERDAM AV/W 184 ST,113
6.9237813831345e+17,AMSTERDAM AV/W 183 ST,417
6.853959801700302e+17,SOUNDVIEW AV/GILDERSLEEVE AV,186
6.854571101799666e+17,ORIENTAL BLVD/MACKENZIE ST,251
6.854795957158682e+17,THOMAS S BOYLAND ST/BAINBRIDGE ST,71
6.855572737190093e+17,6 AV/W 47 ST,182
6.855857858086258e+17,HORACE HARDING EXPWY/MARATHON PKWY,885
6.855883043013838e+17,9 AV/W 46 ST,193
6.856231660910605e+17,JAMAICA AV/RICHMOND ST,100
6.85666561879713e+17,9 AV/W 46 ST,191
6.856693515845844e+17,AMSTERDAM AV/W 83 ST,155
6.856766994274359e+17,CLAREMONT PKWY/3 AV,34
6.884398592592401e+17,LINDEN BLVD/78 ST,452
6.884753815926138e+17,82 ST/ROOSEVELT AV,573
6.885009375671046e+17,21 ST/BROADWAY,955
6.886028357945475e+17,WILSON AV/CORNELIA ST,193
6.886962728217875e+17,ROOSEVELT AV/COLLEGE POINT BLVD,157
6.889950402183692e+17,LAUREL HILL BLVD/58 ST,1970
6.923872945219052e+17,AMSTERDAM AV/W 185 ST,157
6.923877068602292e+17,SAINT NICHOLAS AV/W 184 ST,161
6.923878085631789e+17,AMSTERDAM AV/W 185 ST,91
6.925997527896577e+17,BROADWAY/MADISON ST,155
6.926416543047329e+17,KINGSTON AV/PACIFIC ST,84
6.926771181362239e+17,RALPH AV/MACDONOUGH ST,142
6.926771806617151e+17,BERGEN ST/KINGSTON AV,198
6.927003165709217e+17,KINGSTON AV/PACIFIC ST,144
6.890435790533646e+17,23 AV/87 ST,312
6.890905288245969e+17,8 AV/W 49 ST,50
6.890978468347779e+17,ADAM C POWELL BLVD/W 123 ST,108
6.891688997826492e+17,ADAM C POWELL BLVD/W 125 ST,64
6.892954639081418e+17,LAUREL HILL BLVD/58 ST,624
6.893387624685331e+17,TOMPKINS AV/GREENE AV,61
6.857069174878236e+17,E 80 ST/PAERDEGAT 7 ST,229
6.85726194938498e+17,BRADDOCK AV/WINCHESTER BLVD,82
6.860814193442492e+17,3 AV/E 24 ST,95
6.860889876568579e+17,LEXINGTON AV/E 110 ST,159
6.861657443229652e+17,WILLIAMSBURG BRIDGE PLAZA/LANE 2,257
6.86167351012895e+17,BRONXWOOD AV/E 222 ST,440
6.861883552620733e+17,WATER ST/JOHN ST,299
6.862245389520045e+17,ROOSEVELT AV/PRINCE ST,532
6.927264479583368e+17,KINGSTON AV/PACIFIC ST,111
6.927591767976421e+17,BERGEN ST/KINGSTON AV,56
6.9281020884493e+17,NEW LOTS AV/HINSDALE ST,118
6.928139051111734e+17,fdr/battery pl,59
6.929319915638798e+17,MORRIS PARK AV/WHITE PLAINS RD,193
6.932917052936901e+17,DE KALB AV/MYRTLE AV,321
6.933325200805537e+17,63 RD/98 PL,1260
6.897590679441715e+17,BROADWAY/LA SALLE ST,486
6.898601019473981e+17,150 ST/34 AV,249
6.898904254677583e+17,ADAM C POWELL BLVD/W 123 ST,53
6.89892790771456e+17,METROPOLITAN AV/HAVEMEYER ST,95
6.89915773903423e+17,LEWIS AV/GREENE AV,121
6.934510568663959e+17,MYRTLE AV/CLINTON AV,105
6.863256671433695e+17,ROGERS AV/CLARENDON RD,127
6.864170988932526e+17,W 10 ST/WAVERLY PL,27
6.868509588897285e+17,3 AV/E 183 ST,427
6.869134817307588e+17,GATES AV/WOODWARD AV,243
6.869466829328207e+17,BOWERY/CANAL ST,248
6.93452603520852e+17,W 42 ST/12 AV,187
6.934928120816948e+17,MERRICK BLVD/130 RD,157
6.935673610257623e+17,TOMPKINS AV/GREENE AV,61
6.936193399916997e+17,3 AV/E 104 ST,76
6.936819443058803e+17,WATER ST/GOUVERNEUR LN,67
6.936821290680129e+17,WILSON AV/CORNELIA ST,185
6.900265952515119e+17,RALPH AV/SAINT MARKS AV,8
6.900289675173645e+17,MYRTLE AV/CARLTON AV,177
6.900363029014246e+17,JOHNSON AV/BUSHWICK AV,322
6.900376586145673e+17,DECATUR ST/MYRTLE AV,119
6.900703644105265e+17,FLATBUSH AV/AVENUE T,121
6.902311588851675e+17,7 AV SOUTH/BEDFORD ST,24
6.94012875906714e+17,LEXINGTON AV/E 34 ST,107
6.940241415712456e+17,W 42 ST/10 AV,154
6.955751130987923e+17,LEWIS AV/GATES AV,155
6.955878377375763e+17,YORK AV/E 84 ST,58
6.956450359408027e+17,5 AV/30 ST,74
6.956850124817756e+17,NOSTRAND AV/BEVERLY RD,120
6.956889042355442e+17,7 AV/W 20 ST,101
6.957427491648955e+17,MANHATTAN AV/W 113 ST,74
6.957554563247158e+17,GATES AV/CENTRAL AV,202
6.940852241699791e+17,MANHATTAN AV/W 111 ST,5
6.942078904202534e+17,3 AV/E 45 ST,130
6.942084836362294e+17,3 AV/E 50 ST,68
6.904567605816287e+17,WYCKOFF AV/GROVE ST,74
6.904756855157196e+17,BROADWAY/JEFFERSON AV,399
6.905378023696499e+17,NOSTRAND AV/AVENUE X,491
6.905526163282394e+17,SCHAEFER ST/KNICKERBOCKER AV,186
6.942480764535114e+17,SAINT MARKS AV/ROCHESTER AV,216
6.942614902724906e+17,E 9 ST/1 AV,192
6.942771632709892e+17,ESSEX ST/RIVINGTON ST,106
6.943875595884168e+17,MALCOLM X BLVD/QUINCY ST,94
6.944055106726724e+17,MALCOLM X BLVD/LAFAYETTE AV,157
6.957576115571466e+17,MANHATTAN AV/W 116 ST,21
6.95779291962525e+17,MANHATTAN AV/W 114 ST,134
6.957938440317302e+17,BEDFORD AV/EASTERN PKWY,166
6.958176634647628e+17,TOMPKINS AV/SAINT MARYS AV,187
6.959237663083741e+17,ADAM C POWELL BLVD/W 137 ST,210
6.962032670906756e+17,NEW YORK AV/SNYDER AV,162
6.96408170720458e+17,DUMONT AV/MONTAUK AV,122
6.947308066763798e+17,7 AV SOUTH/BEDFORD ST,24
6.94769596180562e+17,CENTRAL PARK WEST/W 104 ST,19
6.964533008700353e+17,LINDEN BLVD/SUTPHIN BLVD,1704
6.964600399519041e+17,LINDEN BLVD/SUTPHIN BLVD,1713
6.96522438499807e+17,82 ST/ROOSEVELT AV,769
6.965587385058826e+17,CONEY ISLAND AV/NEPTUNE AV,78
6.966079337049362e+17,82 ST/ROOSEVELT AV,769
6.966146831230328e+17,BROADWAY/WALKER ST,107
6.966164598466097e+17,BROADWAY/WALKER ST,224
6.966189789922719e+17,82 ST/ROOSEVELT AV,769
6.966205819745156e+17,BROADWAY/WALKER ST,35
6.907876769066913e+17,10 AV/CLINTONVILLE ST,1089
6.907892926172387e+17,FOREST AV/AMITY PL,204
6.908148219595855e+17,BROADWAY/WYTHE AV,77
6.911098928392692e+17,WASHINGTON AV/ATLANTIC AV,108
6.911618930251391e+17,EASTCHESTER RD/HAMMERSLEY AV,17
6.911697357449062e+17,ALLERTON AV/FISH AV,94
6.911730814581736e+17,MADISON AV/E 98 ST,155
6.912553762894281e+17,EUCLID AV/BLAKE AV,150
6.948599296541311e+17,2 AV/E 25 ST,154
6.948599878659218e+17,BOWERY/KENMARE ST,57
6.966236773288527e+17,BROADWAY/WALKER ST,127
6.968116075068232e+17,E 96 ST/2 AV,160
6.968975688525069e+17,BOWERY/PRINCE ST,132
6.968978858915955e+17,5 AV/DOUGLASS ST,98
6.948973985959945e+17,MYRTLE AV/HARMAN ST,100
6.949021915097358e+17,KENT AV/S 1 ST,256
6.949289813728589e+17,ALLEN ST/DELANCEY ST,233
6.949301035075985e+17,BRUCKNER BLVD/HAVEMEYER AV,337
6.94958372781023e+17,GRAND CONCOURSE/E 206 ST,181
6.971556846760383e+17,1 AV/E 75 ST,52
6.971622730182812e+17,FARMERS BLVD/143 RD,186
6.972160483804065e+17,PARSONS BLVD/ELM AV,288
6.973690198942011e+17,W 34 ST/6 AV,192
6.912555123678902e+17,EUCLID AV/BLAKE AV,150
6.912709862804657e+17,BROOKVILLE BL/147 DR,877
6.912871968860581e+17,LEXINGTON AV/E 31 ST,82
6.913629889780084e+17,W 50 ST/8 AV,54
6.914140425803068e+17,E 23 ST/PARK AV SOUTH,31
6.914403409191942e+17,W 116 ST/ADAM C POWELL BLVD,169
6.91523395653352e+17,W 37 ST/NEPTUNE AV,514
6.915696465759967e+17,W 50 ST/AVENUE OF THE AMERICAS,131
6.916533682931017e+17,BROADWAY/GRAND ST,152
6.950609898311588e+17,83 ST/ROOSEVELT AV,854
6.951359682420416e+17,82 ST/ROOSEVELT AV,1610
6.953433435735917e+17,253 ST/149 AV,565
6.954476060819063e+17,82 ST/ROOSEVELT AV,1151
6.954886889758696e+17,GATES AV/MARCUS GARVEY BLVD,133
6.916764601092712e+17,BROADWAY/WALKER ST,173
6.916849160951506e+17,BROADWAY/WALKER ST,43
6.917670256833582e+17,CHRISTOPHER ST/HUDSON ST,84
6.918119148230747e+17,AMSTERDAM AV/W 172 ST,69
6.91865820282758e+17,AMSTERDAM AV/W 172 ST,59
6.919051821263363e+17,AMSTERDAM AV/W 184 ST,83
6.999004722913642e+17,8 AV/W 17 ST,67
6.955152490277466e+17,BRADDOCK AV/LYMAN ST,230
6.955398713970262e+17,ADAM C POWELL BLVD/W 139 ST,217
6.955442876633969e+17,ADAM C POWELL BLVD/W 139 ST,217
6.977144462352468e+17,CENTRAL PARK NORTH/MALCOLM X BLVD,228
6.977193119885907e+17,SARATOGA AV/SAINT MARKS AV,73
6.977682548375428e+17,HOYT AV/31 ST,749
6.980838254405996e+17,BROADWAY/JEFFERSON AV,117
6.980895465334644e+17,ROOSEVELT AV/PRINCE ST,123
6.955714918305087e+17,SAINT ANN'S AV/SAINT MARY'S ST,113
7.050907913799555e+17,DE KALB AV/FORT GREENE PL,168
7.050923953350305e+17,ADAM C POWELL BLVD/W 138 ST,43
7.05093546823503e+17,DE KALB AV/FORT GREENE PL,138
7.050980360708868e+17,W 57 ST/9 AV,27
7.051641277843474e+17,BRIGHTON BEACH AV/BRIGHTON 3 ST,265
7.000008123900933e+17,PROSPECT PARK SOUTHWEST/11 AV,94
7.000031191679997e+17,DEAN ST/BEDFORD AV,26
7.000647756168248e+17,GRAHAM AV/AINSLIE ST,107
7.00088418861059e+17,TOMPKINS AV/MYRTLE AV,162
7.001112691087096e+17,W 23 ST/6 AV,46
7.001461818338464e+17,MYRTLE AV/TOMPKINS AV,109
7.002465922614126e+17,5 AV/W 20 ST,195
7.005417851247187e+17,DRIGGS AV/S 4 ST,82
7.052792297674423e+17,LEWIS AV/WILLOUGHBY AV,89
6.983711476491982e+17,E 14 ST/AVENUE A,104
6.983984720276145e+17,W 34 ST/9 AV,243
6.9841985204561e+17,FREDERICK DOUGLASS BLVD/W 147 ST,141
6.984515699879788e+17,TOMPKINS AV/MARTIN LUTHER KING JR PL,87
6.984738367319215e+17,86 ST/15 AV,147
6.986524386083606e+17,7 AV/3 ST,305
6.986655978361851e+17,ROGERS AV/TILDEN AV,134
7.052993518352933e+17,2 AV/E 54 ST,126
7.053061344627802e+17,E 50 ST/2 AV,151
7.0532070686903e+17,2 AV/E 25 ST,108
7.053847956793763e+17,E 50 ST/3 AV,15
7.05389873738015e+17,ATLANTIC AV/ELTON ST,422
7.053977287803277e+17,JAMAICA AV/SCHENCK AV,83
7.054243524993549e+17,JAMAICA AV/SCHENCK AV,58
6.98672087827555e+17,SAINT JOHNS PL/ROCHESTER AV,155
6.986902045012307e+17,UNIVERSITY AV/W 176 ST,134
6.98690678897269e+17,W 145 ST/BROADWAY,67
6.987266046339745e+17,W 10 ST/HUDSON ST,122
6.988126009230007e+17,BAYCHESTER AV/DONIZETTI PL,712
6.988934270975904e+17,FORT WASHINGTON AV/W 179 ST,116
6.989520605301935e+17,FARMERS BLVD/144 AV,378
6.990819559515222e+17,2 AV/E 46 ST,145
7.005688448785531e+17,1 AV/E 82 ST,128
7.005860643345082e+17,ROEBLING ST/S 8 ST,68
7.006295956656165e+17,DRIGGS AV/BROADWAY,44
7.006563343892794e+17,FARMERS BLVD/144 AV,459
7.006908192412027e+17,OCEAN AV/CATON AV,183
7.007028506231363e+17,E 149 ST/TINTON AV,31
7.007314109005658e+17,CHURCH AV/OCEAN AV,87
7.007774478019882e+17,2 AV/E 92 ST,151
7.008198111648951e+17,JAMAICA AV/AUTUMN AV,196
7.008503680696088e+17,WILSON AV/JEFFERSON AV,172
7.054386311426226e+17,JAMAICA AV/SCHENCK AV,58
7.05444904455941e+17,JAMAICA AV/SCHENCK AV,58
7.057012358261574e+17,2 AV/E 31 ST,127
7.057127539300294e+17,JAMAICA AV/HEMLOCK ST,108
7.059030375413537e+17,AMSTERDAM AV/W 170 ST,177
7.059385831945184e+17,DELAFIELD AV/MANOR RD,212
7.008552908063845e+17,HALSEY ST/CENTRAL AV,128
7.008714083066132e+17,EAST HOUSTON ST/RIDGE ST,221
7.008882932662253e+17,BROADWAY/GRAND ST,111
7.008938424680348e+17,BROADWAY/WALKER ST,119
7.009629341433196e+17,E 106 ST/2 AV,152
7.012794493293281e+17,SARATOGA AV/DEAN ST,72
7.013013287439118e+17,FULTON ST/UTICA AV,243
7.01321715853254e+17,E 96 ST/3 AV,158
7.059606603171735e+17,AVENUE B/E 87 ST,76
7.059836050341123e+17,SAINT NICHOLAS AV/W 181 ST,2
6.991687374213684e+17,10 AV/W 55 ST,77
6.991890805971699e+17,LEWIS AV/JEFFERSON AV,87
6.99219056401621e+17,HEMPSTEAD AV/221 ST,213
6.992380029833856e+17,PENELOPE AV/84 ST,306
6.992396429485211e+17,BEDELL ST/130 AV,1050
6.992876888091324e+17,ROGERS AV/CLARKSON AV,92
6.993549794038423e+17,LAUREL HILL BLVD/58 ST,1223
6.993834086015654e+17,BRABANT ST/UNION AV,335
7.061030733701581e+17,MANHATTAN AV/W 111 ST,13
7.063672790485934e+17,HOYT AV SOUTH/31 ST,671
7.064895907103988e+17,W 106 ST/BROADWAY,109
7.01327529930435e+17,2 AV/E 28 ST,72
7.01343273401697e+17,2 AV/E 28 ST,72
7.013459620063004e+17,2 AV/E 28 ST,98
7.013526519776106e+17,2 AV/E 28 ST,72
7.013899057107532e+17,3 AV/E 63 ST,53
7.014015106550127e+17,JAMAICA AV/ELTON ST,121
7.014785874249156e+17,MARCUS GARVEY BLVD/BROADWAY,130
7.015045617020338e+17,COLUMBUS AV/W 84 ST,83
7.016280117513051e+17,23 AV/87 ST,1069
7.066701905393782e+17,LAFAYETTE AV/THROOP AV,23
6.994984926836632e+17,W 14 ST/7 AV,105
6.997992957160347e+17,n conduit av/cohancy st,770
6.998625974473714e+17,BOX ST/MANHATTAN AV,186
6.998676449112794e+17,E 96 ST/3 AV,33
7.103909251557396e+17,3 AV/E 183 ST,402
7.107266352178981e+17,LORIMER ST/FROST ST,7
7.107436003156831e+17,5 AV/W 32 ST,129
7.06749317126636e+17,BROADWAY/JEFFERSON AV,151
7.067857676108873e+17,2 AV/E 75 ST,110
7.06948802191868e+17,3 AV/E 26 ST,131
7.069957812717516e+17,HALSEY ST/STUYVESANT AV,124
7.019241567999181e+17,9 AV/W 59 ST,173
7.019810735072166e+17,BOWERY/PRINCE ST,152
7.020051907506858e+17,3 AV/E 183 ST,260
7.020117874771274e+17,LEXINGTON AV/E 41 ST,69
7.020157434161667e+17,BROADWAY/W 63 ST,161
7.071769309935354e+17,WYCKOFF AV/CORNELIA ST,22
7.072507440533059e+17,KINGS HWY/TROY AV,103
7.107634663049664e+17,5 AV/18 ST,156
7.108262960340735e+17,W 14 ST/6 AV,167
7.108782981793902e+17,JAMAICA AV/SHEPHERD AV,368
7.108901959839722e+17,SAINT NICHOLAS AV/W 184 ST,66
7.108971854273713e+17,MESEROLE ST/UNION AV,58
7.110435495469281e+17,METROPOLITAN AV/LEFFERTS BLVD,409
7.11099239733544e+17,THROOP AV/FULTON ST,115
7.11477188594963e+17,WOODPOINT RD/CONSELYEA ST,232
7.115011516422228e+17,HENRY HUDSON PKWY EAST/W 227 ST,32
7.116101824664352e+17,W 135 ST/ADAM C POWELL BLVD,199
7.075452779744868e+17,BEDFORD AV/CLARENDON RD,161
7.077769653758636e+17,48 AV/38 ST,144
7.02051927069357e+17,SHORE PKWY/SHEEPSHEAD BAY RD,43
7.021518928087003e+17,RALPH AV/ATLANTIC AV,35
7.021519423226138e+17,RALPH AV/ATLANTIC AV,25
7.021820511469132e+17,63 RD/108 ST,495
7.022347054761014e+17,ATLANTIC AV/76 ST,351
7.023607686199062e+17,SAINT JOHNS PL/WASHINGTON AV,184
7.079510380614445e+17,243 ST/144 AV,229
7.079581142525085e+17,VAN WYCK SOUTH SERVICE RD/BUILDING 90,16884
7.08005695505462e+17,OCEAN AV/CATON AV,50
7.116302679937887e+17,E 49 ST/1 AV,265
7.116374835021706e+17,10 AV/W 53 ST,125
7.118200844440461e+17,NEPTUNE AV/E 12 ST,78
7.121918015140078e+17,FREDERICK DOUGLASS BLVD/W 119 ST,74
7.122036882687008e+17,149 AV/241 ST,7231
7.122112253781546e+17,SAINT NICHOLAS AV/W 192 ST,228
7.122117560603995e+17,2 AV/E 6 ST,57
7.122340901373827e+17,WATER ST/GOUVERNEUR LN,273
7.122594215922899e+17,21 ST/BROADWAY,292
7.080720931297009e+17,12 AV/W 55 ST,228
7.081260971612664e+17,114 AV/223 ST,424
7.082047698706189e+17,n conduit av/95 st,784
7.082339508070099e+17,FRANKLIN ST/GREENPOINT AV,89
7.084950143502303e+17,HOYT AV SOUTH/31 ST,793
7.027475293522844e+17,5 AV/GARFIELD PL,118
7.0295397301842e+17,WILSON AV/MYRTLE AV,42
7.034777771133298e+17,AVENUE A/E 5 ST,83
7.034825855905512e+17,IRVING AV/COVERT ST,109
7.036730810081532e+17,GREENPOINT AV/46 ST,391
7.041871203091841e+17,PROSPECT AV/E 152 ST,277
7.085538154540884e+17,2 AV/E 20 ST,217
7.085937482546328e+17,3 AV/E 75 ST,46
7.042558974633501e+17,HARDING AV/CALHOUN AV,265
7.043691584237128e+17,BORINQUEN PL/S 1 ST,208
7.044412958724911e+17,3 AV/E 24 ST,43
7.12271296660203e+17,PENNYFIELD AV/FORT SCHUYLER,557
7.122816676587041e+17,SOUTH AV/ARLINGTON PL,199
7.122855633136325e+17,1 AV/E 72 ST,55
7.12317270824039e+17,ROGERS AV/AVENUE D,240
7.12377668023114e+17,JAMAICA AV/162 ST,69
7.127957138173728e+17,CLARKSON AV/BEDFORD AV,1
7.130082131446129e+17,PENNSYLVANIA AV/HEGEMAN AV,215
7.131367154210413e+17,ASTORIA BLVD SOUTH/STEINWAY ST,1287
7.131852410321007e+17,BROADWAY/W 163 ST,92
7.132141080068236e+17,CONEY ISLAND AV/AVENUE H,228
7.087848760215136e+17,LEXINGTON AV/E 110 ST,133
7.088081389243517e+17,LEXINGTON AV/E 110 ST,157
7.08883217066615e+17,BROADWAY/GRAND ST,143
7.089910495783978e+17,PUTNAM AV/FRESH POND RD,114
7.045097093250614e+17,WESTERVELT AV/HAMILTON AV,81
7.04584079874764e+17,2 AV/E 54 ST,208
7.04603985956988e+17,HALSEY ST/PATCHEN AV,95
7.047845340514574e+17,E 57 ST/LEXINGTON AV,106
7.048563937676977e+17,1 AV/E 72 ST,185
7.048976059958863e+17,UTICA AV/SNYDER AV,126
7.049249513632191e+17,CONEY ISLAND AV/AVENUE H,287
7.049250154659579e+17,23 AV/87 ST,598
7.093228147360315e+17,6 AV/BROOME ST,227
7.093228457157484e+17,FARMERS BLVD/109 AV,63
7.093597907348581e+17,BOSTON RD/PALMER AV,197
7.132143799820799e+17,FOREST AV/69 AV,174
7.13238888940955e+17,FLATBUSH AV/CATON AV,154
7.132527168015141e+17,ROCKAWAY AV/CHAUNCEY ST,136
7.132974179100288e+17,BOWERY/KENMARE ST,181
7.135565045887492e+17,BORINQUEN PL/S 1 ST,82
7.136901741094175e+17,FLATLANDS AV/E 105 ST,277
7.136965850747803e+17,ASTORIA BLVD/STEINWAY ST,535
7.093643985561756e+17,BRINKERHOFF AV/189 ST,108
7.093701569143965e+17,MORGAN AV/HARRISON PL,189
7.09375379081322e+17,FARMERS BLVD/105 AV,154
7.049609337154176e+17,23 AV/87 ST,512
7.050047103085796e+17,5 AV/14 ST,149
7.1533067485231e+17,W 57 ST/6 AV,68
7.153312151928767e+17,W 57 ST/6 AV,68
7.153325358215208e+17,W 57 ST/6 AV,68
7.153326978338721e+17,W 57 ST/6 AV,68
7.15338931943461e+17,BEDFORD AV/GREENE AV,128
7.095338409207146e+17,BROADWAY/WALKER ST,110
7.095384224668817e+17,RALPH AV/FOSTER AV,463
7.099897351450054e+17,HOYT AV SOUTH/31 ST,204
7.101095136305472e+17,GLENWOOD RD/E 100 ST,53
7.101653844879803e+17,FLATLANDS AV/E 78 ST,319
7.101858813418022e+17,21 ST/BROADWAY,1017
7.137423805926863e+17,NEW LOTS AV/CHRISTOPHER AV,348
7.138343592044385e+17,AMSTERDAM AV/W 102 ST,124
7.138366473492329e+17,JFK AIRPORT/TERMINAL 8,6137
7.139207119787918e+17,GATES AV/BUSHWICK AV,159
7.140001614490426e+17,DECATUR ST/FOREST AV,59
7.142873376716645e+17,BEDFORD AV/DE KALB AV,241
7.14326525468074e+17,HILLSIDE AV/WINCHESTER BLVD,364
7.143687911064159e+17,EAST NEW YORK AV/E 95 ST,260
7.153503106353885e+17,MALCOLM X BLVD/GREENE AV,79
7.153968702031392e+17,VAN WYCK SOUTH SERVICE RD/BUILDING 90,17087
7.153975082497786e+17,3 AV/E 183 ST,134
7.154867918788367e+17,STANHOPE ST/ONDERDONK AV,70
7.155011761230299e+17,GRAND CONCOURSE/E 156 ST,650
7.155792362241056e+17,ATLANTIC AV/SOUTH PORTLAND AV,209
7.156561794123772e+17,3 AV/E 11 ST,55
7.156569995116347e+17,BROADWAY/COOK ST,159
7.103300708389766e+17,EMMONS AV/E 16 ST,29
7.103851795580877e+17,10 AV/W 16 ST,91
7.103856069502831e+17,3 AV/E 183 ST,320
7.203011458513393e+17,GREENPOINT AV/47 ST,921
7.204887951524052e+17,FRANKLIN ST/INDIA ST,71
7.204999567366612e+17,FLATBUSH AV/LINCOLN RD,215
7.158428810028223e+17,E 138 ST/BROOK AV,138
7.158435579959626e+17,EAST BROADWAY/PIKE ST,113
7.159698305459963e+17,2 AV/E 54 ST,80
7.16141628555857e+17,NEW YORK AV/TILDEN AV,170
7.163590391832465e+17,WEST END AV/W 64 ST,96
7.144745515399293e+17,MURDOCK AV/204 ST,307
7.144947526933082e+17,NEPTUNE AV/BRIGHTON 4 ST,209
7.14525070567154e+17,63 RD/108 ST,469
7.14525159374684e+17,63 RD/108 ST,330
7.145275170503777e+17,E 34 ST /1 AV,129
7.145278560207615e+17,W 57 ST/6 AV,111
7.145279318050917e+17,E 34 ST /1 AV,94
7.145280289781071e+17,W 57 ST/6 AV,111
7.205053656914236e+17,LINDEN BLVD/SUTPHIN BLVD,586
7.206343406019453e+17,TOMPKINS AV/FINGERBOARD RD,84
7.207101542344863e+17,6 AV/W 29 ST,13
7.207346745776229e+17,BROAD ST/GORDON ST,556
7.207882337664088e+17,SARATOGA AV/DEAN ST,230
7.145283569371912e+17,W 57 ST/6 AV,111
7.145285197631584e+17,W 57 ST/6 AV,111
7.145286824400704e+17,W 57 ST/6 AV,111
7.145288428556355e+17,W 57 ST/6 AV,103
7.145673537071828e+17,RIVER AV/E 151 ST,162
7.146469225005283e+17,MALCOLM X BLVD/GREENE AV,128
7.20862992345912e+17,CADMAN PLAZA WEST/CLARK ST,549
7.164875471650888e+17,63 RD/108 ST,278
7.165184127954455e+17,FLATBUSH AV/KINGS PLAZA,2302
7.165606482833366e+17,ROGERS AV/SAINT JOHNS PL,62
7.165770237626176e+17,SUTPHIN BLVD/HILLSIDE AV,662
7.16579970852567e+17,153 ST/HILLSIDE AV,843
7.166061188139338e+17,23 AV/87 ST,444
7.168190703499813e+17,8 AV/W 46 ST,199
7.169242368388905e+17,48 AV/47 ST,133
7.20896670635654e+17,7 AV/GARFIELD PL,77
7.209406704708276e+17,FULTON ST/NOSTRAND AV,141
7.209847124502976e+17,BEDFORD AV/RUTLAND RD,222
7.148208950113265e+17,METROPOLITAN AV/AMORY CT,285
7.149360721435717e+17,67 AV/FRESH POND RD,281
7.150165856456328e+17,METROPOLITAN AV/AMORY CT,285
7.150197924071848e+17,METROPOLITAN AV/AMORY CT,285
7.150209311073178e+17,METROPOLITAN AV/AMORY CT,192
7.150239023937112e+17,BROADWAY/W 204 ST,378
7.15129818689885e+17,FULTON ST/BUFFALO AV,401
7.210005692416104e+17,78 ST/4 AV,150
7.210097028922595e+17,CARY AV/TAYLOR ST,292
7.211358099166513e+17,ASTORIA BLVD/STEINWAY ST,1166
7.17197794672647e+17,HORACE HARDING EXPWY/188 ST,108
7.172208300293911e+17,120 AV/199 ST,245
7.173737993704472e+17,CLASSON AV/EASTERN PKWY,65
7.174344521599628e+17,7 AV/15 ST,86
7.175576103362621e+17,ROCKAWAY AV/LOTT AV,118
7.17934854636856e+17,FLUSHING AV/60 ST,213
7.212156917885844e+17,COOPER SQ/E 4 ST,76
7.152686120923438e+17,NORTHERN BLVD/159 ST,392
7.15330304780837e+17,W 57 ST/6 AV,68
7.242584388518333e+17,8 AV/W 31 ST,81
7.242850697141841e+17,HAMPTON ST/BRITTON AV,740
7.242853284649362e+17,HAMPTON ST/BRITTON AV,686
7.244429485937416e+17,FLATBUSH AV/CHESTER CT,53
7.244784279108182e+17,SARATOGA AV/BAINBRIDGE ST,90
7.213393168628527e+17,MADISON ST/CYPRESS AV,137
7.179485836797722e+17,LAUREL HILL BLVD/58 ST,396
7.179890144064458e+17,8 AV/W  56 ST,147
7.179893794783735e+17,1 AV/E 34 ST,64
7.180316534552006e+17,1 AV/E 75 ST,97
7.180373281552652e+17,MYRTLE AV/60 LN,353
7.180457777130698e+17,LEXINGTON AV/E 89 ST,88
7.18113626026834e+17,BEDFORD AV/MAPLE ST,40
7.216127280014714e+17,FLUSHING AV/BEAVER ST,132
7.217335408274195e+17,6 AV/W 54 ST,118
7.245118156150222e+17,NEREID AV/CARPENTER AV,270
7.245137835899025e+17,UTOPIA PKWY/ST JOHNS UNIVERSITY,382
7.245177243556147e+17,UTOPIA PKWY/ST JOHNS UNIVERSITY,132
7.245182929280759e+17,MADISON AV/E 28 ST,62
7.245357838765539e+17,S 4 ST/HEWES ST,106
7.245471583155597e+17,LEWIS AV/GREENE AV,115
7.246356686354966e+17,UTICA AV/FOSTER AV,223
7.246876192614292e+17,ASTORIA BLVD SOUTH/STEINWAY ST,904
7.247121654523914e+17,GLENWOOD RD/E 104 ST,176
7.247191972356788e+17,GLENWOOD RD/E 104 ST,69
7.217513441874563e+17,7 AV/PROSPECT AV,85
7.183337148655008e+17,153 ST/HILLSIDE AV,715
7.183461287938381e+17,153 ST/HILLSIDE AV,793
7.183891765794168e+17,BROADWAY/W 151 ST,125
7.186808789691254e+17,7 AV/W 20 ST,89
7.187607004753302e+17,PELHAM PKWY/MULINER AV,231
7.187893231338365e+17,WHITE PLAINS RD/E 222 ST,155
7.188142123122653e+17,5 AV/80 ST,194
7.188726803322546e+17,147 AV/184 ST,110
7.2184625044832e+17,2 AV/E 108 ST,157
7.218699346125999e+17,NOSTRAND AV/CHURCH AV,97
7.219041955944876e+17,41 RD/MAIN ST,214
7.219121265393923e+17,ROCKAWAY AV/LINDEN BLVD,71
7.219171643531359e+17,HEGEMAN AV/THATFORD AV,126
7.21927508792406e+17,ALLEN ST/HESTER ST,134
7.247271292143697e+17,PARK AV SOUTH/E 18 ST,158
7.248351209491862e+17,VANDERBILT AV/STERLING PL,129
7.250737415059407e+17,W 106 ST/BROADWAY,150
7.250882249808072e+17,OCEAN AV/AVENUE Y,170
7.25115492238831e+17,GRAND ST/CLINTON ST,271
7.251276835733912e+17,NEREID AV/CARPENTER AV,229
7.251746321047848e+17,2 AV/E 111 ST,137
7.25201256638546e+17,NEREID AV/CARPENTER AV,185
7.252076279765885e+17,REMSEN AV/E 54 ST,50
7.189115062764271e+17,9 AV/W 40 ST,73
7.190542354431163e+17,FLUSHING AV/JOHNSON AV,117
7.190584224111406e+17,GRAND CONCOURSE/E 204 ST,190
7.190623669775333e+17,ROCKAWAY PKWY/SHORE PKWY SERVICE RD NORTH,12185
7.190998708871695e+17,83 ST/ROOSEVELT AV,1077
7.191279021471624e+17,HOYT AV SOUTH/31 ST,1377
7.219596110162086e+17,E 174 ST/HARROD AV,146
7.221741094975634e+17,E 96 ST/3 AV,158
7.223036869471653e+17,PARKSIDE AV/OCEAN AV,23
7.223287712031639e+17,FARMERS BLVD/WESTGATE ST,112
7.252118508434862e+17,120 AV/178 ST,237
7.252434368823762e+17,MADISON AV/E 40 ST,216
7.252533954498912e+17,LEXINGTON AV/E 37 ST,281
7.252657520677582e+17,MADISON AV/E 40 ST,59
7.25267821235974e+17,149 AV/241 ST,7023
7.252791536952494e+17,MADISON AV/E 37 ST,28
7.224167373816069e+17,CENTRAL PARK WEST/W 90 ST,122
7.224498992718545e+17,VANDERBILT AV/PARK PL,16
7.224925566133732e+17,W 96 ST/WEST END AV,231
7.191322953310828e+17,MARCUS GARVEY BLVD/JEFFERSON AV,134
7.192362978251923e+17,E 96 ST/3 AV,220
7.192850971171242e+17,BOWERY/PRINCE ST,132
7.192854089777549e+17,CHRISTOPHER ST/WAVERLY PL,99
7.193583070435086e+17,REMSEN AV/FARRAGUT RD,433
7.19424749652587e+17,MYRTLE AV/72 ST,351
7.19495891698342e+17,5 AV/UNION ST,65
7.226213396812617e+17,ATLANTIC AV/SOUTH PORTLAND AV,55
7.226674590854806e+17,ROCKAWAY AV/FOSTER AV,261
7.252848178914465e+17,MADISON AV/E 40 ST,33
7.253742698628183e+17,ROCKAWAY PKWY/AVENUE K,253
7.25482656106188e+17,CLASSON AV/ATLANTIC AV,231
7.227245238874461e+17,NASSAU AV/HAUSMAN ST,334
7.2274851551157e+17,MYRTLE AV/TOMPKINS AV,312
7.227645564571113e+17,AMSTERDAM AV/W 106 ST,141
7.227885378318906e+17,E 125 ST/5 AV,127
7.195205964768552e+17,LORIMER ST/DRIGGS AV,89
7.195932165516531e+17,SARATOGA AV/ATLANTIC AV,88
7.197780891217011e+17,MORRIS PARK AV/WILLIAMSBRIDGE RD,183
7.199952683889516e+17,10 AV/W 53 ST,187
7.200727221986225e+17,DRIGGS AV/S 2 ST,71
7.201827627677656e+17,FORT WASHINGTON AV/W 177 ST,133
7.255911760149257e+17,RALPH AV/PROSPECT PL,185
7.25792455364919e+17,E 14 ST/1 AV,228
7.257927422553126e+17,1 AV/E 17 ST,152
7.25832343729708e+17,FARMERS BLVD/JORDAN AV,383
7.259669675873574e+17,9 AV/W 40 ST,73
7.259818594084339e+17,HORACE HARDING EXPWY/PARSONS BLVD,125
7.230298109862395e+17,TOMPKINS AV/MYRTLE AV,129
7.231417277550883e+17,5 AV/WARREN ST,68
7.232900571341679e+17,ATLANTIC AV/111 ST,335
7.266793191871197e+17,BROADWAY/RECTOR ST,155
7.266910540731148e+17,ASTORIA BLVD NORTH/77 ST,585
7.267952028218313e+17,MERRICK BLVD/224 ST,356
7.268714777757384e+17,CENTRAL PARK WEST/W 68 ST,56
7.269112158200924e+17,COLUMBUS AV/W 78 ST,87
7.26980561418179e+17,10 AV/W 211 ST,112
7.269983144537889e+17,23 AV/82 ST,407
7.233125730194702e+17,UNION ST/NORTHERN BLVD,248
7.23322724964202e+17,LIBERTY AV/173 ST,121
7.2332600410729e+17,W 42 ST/9 AV,41
7.25986142193287e+17,HILLSIDE AV/163 ST,287
7.260187456329549e+17,HOYT AV/31 ST,1715
7.260260827894296e+17,VAN WYCK SOUTH SERVICE RD/BUILDING 90,15056
7.26038186245782e+17,VAN WYCK SOUTH SERVICE RD/BUILDING 90,14949
7.260513286155992e+17,5 AV/W 32 ST,106
7.260576505224453e+17,5 AV/W 32 ST,106
7.260647302876116e+17,5 AV/W 32 ST,106
7.26065035073785e+17,5 AV/W 32 ST,106
7.233969799062542e+17,MYRTLE AV/TOMPKINS AV,153
7.234043169081357e+17,83 ST/ROOSEVELT AV,1077
7.23456435927632e+17,BROADWAY/MOSHOLU AV,478
7.260707104282296e+17,5 AV/W 32 ST,106
7.260741235539855e+17,5 AV/W 32 ST,106
7.260779990150353e+17,LEXINGTON AV/E 40 ST,87
7.260802846483771e+17,5 AV/W 32 ST,106
7.260807142163674e+17,5 AV/W 32 ST,106
7.270026524816621e+17,CASTLETON AV/JEWETT AV,276
7.270674521562464e+17,FLATBUSH AV/DITMAS AV,126
7.27094584087324e+17,BROADWAY/ISHAM ST-W 211 ST,43
7.270947518822089e+17,10 AV/W 211 ST,32
7.271950035569627e+17,10 AV/W 207 ST,267
7.271950642671674e+17,10 AV/SHERMAN AV,40
7.273126315241786e+17,8 AV/W  56 ST,98
7.234860092885503e+17,TOMPKINS AV/MYRTLE AV,100
7.238220334164739e+17,BORINQUEN PL/S 1 ST,78
7.238612073090088e+17,JOHNSON AV/BUSHWICK AV,161
7.238781113977243e+17,7 AV/W 15 ST,57
7.239568495207117e+17,EAST TREMONT AV/CROTONA PKWY,152
7.241000940090049e+17,3 AV/E 183 ST,421
7.241081127904581e+17,JAMAICA AV/147 PL,421
7.273295117745153e+17,3 AV/E 31 ST,100
7.273935086910907e+17,BROADWAY/RECTOR ST,155
7.273936201292507e+17,BROADWAY/CORTLANDT ST,180
7.273940163125347e+17,BROADWAY/RECTOR ST,155
7.274395775327354e+17,BOWERY/KENMARE ST,201
7.274570922172934e+17,THROOP AV/MACDONOUGH ST,136
7.274965239790335e+17,BROADWAY/W 185 ST,96
7.261127028250478e+17,ASTORIA BLVD SOUTH/STEINWAY ST,1344
7.261198513493647e+17,AVENUE Z/WEST ST,157
7.261463405791918e+17,TOMPKINS AV/GATES AV,143
7.261911360457331e+17,E 23 ST/1 AV,224
7.262051076480481e+17,HOLLIS AV/217 LN,169
7.262193848369801e+17,WEST HOUSTON ST/VARICK ST,53
7.241647621154656e+17,MYRTLE AV/THROOP AV,177
7.241762685032964e+17,THROOP AV/HART ST,138
7.241763053995114e+17,MYRTLE AV/THROOP AV,61
7.309869625265569e+17,WASHINGTON AV/DEAN ST,68
7.275636168435377e+17,5 AV/W 32 ST,106
7.275637953900987e+17,5 AV/W 32 ST,106
7.275639878227777e+17,5 AV/W 32 ST,106
7.276022142212142e+17,FURMANVILLE AV/75 PL,261
7.276351115504287e+17,W 57 ST/6 AV,111
7.277340645002784e+17,23 AV/87 ST,369
7.27832613571928e+17,MALCOLM X BLVD/CHAUNCEY ST,46
7.312149152635233e+17,DITMARS BLVD/102 ST,376
7.312371945525615e+17,CENTRAL PARK WEST/W 90 ST,132
7.312760053766213e+17,DE KALB AV/NOSTRAND AV,208
7.263448892019197e+17,BOSTON RD/E 169 ST,285
7.26412384135679e+17,FLATLANDS AV/E 84 ST,132
7.264696324506956e+17,VANDERBILT AV/ATLANTIC AV,13
7.265053201376517e+17,GRAHAM AV/SEIGEL ST,88
7.265791308809457e+17,BROADWAY/W 63 ST,15
7.266263098899424e+17,CENTRAL PARK NORTH/MALCOLM X BLVD,50
7.266677284964512e+17,ALLERTON AV/WESTERVELT AV,197
7.3614319247563e+17,2 AV/E 61 ST,126
7.312790976704827e+17,W 116 ST/MALCOLM X BLVD,133
7.313424563610908e+17,5 AV/18 ST,334
7.313630630675973e+17,NEW LOTS AV/HENDRIX ST,98
7.313759083934977e+17,2 AV/E 25 ST,67
7.317128264448419e+17,2 AV/E 28 ST,72
7.3172952686947e+17,COLUMBUS AV/W 92 ST,104
7.317845258626892e+17,UTICA AV/TILDEN AV,92
7.28085702664099e+17,ASHFORD ST/LINDEN BLVD,277
7.281603115814209e+17,AVENUE H/E 43 ST,336
7.281935306512819e+17,3 AV/12 ST,238
7.282839275342985e+17,21 ST/35 AV,308
7.283245792545213e+17,FULTON ST/SOUTH ELLIOT PL,91
7.284699959830655e+17,E 138 ST/BROOK AV,384
7.287958474767089e+17,SPRINGFIELD BLVD/SPRINGFIELD LN,851
7.288982658554262e+17,SAINT JOHNS PL/ROCHESTER AV,269
7.318003091071188e+17,S 4 ST/HEWES ST,149
7.361487389900412e+17,MYRTLE AV/74 ST,484
7.36216304989788e+17,BROADWAY/FRANKLIN ST,116
7.362166857599932e+17,FLUSHING AV/BUSHWICK AV,224
7.363066043874688e+17,1 AV /E 4 ST,128
7.363132383937336e+17,BERGEN ST/NEW YORK AV,163
7.363306454696941e+17,23 AV/82 ST,349
7.364207340726979e+17,82 ST/ROOSEVELT AV,886
7.364272045611942e+17,QUEENS MIDTOWN EXPY / 43RD ST,210
7.364463475579127e+17,82 ST/ROOSEVELT AV,927
7.364624508193352e+17,HAMPTON ST/BRITTON AV,992
7.318201847811629e+17,SMITH ST/BERGEN ST,80
7.318529469813882e+17,LORIMER ST/NASSAU AV,140
7.319035560646176e+17,MADISON ST/RUTGERS ST,62
7.289597408394533e+17,COURT ST/3 PL,250
7.289746387075562e+17,LEXINGTON AV/E 64 ST,123
7.290006321410026e+17,GATES AV/KNICKERBOCKER AV,65
7.290099422055109e+17,JAMAICA AV/115 ST,334
7.290111326120759e+17,GATES AV/KNICKERBOCKER AV,19
7.290208500357859e+17,GATES AV/KNICKERBOCKER AV,231
7.290798410653624e+17,RALPH AV/BERGEN ST,51
7.290930214650191e+17,DITMARS BLVD/102 ST,513
7.319400071568846e+17,MYRTLE AV/HART ST,343
7.32015468917137e+17,SAINT NICHOLAS AV/W 181 ST,44
7.320811889159685e+17,ATLANTIC AV/BRADFORD ST,220
7.321098045890163e+17,E 241 ST/BAYCHESTER AV,559
7.364792197978072e+17,7 AV/11 ST,136
7.366783318002522e+17,BRIGHTON BEACH AV/OCEAN PKWY,329
7.367327011639148e+17,LINDEN BLVD/78 ST,506
7.368837158783534e+17,LINDEN BLVD/179 ST,349
7.369357419032285e+17,3 AV/E 9 ST,105
7.369359037317068e+17,9 AV/W 55 ST,122
7.369379792714752e+17,SEDGWICK AV/W 197 ST,157
7.369656554454717e+17,HILLSIDE AV/PARSONS BLVD,175
7.324070023629797e+17,FOREST AV/69 AV,77
7.324122302464036e+17,PENNSYLVANIA AV/HEGEMAN AV,278
7.32499499283056e+17,FRESH POND RD/PUTNAM AV,323
7.325307099071698e+17,FRESH POND RD/PUTNAM AV,323
7.290966182229052e+17,BOSTON RD/EASTCHESTER RD,172
7.291258230092707e+17,DITMARS BLVD/102 ST,394
7.291852972314431e+17,CENTRAL PARK WEST/W 84 ST,73
7.295593504541249e+17,8 AV/W 52 ST,147
7.29567707956628e+17,HALSEY ST/RALPH AV,27
7.296102760830386e+17,AVENUE A/E 5 ST,168
7.297216291455059e+17,FLUSHING AV/HARRISON PL,358
7.297450448024884e+17,ALBANY AV/ATLANTIC AV,91
7.325755538451383e+17,ASTORIA BLVD/STEINWAY ST,668
7.326767723011283e+17,OGDEN AV/W 164 ST,133
7.369858757407936e+17,3 AV/E 9 ST,105
7.370159821932044e+17,HILLSIDE AV/PARSONS BLVD,35
7.370773739624652e+17,NOSTRAND AV/FARRAGUT RD,144
7.371305368617925e+17,METROPOLITAN AV/ASCAN AV,314
7.371885834744914e+17,NEW LOTS AV/WYONA ST,168
7.33181162645787e+17,LINCOLN AV/BRUCKNER BLVD,137
7.332031588117761e+17,HUDSON ST/BARROW ST,111
7.332197242581809e+17,RODNEY ST/GRAND ST,359
7.297900142220314e+17,E 96 ST/3 AV,183
7.298147720087507e+17,2 AV/E 97 ST,84
7.298516831073347e+17,1 AV/MITCHELL PL,117
7.2985190941286e+17,GRAND CONCOURSE/E 167 ST,105
7.298821044283263e+17,NEW LOTS AV/GEORGIA AV,137
7.299011703074179e+17,5 AV/45 ST,106
7.301466573244247e+17,WATERSIDE/WATERSIDE,107
7.334229800365774e+17,NOSTRAND AV/LINDEN BLVD,96
7.336435134681764e+17,KINGSLAND AV/MASPETH AV,151
7.337713849719434e+17,MALCOLM X BLVD/PUTNAM AV,180
7.373730646827658e+17,BOWERY/CANAL ST,257
7.374741429498788e+17,FLATLANDS AV/E 84 ST,270
7.3753573631718e+17,SPRINGFIELD BLVD/122 AV,171
7.375399929752312e+17,TOMPKINS AV/PUTNAM AV,153
7.375671090907433e+17,GRAHAM AV/METROPOLITAN AV,110
7.376169383690862e+17,5 AV/W 32 ST,106
7.376478131225143e+17,MYRTLE AV/MADISON ST,73
7.340339454932946e+17,KISSENA BLVD/45 AV,250
7.34060738824589e+17,GRAND ST/CLINTON ST,127
7.340885025823942e+17,LINDEN BLVD/193 ST,185
7.301516959846746e+17,WATERSIDE/WATERSIDE,107
7.303207707891176e+17,243 ST/MEMPHIS AV,272
7.303220981221618e+17,MADISON AV/E 55 ST,24
7.303849449151722e+17,5 AV/W 20 ST,241
7.303974245096236e+17,11 ST/JACKSON AV,457
7.305396179761088e+17,GREENPOINT AV/46 ST,430
7.305744397055444e+17,95 AV/CRESSKILL PL,189
7.306202097216991e+17,3 AV/E 88 ST,100
7.341379734201778e+17,METROPOLITAN AV/ASCAN AV,1623
7.341469973944701e+17,57 AV/98 ST,376
7.341540183487114e+17,RICHMOND RD/OLD TOWN RD,305
7.341675609053105e+17,FORT WASHINGTON AV/W 170 ST,67
7.342179669680481e+17,NOSTRAND AV/HANCOCK ST,61
7.342183694290258e+17,AILEEN RYAN OVAL/UNIONPORT RD,116
7.377185195467228e+17,JEWETT AV/COLLEGE AV,58
7.378534681168879e+17,ROCKAWAY AV/MACDOUGAL ST,10
7.378739076304097e+17,MERRICK BLVD/127 AV,195
7.378779188213338e+17,AMSTERDAM AV/W 133 ST,63
7.385507306713075e+17,ATLANTIC AV/76 ST,528
7.385945746456553e+17,LENOX AV/W 116 ST,0
7.308062244137363e+17,5 AV/W 56 ST,98
7.406548949196847e+17,E 9 ST/2 AV,97
7.407251926153432e+17,NOSTRAND AV/PACIFIC ST,158
7.407434857130815e+17,120 AV/LUCAS ST,81
7.408051065207478e+17,130 PL/BERGEN RD,1761
7.411786649503249e+17,JAMAICA AV/170 ST,160
7.41203384678717e+17,LIBERTY AV/REMINGTON ST,140
7.4122420059467e+17,YORK AV/E 84 ST,58
7.342340835709754e+17,BROADWAY/GRAND ST,77
7.342419359902868e+17,3 AV/E 88 ST,97
7.34299289826981e+17,E 80 ST/AVENUE M,12
7.345053702827626e+17,BROADWAY/W 91 ST,67
7.34508389359559e+17,11 ST/JACKSON AV,566
7.346324291229412e+17,SPRINGFIELD BLVD/SPRINGFIELD LN,656
7.412431115989848e+17,YORK AV/E 84 ST,58
7.412588795658472e+17,BATTERY PL/WEST ST,139
7.412595291298798e+17,W 50 ST/7 AV,21
7.412601269088909e+17,hugh carey tunnel/west st.non-public,135
7.412878177832709e+17,SAINT NICHOLAS AV/W 165 ST,21
7.41304412879165e+17,120 AV/195 ST,52
7.41304743431863e+17,EDGECOMBE AV/W 164 ST,94
7.34670689144947e+17,1 AV/E 81 ST,112
7.386735558849167e+17,KINGS HWY/E 28 ST,241
7.389622144005868e+17,ASTORIA BLVD SOUTH/STEINWAY ST,1067
7.390237116020435e+17,5 AV/GARFIELD PL,146
7.391125398309463e+17,CONEY ISLAND AV/DITMAS AV,328
7.391951218536827e+17,6 AV/W 23 ST,55
7.346822082632448e+17,BROADWAY/HULL ST,238
7.347114197935717e+17,LIBERTY AV/173 ST,147
7.347382228483644e+17,W 31 ST/6 AV,126
7.348109296587378e+17,BOSTON RD/MATTHEWS AV,169
7.348467479895297e+17,THOMSON AV/VAN DAM ST,1764
7.348561590549679e+17,174 ST/109 AV,148
7.392327199919325e+17,MYRTLE AV/66 PL,485
7.393149260791597e+17,HUNTER AV/BOLLER AV,210
7.393154990508842e+17,HUNTER AV/BOLLER AV,210
7.393338662306653e+17,3 AV/99 ST,85
7.393534307913734e+17,ATLANTIC AV/SCHENCK AV,333
7.396700238741513e+17,YORK AV/E 72 ST,65
7.397582651008442e+17,2 AV/E 75 ST,64
7.397760771075085e+17,82 ST/ROOSEVELT AV,719
7.397764117339991e+17,MELROSE AV/E 153 ST,90
7.414079672507473e+17,SEAVIEW AV/E 93 ST,372
7.414168299337117e+17,AMSTERDAM AV/W 131 ST,306
7.415316973953352e+17,ATLANTIC AV/124 ST,1233
7.416305363364379e+17,PELHAM PKWY/STILLWELL AV,533
7.417303135985565e+17,6 AV/W 31 ST,85
7.41855432786426e+17,YORK AV/E 84 ST,58
7.352867357025587e+17,CHRISTOPHER ST/HUDSON ST,112
7.354235413090798e+17,9 AV/W 55 ST,122
7.355310961549972e+17,ROGERS AV/CLARENDON RD,144
7.355510518882739e+17,FLUSHING AV/NORTH PORTLAND AV,438
7.418561064475916e+17,YORK AV/E 84 ST,58
7.418676694053284e+17,YORK AV/E 84 ST,58
7.419047604146917e+17,9 AV/W 28 ST,95
7.419518892261702e+17,2 AV/E 75 ST,64
7.419620664461824e+17,YORK AV/E 84 ST,58
7.419623245022002e+17,YORK AV/E 84 ST,58
7.419718959258717e+17,RICHMOND TERR/POST LN,101
7.356125959065252e+17,DE KALB AV/MARCY AV,113
7.356317638106796e+17,FRANKLIN ST/GREEN ST,337
7.398344173511775e+17,RALPH AV/BERGEN ST,362
7.398953614176215e+17,TOMPKINS AV/MYRTLE AV,64
7.399336869326675e+17,9 AV/W 44 ST,135
7.401181150213782e+17,MORRIS PARK AV/BARNES AV,590
7.403624423971301e+17,MYRTLE AV/BUSHWICK AV,57
7.404056257620675e+17,GATES AV/BUSHWICK AV,147
7.404149595908275e+17,YORK AV/E 84 ST,58
7.404301641156831e+17,2 AV/E 75 ST,64
7.356380434531592e+17,67 AV/60 ST,150
7.35740047616639e+17,E 138 ST/BROOK AV,127
7.360496530838358e+17,W 31 ST/6 AV,58
7.360501741677905e+17,EAST GUN HILL RD/PEARSALL AV,154
7.40446516694389e+17,2 AV/E 75 ST,64
7.405148850876534e+17,YORK AV/E 84 ST,58
7.40581159062231e+17,COOPER SQ/E 4 ST,138
7.406062846903103e+17,2 AV/E 75 ST,64
7.421050709353955e+17,SAINT NICHOLAS AV/W 176 ST,79
7.422247182149085e+17,BROADWAY/W 88 ST,85
7.422320317427777e+17,W 165 ST/AMSTERDAM AV,29
7.422446407920401e+17,NEREID AV/SETON AV,39
7.422467412890354e+17,AMSTERDAM AV/W 168 ST,103
7.422469640976396e+17,AMSTERDAM AV/W 164 ST,86
7.3606761688914e+17,FRESH POND RD/PUTNAM AV,323
7.360847950617992e+17,FRESH POND RD/PUTNAM AV,323
7.360862154679067e+17,FRESH POND RD/PUTNAM AV,323
7.360896447571896e+17,FRESH POND RD/PUTNAM AV,323
7.360917665513856e+17,FRESH POND RD/PUTNAM AV,323
7.36114514393187e+17,BROADWAY/FRANKLIN ST,67
7.425503721707219e+17,KINGSTON AV/PROSPECT PL,119
7.425674895038843e+17,GREENPOINT AV/47 ST,493
7.425790797737889e+17,W 10 ST/GREENWICH ST,47
7.426878737628104e+17,7 AV SOUTH/WAVERLY PL,145
7.427128601347316e+17,BRIGHTON AV/WEBSTER AV,118
7.427143868699022e+17,CRESCENT ST/ETNA ST,144
7.361312739240202e+17,FRANKLIN ST/GREEN ST,138
7.361332529727648e+17,2 AV/E 61 ST,119
7.361393853110724e+17,78 ST/3 AV,43
7.406306239287086e+17,BROADWAY/BROOME ST,165
7.447333523284954e+17,1 AV/E 62 ST,77
7.447494030713379e+17,3 AV/E 97 ST,143
7.447705298334405e+17,DE KALB AV/MARCY AV,204
7.447965485902774e+17,WILLIS AV/E 144 ST,248
7.448297501332567e+17,BROADWAY/W 88 ST,59
7.448655507873311e+17,ALLERTON AV/PEARSALL AV,353
7.487381816868667e+17,PIKE ST/SOUTH  ST,84
7.487766939533545e+17,E 167 ST/GRAND CONCOURSE,92
7.427158134378908e+17,DRIGGS AV/S 4 ST,64
7.427827921177531e+17,JAMAICA AV/MILLER AV,19
7.428465696465856e+17,SEAVIEW AV/E 105 ST,53
7.429987494534345e+17,WILSON AV/WILLOUGHBY AV,202
7.430228458747913e+17,7 AV/PROSPECT AV,222
7.430302191304634e+17,JFK AIRPORT/TERMINAL 8,5652
7.430441260309652e+17,FRESH POND RD/LINDEN ST,178
7.489948472049199e+17,2 AV/E 54 ST,76
7.449067741562806e+17,FREDERICK DOUGLASS BLVD/W 138 ST,184
7.449089349216831e+17,FREDERICK DOUGLASS BLVD/W 138 ST,184
7.449096211636712e+17,2 AV/E 25 ST,154
7.449321422697752e+17,PENNSYLVANIA AV/HEGEMAN AV,152
7.449350004424502e+17,REMSEN AV/LINDEN BLVD,70
7.450514251646349e+17,SARATOGA AV/BAINBRIDGE ST,143
7.491390837262912e+17,GREENPOINT AV/47 ST,658
7.492783704802623e+17,ASTORIA BLVD SOUTH/STEINWAY ST,1558
7.494459151646056e+17,ATLANTIC AV/HENRY ST,313
7.494947458119666e+17,6 AV/W 57 ST,21
7.494968037772104e+17,KISSENA BLVD/MULBERRY AV,623
7.497910809906255e+17,1 AV/E 11 ST,77
7.453003711583556e+17,MARCUS GARVEY BLVD/PARK AV,168
7.453774649615999e+17,BROADWAY/PARK ST,92
7.455552720154235e+17,W 37 ST/CANAL AV,1069
7.456270399319451e+17,1 AV/E 93 ST,126
7.456325499526012e+17,W 50 ST/11 AV,127
7.456403119646285e+17,5 AV/45 ST,103
7.497913925490266e+17,1 AV/E 11 ST,77
7.430481676765844e+17,OLD FULTON ST/ELIZABETH PL,303
7.431447255811584e+17,DEAN ST/WASHINGTON AV,27
7.434053741312063e+17,10 AV/W 47 ST,125
7.434074530436257e+17,11 ST/JACKSON AV,591
7.434307663484598e+17,BEDFORD AV/LENOX RD,134
7.435529653656925e+17,FLATBUSH AV/E 35 ST,365
7.498087429678482e+17,S 5 ST/RODNEY ST,158
7.499944044898726e+17,11 AV/W 42 ST,99
7.499952086800678e+17,10 AV/W 53 ST,110
7.500231992434575e+17,3 AV/3 ST,607
7.500632104574546e+17,SAINT JOHNS PL/WASHINGTON AV,55
7.456470507446248e+17,23 AV/87 ST,824
7.456889482819469e+17,23 AV/87 ST,284
7.45717159444275e+17,82 ST/ROOSEVELT AV,1244
7.457512966962834e+17,BROADWAY/WYTHE AV,7
7.457551120760503e+17,ATLANTIC AV/CLINTON ST,298
7.458817118556913e+17,SEAVIEW AV/E 105 ST,163
7.461043220161718e+17,VANDERBILT AV/ATLANTIC AV,12
7.501010146371585e+17,BEDFORD AV/S 4 ST,133
7.441119744909939e+17,SENECA AV/BLEECKER ST,154
7.441594802699452e+17,FORT WASHINGTON AV/W 181 ST,106
7.44215016935385e+17,EAST TREMONT AV/COMMONWEALTH AV,251
7.442332859594367e+17,COLUMBUS AV/W 69 ST,79
7.442549800574845e+17,LEWIS AV/PULASKI ST,128
7.442624935507962e+17,COLUMBUS AV/W 69 ST,79
7.442783258801413e+17,MADISON AV/E 118 ST,173
7.44290969874871e+17,ROOSEVELT AV/PRINCE ST,172
7.503001470697016e+17,GRAND AV/CALAMUS AV,488
7.504772677986996e+17,MORRIS PARK AV/BARNES AV,528
7.504945886623729e+17,PELHAM PKWY/MULINER AV,562
7.461168889570902e+17,E 34 ST/2 AV,136
7.4628441427637e+17,MADISON ST/MONTGOMERY ST,88
7.463143090074314e+17,HALSEY ST/MALCOLM X BLVD,70
7.463735856636545e+17,BEDFORD AV/PROSPECT PL,128
7.464489406304429e+17,LEXINGTON AV/E 28 ST,146
7.466094153239329e+17,ATLANTIC AV/ELDERT LN,342
7.505052829073806e+17,MORRIS PARK AV/DELANCEY PL,619
7.505313940250625e+17,E 96 ST/2 AV,33
7.505937809762043e+17,BERGEN ST/BUFFALO AV,272
7.50630709509834e+17,BROADWAY/ARION PL,131
7.50710871111683e+17,south conduit en eb/cohancy st,1760
7.443072582259538e+17,ASTORIA BLVD/STEINWAY ST,713
7.443590148705283e+17,147 AV/184 ST,384
7.443625290940047e+17,AMSTERDAM AV/W 125 ST,11
7.529088645417887e+17,VARICK ST/CHARLTON ST,70
7.529219533552389e+17,FOSTER AV/ARGYLE RD,70
7.5297915879193e+17,HORACE HARDING EXPWY/136 ST,357
7.533560863462831e+17,PITMAN AV/MURDOCK AV,828
7.507237102854717e+17,BEDFORD AV/SNYDER AV,103
7.466678524075315e+17,ATLANTIC AV/ELDERT LN,538
7.468316028930095e+17,VANDERBILT AV/ATLANTIC AV,12
7.468528900772758e+17,BOSTON RD/ARNOW AV,73
7.468969263094926e+17,TOMPKINS AV/WILLOUGHBY AV,172
7.469257051110067e+17,HOMELAWN ST/HIGHLAND AV,237
7.507539040009984e+17,SAINT JOHNS PL/WASHINGTON AV,92
7.508356312348316e+17,EUCLID AV/PITKIN AV,177
7.508489767008668e+17,WEST KINGSBRIDGE RD/KINGSBRIDGE TERR,124
7.50878732923936e+17,AMSTERDAM AV/W 81 ST,117
7.50897244570425e+17,LINDEN BLVD/219 ST,26
7.509005334407781e+17,GLENWOOD RD/E 104 ST,239
7.509146353454482e+17,130 PL/BERGEN RD,2155
7.535295243558335e+17,NEREID AV/BRUNER AV,10
7.535744826094079e+17,94 ST/23 AV,270
7.535846998782847e+17,SMITH ST/DOUGLASS ST,162
7.536256255667672e+17,REMSEN AV/SEAVIEW AV,266
7.539259944431144e+17,21 ST/35 AV,1321
7.541344782427263e+17,W 49 ST/8 AV,245
7.542611980807247e+17,COLUMBUS AV/W 80 ST,140
7.543030144919589e+17,1 AV/E 89 ST,70
7.543052968916174e+17,ATLANTIC AV/ELDERT LN,208
7.509347166080559e+17,130 PL/BERGEN RD,2155
7.509382258560548e+17,55 ST/4 AV,63
7.470051334690532e+17,2 AV/E 111 ST,278
7.470201411882836e+17,7 AV/9 ST,60
7.470242220079086e+17,PEARL ST/FULTON ST,143
7.470346349935201e+17,ATLANTIC AV/114 ST,340
7.471285781474405e+17,E 9 ST/1 AV,181
7.47270118567166e+17,3 AV/SENATOR ST,140
7.509415426110472e+17,130 PL/BERGEN RD,2155
7.510030750157126e+17,FLATLANDS AV/E 77 ST,159
7.510335666353783e+17,ADAM C POWELL BLVD/W 141 ST,79
7.511978614866803e+17,VANDERBILT AV/ATLANTIC AV,12
7.472715419867062e+17,MADISON ST/PIKE ST,21
7.472814645419048e+17,WAKEMAN PL/3 AV,115
7.472860944604616e+17,WAKEMAN PL/3 AV,70
7.476980591985074e+17,BORINQUEN PL/S 1 ST,104
7.477188131712438e+17,ATLANTIC AV/ELDERT LN,238
7.477221954923936e+17,ATLANTIC AV/ELDERT LN,188
7.543305911397207e+17,PELHAM PKWY/MULINER AV,658
7.543896180365938e+17,LINDEN BLVD/222 ST,126
7.543960500808644e+17,FORT WASHINGTON AV/W 172 ST,16
7.54446798370738e+17,CHURCH AV/E 42 ST,131
7.544950195904012e+17,SUTTER AV/GRANT AV,91
7.545318623091776e+17,21 ST/BROADWAY,1366
7.545323333147716e+17,2 AV/E 6 ST,62
7.512642436803176e+17,6 AV/SPRING ST,192
7.51266564043594e+17,FLATLANDS AV/ E 103 ST,67
7.51321782606559e+17,GRAND AV/84 ST,287
7.513274499385119e+17,NASSAU AV/MANHATTAN AV,99
7.513592717855658e+17,W 49 ST/8 AV,258
7.513989727467245e+17,BROADWAY/W 165 ST,70
7.545814859163917e+17,FULTON ST/BUFFALO AV,209
7.546045786081661e+17,FLUSHING AV/EVERGREEN AV,269
7.546194318499606e+17,FLUSHING AV/EVERGREEN AV,144
7.547050505085763e+17,23 AV/87 ST,1048
7.54903813460938e+17,HOLLIS AV/212 ST,10
7.549125010090209e+17,HALSEY ST/RALPH AV,170
7.477881766710619e+17,GREENE AV/CLASSON AV,125
7.477957880525793e+17,E 167 ST/MORRIS AV,61
7.478119799066999e+17,GRAND CONCOURSE/E 175 ST,174
7.48008078823445e+17,BROADWAY/WALKER ST,151
7.480576804266935e+17,BROADWAY/GRAND ST,128
7.484700117970035e+17,MERRICK BLVD/231 ST,409
7.514976203458778e+17,39 ST/6 AV,171
7.515271524431761e+17,E 14 ST/2 AV,175
7.515446810825787e+17,MYRTLE AV/IRVING AV,95
7.515602713960481e+17,RIVERSIDE DR/W 82 ST,140
7.515902537776415e+17,SAINT NICHOLAS AV/W 181 ST,40
7.516996364573957e+17,HORACE HARDING EXPWY/153 ST,633
7.517330683178414e+17,SARATOGA AV/MARION ST,75
7.518005777471387e+17,SAINT NICHOLAS AV/W 150 ST,89
7.484935360874792e+17,ASTORIA BLVD SOUTH/77 ST,1147
7.48515135755017e+17,CITY ISLAND AV/ROCHELLE ST,22
7.48515700543196e+17,W 145 ST/CONVENT AV,74
7.485318748607581e+17,BROADWAY/GRAND ST,31
7.486494523675896e+17,NOSTRAND AV/FULTON ST,136
7.566502228238918e+17,HAMILTON AV/SAINT MARKS PL,264
7.566605347240541e+17,KINGSTON AV/ATLANTIC AV,153
7.549649757253929e+17,BROADWAY/MADISON ST,170
7.549702767934068e+17,BROADWAY/DE KALB AV,138
7.549795664129958e+17,MYRTLE AV/CLINTON AV,81
7.549832169925248e+17,FLATBUSH AV/BROOKLYN AV,429
7.551057722268255e+17,E 57 ST/2 AV,193
7.552207379643817e+17,CRESCENT ST/ETNA ST,108
7.520696081967246e+17,VANDERBILT AV/ATLANTIC AV,12
7.520701791193855e+17,COLUMBUS AV/W 100 ST,156
7.521240193307039e+17,ATLANTIC AV/ELTON ST,358
7.521240668369714e+17,ALLEN ST/DELANCEY ST,140
7.521244177455025e+17,ALLEN ST/DELANCEY ST,132
7.521696177658527e+17,2 AV/E 64 ST,85
7.552213944061422e+17,21 ST/BROADWAY,992
7.552368680745335e+17,21 ST/BROADWAY,687
7.552676971224823e+17,NORTH BOUNDARY RD/150 AV,1634
7.552864606636384e+17,MYRTLE AV/79 ST,379
7.553306296075145e+17,149 AV/253 ST,338
7.553355512918985e+17,HALSEY ST/HOWARD AV,179
7.553863895421981e+17,CATHEDRAL PKWY/BROADWAY,112
7.522967387533281e+17,MANHATTAN AV/MESEROLE AV,313
7.523857165659382e+17,FARMERS BLVD/143 RD,152
7.567378822593343e+17,ROGERS AV/LENOX RD,79
7.568866602772204e+17,CHURCH AV/TROY AV,805
7.569367913898742e+17,88 AV/PARSONS BLVD,249
7.570334827281196e+17,SPRINGFIELD BLVD/SOUTH CONDUIT AV,271
7.571494739203192e+17,FARMERS BLVD/145 DR,1003
7.572287747118499e+17,21 ST/38 AV,465
7.524085724502304e+17,82 ST/ROOSEVELT AV,1551
7.524086608703576e+17,west st/morris st,83
7.525144145506839e+17,11 ST/JACKSON AV,384
7.525444648122932e+17,CLASSON AV/DE KALB AV,3
7.526552287541674e+17,EAST HOUSTON ST/MOTT ST,75
7.553895474924644e+17,AVENUE N/E 54 ST,327
7.556344187787498e+17,KINGSLAND AV/LOMBARDY ST,218
7.556737086798422e+17,W 81 ST/CENTRAL PARK WEST,63
7.557191935736957e+17,8 AV/W 4 ST,84
7.557784668255267e+17,BROOKLYN-QUEENS EXPWY/47 ST,96
7.526555498823556e+17,E 14 ST/1 AV,91
7.527314344437495e+17,MERRICK BLVD/107 AV,507
7.572540225096015e+17,10 AV/W 53 ST,125
7.572770223931094e+17,10 AV/W 47 ST,179
7.573051918072888e+17,WEST HOUSTON ST/SULLIVAN ST,129
7.573633980867163e+17,MESEROLE ST/LORIMER ST,101
7.574062968404453e+17,AMSTERDAM AV/W 171 ST,37
7.574290765978932e+17,NEW LOTS AV/SCHENCK AV,63
7.57723885731661e+17,11 ST/JACKSON AV,566
7.528310718210666e+17,140 AV/SOUTHGATE ST,188
7.609934556814505e+17,FULTON ST/SARATOGA AV,201
7.557842072388728e+17,LINCOLN AV/BRUCKNER BLVD,167
7.55798852926375e+17,LINCOLN AV/BRUCKNER BLVD,94
7.558088647086798e+17,MYRTLE AV/HARMAN ST,261
7.558338451162467e+17,E 34 ST /1 AV,94
7.558635506721247e+17,ASTORIA BLVD/STEINWAY ST,983
7.558643090026455e+17,ASTORIA BLVD/STEINWAY ST,1234
7.56017911613113e+17,GRAND CONCOURSE/E 182 ST,161
7.610605739914678e+17,94 ST/23 AV,135
7.610811639938335e+17,EAST TREMONT AV/GRAND CONCOURSE EAST,212
7.61092020586434e+17,LORIMER ST/DRIGGS AV,26
7.610956961613019e+17,140 AV/THURSTON ST,587
7.563150026916182e+17,AVENUE D/E 39 ST,137
7.563367427476828e+17,1 AV/E 11 ST,77
7.56337045983238e+17,1 AV/E 11 ST,77
7.563397627602842e+17,AMSTERDAM AV/W 100 ST,77
7.563401187530597e+17,AMSTERDAM AV/W 100 ST,77
7.613547936825336e+17,BROADWAY/W 91 ST,67
7.578620198755804e+17,ROGERS AV/LINDEN BLVD,21
7.578830324062899e+17,GRAHAM AV/GRAND ST,15
7.581709780750936e+17,MORRIS AV/E 174 ST,178
7.585998431514048e+17,AVENUE C/E 8 ST,150
7.58797764317872e+17,BEDFORD AV/DEAN ST,64
7.614409645510454e+17,W 50 ST/9 AV,59
7.615700238407461e+17,ASTORIA BLVD/STEINWAY ST,977
7.615904680276631e+17,LEXINGTON AV/E 102 ST,124
7.616136931259255e+17,7 AV/W 31 ST,174
7.616162129748026e+17,GATES AV/PATCHEN AV,196
7.616623596901652e+17,BROADWAY/ABERDEEN ST,264
7.58848341186428e+17,3 AV/E 20 ST,125
7.588983829058495e+17,FULTON ST/HOWARD AV,13
7.589544220502712e+17,AVENUE L/E 82 ST,411
7.589729029739032e+17,FRESH POND RD/LINDEN ST,209
7.592307677678303e+17,PITKIN AV/AMBOY ST,239
7.593121595473212e+17,WILSON AV/PUTNAM AV,246
7.593271965564384e+17,W 34 ST/DYER AV,167
7.616667181239053e+17,LIBERTY AV/REMINGTON ST,630
7.563751202852617e+17,ALLEN ST/DELANCEY ST,58
7.5654053621036e+17,GRAND CONCOURSE/E 153 ST,235
7.565419053026463e+17,GLENWOOD RD/E 39 ST,163
7.565925092775103e+17,HILLSIDE AV/215 PL,199
7.566060609758628e+17,NEREID AV/CARPENTER AV,232
7.640288324605856e+17,MYRTLE AV/79 ST,325
7.640320783032621e+17,MORRIS AV/E 169 ST,146
7.616891853017542e+17,FULTON ST/HOWARD AV,232
7.617015708053042e+17,149 AV/241 ST,8120
7.617512186203912e+17,LEXINGTON AV/E 102 ST,79
7.593954483276776e+17,MYRTLE AV/CLINTON AV,102
7.595103236197659e+17,6 AV/W 29 ST,129
7.595661582171944e+17,CLARKSON AV/ROGERS AV,59
7.618114221933969e+17,JOHNSON AV/BUSHWICK PL,413
7.618266482381871e+17,UNIVERSITY AV/W 190 ST,139
7.619990929435306e+17,E 10 ST/AVENUE C,129
7.621063845160792e+17,NOSTRAND AV/BERGEN ST,98
7.621083557577801e+17,WASHINGTON AV/BERGEN ST,71
7.641604452704164e+17,ATLANTIC AV/ELDERT LN,230
7.642043239923846e+17,SEDGWICK AV/STEVENSON PL,3
7.643206252951084e+17,BOWERY/BAYARD ST,141
7.644514005409555e+17,BEDELL ST/BAISLEY BLVD,279
7.644966217164157e+17,6 AV/W 10 ST,132
7.645095345155168e+17,21 ST/BROADWAY,420
7.645753495437359e+17,WEST HOUSTON ST/HUDSON ST,208
7.622354439685823e+17,MAIN ST/MELBOURNE AV,2818
7.62241527257255e+17,2 AV/E 94 ST,160
7.622615532886153e+17,VARICK ST/WATTS ST,231
7.622868605489705e+17,SARATOGA AV/BAINBRIDGE ST,183
7.596181260644678e+17,21 ST/35 ST,633
7.596294834919782e+17,E 86 ST/2 AV,121
7.596446404714492e+17,21 ST/35 ST,637
7.599889213238775e+17,JOHNSON AV/WHITE ST,273
7.600251651407636e+17,SOUNDVIEW AV/LACOMBE AV,545
7.600673898767089e+17,JACKSON AV/DAVIS ST,56
7.600865363682753e+17,WOODPOINT RD/CONSELYEA ST,229
7.600940786624014e+17,E 79 ST/1 AV,49
7.601080516714003e+17,WESTCHESTER AV/MANOR AV,324
7.623121606510894e+17,5 AV/W 20 ST,194
7.645784416771758e+17,MALCOLM X BLVD/W 132 ST,156
7.645800206308154e+17,MYRTLE AV/BUSHWICK AV,143
7.64627669435933e+17,CHURCH AV/E 42 ST,292
7.646493003746792e+17,FULTON ST/CLERMONT AV,133
7.647666082382161e+17,SAINT NICHOLAS AV/W 181 ST,23
7.648189577058426e+17,FREDERICK DOUGLASS BLVD/W 140 ST,121
7.62330782833633e+17,E 10 ST/AVENUE D,204
7.623546677940207e+17,WYCKOFF AV/CORNELIA ST,158
7.623556347889046e+17,WILSON AV/WILLOUGHBY AV,212
7.623841399407058e+17,WATER ST/PINE ST,145
7.623889755850264e+17,OCEAN AV/PARKSIDE AV,178
7.624169139121532e+17,8 AV/44 ST,129
7.60108593429302e+17,WESTCHESTER AV/MANOR AV,80
7.601734718244483e+17,FLUSHING AV/HUMBOLDT ST,97
7.60190109240681e+17,WILSON AV/JEFFERSON ST,275
7.602512697200963e+17,ASTORIA BLVD SOUTH/STEINWAY ST,1879
7.602652996291964e+17,LAFAYETTE AV/CARLTON AV,164
7.603162487049412e+17,8 AV/W 46 ST,152
7.603165677196283e+17,KISSENA BLVD/ROSE AV,265
7.603706088439773e+17,FINGERBOARD RD/LINCOLN PL,164
7.603771488967466e+17,SAINT JOHNS PL/WASHINGTON AV,54
7.650174536082353e+17,CLYDE PL/ARNOLD ST,256
7.650878188511581e+17,ROGERS AV/CLARENDON RD,72
7.651118410015843e+17,E 68 ST/2 AV,115
7.651188446762127e+17,YORK AV/E 88 ST,75
7.651486678992151e+17,8 AV/W 31 ST,121
7.65179360601952e+17,W 34 ST/6 AV,136
7.652239648751736e+17,10 AV/W 47 ST,179
7.65229505754817e+17,GATES AV/PATCHEN AV,96
7.624292456669439e+17,WATER ST/PINE ST,145
7.624335182450166e+17,PIKE ST/DIVISION ST,21
7.624589917846564e+17,JAMAICA AV/112 ST,263
7.624748214565215e+17,WATER ST/PINE ST,145
7.624804815807356e+17,BROADWAY/DYCKMAN ST,356
7.604258760570391e+17,ASTORIA BLVD/STEINWAY ST,305
7.624820976172183e+17,WATER ST/PINE ST,145
7.62485685708703e+17,WATER ST/PINE ST,145
7.62491072924708e+17,WATER ST/PINE ST,145
7.625078824537656e+17,83 ST/ROOSEVELT AV,1332
7.625264837013204e+17,DIVISION AV/BERRY ST,206
7.625445708465706e+17,MORRIS AV/E 163 ST,297
7.652810569802644e+17,2 AV/E 82 ST,203
7.652981300993518e+17,BROADWAY/W 152 ST,253
7.653276024168691e+17,SARATOGA AV/ATLANTIC AV,164
7.653752465532124e+17,SAINT NICHOLAS AV/W 141 ST,118
7.654817814415561e+17,CROTONA AV/E 183 ST,107
7.656736257862049e+17,MORRIS PARK AV/BARNES AV,270
7.658072879455521e+17,52 ST/2 AV,141
7.625458405323976e+17,BROADWAY/GRANITE ST,249
7.608083277418618e+17,HAMPTON ST/BAXTER AV,521
7.608315778800223e+17,ATLANTIC AV/WOODHAVEN BLVD,18
7.608615332514176e+17,2 AV/E 28 ST,72
7.609142088448499e+17,ATLANTIC AV/NEVINS ST,151
7.609261549388911e+17,CLARKSON AV/BEDFORD AV,88
7.666665809769233e+17,LEXINGTON AV/E 40 ST,87
7.666678225623451e+17,LEXINGTON AV/E 40 ST,87
7.666683315268938e+17,LEXINGTON AV/E 40 ST,87
7.666688489622629e+17,LEXINGTON AV/E 40 ST,87
7.6277131346189e+17,82 ST/ROOSEVELT AV,821
7.62771372362453e+17,82 ST/ROOSEVELT AV,817
7.659552368622574e+17,ADAM C POWELL BLVD/W 138 ST,53
7.659900252049676e+17,4 AV/BAY RIDGE PKWY,145
7.660648425188581e+17,MALCOLM X BLVD/LAFAYETTE AV,190
7.660651408233101e+17,149 AV/242 ST,7656
7.6609608606318e+17,AMSTERDAM AV/W 135 ST,65
7.660965226346077e+17,ESSEX ST/RIVINGTON ST,150
7.661206038192253e+17,E 34 ST/PARK AV,172
7.62777419274014e+17,MYRTLE AV/BUSHWICK AV,259
7.666778843071515e+17,MELROSE AV/E 158 ST,151
7.666849271716311e+17,NOSTRAND AV/HAWTHORNE ST,55
7.667601018255338e+17,5 AV/53 ST,58
7.667780230162908e+17,FULTON ST/SCHENECTADY AV,285
7.667791854457097e+17,BOWERY/SPRING ST,114
7.668119674959136e+17,LORIMER ST/MESEROLE ST,83
7.627796848415846e+17,VANDERBILT AV/ATLANTIC AV,12
7.627802130032676e+17,WATERSIDE PLAZA/WATERSIDE 1,64
7.628287384128006e+17,SUTTER AV/MILLER AV,224
7.62880885741148e+17,AVENUE C/E 8 ST,79
7.630445874789892e+17,2 AV/E 75 ST,163
7.661392551333201e+17,SAINT MARKS PL/2 AV,81
7.661438511411136e+17,3 AV/E 88 ST,109
7.661544115114327e+17,MALCOLM X BLVD/GREENE AV,148
7.66185201488093e+17,BROOKVILLE BL/147 DR,241
7.661863742555665e+17,LINDEN BLVD/SUTPHIN BLVD,1179
7.66247328646786e+17,LINDEN BLVD/SUTPHIN BLVD,1150
7.662540983032218e+17,KINGSLAND AV/MASPETH AV,314
7.630580201659284e+17,8 AV/W 52 ST,153
7.630584856140351e+17,COLUMBUS AV/W 97 ST,220
7.668673278293119e+17,BROADWAY/HULL ST,334
7.669070822038332e+17,BAY PKWY/67 ST,143
7.669924401288448e+17,MARCUS GARVEY BLVD/MACDONOUGH ST,171
7.672318780096468e+17,NEW LOTS AV/MILLER AV,311
7.672768314986208e+17,5 AV/W 32 ST,106
7.672790848724077e+17,5 AV/W 32 ST,106
7.672906204591685e+17,5 AV/W 32 ST,106
7.630959354958692e+17,COLUMBUS AV/W 100 ST,105
7.631230277532586e+17,E 55 ST/1 AV,114
7.631251032856042e+17,FLATLANDS AV/FOUNTAIN AV,17
7.631863741589696e+17,LAFAYETTE AV/NOSTRAND AV,147
7.66278199081582e+17,21 ST/30 AV,101
7.665442187239062e+17,LORIMER ST/MESEROLE ST,13
7.665868631500653e+17,5 AV/W 32 ST,106
7.665870093056077e+17,5 AV/W 32 ST,106
7.665871140435475e+17,5 AV/W 32 ST,106
7.632569209915123e+17,ASTORIA BLVD/STEINWAY ST,482
7.673009345009833e+17,RODNEY ST/S 3 ST,78
7.673076308767817e+17,5 AV/W 32 ST,106
7.673100252674862e+17,5 AV/W 32 ST,106
7.6731048241655e+17,5 AV/W 32 ST,106
7.673359307718248e+17,VANDERBILT AV/STERLING PL,287
7.673792568969614e+17,THOMAS S BOYLAND ST/MACDOUGAL ST,72
7.675210980400137e+17,UNDERCLIFF AV/W 176 ST,261
7.63697427169275e+17,FRANCIS LEWIS BLVD/56 AV,221
7.637319667402203e+17,AVENUE D/E 4 ST,110
7.637658598907488e+17,HEMPSTEAD AV/221 ST,563
7.638863489529169e+17,GREENPOINT AV/46 ST,587
7.665878764801024e+17,5 AV/W 32 ST,106
7.66588749535982e+17,5 AV/W 32 ST,106
7.665909086408952e+17,MELROSE AV/E 156 ST,92
7.665947809379598e+17,5 AV/W 32 ST,106
7.665952421789974e+17,5 AV/W 32 ST,106
7.666025725424803e+17,EAST NEW YORK AV/E 92 ST,96
7.639107185101371e+17,BUFFALO AV/PROSPECT PL,93
7.678369158297002e+17,2 AV/E 39 ST,95
7.679165494460561e+17,HUDSON ST/PERRY ST,74
7.679168834993425e+17,HUDSON ST/PERRY ST,109
7.679198121322671e+17,VANDERBILT AV/PARK HILL LN,350
7.679646509337452e+17,5 AV/W 32 ST,106
7.67965856588216e+17,5 AV/W 32 ST,106
7.639486546550845e+17,BERGEN ST/GRAND AV,73
7.639981459975172e+17,WYCKOFF AV/STANHOPE ST,262
7.666514174550761e+17,LEXINGTON AV/E 40 ST,87
7.666514585676143e+17,LEXINGTON AV/E 40 ST,87
7.666550060577052e+17,3 AV/E 153 ST,33
7.666573482748024e+17,LEXINGTON AV/E 40 ST,87
7.666595726458825e+17,LEXINGTON AV/E 40 ST,87
7.640095350106199e+17,FULTON ST/NOSTRAND AV,84
7.708341590106798e+17,GRAND AV/GOLDSMITH ST,1238
7.708985987331196e+17,COLUMBIA ST/CONGRESS ST,237
7.709397459763574e+17,MADISON AV/E 132 ST,89
7.679676465520108e+17,5 AV/W 32 ST,106
7.679692201920099e+17,5 AV/W 32 ST,106
7.679713865490245e+17,5 AV/W 32 ST,106
7.680084440390865e+17,2 AV/E 75 ST,184
7.68051515089387e+17,21 ST/38 AV,499
7.680541256400238e+17,BEDFORD AV/N 8 ST,28
7.680554168165307e+17,6 AV/W 38 ST,78
7.709494876615053e+17,NASSAU AV/MANHATTAN AV,108
7.709518778174711e+17,5 AV/UNION ST,131
7.666599201336466e+17,LEXINGTON AV/E 40 ST,87
7.666615420293555e+17,LEXINGTON AV/E 40 ST,87
7.666628510612577e+17,LEXINGTON AV/E 40 ST,87
7.66663775895315e+17,LEXINGTON AV/E 40 ST,87
7.666650565519453e+17,LEXINGTON AV/E 40 ST,87
7.666661529272969e+17,LEXINGTON AV/E 40 ST,87
7.738992306844554e+17,JAMAICA AV/HENDRIX ST,93
7.709722617804178e+17,RIVER AV/E 157 ST,152
7.710204238137682e+17,GRAHAM AV/AINSLIE ST,90
7.710876895989801e+17,8 AV/W 20 ST,76
7.682393036254606e+17,37 AV/104 ST,189
7.682768902122171e+17,62 ST/75 AV,51
7.682820875630566e+17,62 ST/75 AV,51
7.683443999663e+17,120 AV/IRWIN PL,459
7.683677473408186e+17,SAINT JOHNS PL/KINGSTON AV,10
7.712016668791128e+17,ALLEN ST/CANAL ST,159
7.740388707833824e+17,JFK AIRPORT/TERMINAL 8,6263
7.74049935883707e+17,CHURCH AV/FLATBUSH AV,78
7.740625576801889e+17,BROADWAY/SCHAEFFER ST,42
7.740848918292124e+17,ROGERS AV/FENIMORE ST,62
7.741291938892319e+17,ALLERTON AV/WHITE PLAINS RD,182
7.741578146120404e+17,EAST TREMONT AV/OVERING ST,115
7.744661754462124e+17,KINGS HWY/AVENUE J,188
7.746207282480824e+17,27 AV/2 ST,151
7.746390721036412e+17,CLARKSON AV/KINGS COUNTY HOSPITAL,855
7.71202794766986e+17,21 ST/BROADWAY,427
7.712294807858272e+17,HALSEY ST/BEDFORD AV,75
7.71248576049583e+17,GRAND ST/CLINTON ST,282
7.712708092416562e+17,WILSON AV/WOODBINE ST,289
7.714996663002423e+17,1 AV/E 64 ST,71
7.746537158939131e+17,CENTRE ST/BROOME ST,96
7.746692126219222e+17,2 AV/E 75 ST,153
7.747202865432244e+17,OLYMPIA BLVD/NORWAY AV,553
7.747412447254775e+17,ALBANY AV/EAST NEW YORK AV,128
7.74761471642616e+17,SENECA AV/STOCKHOLM ST,204
7.747668392132831e+17,SCHAEFER ST/WILSON AV,56
7.747780348078081e+17,MORRIS AV/E 172 ST,78
7.748024080050546e+17,BROADWAY/W 153 ST,202
7.748267684512017e+17,21 ST/BROADWAY,488
7.715912418859656e+17,2 AV/E 75 ST,68
7.684692489293322e+17,SUTTER AV/HENDRIX ST,221
7.688587754917531e+17,E 9 ST/3 AV,49
7.689115821176701e+17,9 AV/W 20 ST,120
7.689620037867301e+17,FULTON ST/ROCKAWAY AV,110
7.690429121389055e+17,KINGSTON AV/PROSPECT PL,174
7.690613331763366e+17,SAINT JOHNS PL/KINGSTON AV,114
7.690779022155315e+17,KINGSTON AV/SAINT JOHNS PL,210
7.692037886487585e+17,30 AV/21 ST,223
7.717402068909696e+17,GREENPOINT AV/47 ST,1180
7.717807275943973e+17,SAINT NICHOLAS AV/W 150 ST,57
7.718146190001888e+17,DRIGGS AV/N 7 ST,115
7.718170369514952e+17,10 AV/W 45 ST,71
7.718701366100572e+17,GREENPOINT AV/47 ST,416
7.719183902643005e+17,EAST HOUSTON ST/NORFOLK ST,30
7.694233447345498e+17,FULTON ST/WASHINGTON AV,250
7.695249919175272e+17,2 AV/E 12 ST,189
7.695968999066159e+17,MURDOCK AV/196 ST,175
7.697717895264874e+17,W 34 ST/5 AV,108
7.697989161111014e+17,MYRTLE AV/WALWORTH ST,190
7.698209046800564e+17,MANHATTAN AV/CLAY ST,68
7.701300154510262e+17,ARLINGTON PL/NORTHFIELD AV,118
7.748439997423501e+17,MYRTLE AV/MARCY AV,270
7.748471383465023e+17,BROADWAY/DYCKMAN ST,242
7.749974940596851e+17,SUTTER AV/MONTAUK AV,90
7.751411575580325e+17,CLEVELAND  PL/SPRING ST,228
7.753287524628271e+17,ALBANY AV/MIDWOOD ST,275
7.75347520118312e+17,RALPH AV/PACIFIC ST,104
7.75370554168723e+17,COURT ST/1 PL,110
7.71962449581257e+17,FORT WASHINGTON AV/W 174 ST,890
7.719677124569185e+17,5 AV/60 ST,171
7.72002179366812e+17,BROADWAY/W 140 ST,41
7.720034103291325e+17,SMITH ST/DOUGLASS ST,70
7.721631458873361e+17,GRAND AV/GOLDSMITH ST,1238
7.721985603268183e+17,149 AV/241 ST,7345
7.722340888778349e+17,WEST THAMES ST/SOUTH END AV,120
7.72279462487876e+17,113 DR/223 ST,439
7.75404417497255e+17,W 57 ST/6 AV,216
7.754049060980398e+17,ATLANTIC AV/WOODHAVEN BLVD,709
7.754081017431912e+17,W 42 ST/BROADWAY,185
7.75408494394004e+17,W 44 ST/6 AV,47
7.754923489202441e+17,MANHATTAN AV/W 113 ST,108
7.75598595236475e+17,MURDOCK AV/200 ST,171
7.756718241160906e+17,44 DR/JACKSON AV,23
7.702010337209084e+17,NOSTRAND AV/HAWTHORNE ST,134
7.702858713972339e+17,VANDERBILT AV/BERGEN ST,147
7.70288951055859e+17,BROADWAY/JEFFERSON AV,78
7.702902142545889e+17,JAMAICA AV/222 ST,407
7.703379067441436e+17,5 AV/W 14 ST,69
7.704837473735694e+17,RIVERDALE AV/W 263 ST,280
7.723044507474164e+17,W 106 ST/BROADWAY,150
7.723886546591131e+17,7 AV SOUTH/BARROW ST,192
7.724904569807798e+17,5 AV/W 32 ST,106
7.724925326366294e+17,5 AV/W 32 ST,106
7.725341527028396e+17,5 AV/W 32 ST,106
7.759662841465092e+17,HOYT AV SOUTH/31 ST,1886
7.760276201201074e+17,FDR DR/E 35 ST,93
7.760285532907092e+17,SAINT JOHNS PL/TROY AV,176
7.725440632393779e+17,CLARKSON AV/E 96 ST,122
7.725827410695854e+17,5 AV/W 32 ST,106
7.725828272547174e+17,5 AV/W 32 ST,106
7.72582961050465e+17,5 AV/W 32 ST,106
7.725830897734373e+17,5 AV/W 32 ST,106
7.705661787484314e+17,W 135 ST/ADAM C POWELL BLVD,134
7.706261112876554e+17,BEDFORD AV/DE KALB AV,127
7.776625775076814e+17,FLATBUSH AV/CLARENDON RD,347
7.776862451685915e+17,21 ST/30 AV,970
7.777605712189485e+17,CORONA AV/NATIONAL ST,461
7.77772607597689e+17,UTICA AV/PROSPECT PL,104
7.778194328224115e+17,METROTECH UNDERPASS/LAWRENCE ST,192
7.780120509708106e+17,ATLANTIC AV/BOERUM PL,74
7.725830964542271e+17,5 AV/W 32 ST,106
7.725831452834566e+17,5 AV/W 32 ST,106
7.725831734953537e+17,5 AV/W 32 ST,106
7.725832840308484e+17,5 AV/W 32 ST,106
7.725967820674426e+17,AMSTERDAM AV/W 147 ST,97
7.726070424800559e+17,LINDEN BLVD/FARMERS BLVD,144
7.726831594149171e+17,SEDGWICK AV/W 197 ST,386
7.760574683512874e+17,W 49 ST/10 AV,175
7.760589058287075e+17,RIVERSIDE DR/W 137 ST,53
7.760723630786194e+17,3 AV/E 17 ST,85
7.761032429369748e+17,BAY RIDGE PKWY/15 AV,421
7.761294533631091e+17,YORK ST/JAY ST,393
7.761523178502291e+17,MADISON AV/E 37 ST,150
7.761564994976173e+17,FULTON ST/ROCKWELL PL,88
7.762509073351393e+17,SARATOGA AV/BAINBRIDGE ST,149
7.727256586560259e+17,ATLANTIC AV/3 AV,169
7.780125665095987e+17,CHRISTOPHER ST/HUDSON ST,89
7.780582440217865e+17,NOSTRAND AV/MONTGOMERY ST,85
7.780853327863485e+17,61 ST/75 AV,80
7.782075419129192e+17,FLATLANDS AV/E 101 ST,269
7.782118621544886e+17,BROADWAY/HOOPER ST,24
7.782409856413117e+17,2 AV/E 13 ST,37
7.727300562773658e+17,ROGERS AV/STERLING ST,97
7.727569680911497e+17,BOWERY/SPRING ST,114
7.727674210175603e+17,SOUNDVIEW AV/CORNELL AV,211
7.72921509916924e+17,EAST HOUSTON ST/FORSYTH ST,184
7.729246915096736e+17,BEDFORD AV/S 2 ST,89
7.730156662037838e+17,GATES AV/WOODWARD AV,163
7.730443138562126e+17,SENECA AV/CORNELIA ST,101
7.762675274949466e+17,FLATBUSH AV/DORCHESTER RD,183
7.763328120951064e+17,LEXINGTON AV/E 94 ST,49
7.765251772199482e+17,149 AV/241 ST,7345
7.766158788913134e+17,1 AV/E 57 ST,43
7.766209300829329e+17,MADISON AV/E 37 ST,127
7.766855131714404e+17,MELROSE AV/E 152 ST,84
7.731003931414451e+17,3 AV/E 109 ST,93
7.731068033712626e+17,5 AV/W 32 ST,106
7.78372032945749e+17,MYRTLE AV/HART ST,392
7.784410973531956e+17,3 AV/E 121 ST,0
7.784573177548934e+17,E 161 ST/SHERMAN AV,153
7.784719983125336e+17,METROPOLITAN AV/N 5 ST,96
7.785720001290574e+17,E 34 ST/2 AV,201
7.785745425302825e+17,MERRICK BLVD/SELOVER RD,185
7.789618421800975e+17,MYRTLE AV/CARLTON AV,262
7.789696714318789e+17,ROCKAWAY AV/MACDOUGAL ST,90
7.790109379522668e+17,GLENWOOD RD/FLATBUSH AV,47
7.731075813773357e+17,5 AV/W 32 ST,106
7.731095477037335e+17,FORT WASHINGTON AV/W 175 ST,137
7.731172918112724e+17,5 AV/W 32 ST,106
7.731550785092339e+17,5 AV/W 32 ST,106
7.731560803391128e+17,5 AV/W 32 ST,106
7.76738128391277e+17,RIVERSIDE DR/W 142 ST,404
7.767591874426797e+17,LORIMER ST/TEN EYCK ST,73
7.76812321278979e+17,E 34 ST/3 AV,3
7.7695808143799e+17,ROCKAWAY PKWY/FARRAGUT RD,117
7.769758560459928e+17,GATES AV/IRVING AV,99
7.769891565322665e+17,FRANKLIN ST/GREEN ST,100
7.772101050365725e+17,AVENUE A/E 5 ST,99
7.774030514529688e+17,MORRIS AV/E 166 ST,168
7.731717599330993e+17,1 AV/E 60 ST,110
7.790540838482671e+17,61 ST/75 AV,80
7.790628335212691e+17,61 ST/75 AV,80
7.790667143625532e+17,61 ST/75 AV,80
7.790908548718088e+17,MYRTLE AV/HART ST,392
7.791152689815288e+17,CLARKSON AV/E 96 ST,30
7.7948259782571e+17,UNIVERSITY AV/W 192 ST,185
7.797762964132274e+17,6 AV/W 3 ST,53
7.73214568696699e+17,SAINT MARKS AV/BUFFALO AV,276
7.732376314314866e+17,ALBANY AV/ATLANTIC AV,146
7.732837046074669e+17,CLASSON AV/ATLANTIC AV,86
7.733054177699825e+17,COLUMBUS AV/W 106 ST,130
7.734117925676873e+17,GRAHAM AV/JACKSON ST,228
7.734511168462135e+17,CHURCH AV/FLATBUSH AV,51
7.736028508312223e+17,NEW LOTS AV/WARWICK ST,27
7.774287116824631e+17,LEXINGTON AV/E 37 ST,162
7.774308539254685e+17,21 ST/35 ST,885
7.774399669175567e+17,MESEROLE ST/LORIMER ST,191
7.775221823266234e+17,MADISON AV/E 47 ST,75
7.775226037101509e+17,GRAHAM AV/METROPOLITAN AV,69
7.775474712653996e+17,FORT WASHINGTON AV/W 172 ST,16
7.77563851225514e+17,GREENPOINT AV/47 ST,1478
7.775729307305885e+17,ALLERTON AV/LACONIA AV,179
7.737269545693814e+17,AMSTERDAM AV/LA SALLE ST,240
7.797853612882824e+17,JAMAICA AV/WOODHAVEN BLVD WEST,436
7.798057727455598e+17,MORNINGSTAR RD/BOWLES AV,3
7.798499983115602e+17,MERRICK BLVD/BAISLEY BLVD,339
7.799478905614377e+17,ASTORIA BLVD/STEINWAY ST,764
7.799738595252474e+17,149 AV/241 ST,7593
7.800060963083839e+17,ATLANTIC AV/WOODHAVEN BLVD,303
7.800125445757633e+17,5 AV/W 52 ST,113
7.738262161801951e+17,LAFAYETTE AV/BEDFORD AV,85
7.86557479422954e+17,3 AV/61 ST,114
7.865614428535761e+17,149 AV/241 ST,7345
7.865671649097728e+17,11 ST/45 AV,130
7.866890286976134e+17,BAY RIDGE PKWY/14 AV,212
7.802266371809737e+17,1 AV/E 91 ST,82
7.803307428197258e+17,TOMPKINS AV/MYRTLE AV,73
7.80355358535644e+17,HOYT AV/31 ST,613
7.803633553445792e+17,243 ST/145 AV,196
7.803675583870447e+17,243 ST/145 AV,99
7.867041549383631e+17,LEXINGTON AV/E 31 ST,209
7.818376178971948e+17,VANDERBILT AV/MYRTLE AV,10
7.818512537287987e+17,GREENPOINT AV/47 ST,1809
7.81921444998908e+17,FULTON ST/THOMAS S BOYLAND ST,168
7.819496455243113e+17,EAST GUN HILL RD/BURKE AV,36
7.819588288951729e+17,SHORE PKWY/SHEEPSHEAD BAY RD,63
7.819687682974401e+17,GRAHAM AV/AINSLIE ST,192
7.868130646655836e+17,E 57 ST/1 AV,35
7.86813426813213e+17,VANDERBILT AV/ATLANTIC AV,12
7.868137053846612e+17,E 96 ST/3 AV,158
7.86824512560944e+17,EAST NEW YORK AV/SACKMAN ST,224
7.823005838293331e+17,VAN WYCK SOUTH SERVICE RD/BUILDING 90,17153
7.824040148551999e+17,E 96 ST/3 AV,158
7.824224853595429e+17,COURT ST/PRESIDENT ST,411
7.825953396255907e+17,E 34 ST/2 AV,144
7.826022599849513e+17,3 AV/E 37 ST,112
7.826610080195508e+17,EAST BROADWAY/PIKE ST,94
7.82837059423534e+17,PARSONS BLVD/WILLETS POINT BLVD,30
7.805608998916074e+17,UNIVERSITY AV/1910 UNIVERSITY AV,214
7.807933863087135e+17,HUDSON ST/BETHUNE ST,5
7.808737949764316e+17,GATES AV/EVERGREEN AV,218
7.808971415196398e+17,GATES AV/BUSHWICK AV,158
7.868950304972408e+17,AVENUE U/E 59 ST,1208
7.869150406121569e+17,FRESH POND RD/59 DR,68
7.869443189021533e+17,SARATOGA AV/BAINBRIDGE ST,196
7.869866453613684e+17,DRIGGS AV/N 7 ST,94
7.870032203768956e+17,BOWERY/SPRING ST,114
7.870654833972063e+17,FREDERICK DOUGLASS BLVD/W 138 ST,90
7.871692348850742e+17,E 57 ST/2 AV,112
7.871971767172991e+17,6 AV/WEST HOUSTON ST,55
7.828685509180585e+17,EAST NEW YORK AV/SCHENECTADY AV,351
7.829326516040193e+17,WILLIS AV/E 138 ST,241
7.831972306973157e+17,WATER ST/JOHN ST,265
7.832912004687683e+17,ALLEN ST/DELANCEY ST,23
7.833054720991813e+17,HUDSON ST/BARROW ST,158
7.872383075216732e+17,lincoln tnl app/lincoln tnl app,305
7.810701673261352e+17,WYTHE AV/METROPOLITAN AV,84
7.811791554795299e+17,W 23 ST/7 AV,14
7.812418253968225e+17,HAMPTON ST/BRITTON AV,406
7.812428163489059e+17,W 34 ST/8 AV,46
7.81311253609661e+17,CHURCH AV/E 94 ST,82
7.813534934832936e+17,EAST HOUSTON ST/MOTT ST,129
7.8135425717722e+17,FARMERS BLVD/109 AV,71
7.873225463451917e+17,149 AV/241 ST,7345
7.875470468451878e+17,LAFAYETTE AV/CARLTON AV,82
7.875504277916485e+17,6 AV/W 27 ST,97
7.875643134043365e+17,BROADWAY/WARREN ST,55
7.875908585450075e+17,CLEVELAND  PL/SPRING ST,92
7.813871622753199e+17,FOSTER AV/E 29 ST,52
7.81400979774367e+17,W 37 ST/NEPTUNE AV,662
7.814475537726332e+17,WYCKOFF AV/DE KALB AV,17
7.816887729832696e+17,E 34 ST /1 AV,31
7.816895253350943e+17,E 10 ST/AVENUE C,81
7.876395670256879e+17,JAMAICA AV/144 PL,33
7.833247497667969e+17,MADISON AV/E 34 ST,113
7.833509668066401e+17,PROSPECT PARK WEST/18 ST,95
7.833874914358637e+17,DITMARS BLVD/102 ST,466
7.83420775267244e+17,SENECA AV/BLEECKER ST,218
7.835224208405784e+17,HALSEY ST/TOMPKINS AV,95
7.836039595423807e+17,LAFAYETTE AV/LEWIS AV,207
7.836151627516179e+17,LEWIS AV/GREENE AV,86
7.878577357971611e+17,ALBANY AV/HAWTHORNE ST,231
7.878669356496356e+17,BEDFORD AV/N 5 ST,54
7.879178819884261e+17,149 AV/241 ST,7345
7.879270734132556e+17,LINDEN BLVD/79 ST,547
7.879990658872274e+17,EAST BROADWAY/MARKET ST,128
7.880552709492924e+17,149 AV/241 ST,7345
7.817611252357389e+17,SAINT JOHNS PL/ALBANY AV,181
7.818003488728233e+17,FULTON ST/ROCKAWAY AV,188
7.818042441041024e+17,JAMAICA AV/112 ST,138
7.912439219431973e+17,ROEBLING ST/GRAND ST,38
7.912505978748134e+17,21 ST/38 AV,792
7.912893774433967e+17,BARTOW AV/GUNTHER AV,215
7.913252320397283e+17,MYRTLE AV/111 ST,373
7.913628358781185e+17,PARK AV/CARLTON AV,89
7.880706640748567e+17,149 AV/241 ST,7345
7.88192708878692e+17,DREW ST/SUTTER AV,349
7.882325718113859e+17,FARMERS BLVD/113 RD,239
7.882475082048838e+17,VANDERBILT AV/ATLANTIC AV,12
7.836194137546139e+17,LAFAYETTE AV/STUYVESANT AV,238
7.836232349372809e+17,LAFAYETTE AV/STUYVESANT AV,224
7.83995604151733e+17,BEDFORD AV/N 3 ST,69
7.840068075309116e+17,E 80 ST/PAERDEGAT 7 ST,159
7.840233023251645e+17,DIVISION AV/WYTHE AV,127
7.84124479509854e+17,BELL BLVD/24 AV,542
7.841553841805962e+17,PUTNAM AV/FRESH POND RD,250
7.842942779936276e+17,OCEAN AV/AVENUE V,74
7.846724582058135e+17,1 AV/E 11 ST,196
7.84739684946519e+17,FULTON ST/LAFAYETTE AV,38
7.883286748000302e+17,BROADWAY/MOSHOLU AV,218
7.884655051698399e+17,W 34 ST/9 AV,111
7.88512025481953e+17,NOSTRAND AV/CARROLL ST,92
7.913715243307503e+17,PARK AV/CARLTON AV,89
7.914605841871663e+17,EUCLID AV/BLAKE AV,53
7.915396468070271e+17,FORT WASHINGTON AV/W 187 ST,202
7.915473851520003e+17,JAMAICA AV/161 ST,102
7.918708726375653e+17,CADMAN PLAZA WEST/CLARK ST,235
7.918992118768118e+17,FLATBUSH AV/CHESTER CT,66
7.886232441883738e+17,CENTRE ST/GRAND ST,260
7.886367844356929e+17,MAIN ST/77 RD,394
7.886917985827214e+17,SAINT JOHNS PL/ALBANY AV,214
7.889728479002601e+17,CORONA AV/51 AV,420
7.847773655600109e+17,STANLEY AV/WILLIAMS AV,187
7.847967141616865e+17,130 PL/BERGEN RD,1536
7.848644043565212e+17,11 ST/47 AV,470
7.849082699766237e+17,MYRTLE AV/KNICKERBOCKER AV,133
7.849137726447798e+17,NEW YORK AV/PACIFIC ST,97
7.849923460561777e+17,HEMPSTEAD AV/217 LN,112
7.853071892486226e+17,GRAND ST/GRAHAM AV,163
7.853629658830048e+17,SMITH ST/WARREN ST,184
7.890294994906922e+17,SAYRES AV/179 PL,363
7.891993071997743e+17,NOSTRAND AV/EASTERN PKWY,52
7.919330171322289e+17,METROPOLITAN AV/UNION AV,89
7.919610346574243e+17,47 ST/GREENPOINT AV,97
7.920147635991286e+17,SOUTH CONDUIT AV/225 ST,1037
7.920165205382751e+17,PARK AV/CARLTON AV,89
7.920346331630811e+17,DREW ST/SUTTER AV,257
7.920364266124543e+17,DREW ST/SUTTER AV,233
7.920715720047994e+17,MESEROLE ST/LORIMER ST,164
7.892574305405897e+17,21 ST/44 DR,100
7.893155940164703e+17,MADISON ST/MARKET ST,146
7.894461253700996e+17,NEPTUNE AV/SHORE BLVD,44
7.854038556737514e+17,LEXINGTON AV/E 104 ST,168
7.854119092648858e+17,21 ST/38 AV,482
7.854413929435283e+17,5 AV/52 ST,43
7.85477500044951e+17,E 79 ST/2 AV,176
7.854997637953275e+17,E 79 ST/2 AV,176
7.855737900519779e+17,FRANKLIN AV/MADISON ST,65
7.855798795619818e+17,NEREID AV/CARPENTER AV,144
7.898181566267935e+17,E 55 ST/1 AV,82
7.898291479970547e+17,FRANKLIN AV/GREENE AV,76
7.898354637607643e+17,1 AV/E 52 ST,73
7.89847148265695e+17,SUTTON PL/E 55 ST,143
7.898509790806149e+17,SUTTON PL/E 55 ST,82
7.898572346585646e+17,ROGERS AV/BEVERLEY RD,147
7.920844817922134e+17,SCHAEFER ST/BUSHWICK AV,145
7.921277715389481e+17,NEW LOTS AV/HINSDALE ST,338
7.921346668272248e+17,BROADWAY/JEFFERSON AV,395
7.921542271012703e+17,MESEROLE ST/UNION AV,15
7.922500864450408e+17,WILLIAMSBRIDGE RD/ASTOR AV,165
7.922611065523764e+17,AMSTERDAM AV/W 86 ST,130
7.922995962517166e+17,W 42 ST/10 AV,73
7.924240494426721e+17,149 AV/241 ST,7345
7.927627853625332e+17,HUNTS POINT AV/FAILE ST,533
7.927664825470935e+17,FRANCIS LEWIS BLVD/256 ST,88
7.900407383355834e+17,FLATBUSH AV/DORCHESTER RD,453
7.901107121102822e+17,2 AV/E 33 ST,62
7.901269505955479e+17,AMSTERDAM AV/W 77 ST,108
7.856016969009591e+17,LORIMER ST/MESEROLE ST,29
7.856142586415604e+17,JAMAICA AV/77 ST,362
7.856371695172676e+17,MESEROLE ST/UNION AV,42
7.856883527142473e+17,9 AV/W 55 ST,212
7.857407937496195e+17,QUEENS BLVD/87 AV,61
7.861368948694623e+17,UTICA AV/DEAN ST,111
7.861490743694373e+17,LACONIA AV/E 233 ST,217
7.861530512976831e+17,MORRIS AV/E 169 ST,183
7.861783015724087e+17,8 AV/W 52 ST,170
7.862192938004118e+17,2 AV/E 46 ST,113
7.901333298163368e+17,DREW ST/SUTTER AV,258
7.903335760795e+17,FORT WASHINGTON AV/W 171 ST,100
7.927751013607849e+17,E 79 ST/2 AV,176
7.927937587462804e+17,WEST HOUSTON ST/AVENUE OF THE AMERICAS,93
7.927975389297613e+17,2 AV/E 75 ST,17
7.92827337331391e+17,FARMERS BLVD/113 RD,376
7.928946033799805e+17,BERGEN ST/ALBANY AV,172
7.930610285247923e+17,ASTORIA BLVD SOUTH/STEINWAY ST,1507
7.930773196276191e+17,UTICA AV/PROSPECT PL,139
7.930778557095585e+17,AVENUE N/E 57 ST,51
7.933053350271867e+17,VANDERBILT AV/ATLANTIC AV,12
7.905260782048763e+17,SAINT NICHOLAS AV/W 187 ST,85
7.905277923001284e+17,GRAHAM AV/SCHOLES ST,143
7.905301438121444e+17,CROPSEY AV/17 AV,7
7.905459978853418e+17,CONEY ISLAND AV/TURNER PL,193
7.906811159007035e+17,LEWIS AV/MACDONOUGH ST,82
7.862917753483809e+17,NEREID AV/CARPENTER AV,148
7.863353451213702e+17,ALLEN ST/DELANCEY ST,130
7.863397551530047e+17,NEREID AV/CARPENTER AV,257
7.863510452725021e+17,NEREID AV/CARPENTER AV,63
7.863536251515654e+17,AVENUE D/UTICA AV,63
7.864536751699242e+17,AVENUE I/E 7 ST,416
7.958842982887716e+17,LEWIS AV/WILLOUGHBY AV,140
7.959051562729018e+17,SUTTER AV/BERRIMAN ST,339
7.93305971249109e+17,E 34 ST/1 AV,174
7.933062611074296e+17,2 AV/E 28 ST,73
7.933570928472197e+17,MALCOLM X BLVD/PUTNAM AV,112
7.934361805516977e+17,JERICHO TPKE/COMMONWEALTH BLVD,450
7.93439340837321e+17,HUNTS POINT AV/FAILE ST,287
7.934467150187444e+17,HUNTS POINT AV/COSTER ST,295
7.93471885965153e+17,FORT WASHINGTON AV/W 164 ST,83
7.935393658151674e+17,LEWIS AV/BAINBRIDGE ST,89
7.906823903295713e+17,JERICHO TPKE/COMMONWEALTH BLVD,203
7.90689611092003e+17,SENECA AV/CORNELIA ST,53
7.906904583738313e+17,PARK AV/WASHINGTON AV,55
7.908238629523094e+17,WEBSTER AV/E 240 ST,248
7.909463382126609e+17,LEXINGTON AV/E 40 ST,87
7.909463457191158e+17,LEXINGTON AV/E 40 ST,87
7.910893366764175e+17,SOUTH CONDUIT AV/225 ST,761
7.962024351456659e+17,COOPER SQ/E 7 ST,90
7.962728317220114e+17,AVENUE D/SCHENECTADY AV,321
7.962776758296387e+17,MADISON AV/E 37 ST,129
7.9629295033685e+17,MADISON AV/E 34 ST,121
7.963308191029646e+17,3 AV/E 37 ST,111
7.963321404502774e+17,ROGERS AV/PARK PL,28
7.963533062753231e+17,CADMAN PLAZA WEST/CLARK ST,317
7.964093134755685e+17,SARATOGA AV/BAINBRIDGE ST,276
7.964760697796193e+17,MALCOLM X BLVD/W 125 ST,66
7.91171438144826e+17,6 AV/WHITE ST,112
7.911905424123045e+17,8 AV/W 28 ST,242
7.93551771063195e+17,6 AV/W 40 ST,45
7.936386998622723e+17,RODNEY ST/AINSLIE ST,65
7.936413705702898e+17,METROPOLITAN AV/UNION AV,104
7.93689430315525e+17,LAUREL HILL BLVD/58 ST,966
7.937710327393644e+17,FULTON ST/UTICA AV,320
7.93966927729526e+17,WYCKOFF AV/JEFFERSON AV,114
7.940715205941248e+17,MALCOLM X BLVD/W 127 ST,142
7.912000594743818e+17,AVENUE H/E 48 ST,83
7.912243877723799e+17,LAFAYETTE AV/CASSIDY PL,185
8.00070641926362e+17,ATLANTIC AV/ESSEX ST,432
8.001095779435658e+17,FLATBUSH AV/E 29 ST,168
8.001301942938086e+17,BROADWAY/WILLOUGHBY AV,75
8.001756303607279e+17,E 72 ST/LEXINGTON AV,33
7.942253360361179e+17,E 14 ST/UNION SQUARE WEST,187
7.94381586846683e+17,SAINT JOHNS PL/ROGERS AV,11
7.943877323481226e+17,HALSEY ST/MARCUS GARVEY BLVD,162
7.949872662314409e+17,JFK AIRPORT/TERMINAL 8,5871
7.951103698329367e+17,PARK AV/CARLTON AV,130
7.951298058327058e+17,TOMPKINS AV/WILLOUGHBY AV,233
7.964767471364172e+17,CROTONA AV/E 175 ST,235
7.964853443651741e+17,SAINT NICHOLAS AV/W 142 ST,256
7.965001572439091e+17,QUEENS BLVD/83 AV,538
7.965427189361185e+17,BROADWAY/DYCKMAN ST,335
7.965528366244156e+17,21 ST/BROADWAY,409
7.96586843818916e+17,120 AV/230 ST,204
7.965965704782149e+17,MERRICK BLVD/242 ST,13
7.966609927005114e+17,RALPH AV/FOSTER AV,540
7.969275117647674e+17,FLATLANDS AV/E 101 ST,170
7.969604493749496e+17,HUDSON ST/PERRY ST,109
8.002255555805243e+17,AVENUE U/FLATBUSH AV,68
8.00437249525224e+17,6 AV/W 54 ST,54
8.005454753847363e+17,PARKSIDE AV/BEDFORD AV,33
7.96973015167155e+17,BROOKLYN AV/FULTON ST,105
7.969736967407128e+17,6 AV/W 57 ST,45
7.969863718821952e+17,BROOKLYN AV/FULTON ST,105
7.969872275324809e+17,LEXINGTON AV/E 31 ST,54
7.969881358280556e+17,BROOKLYN AV/FULTON ST,105
7.969901254972e+17,BROOKLYN AV/FULTON ST,105
7.969938408838024e+17,BROOKLYN AV/FULTON ST,105
7.969950204412906e+17,BROOKLYN AV/FULTON ST,105
7.970570699681684e+17,COLLEGE POINT BLVD/MAPLE AV,205
8.006057095727537e+17,CENTRAL PARK WEST/W 84 ST,58
8.006173778560145e+17,41 AV/147 ST,129
7.951511391938729e+17,BRONXWOOD AV/ADEE AV,152
7.951869915909146e+17,RICHMOND AV/MEMPHIS AV,305
7.955836686555442e+17,1 AV/E 89 ST,121
7.955882592334003e+17,E 10 ST/AVENUE B,214
7.95600421725759e+17,SPRINGFIELD BLVD/141 AV,77
7.956729521889875e+17,E 116 ST/3 AV,84
8.006215449906607e+17,WATERSIDE/WATERSIDE,280
8.006346567994441e+17,WEBSTER AV/E 205 ST,175
8.007085115830157e+17,COLLEGE POINT BLVD/MAPLE AV,205
8.007388373963274e+17,BOWERY/HESTER ST,59
7.971616772133349e+17,WYTHE AV/S 3 ST,61
7.971879694738964e+17,E 96 ST/LEXINGTON AV,57
7.972947668257053e+17,FLATLANDS AV/E 92 ST,136
7.973480730450015e+17,10 AV/W 53 ST,84
7.975327700242737e+17,AVENUE A/E 5 ST,190
7.975772073862527e+17,80 ST/77 RD,470
7.976636372494319e+17,BROADWAY/PARK ST,95
8.007846500350077e+17,RICHMOND AV/MERRILL AV,184
8.008195910712737e+17,MALCOLM X BLVD/HALSEY ST,54
8.00860095602949e+17,8 AV/W 28 ST,208
7.957280606205138e+17,CHURCH ST/WORTH ST,21
7.957484885539232e+17,BEDFORD AV/GREENE AV,205
7.957673614451309e+17,21 ST/44 DR,126
7.958522636485175e+17,GATES AV/EVERGREEN AV,248
7.958536010501622e+17,W 49 ST/9 AV,96
8.044681885652148e+17,LINDEN BLVD/VAN WYCK EXPWY,1545
8.045829186135816e+17,9 AV/W 40 ST,50
8.009224242016385e+17,NORTHERN BLVD/PARSONS BLVD,200
8.010048027977747e+17,FULTON ST/HOWARD AV,213
7.976970233675976e+17,BROADWAY/W 151 ST,95
7.97749636813294e+17,5 AV/W 33 ST,167
7.978467178460083e+17,FLATBUSH AV/BERGEN ST,25
7.978940955349057e+17,ROEBLING ST/GRAND ST,139
7.979256706430582e+17,94 ST/23 AV,787
7.980323858263648e+17,11 AV/W 38 ST,138
7.980700559836119e+17,AMSTERDAM AV/W 93 ST,113
7.980828126048095e+17,FLATBUSH AV/BERGEN ST,78
7.980858387504754e+17,LINDEN BLVD/SUTPHIN BLVD,935
7.98131035300074e+17,ASTORIA BLVD SOUTH/STEINWAY ST,1214
8.010108747396503e+17,SARATOGA AV/BAINBRIDGE ST,161
8.010145238788145e+17,FULTON ST/HOWARD AV,128
8.010179932165373e+17,SUMMERFIELD ST/MYRTLE AV,243
8.012207971841222e+17,W 42 ST/10 AV,190
8.045983909963433e+17,36 ST/4 AV,67
8.049261356764728e+17,MANHATTAN AV/GREENPOINT AV,59
8.050637530721514e+17,E 10 ST/AVENUE D,1381
8.05097623277517e+17,3 AV/E 116 ST,38
8.051587930071099e+17,MYRTLE AV/BUSHWICK AV,83
8.052618207659107e+17,PROSPECT PARK WEST/18 ST,135
8.012213227486392e+17,E 96 ST/3 AV,33
8.012218553412567e+17,E 96 ST/3 AV,33
7.982056510044379e+17,STILLWELL AV/NEPTUNE AV,89
7.983717197758595e+17,E 34 ST /1 AV,94
7.984659315802493e+17,EAST GUN HILL RD/PAULDING AV,199
7.984699699452218e+17,8 AV/W 17 ST,155
7.984992914352842e+17,PARK AV/NORTH PORTLAND AV,63
7.985520986754548e+17,EAST NEW YORK AV/SACKMAN ST,116
7.987923080495276e+17,BROADWAY/WYTHE AV,112
8.012722645391878e+17,LAUREL HILL BLVD/58 ST,646
8.013042295141967e+17,2 AV/E 3 ST,169
8.013953179707594e+17,FLATLANDS AV/E 84 ST,364
8.014470788174716e+17,CRESCENT ST/FLATLANDS AV,330
8.014665613434243e+17,E 116 ST/2 AV,126
8.052623404265394e+17,COLLEGE POINT BLVD/15 AV,805
8.052768567612375e+17,MORRIS AV/E 169 ST,283
8.052772886196374e+17,MCDONALD AV/GREENWOOD AV,206
8.052882923218016e+17,FARMERS BLVD/111 AV,250
8.052899431353907e+17,MORRIS AV/E 169 ST,176
8.053568153765001e+17,227 ST/113 DR,349
8.014740158107551e+17,EUCLID AV/LIBERTY AV,250
8.014787842271763e+17,FOUNTAIN AV/FLATLANDS AV,53
7.987974304857888e+17,FOUNTAIN AV/FLATLANDS AV,101
7.988421209368997e+17,RANDALL AV/OLMSTEAD AV,327
7.99170991396681e+17,DE KALB AV/IRVING AV,297
8.015000631992795e+17,W 31 ST/6 AV,160
8.016066282803836e+17,WILLIAMSBRIDGE RD/BOSTON RD,43
8.016830778732108e+17,SENECA AV/CORNELIA ST,26
8.016886787736622e+17,WEST END AV/W 59 ST,99
8.017119294963916e+17,BAINBRIDGE AV/E 206 ST,148
8.05725215071887e+17,W 49 ST/8 AV,103
8.05805963320996e+17,FLATLANDS AV/ E 103 ST,101
8.058631651048448e+17,E 163 ST/WESTCHESTER AV,188
8.058896153512415e+17,TOMPKINS AV/WILLOUGHBY AV,165
8.060601637305882e+17,21 ST/BROADWAY,998
8.062083356628083e+17,VANDERBILT AV/ATLANTIC AV,12
8.017498423778024e+17,SEAVIEW AV/E 102 ST,598
8.018979079430561e+17,5 AV/UNION ST,179
8.019358047587149e+17,CADMAN PLAZA WEST/CLARK ST,445
8.019509625362074e+17,WESTCHESTER AV/ZEREGA AV,78
8.020006258356443e+17,VANDERBILT AV/ATLANTIC AV,12
8.062088952858089e+17,CHRISTOPHER ST/HUDSON ST,89
8.06209199376611e+17,3 AV/E 37 ST,172
8.063706384898932e+17,W 31 ST/6 AV,65
7.992984371489139e+17,LEXINGTON AV/E 40 ST,117
7.99406556818678e+17,METROPOLITAN AV/LEONARD ST,257
7.994144213192591e+17,44 DR/JACKSON AV,101
7.994402310732842e+17,LAUREL HILL BLVD/58 ST,1107
7.994788064795246e+17,NOSTRAND AV/SNYDER AV,201
7.995132377250738e+17,MARCUS GARVEY BLVD/JEFFERSON AV,63
7.995308130918086e+17,REMSEN AV/FARRAGUT RD,198
7.995453970696068e+17,MERRICK BLVD/224 ST,250
7.997316145306962e+17,21 ST/BROADWAY,383
8.020397557794962e+17,3 AV/E 9 ST,105
8.021341953204861e+17,SPRING ST/HUDSON ST,94
8.021475013984806e+17,NOSTRAND AV/GATES AV,85
8.02150073896105e+17,MONTROSE AV/GRAHAM AV,79
8.022224924615342e+17,THROOP AV/MYRTLE AV,112
8.022930681369032e+17,ATLANTIC AV/HENRY ST,308
7.99928647325846e+17,11 AV/W 42 ST,191
8.000440924779459e+17,EAST BURNSIDE AV/RYER AV,145
8.000543525985939e+17,MYRTLE AV/74 ST,511
8.086278597769455e+17,3 AV/E 45 ST,211
8.086280371948797e+17,3 AV/E 45 ST,83
8.086283029969901e+17,3 AV/E 45 ST,128
8.086283048556493e+17,3 AV/E 45 ST,79
8.064540443380893e+17,3 AV/E 17 ST,96
8.064969485724801e+17,EAST HOUSTON ST/NORFOLK ST,333
8.064974356751442e+17,EAST HOUSTON ST/NORFOLK ST,333
8.065596955521864e+17,E 34 ST/3 AV,35
8.065938757002971e+17,AMSTERDAM AV/W 81 ST,47
8.024080478919128e+17,JAMAICA AV/BARBEY ST,70
8.024691659114145e+17,TOMPKINS AV/WILLOUGHBY AV,108
8.025281801261588e+17,WYCKOFF AV/DE KALB AV,159
8.025875497502671e+17,48 AV/48 ST,83
8.026468820342333e+17,VANDERBILT AV/ATLANTIC AV,12
8.026878941281876e+17,GRAND CONCOURSE/FIELD PL,176
8.027016963586547e+17,SAINT JOHNS PL/ALBANY AV,224
8.086283488519181e+17,3 AV/E 45 ST,212
8.086284383478167e+17,2 AV/E 46 ST,132
8.086285340799688e+17,3 AV/E 45 ST,41
8.0862933665957e+17,2 AV/E 46 ST,161
8.086293439992195e+17,3 AV/E 45 ST,173
8.086293912093294e+17,3 AV/E 47 ST,176
8.086295220668868e+17,3 AV/E 47 ST,209
8.086295633384732e+17,3 AV/E 45 ST,178
8.08629644846116e+17,2 AV/E 46 ST,109
8.08629727441761e+17,2 AV/E 46 ST,173
8.028525929110035e+17,149 AV/241 ST,7400
8.028773268070907e+17,AVENUE I/E 7 ST,382
8.086298976425208e+17,3 AV/E 47 ST,80
8.086298994865948e+17,3 AV/E 42 ST,80
8.086299742457699e+17,3 AV/E 47 ST,81
8.086301056201766e+17,3 AV/E 47 ST,161
8.086301992966312e+17,3 AV/E 45 ST,184
8.086302774470239e+17,3 AV/E 45 ST,104
8.086303755719334e+17,3 AV/E 45 ST,165
8.086304673284022e+17,3 AV/E 45 ST,171
8.08630550223421e+17,2 AV/E 46 ST,155
8.06772034013586e+17,5 AV/W 132 ST,110
8.068075401347593e+17,WYCKOFF AV/MENAHAN ST,45
8.0681405954262e+17,south conduit en eb/cohancy st,1573
8.068992529116794e+17,BROOKLYN AV/ATLANTIC AV,86
8.070009041733399e+17,GATES AV/KNICKERBOCKER AV,95
8.028862287523073e+17,MYRTLE AV/CYPRESS HILLS ST,822
8.029505509557085e+17,7 AV/W 54 ST,92
8.030195067548575e+17,E 116 ST/3 AV,149
8.086307138929788e+17,3 AV/E 45 ST,158
8.086307940756023e+17,3 AV/E 47 ST,171
8.086308830495034e+17,3 AV/E 45 ST,98
8.086310315001633e+17,3 AV/E 45 ST,130
8.086313225166088e+17,3 AV/E 47 ST,97
8.086313339089409e+17,2 AV/E 46 ST,140
8.086314351831795e+17,3 AV/E 47 ST,147
8.086317131167487e+17,2 AV/E 46 ST,91
8.030364735522031e+17,83 ST/ROOSEVELT AV,705
8.031224328605773e+17,MALCOLM X BLVD/W 129 ST,110
8.031506577989631e+17,CHURCH AV/E 46 ST,171
8.07275444865071e+17,57 AV/JUNCTION BLVD,268
8.072839535351515e+17,CLASSON AV/DE KALB AV,96
8.072990638588488e+17,8 AV/W 46 ST,185
8.073677833002528e+17,9 AV/W 46 ST,271
8.07467054653214e+17,GRAND ST/BEDFORD AV,48
8.075738296829722e+17,MARCUS GARVEY BLVD/LEXINGTON AV,221
8.077238132000188e+17,CLEVELAND  PL/SPRING ST,119
8.033824791249582e+17,EAST GUN HILL RD/HULL AV,63
8.034880913929766e+17,BEDFORD AV/AVENUE D,145
8.035523861847415e+17,AVENUE N/E 56 ST,547
8.035818713392877e+17,AVENUE N/E 56 ST,351
8.035903621184645e+17,AVENUE U/E 57 ST,446
8.086318146200494e+17,3 AV/E 45 ST,139
8.086318619033658e+17,3 AV/E 47 ST,115
8.086319544367028e+17,3 AV/E 47 ST,91
8.08681126216283e+17,2 AV/E 61 ST,119
8.087207386310072e+17,FULTON ST/CLINTON AV,75
8.088335538411218e+17,BOWERY/BLEECKER ST,77
8.088853743933719e+17,NOSTRAND AV/WILLOUGHBY AV,77
8.093483795792096e+17,W 135 ST/BROADWAY,56
8.035937416980566e+17,AVENUE N/E 58 ST,341
8.078264168638668e+17,OCEAN PKWY/SHORE PKWY,239
8.079199110883007e+17,2 AV/E 75 ST,17
8.079458434503894e+17,ROEBLING ST/S 8 ST,61
8.07957188943197e+17,HALSEY ST/CENTRAL AV,130
8.079934969072379e+17,LIBERTY AV/HILBURN AV,194
8.080484504124932e+17,MADISON AV/E 98 ST,50
8.037251523559031e+17,HAMPTON ST/BAXTER AV,647
8.039000332187798e+17,SOUNDVIEW AV/SOUNDVIEW FERRY,572
8.039091633898692e+17,SOUNDVIEW AV/CORNELL AV,216
8.043111254373604e+17,W 155 ST/BROADWAY,272
8.094271956352895e+17,23 AV/87 ST,478
8.094574789216713e+17,YORK ST/JAY ST,76
8.095035582290154e+17,WILSON AV/JEFFERSON ST,41
8.09518045636653e+17,E 135 ST/MADISON AV,114
8.081881950629829e+17,REMSEN AV/GLENWOOD RD,142
8.082960735044553e+17,SCHAEFER ST/EVERGREEN AV,159
8.083862287069042e+17,W 18 ST/10 AV,79
8.08466217693274e+17,BOWERY/PRINCE ST,152
8.084665715994982e+17,AMSTERDAM AV/W 69 ST,127
8.085706711229292e+17,JAMAICA AV/VAN SICLEN AV,145
8.086247050902813e+17,LORIMER ST/CONSELYEA ST,57
8.086276859649304e+17,3 AV/E 45 ST,196
8.115611209351985e+17,3 AV/E 82 ST,94
8.115894151415886e+17,11 AV/W 44 ST,83
8.116058665414688e+17,94 ST/23 AV,751
8.116166854701964e+17,E 9 ST/2 AV,132
8.116382515222616e+17,E 9 ST/3 AV,65
8.116911108547571e+17,WILSON AV/WILLOUGHBY AV,32
8.117105194788698e+17,YORK AV/E 72 ST,5743
8.10121182812489e+17,KINGS PLAZA/KINGS PLAZA,150
8.102114557585943e+17,DEAN ST/NEW YORK AV,62
8.102417522954308e+17,DEWEY AV/SWINTON AV,25
8.104011477413957e+17,CROTONA AV/E 187 ST,328
8.104265227231877e+17,21 ST/38 AV,443
8.104463958315348e+17,MYRTLE AV/69 ST,141
8.107553021250551e+17,HUDSON ST/PERRY ST,24
8.107556236564056e+17,W 66 ST/FREEDOM PL,157
8.117844803718396e+17,WYCKOFF AV/JEFFERSON AV,129
8.086277785015087e+17,3 AV/E 47 ST,72
8.152288339042264e+17,KINGS HWY/SNYDER AV,103
8.153022974494399e+17,FARMERS BLVD/QUENCER RD,197
8.154048399968042e+17,9 AV/W 34 ST,253
8.154063238503933e+17,ATLANTIC AV/111 ST,106
8.155774300552792e+17,BROADWAY/WALKER ST,174
8.157925505041509e+17,VANDERBILT AV/PARK AV,216
8.117949154606228e+17,SEAVIEW AV/E 93 ST,63
8.118116651160598e+17,BRONXWOOD AV/E 218 ST,125
8.118607346580892e+17,HILLSIDE AV/164 ST,151
8.121422209448342e+17,LINDEN BLVD/VAN WYCK EXPWY,1445
8.107591296568282e+17,ASTORIA BLVD/STEINWAY ST,1415
8.10774276186071e+17,120 AV/SPRINGFIELD BLVD,166
8.108300413271172e+17,WASHINGTON AV/PROSPECT PL,297
8.108301549399809e+17,7 AV/3 ST,97
8.108643210338529e+17,21 ST/BROADWAY,684
8.108716813743708e+17,11 AV/W 42 ST,158
8.121807976339343e+17,21 ST/30 AV,249
8.15891316205625e+17,JAMAICA AV/WOODHAVEN BLVD,503
8.159055159404297e+17,56 AV/QUEENS BLVD,335
8.161577846056394e+17,ATLANTIC AV/76 ST,327
8.161710356089661e+17,METROPOLITAN AV/LEFFERTS BLVD,133
8.161822914348722e+17,LAFAYETTE AV/THROOP AV,191
8.123633616790779e+17,CENTRAL PARK SOUTH/6 AV,261
8.1236431294902e+17,130 PL/BERGEN RD,1529
8.125150796467411e+17,AVENUE L/E 85 ST,179
8.125250398570195e+17,8 AV/W 28 ST,130
8.125953518409047e+17,FARMERS BLVD/140 AV,69
8.161989356018285e+17,TOMPKINS AV/WILLOUGHBY AV,50
8.162227143389642e+17,42 RD/JACKSON AV,275
8.163209412211e+17,CROPSEY AV/17 AV,229
8.16631469133589e+17,UTICA AV/EASTERN PKWY,105
8.166465080818879e+17,GATES AV/PATCHEN AV,139
8.16753648317536e+17,W 72 ST/COLUMBUS AV,98
8.167688131561344e+17,E 108 ST/STANLEY AV,468
8.110901790191748e+17,OGDEN AV/W 164 ST,122
8.111000134074973e+17,BEDFORD AV/CLARENDON RD,169
8.11104333421247e+17,10 AV/SHERMAN AV,8
8.11117815315882e+17,83 ST/ROOSEVELT AV,959
8.111315286799648e+17,150 AV/148 ST,1314
8.114527325761741e+17,8 AV/W 49 ST,77
8.115037382704407e+17,MADISON ST/ONDERDONK AV,79
8.115092083420371e+17,1 AV/E 81 ST,77
8.126195187929313e+17,GREENPOINT AV/47 ST,413
8.126492827702079e+17,MYRTLE AV/THROOP AV,26
8.126503777374732e+17,WOODROW RD/HOLCOMB AV,374
8.1282443368243e+17,VANDERBILT AV/ATLANTIC AV,12
8.128881186066796e+17,FARMERS BLVD/143 RD,140
8.128918744033695e+17,HALSEY ST/MARCUS GARVEY BLVD,170
8.115165312307881e+17,MADISON ST/ONDERDONK AV,88
8.115188182754916e+17,ATLANTIC AV/BOERUM PL,74
8.11520842318764e+17,E 34 ST/1 AV,186
8.195860232580015e+17,E 161 ST/SHERMAN AV,157
8.196115005326193e+17,2 AV/E 46 ST,61
8.197116207195663e+17,WHITE PLAINS RD/BURKE AV,140
8.197619221781427e+17,BROADWAY/JEFFERSON AV,91
8.201575437405843e+17,BEDELL ST/130 AV,1081
8.167834287679382e+17,21 ST/BROADWAY,716
8.168481310672742e+17,W 49 ST/8 AV,22
8.169185192306762e+17,KINGS HWY/FRASER SQ,297
8.16988342858516e+17,MYRTLE AV/69 ST,297
8.169938180315965e+17,NEW YORK AV/BEVERLY RD,296
8.17035992237456e+17,253 ST/149 AV,290
8.172291439630957e+17,BROADWAY/WALKER ST,134
8.17246542999316e+17,E 57 ST/LEXINGTON AV,106
8.129424505246406e+17,ASTORIA BLVD SOUTH/STEINWAY ST,2030
8.129607061462116e+17,YORK AV/NAVY ST,315
8.12963637210021e+17,ASTORIA BLVD/STEINWAY ST,2031
8.130806549817271e+17,9 AV/W 35 ST,127
8.130871170744964e+17,W 34 ST/8 AV,73
8.131791824453627e+17,VAN BRUNT ST/KING ST,86
8.13641968666192e+17,W 57 ST/BROADWAY,152
8.173371739770989e+17,JUNIPER VALLEY RD/71 ST,220
8.174028446181034e+17,6 AV/W 27 ST,201
8.174130687665139e+17,CONEY ISLAND AV/TURNER PL,62
8.174192275359548e+17,NEW YORK AV/BEVERLY RD,207
8.174908647434484e+17,WOODPOINT RD/CONSELYEA ST,145
8.175403271867667e+17,GLENWOOD RD/E 94 ST,125
8.175714359115711e+17,5 AV/W 128 ST,110
8.201660286588236e+17,LEWIS AV/GATES AV,98
8.202693611132623e+17,7 AV/W 15 ST,145
8.203614757351997e+17,WYTHE AV/S 3 ST,196
8.203914386732667e+17,42 RD/JACKSON AV,101
8.204002402507063e+17,ASTORIA BLVD SOUTH/STEINWAY ST,1596
8.2054555337605e+17,150 ST/17 RD,308
8.206205498039139e+17,JAMAICA AV/ELTON ST,248
8.136432674190618e+17,BROADWAY/W 57 ST,63
8.136440628306077e+17,7 AV/W 55 ST,118
8.136470552811626e+17,7 AV/W 55 ST,99
8.136995405568535e+17,3 AV/E 45 ST,72
8.136996494424184e+17,3 AV/E 45 ST,72
8.206714593928756e+17,WILSON AV/WILLOUGHBY AV,136
8.208665321498854e+17,5 AV/39 ST,74
8.209736171270797e+17,ATLANTIC AV/ELDERT LN,412
8.210086304611196e+17,EAST HOUSTON ST/NORFOLK ST,333
8.210192437213509e+17,2 AV/E 75 ST,79
8.210197253411949e+17,GRAHAM AV/METROPOLITAN AV,24
8.136998901748462e+17,3 AV/E 45 ST,72
8.137000367027597e+17,3 AV/E 45 ST,72
8.137001319887226e+17,3 AV/E 45 ST,72
8.175809858192205e+17,W 49 ST/8 AV,2
8.176502192575945e+17,NOSTRAND AV/MARINE PKWY,421
8.178908174755492e+17,VANDERBILT AV/ATLANTIC AV,12
8.178914897931258e+17,1 AV/E 64 ST,71
8.179552643951379e+17,SAINT JOHNS PL/UTICA AV,18
8.179894818427516e+17,DE KALB AV/SAINT NICHOLAS AV,190
8.180638428157932e+17,FULTON ST/ASHLAND PL,101
8.180826966080588e+17,EAST HOUSTON ST/NORFOLK ST,333
8.137001788415827e+17,3 AV/E 45 ST,72
8.137002543999599e+17,3 AV/E 45 ST,72
8.137003260012283e+17,3 AV/E 45 ST,72
8.210201382203583e+17,GRAHAM AV/METROPOLITAN AV,24
8.21027441104936e+17,2 AV/E 75 ST,64
8.210297076558313e+17,EAST HOUSTON ST/NORFOLK ST,333
8.21030948961436e+17,2 AV/E 75 ST,64
8.210315717387788e+17,2 AV/E 75 ST,79
8.210317603889696e+17,2 AV/E 75 ST,79
8.13700607153501e+17,3 AV/E 45 ST,72
8.137007487584069e+17,3 AV/E 45 ST,72
8.137008789573743e+17,3 AV/E 45 ST,72
8.137009021896415e+17,3 AV/E 45 ST,72
8.137009103081635e+17,3 AV/E 45 ST,72
8.137009236155977e+17,3 AV/E 45 ST,72
8.180877598897349e+17,EAST HOUSTON ST/NORFOLK ST,333
8.180907946718775e+17,EAST HOUSTON ST/NORFOLK ST,333
8.180993364739396e+17,1 AV/E 70 ST,103
8.181132641118152e+17,YORK AV/E 84 ST,57
8.181178207603222e+17,EAST HOUSTON ST/NORFOLK ST,333
8.181183315884495e+17,EAST HOUSTON ST/NORFOLK ST,333
8.137009996957432e+17,3 AV/E 45 ST,72
8.137010956047352e+17,3 AV/E 45 ST,72
8.13701182063615e+17,3 AV/E 45 ST,72
8.21034110666009e+17,ESSEX ST/CANAL ST,75
8.210344516047296e+17,E 79 ST/2 AV,169
8.210350410048248e+17,E 79 ST/2 AV,169
8.210374933155663e+17,2 AV/E 75 ST,79
8.210397166854335e+17,2 AV/E 75 ST,79
8.210425111199245e+17,2 AV/E 75 ST,79
8.210457549113057e+17,2 AV/E 75 ST,79
8.13701258122617e+17,3 AV/E 45 ST,72
8.137236682540038e+17,1 AV/E 17 ST,41
8.137849224574522e+17,W 96 ST/COLUMBUS AV,160
8.137938518650305e+17,JAMAICA AV/BRADFORD ST,162
8.181195560817295e+17,EAST HOUSTON ST/NORFOLK ST,333
8.181239927501504e+17,EAST HOUSTON ST/NORFOLK ST,333
8.181243664235057e+17,3 AV/E 63 ST,93
8.181258271822337e+17,KINGS HWY/W 2 ST,110
8.181796256028589e+17,ROCKAWAY PKWY/SHORE PKWY SERVICE RD NORTH,12003
8.182092904725806e+17,RALPH AV/MACDONOUGH ST,82
8.182115694860055e+17,SAINT JOHNS PL/UTICA AV,79
8.182278027193338e+17,NEW YORK AV/TILDEN AV,163
8.13795604614689e+17,2 AV/E 17 ST,148
8.140359387321057e+17,LAURELTON PKWY/129 AV,501
8.141404990413868e+17,LORIMER ST/MEEKER AV,125
8.210738217038883e+17,BERGEN ST/WASHINGTON AV,156
8.214965879557792e+17,BROADWAY/W 91 ST,67
8.216200964852458e+17,BROADWAY/MADISON ST,226
8.216218508394643e+17,9 AV/W 34 ST,277
8.216780725742019e+17,MADISON AV/E 34 ST,133
8.216946661648452e+17,COZINE AV/VAN SICLEN AV,109
8.217454119297281e+17,FLATBUSH AV/BROOKLYN AV,293
8.141523625443213e+17,HARRISON ST/WEST ST,115
8.141524937984623e+17,6 AV/W 27 ST,97
8.141528785533774e+17,E 79 ST/1 AV,139
8.141532234900096e+17,6 AV/W 3 ST,163
8.182736905837914e+17,MURDOCK AV/196 ST,383
8.18343840653732e+17,UTOPIA PKWY/16 AV,94
8.183678298417052e+17,GATES AV/EVERGREEN AV,336
8.187857143391182e+17,2 AV/E 28 ST,104
8.188523663577228e+17,AVENUE B/REMSEN AV,183
8.188792285077007e+17,KINGS HWY/SNYDER AV,128
8.192989652031886e+17,W 125 ST/MALCOLM X  BLVD,70
8.146479632711555e+17,W 37 ST/NEPTUNE AV,379
8.218121500639564e+17,SMITH ST/UNION ST,525
8.218720672384668e+17,39 ST/6 AV,499
8.218902791328676e+17,THOMAS S BOYLAND ST/BAINBRIDGE ST,54
8.219031254137466e+17,LEXINGTON AV/E 37 ST,30
8.219034285672457e+17,HALSEY ST/BROADWAY,82
8.219128724217925e+17,WEST ST/CARLISLE ST,140
8.221886498011396e+17,E 57 ST/1 AV,35
8.146655044376548e+17,2 AV/E 94 ST,140
8.147416798692753e+17,BROADWAY/W 122 ST,50
8.148926344562113e+17,E 9 ST/AVENUE A,196
8.151208077948943e+17,AMSTERDAM AV/W 158 ST,19
8.151481943231948e+17,SAINT JOHNS PL/ALBANY AV,156
8.222203869137108e+17,ATLANTIC AV/130 ST,596
8.223810924260744e+17,HALSEY ST/BROADWAY,11
8.223835568549833e+17,12 AV/W 43 ST,150
8.19412869698281e+17,FLATLANDS AV/E 101 ST,224
8.194142426020846e+17,FOREST AV/VAN PELT AV,300
8.195074618723597e+17,COLUMBUS AV/W 69 ST,79
8.233493337467871e+17,2 AV/E 61 ST,65
8.233531280066662e+17,HAROLD ST/SUNSET AV,92
8.233576510134871e+17,W 49 ST/9 AV,87
8.24835446046542e+17,1 AV/E 60 ST,131
8.248467505126186e+17,lincoln tnl app/lincoln tnl app,157
8.248931922364564e+17,LEXINGTON AV/E 83 ST,108
8.249975153001576e+17,ESSEX ST/DELANCEY ST,190
8.223840740048868e+17,HALSEY ST/BROADWAY,68
8.225162142228497e+17,MALCOLM X BLVD/GREENE AV,141
8.225516872784054e+17,LINDEN BLVD/179 ST,123
8.225586178445432e+17,2 AV/E 75 ST,169
8.225626357426419e+17,PARSONS BLVD/ELM AV,297
8.225976650949882e+17,GREENPOINT AV/47 ST,376
8.226276374311355e+17,82 ST/ROOSEVELT AV,370
8.226589109889158e+17,KENT AV/S 6 ST,98
8.22706296375988e+17,HALSEY ST/BUSHWICK AV,207
8.227071241182593e+17,MYRTLE AV/69 ST,137
8.233779905500604e+17,10 AV/W 47 ST,150
8.233927635737385e+17,10 AV/W 47 ST,114
8.234030185048006e+17,LAFAYETTE AV/LEWIS AV,149
8.234065754913582e+17,CHAMBERS ST/WEST BROADWAY,76
8.234163658579834e+17,9 AV/W 50 ST,80
8.234249732329907e+17,9 AV/W 40 ST,193
8.234392304802252e+17,E 34 ST/2 AV,47
8.234566141518972e+17,W 34 ST/8 AV,289
8.234753298967743e+17,CATHEDRAL PKWY/AMSTERDAM AV,155
8.251041774679496e+17,LAFAYETTE AV/BEDFORD AV,172
8.25247324039187e+17,E 116 ST/3 AV,144
8.253945493443828e+17,LINDEN BLVD/SHEPHERD AV,71
8.254042425186147e+17,COOPER ST/EVERGREEN AV,194
8.227285037361893e+17,HOLLIS AV/209 PL,297
8.227598928704614e+17,PARSONS BLVD/ELM AV,137
8.227783890697367e+17,46 AV/PARSONS BLVD,177
8.229285249151286e+17,8 AV/W 12 ST,96
8.231628702678986e+17,WHITE PLAINS RD/E 215 ST,230
8.23240139168837e+17,LINCOLN AV/BRUCKNER BLVD,299
8.232684956580742e+17,LORIMER ST/MEEKER AV,253
8.254777849042075e+17,BRONXWOOD AV/TILDEN ST,134
8.234815647663731e+17,9 AV/W 40 ST,108
8.234978364326831e+17,8 AV/W 37 ST,212
8.234992958420992e+17,DE KALB AV/STUYVESANT AV,98
8.235336256139962e+17,W 50 ST/10 AV,72
8.237993506490376e+17,BROADWAY/GREENE AV,168
8.238015472292005e+17,GATES AV/PATCHEN AV,232
8.238024902322277e+17,LEWIS AV/GREENE AV,148
8.238145106500498e+17,RALPH AV/MACON ST,36
8.238460588227409e+17,BOSTON RD/BIVONA ST,357
8.238732796805435e+17,FRANKLIN AV/BERGEN ST,92
8.238925952571e+17,SANFORD AV/MURRAY ST,436
8.239199933717562e+17,JAMAICA AV/MILLER AV,141
8.239529718537422e+17,7 AV/W 28 ST,155
8.23957834958768e+17,8 AV/W  56 ST,134
8.239671850134637e+17,E 79 ST/1 AV,51
8.239804438353391e+17,9 AV/W 40 ST,173
8.259615417725271e+17,YORK AV/E 82 ST,99
8.289022820452076e+17,1 AV/E 11 ST,127
8.289212315094006e+17,EDGECOMBE AV/W 158 ST,108
8.289238675782299e+17,EDGECOMBE AV/W 158 ST,108
8.28943044984015e+17,HORACE HARDING EXPWY/160 ST,179
8.289754438873787e+17,103 ST/ROOSEVELT AV,126
8.290045701419429e+17,SMITH ST/UNION ST,116
8.290509840904929e+17,METROPOLITAN AV/LEONARD ST,172
8.291394859880879e+17,SPRINGFIELD BLVD/SPRINGFIELD LN,590
8.291416335486612e+17,5 AV/5 ST,166
8.259687559942196e+17,EAST HOUSTON ST/NORFOLK ST,333
8.260053172656328e+17,CATON AV/E 16 ST,44
8.260889021447977e+17,EAST HOUSTON ST/NORFOLK ST,333
8.239939578159162e+17,SUTTER AV/ELTON ST,100
8.240027835272155e+17,1 AV/E 62 ST,19
8.240112221625073e+17,GATES AV/KNICKERBOCKER AV,168
8.24019592196865e+17,HAMPTON ST / WHITNEY AVE,525
8.240206511726257e+17,9 AV/W 40 ST,151
8.240271835337637e+17,9 AV/W 46 ST,89
8.24043361946855e+17,9 AV/W 35 ST,154
8.240616851391528e+17,9 AV/W 40 ST,169
8.260945043356407e+17,EAST HOUSTON ST/NORFOLK ST,333
8.26119476162677e+17,MORRIS AV/MOUNT EDEN PKWY,123
8.26143163900875e+17,WEBSTER AV/E 173 ST,301
8.261566473615414e+17,3 AV/E 79 ST,114
8.261732763868251e+17,W 10 ST/WAVERLY PL,154
8.240708187842266e+17,10 AV/W 45 ST,69
8.2410808086472e+17,W 81 ST/CENTRAL PARK WEST,72
8.241377529472983e+17,3 AV/E 33 ST,101
8.241471861677805e+17,CENTRAL PARK WEST/W 79 ST,184
8.24158611517383e+17,1 AV/E 62 ST,46
8.241844350659617e+17,CENTRAL PARK WEST/W 79 ST,293
8.242079311554524e+17,83 ST/ROOSEVELT AV,1184
8.294126402990339e+17,AVENUE H/E 54 ST,92
8.295889152440279e+17,FLATBUSH AV/GLENWOOD RD,199
8.296748937574248e+17,GREENPOINT AV/47 ST,1761
8.297072436381371e+17,3 AV/E 188 ST,69
8.297491703731677e+17,DE KALB AV/MARCY AV,106
8.300744075248052e+17,5 AV/UNION ST,118
8.300744160095338e+17,THROOP AV/JEFFERSON AV,163
8.261798879031854e+17,SAINT ANN'S AV/E 140 ST,171
8.262076566662569e+17,BROADWAY/GRAND ST,167
8.26261336861117e+17,McCLEAN AV/CONGER ST,113
8.262895020089283e+17,FRANKLIN ST/GREEN ST,3467
8.26294884471866e+17,MADISON AV/E 127 ST,94
8.242180293090436e+17,E 79 ST/1 AV,105
8.242433178272175e+17,HILLSIDE AV/171 ST,243
8.243116096364156e+17,COLUMBUS AV/W 84 ST,41
8.243167960617279e+17,E 34 ST/1 AV,11
8.243276591896609e+17,W 42 ST/9 AV,123
8.245052882805302e+17,TOMPKINS AV/WILLOUGHBY AV,159
8.245345561413524e+17,7 AV/W 28 ST,97
8.245772273073745e+17,COLUMBUS AV/W 106 ST,211
8.245813700853612e+17,LINDEN BLVD/SUTPHIN BLVD,1084
8.263017111510254e+17,FRANCIS LEWIS BLVD/104 AV,295
8.263249257106438e+17,JAMAICA AV/FOREST PKWY,298
8.264534159032915e+17,FREDERICK DOUGLASS BLVD/W 113 ST,106
8.264709170929439e+17,SUTTER AV/SHEPHERD AV,135
8.301686470982326e+17,WATER ST/PINE ST,209
8.302430738853972e+17,AVENUE D/E 39 ST,363
8.303510428224186e+17,KINGS HWY/TILDEN AV,156
8.303554507698468e+17,NASSAU AV/MONITOR ST,150
8.303817696748572e+17,ASTORIA BLVD SOUTH/STEINWAY ST,474
8.305274702530578e+17,JAMAICA AV/FOREST PKWY,453
8.30610321913691e+17,JAMAICA AV/AUTUMN AV,205
8.30634705984117e+17,JAMAICA AV/FOREST PKWY,622
8.306475672310171e+17,JAMAICA AV/FOREST PKWY,454
8.264902983092424e+17,FREDERICK DOUGLASS BLVD/W 123 ST,196
8.246425006424374e+17,21 ST/BROADWAY,592
8.246510862899529e+17,E 50 ST/3 AV,177
8.246550234444984e+17,JAMAICA AV/BRADFORD ST,162
8.24659055427131e+17,E 50 ST/3 AV,177
8.246790867833553e+17,COLUMBUS AV/W 84 ST,125
8.246860936133085e+17,10 AV/W 49 ST,81
8.246950906521146e+17,ADAM C POWELL BLVD/W 114 ST,154
8.246952288027406e+17,E 34 ST/1 AV,31
8.266260897949865e+17,HALSEY ST/EVERGREEN AV,92
8.267701290278437e+17,EDGECOMBE AV/W 158 ST,108
8.26787661243638e+17,EDGECOMBE AV/W 158 ST,108
8.267892656122034e+17,EDGECOMBE AV/W 158 ST,108
8.267910459087788e+17,EDGECOMBE AV/W 158 ST,108
8.247009064110102e+17,1 AV/E 60 ST,227
8.24706664345603e+17,W 81 ST/COLUMBUS AV,142
8.24708897502231e+17,E 34 ST /1 AV,111
8.247232830874301e+17,9 AV/W 35 ST,49
8.247361201209116e+17,9 AV/W 35 ST,58
8.2681605201498e+17,SMITH ST/DOUGLASS ST,521
8.26953587228902e+17,HAMPTON ST / WHITNEY AVE,525
8.306561535507992e+17,7 AV/W 55 ST,171
8.306756178040239e+17,8 AV/W  56 ST,70
8.306760601895604e+17,SAINT NICHOLAS AV/W 141 ST,112
8.306822823571576e+17,8 AV/W  56 ST,88
8.310636439410326e+17,23 AV/87 ST,296
8.310711996896721e+17,MADISON AV/E 127 ST,89
8.269546117543949e+17,3 AV/E 31 ST,99
8.27002640925576e+17,HAMPTON ST / WHITNEY AVE,685
8.247490795013708e+17,SAINT JOHNS PL/BEDFORD AV,0
8.24752784171698e+17,9 AV/W 40 ST,125
8.247738077353748e+17,LEXINGTON AV/E 45 ST,186
8.247803556372634e+17,LEXINGTON AV/E 92 ST,170
8.247894302493317e+17,E 79 ST/2 AV,193
8.24800297869336e+17,2 AV/E 31 ST,76
8.248119804864726e+17,1 AV/E 62 ST,68
8.339302182112817e+17,EAST HOUSTON ST/NORFOLK ST,333
8.273753586912253e+17,3 AV/E 45 ST,69
8.274233283993317e+17,SARATOGA AV/MACDONOUGH ST,158
8.274238588241467e+17,LEXINGTON AV/E 110 ST,106
8.274384724687716e+17,LEXINGTON AV/E 110 ST,96
8.2744215445748e+17,3 AV/E 109 ST,124
8.31167886889727e+17,WILSON AV/GATES AV,215
8.312150111930194e+17,FLATBUSH AV/FARRAGUT RD,221
8.31287359195265e+17,5 AV/41 ST,145
8.313152090171245e+17,BEDFORD AV/N 12 ST,67
8.313456519877709e+17,FRESH POND RD/PUTNAM AV,329
8.313971990806487e+17,ADAM C POWELL BLVD/W 133 ST,52
8.314083925954348e+17,BEDELL ST/BAISLEY BLVD,489
8.315276493390276e+17,S 4 ST/HOOPER ST,149
8.31617257461187e+17,2 AV/E 61 ST,46
8.274592821454255e+17,MADISON AV/E 111 ST,172
8.27462961830021e+17,3 AV/E 109 ST,105
8.339355654453619e+17,MYRTLE AV/67 ST,336
8.339713420273212e+17,WATER ST/MAIDEN LN,222
8.340257058658656e+17,METROPOLITAN AV/ASCAN AV,645
8.341358386501484e+17,KINGS HWY/W 7 ST,64
8.342114633763724e+17,LEXINGTON AV/E 62 ST,74
8.346747103276563e+17,57 AV/JUNCTION BLVD,161
8.275287537446926e+17,E 49 ST/2 Av,146
8.27550514589264e+17,GRAND ST/PITT ST,450
8.27550929803567e+17,LEXINGTON AV/E 110 ST,241
8.276375966615423e+17,MESEROLE ST/LORIMER ST,120
8.276648010291268e+17,BROADWAY/W 162 ST,73
8.276703351963959e+17,LEXINGTON AV/E 62 ST,74
8.276919146934796e+17,W 96 ST/BROADWAY,3
8.277986335711411e+17,W 135 ST/BROADWAY,168
8.317390598778049e+17,BROADWAY/WALKER ST,194
8.317504012593768e+17,E 10 ST/AVENUE B,75
8.317552092251616e+17,E 9 ST/AVENUE A,88
8.318717312527628e+17,1 AV/E 70 ST,132
8.318776643530488e+17,NOSTRAND AV/AVENUE J,70
8.321163200784896e+17,28 ST/QUEENS PLAZA SOUTH,567
8.324955457341228e+17,3 AV/E 63 ST,34
8.278362158810862e+17,BROADWAY/W 161 ST,137
8.34778581270347e+17,LEXINGTON AV/E 28 ST,74
8.347925282936664e+17,E 9 ST/2 AV,121
8.348185022564714e+17,2 AV/E 46 ST,133
8.348511348805462e+17,UTICA AV/PROSPECT PL,94
8.348565840784865e+17,E 86 ST/1 AV,96
8.348986842594173e+17,MADISON AV/E 38 ST,80
8.349497882932411e+17,BOWERY/HESTER ST,137
8.350347453987695e+17,WILLIAMSBRIDGE RD/BOSTON RD,43
8.350849458144965e+17,5 AV/11 ST,349
8.350910506652132e+17,FOREST AV/BEMENT AV,111
8.280840461008833e+17,1 AV/E 11 ST,166
8.281520288756585e+17,WOODROW RD/HOLCOMB AV,6
8.283414002503818e+17,EAST HOUSTON ST/CLINTON ST,317
8.283519026922267e+17,AVENUE D/E 37 ST,366
8.325214231464255e+17,EAST HOUSTON ST/NORFOLK ST,333
8.32527577617424e+17,E 79 ST/2 AV,169
8.325887556864732e+17,W 87 ST/WEST END AV,153
8.326355089800512e+17,LAUREL HILL BLVD/58 ST,1173
8.326870862916911e+17,LIBERTY AV/184 ST,232
8.327068001083791e+17,MYRTLE AV/SUYDAM ST,278
8.327315393516468e+17,WYCKOFF AV/DE KALB AV,256
8.283798932461261e+17,9 ST/6 AV,195
8.284680314899759e+17,LINDEN BLVD/SUTPHIN BLVD,1391
8.354698281973833e+17,ALBANY AV/MIDWOOD ST,218
8.356288098805155e+17,JAMAICA AV/SCHENCK AV,82
8.356945705643885e+17,COLFAX ST/SPRINGFIELD BLVD,131
8.357466549191794e+17,ROCKAWAY PKWY/AVENUE L,447
8.358386908637243e+17,SOUTH CONDUIT AV/HOOK CREEK BLVD,239
8.358799999908525e+17,W 50 ST/8 AV,46
8.35923623157526e+17,WATER ST/WALL ST,67
8.359287984515712e+17,WATER ST/MAIDEN LN,166
8.285169041429592e+17,MYRTLE AV/HART ST,49
8.287976023163267e+17,KINGS HWY/AVENUE K,525
8.288492792053962e+17,8 AV/W 28 ST,97
8.359346966202912e+17,BROADWAY/CEDAR ST,336
8.361066234623392e+17,WATER ST/PINE ST,58
8.361097421356783e+17,11 AV/W 47 ST,59
8.361103227310982e+17,11 AV/W 47 ST,59
8.361180074602738e+17,WATER ST/GOUVERNEUR LN,374
8.33310434929139e+17,W 135 ST/RIVERSIDE DR,122
8.333670861117304e+17,ASTORIA BLVD SOUTH/STEINWAY ST,1329
8.333852954568806e+17,HOYT AV SOUTH/31 ST,1782
8.334585289526348e+17,3 AV/E 17 ST,96
8.288927610933356e+17,EDGECOMBE AV/W 158 ST,108
8.378054093409627e+17,E 14 ST/2 AV,55
8.37852270134939e+17,W 17 ST/NEPTUNE AV,159
8.378882708063699e+17,MERMAID AV/W 15 ST,80
8.379097303538652e+17,14 AV/123 ST,230
8.361206560349018e+17,11 AV/W 47 ST,59
8.361208343011436e+17,11 AV/W 47 ST,59
8.361217603624113e+17,WATER ST/PINE ST,41
8.361268723357573e+17,11 AV/W 47 ST,59
8.361299819141964e+17,11 AV/W 47 ST,59
8.361437120158463e+17,WATER ST/WALL ST,319
8.379434224998444e+17,LAFAYETTE AV/LEWIS AV,210
8.37954385452241e+17,99 ST/LEWIS AV,259
8.380470233301624e+17,EAST TREMONT AV/OVERING ST,542
8.380470273819539e+17,WESTCHESTER AV/ZEREGA AV,260
8.380567137659945e+17,JERSEY ST/SCRIBNER AV,86
8.381404386843012e+17,LEXINGTON AV/E 119 ST,95
8.334596353508211e+17,MAIN ST/146 ST,271
8.334691906361612e+17,HALSEY ST/SARATOGA AV,87
8.334727235266377e+17,HALSEY ST/SARATOGA AV,193
8.3355376550245e+17,2 AV/E 20 ST,71
8.33588625708954e+17,PROSPECT PARK SOUTHWEST/GREENWOOD AV,165
8.33871341556398e+17,CROPSEY AV/18 AV,377
8.420773605518794e+17,HEMPSTEAD AV/221 ST,371
8.42094104708757e+17,E 10 ST/AVENUE B,231
8.421189351225654e+17,HAMPTON ST/BRITTON AV,87
8.381409215442634e+17,E 116 ST/LEXINGTON AV,55
8.381411986938307e+17,E 116 ST/3 AV,138
8.382184048112541e+17,3 AV/E 182 ST,223
8.361498530093454e+17,AMSTERDAM AV/W 138 ST,90
8.362177041300337e+17,n conduit av/cohancy st,1277
8.362512834047121e+17,LEXINGTON AV/E 92 ST,81
8.362609746118217e+17,FARMERS BLVD/JORDAN AV,193
8.362917071990253e+17,FLUSHING AV/BEAVER ST,346
8.363290162028993e+17,ADAM C POWELL BLVD/W 140 ST,146
8.363926194795976e+17,GREENPOINT AV/44 ST,511
8.364358851705911e+17,n conduit av/95 st,1307
8.383184132075057e+17,W 54 ST/11 AV,4
8.383215521211707e+17,MALCOLM X BLVD/LAFAYETTE AV,113
8.383943978136292e+17,W 44 ST/6 AV,56
8.383955502077775e+17,W 44 ST/6 AV,56
8.421548125526179e+17,GATES AV/KNICKERBOCKER AV,168
8.422703348466746e+17,FREDERICK DOUGLASS BLVD/W 138 ST,184
8.42303573357573e+17,227 ST/113 DR,323
8.423320065985389e+17,THOMAS S BOYLAND ST/MACDONOUGH ST,66
8.426540956702813e+17,BERGEN ST/BOND ST,123
8.426917774755451e+17,DWIGHT ST/DIKEMAN ST,86
8.426934217382715e+17,YORK AV/E 88 ST,134
8.383955926350847e+17,W 44 ST/6 AV,56
8.365055983930751e+17,STILLWELL AV/NEPTUNE AV,172
8.368238185171921e+17,1 AV/E 60 ST,141
8.369092051622476e+17,NOSTRAND AV/EMPIRE BLVD,98
8.369290656003809e+17,7 AV/W 58 ST,94
8.369696594409507e+17,7 AV/W 20 ST,163
8.370207910669326e+17,MADISON AV/E 32 ST,209
8.383962006394625e+17,W 44 ST/6 AV,56
8.383962589789071e+17,W 44 ST/6 AV,56
8.383972089187908e+17,W 44 ST/6 AV,56
8.383972350927109e+17,W 44 ST/6 AV,56
8.383980140304283e+17,W 44 ST/6 AV,56
8.383989091129533e+17,W 44 ST/6 AV,56
8.383989420086038e+17,W 44 ST/6 AV,56
8.383995715533684e+17,W 44 ST/6 AV,56
8.384011046448594e+17,W 44 ST/6 AV,56
8.370292210747766e+17,DE KALB AV/EVERGREEN AV,160
8.37067530170726e+17,6 AV/W 38 ST,136
8.371081317633804e+17,LEXINGTON AV/E 28 ST,85
8.371496794379858e+17,AVENUE D/E 37 ST,234
8.372134108153125e+17,W 49 ST/10 AV,57
8.375536787224544e+17,BROADWAY/MADISON ST,234
8.3756690977497e+17,BROADWAY/CORTLANDT ST,176
8.375681275065329e+17,BROADWAY/CORTLANDT ST,176
8.37568954273932e+17,BROADWAY/CORTLANDT ST,176
8.42710704051634e+17,2 AV/E 61 ST,138
8.42724427498165e+17,DIVISION AV/BERRY ST,288
8.427251901033887e+17,RICHMOND AV/MEMPHIS AV,412
8.427374770806758e+17,PACIFIC ST/SACKMAN ST,216
8.427553460795357e+17,5 AV/W 44 ST,130
8.427632548649691e+17,5 AV/UNION ST,283
8.427766761585172e+17,VAN BRUNT ST/PIONEER ST,48
8.427903268328605e+17,GATES AV/PATCHEN AV,145
8.428020218934345e+17,GATES AV/PATCHEN AV,130
8.384017363849011e+17,W 44 ST/6 AV,56
8.384207114354888e+17,E 79 ST/2 AV,81
8.384350593339978e+17,UTICA AV/BEVERLY RD,282
8.384755400751684e+17,8 AV/W  56 ST,74
8.386436808042209e+17,E 68 ST/YORK AV,77
8.388640175347571e+17,W 54 ST/11 AV,16
8.390024420729751e+17,3 AV/E 60 ST,84
8.375701478312233e+17,LEXINGTON AV/E 31 ST,103
8.375904943790948e+17,3 AV/E 93 ST,56
8.375962138918281e+17,GRAND ST/UNION AV,113
8.376011712604179e+17,BROADWAY/QUEENS BLVD,202
8.37615861348803e+17,FREDERICK DOUGLASS BLVD/W 138 ST,184
8.376375180644982e+17,W 49 ST/9 AV,88
8.37666970450706e+17,MERRICK BLVD/HOOK CREEK BLVD,215
8.376772418732174e+17,LAFAYETTE AV/MALCOLM X BLVD,54
8.376987628181586e+17,FLUSHING AV/KNICKERBOCKER AV,22
8.390117854162348e+17,CLASSON AV/DE KALB AV,498
8.390169962931807e+17,ADAM C POWELL BLVD/W 138 ST,15
8.390340107286301e+17,WILSON AV/JEFFERSON AV,132
8.391388965286982e+17,FARMERS BLVD/QUENCER RD,298
8.391585065273203e+17,KISSENA BLVD/ELDER AV,225
8.428592200330816e+17,BEDELL ST/BAISLEY BLVD,768
8.428761314436297e+17,FULTON ST/ADELPHI ST,88
8.429233121307487e+17,5 AV/W 44 ST,130
8.429781264403267e+17,GRAND CONCOURSE/E 182 ST,337
8.4302696613684e+17,1 AV/E 60 ST,61
8.430411986537984e+17,82 ST/ROOSEVELT AV,1503
8.430676326563043e+17,MALCOLM X BLVD/PUTNAM AV,192
8.431206410458976e+17,ATLANTIC AV/BRADFORD ST,115
8.431827786743383e+17,ATLANTIC AV/SHEPHERD AV,64
8.432609274842632e+17,REMSEN AV/FARRAGUT RD,15
8.392145091666175e+17,MYRTLE AV/IRVING AV,78
8.377105495491844e+17,CONEY ISLAND AV/GRAVESEND NECK RD,197
8.377294074489015e+17,NEW YORK AV/TILDEN AV,247
8.377539491708352e+17,FRANKLIN AV/PROSPECT PL,128
8.378006368384383e+17,STILLWELL AV/NEPTUNE AV,80
8.460190689281334e+17,GREENPOINT AV/46 ST,447
8.461590216804474e+17,YORK AV/E 82 ST,127
8.46162633162567e+17,W 10 ST/GREENWICH ST,47
8.393312568607927e+17,UNION TPKE/193 ST,44
8.393639854239309e+17,BERGEN ST/CLASSON AV,207
8.393738233959985e+17,FRANCIS LEWIS BLVD/255 ST,64
8.433970084308764e+17,W 165 ST/AMSTERDAM AV,133
8.434204720672413e+17,W 165 ST/AMSTERDAM AV,128
8.434215066588419e+17,MADISON AV/E 40 ST,61
8.434333674077883e+17,SAINT NICHOLAS AV/W 164 ST,47
8.434686026209516e+17,MARCY AV/S 2 ST,69
8.434875532923712e+17,2 AV/E 36 ST,78
8.43522384418927e+17,BROADWAY/W 116 ST,106
8.435668439592516e+17,JAMAICA AV/94 ST,84
8.435791616601405e+17,CONEY ISLAND AV/AVENUE O,374
8.436041531650052e+17,5 AV/W 44 ST,130
8.394158000799551e+17,COLUMBUS AV/W 69 ST,147
8.4635777574615e+17,2 AV/E 82 ST,225
8.463825357249777e+17,SAINT NICHOLAS AV/W 190 ST,71
8.464265074407706e+17,21 ST/38 AV,745
8.464500911317943e+17,BAYCHESTER AV/EDENWALD AV,424
8.464835777499997e+17,CATHEDRAL PKWY/BROADWAY,33
8.465240132953939e+17,7 AV/GARFIELD PL,147
8.465464112006618e+17,FREDERICK DOUGLASS BLVD/W 138 ST,184
8.397287525380605e+17,7 AV/3 ST,218
8.398140831434542e+17,LAMBERTS LN/MAY AV,364
8.398327833197983e+17,FLATLANDS AV/E 84 ST,280
8.398908707974605e+17,PARK AV/CARLTON AV,89
8.436363244029559e+17,CONEY ISLAND AV/AVENUE O,341
8.43637443120669e+17,KENT AV/S 6 ST,37
8.436393996383982e+17,BROADWAY/WYTHE AV,55
8.436656836150378e+17,E 233 ST/MURDOCK AV,218
8.440163942648591e+17,SAINT NICHOLAS AV/W 187 ST,145
8.440170440011395e+17,MYRTLE AV/SUYDAM ST,313
8.440170486942527e+17,MYRTLE AV/BUSHWICK AV,319
8.44029641961371e+17,RIVERSIDE DR/W 94 ST,222
8.399045830574911e+17,LAMBERTS LN/MAY AV,550
8.465748926132125e+17,UNION TPKE/PARSONS BLVD,696
8.465869110993846e+17,UNION TPKE/150 ST,990
8.465876393390979e+17,UNION TPKE/150 ST,1111
8.465882009759918e+17,UNION TPKE/150 ST,1099
8.465906753238058e+17,UNION TPKE/150 ST,1104
8.466351993987205e+17,174 ST/109 AV,161
8.466491684375868e+17,AMSTERDAM AV/W 190 ST,134
8.466499725331382e+17,AMSTERDAM AV/W 190 ST,224
8.466502104942839e+17,AMSTERDAM AV/W 188 ST,84
8.468202837246771e+17,CONVENT AV/W 129 ST,224
8.400409835731411e+17,NORTH BOUNDARY RD/FEDERAL EXPRESS,2014
8.400733600953637e+17,UTICA AV/EMPIRE BLVD,53
8.401856193028763e+17,HOLLIS AV/109 AV,65
8.469277793665339e+17,11 AV/W 47 ST,56
8.469544716547354e+17,WILSON AV/JEFFERSON ST,248
8.469735950516727e+17,JAMAICA AV/HEMLOCK ST,292
8.469806787880584e+17,E 14 ST/UNION SQUARE WEST,187
8.469968871889569e+17,5 AV/W 59 ST,58
8.469975943317533e+17,2 AV/E 12 ST,134
8.469977560273748e+17,6 AV/W 45 ST,93
8.440458967545742e+17,BROADWAY/W 133 ST,81
8.442431784080617e+17,120 AV/178 ST,102
8.442595639288035e+17,ROGERS AV/EASTERN PKWY,39
8.442995348206967e+17,FREDERICK DOUGLASS BLVD/W 138 ST,184
8.444671800016175e+17,60 ST/4 AV,61
8.447048082365481e+17,EAST TREMONT AV/WATERBURY AV,63
8.448479797220077e+17,KINGSTON AV/UNION ST,133
8.408682769159493e+17,THROOP AV/MACDONOUGH ST,67
8.411602247907174e+17,NEW YORK AV/SNYDER AV,200
8.412901116334551e+17,EAST TREMONT AV/BRUCKNER BLVD,37
8.412926613174966e+17,W 168 ST/AUDUBON AV,105
8.450412783653722e+17,WYCKOFF AV/MENAHAN ST,118
8.452092551237869e+17,ATLANTIC AV/WYONA ST,219
8.452125905323012e+17,11 AV/W 42 ST,99
8.45223334521579e+17,8 AV/W 31 ST,152
8.453099918787128e+17,ATLANTIC AV/VAN SICLEN AV,177
8.454983009763329e+17,LINDEN BLVD/219 ST,42
8.455270502535969e+17,NORTH BOUNDARY RD/150 AV,1658
8.455499711332571e+17,BORDEN AV/VAN DAM ST,155
8.469980285063173e+17,6 AV/W 45 ST,93
8.470602684819878e+17,BROADWAY/BENNETT AV,150
8.470738260294222e+17,AMSTERDAM AV/W 190 ST,125
8.470742457843502e+17,AMSTERDAM AV/W 190 ST,217
8.470877808445748e+17,AMSTERDAM AV/W 190 ST,52
8.470882643407852e+17,AMSTERDAM AV/W 190 ST,156
8.470887165877901e+17,AMSTERDAM AV/W 190 ST,55
8.413003945007374e+17,AVENUE U/BRAGG ST,57
8.41313992614806e+17,GATES AV/BUSHWICK AV,135
8.414116996651855e+17,WEST ST/NORTH MOORE ST,367
8.414165826934304e+17,STANHOPE ST/GRANDVIEW AV,505
8.415295729498529e+17,LINDEN BLVD/GUY R BREWER BL,696
8.45560218300356e+17,FLATLANDS AV/REMSEN AV,13
8.456735136705106e+17,FREDERICK DOUGLASS BLVD/W 138 ST,184
8.457394143867231e+17,BAY RIDGE AV/RIDGE BLVD,201
8.457746189187428e+17,120 AV/222 ST,226
8.470958582742281e+17,44 DR/JACKSON AV,224
8.4710201152068e+17,AMSTERDAM AV/W 188 ST,106
8.471034112951515e+17,BROOKLYN AV/FULTON ST,105
8.471040564132132e+17,AMSTERDAM AV/W 190 ST,128
8.471090918293106e+17,BROOKLYN AV/FULTON ST,105
8.471115924685061e+17,BROOKLYN AV/FULTON ST,105
8.47113109243256e+17,HARRISON ST/HUDSON ST,39
8.471134083342527e+17,BROOKLYN AV/FULTON ST,105
8.471143738748504e+17,BROOKLYN AV/FULTON ST,105
8.415361977903895e+17,FREDERICK DOUGLASS BLVD/W 138 ST,184
8.419590178599062e+17,MORRIS PARK AV/WHITE PLAINS RD,108
8.420556118831904e+17,DECATUR ST/CENTRAL AV,81
8.522318885193935e+17,SEDGWICK AV/HILLMAN AV,632
8.471156755153224e+17,BROOKLYN AV/FULTON ST,105
8.47117939267245e+17,BROOKLYN AV/FULTON ST,105
8.472755790205798e+17,FREDERICK DOUGLASS BLVD/W 138 ST,184
8.472760772591137e+17,FREDERICK DOUGLASS BLVD/W 138 ST,184
8.472760838665775e+17,FREDERICK DOUGLASS BLVD/W 138 ST,184
8.473308952201285e+17,FLATLANDS AV/E 94 ST,242
8.473508698300352e+17,YORK AV/E 79 ST,96
8.522938090962644e+17,2 AV/E 6 ST,275
8.523089742998546e+17,E 86 ST/3 AV,173
8.458209966523907e+17,WYTHE AV/S 5 ST,478
8.45846218230382e+17,39 ST/10 AV,352
8.460126922455206e+17,JAMAICA AV/LOGAN ST,288
8.479068968803994e+17,21 ST/35 AV,1270
8.479072776844351e+17,BOWERY/GRAND ST,222
8.479146046054203e+17,ALLEN ST/DELANCEY ST,114
8.523591401141696e+17,21 ST/38 AV,747
8.473867591522934e+17,AMSTERDAM AV/W 190 ST,329
8.474660130223421e+17,AMSTERDAM AV/W 190 ST,232
8.476016541338053e+17,BROADWAY/W 91 ST,67
8.476176755032484e+17,FREDERICK DOUGLASS BLVD/W 138 ST,184
8.480158896490016e+17,ELIOT AV/83 PL,221
8.480164745394596e+17,ELIOT AV/83 PL,477
8.480165165138592e+17,ELIOT AV/83 PL,167
8.48063156347742e+17,ELIOT AV/83 PL,246
8.480801520908913e+17,ELIOT AV/83 PL,168
8.480803606924488e+17,ELIOT AV/83 PL,172
8.480819736886829e+17,FARMERS BLVD/175 ST,167
8.52835857036905e+17,86 ST/21 AV,81
8.528610459426921e+17,AVENUE C/E 6 ST,200
8.480921803077344e+17,9 AV/W 55 ST,49
8.480965366167816e+17,ELIOT AV/83 PL,460
8.48096577738723e+17,ELIOT AV/83 PL,460
8.481101839861684e+17,ELIOT AV/85 ST,245
8.481102894805522e+17,ELIOT AV/83 PL,419
8.481273041124915e+17,ELIOT AV/83 PL,460
8.481274989662659e+17,ELIOT AV/83 PL,293
8.528846502326822e+17,JAMAICA AV/94 ST,294
8.476451214154356e+17,AMSTERDAM AV/W 114 ST,12
8.476556394264943e+17,ELIOT AV/83 PL,460
8.476559966598492e+17,ELIOT AV/83 PL,459
8.476603109159057e+17,W 125 ST/FREDERICK DOUGLASS BLVD,80
8.477636232440577e+17,28 ST/QUEENS PLAZA SOUTH,815
8.478327239854254e+17,THOMSON AV/VAN DAM ST,1387
8.478552099455914e+17,SUMMERFIELD ST/CYPRESS AV,177
8.47858962645131e+17,THOMSON AV/VAN DAM ST,1273
8.530286853261565e+17,1 AV/E 82 ST,106
8.53129844194651e+17,BOSTON RD/LACONIA AV,246
8.532973810761371e+17,7 AV/W 28 ST,110
8.53394785192534e+17,BOWERY/PRINCE ST,132
8.48404919151241e+17,LINDEN BLVD/SUTPHIN BLVD,1259
8.484169449283264e+17,3 AV/SHORE RD,47
8.484344049886651e+17,MADISON AV/E 38 ST,157
8.484580455227636e+17,HYLAN BLVD/TYSENS LN,98
8.485718298719645e+17,REMSEN AV/AVENUE L,184
8.486276813492723e+17,1 AV/E 81 ST,150
8.486391507741714e+17,CLEVELAND  PL/SPRING ST,171
8.533950995374947e+17,MADISON AV/E 74 ST,129
8.533976821063332e+17,MANHATTAN AV/CALYER ST,163
8.478695914142781e+17,THOMSON AV/VAN DAM ST,1227
8.478717516469076e+17,3 AV/E 26 ST,79
8.478924956021908e+17,EDGECOMBE AV/W 158 ST,108
8.478939040071492e+17,EDGECOMBE AV/W 158 ST,108
8.478966176023807e+17,EDGECOMBE AV/W 158 ST,108
8.566416607227191e+17,NEW LOTS AV/MALTA ST,148
8.566519338127629e+17,23 AV/87 ST,1158
8.566743652715875e+17,BROADWAY/ARION PL,119
8.567354349377089e+17,n conduit av/95 st,1948
8.536406289317866e+17,MYRTLE AV/BUSHWICK AV,51
8.53652057537718e+17,BROADWAY/GRAND ST,121
8.536819879948676e+17,BROADWAY/GRAND ST,240
8.537084854237165e+17,3 AV/E 39 ST,63
8.537242188626148e+17,BEDFORD AV/GREENE AV,159
8.486482757449326e+17,CHURCH AV/E 7 ST,120
8.486888878818235e+17,E 34 ST/2 AV,21
8.487004998934949e+17,BROADWAY/EASTERN PKWY,440
8.489026771205798e+17,82 ST/ROOSEVELT AV,961
8.490893722668916e+17,174 ST/110 AV,146
8.491412079576108e+17,MYRTLE AV/EVERGREEN AV,140
8.491599894035416e+17,FLATBUSH AV/BROOKLYN AV,289
8.542631445034162e+17,AMSTERDAM AV/W 104 ST,58
8.542634017663881e+17,COLUMBUS AV/W 108 ST,96
8.542918659634683e+17,BOWERY/KENMARE ST,120
8.543618948281919e+17,FLUSHING AV/HUMBOLDT ST,85
8.567904651004205e+17,FRANCIS LEWIS BLVD/116 AV,162
8.568431246172141e+17,BROADWAY/ABERDEEN ST,150
8.568535894500594e+17,BROADWAY/GRANITE ST,49
8.568853108104152e+17,WILSON AV/DE KALB AV,155
8.570393143506758e+17,CENTRAL PARK SOUTH/6 AV,303
8.570621982637894e+17,LEXINGTON AV/E 31 ST,62
8.570790264534304e+17,21 ST/BROADWAY,329
8.54422829531546e+17,9 AV/W 40 ST,298
8.544390696312314e+17,ASTORIA BLVD NORTH/77 ST,328
8.491991480027078e+17,DE KALB AV/BOND ST,163
8.493154129133434e+17,THROOP AV/JEFFERSON AV,81
8.493552986157714e+17,9 AV/W 52 ST,78
8.494587220076218e+17,MALCOLM X BLVD/W 122 ST,147
8.497669498725962e+17,MARCUS GARVEY BLVD/HALSEY ST,55
8.500000584678898e+17,NORTH BOUNDARY RD/150 AV,1321
8.54453201801768e+17,5 AV/W 14 ST,103
8.544628610088836e+17,COZINE AV/CRESCENT ST,41
8.544866279989243e+17,DREW ST/SUTTER AV,542
8.544878740681444e+17,BROADWAY/WALKER ST,200
8.545155984797687e+17,ELLSWORTH AV/SCHLEY AV,210
8.545202058648388e+17,PUTNAM AV/NOSTRAND AV,150
8.571185766116216e+17,LIBERTY AV/REMINGTON ST,333
8.571275090548305e+17,BROADWAY/GRANITE ST,105
8.571372476145979e+17,BROADWAY/ABERDEEN ST,71
8.571685948475634e+17,E 79 ST/2 AV,176
8.57216097977521e+17,DE KALB AV/MALCOLM X BLVD,65
8.573414706047853e+17,HALSEY ST/BUSHWICK AV,40
8.574175261551845e+17,ATLANTIC AV/BERRIMAN ST,121
8.574229056919988e+17,NORTHERN BLVD/159 ST,470
8.545393025638994e+17,BROADWAY/GRAND ST,257
8.545442317563476e+17,BROADWAY/GRAND ST,230
8.549046743047236e+17,EAST GUN HILL RD/PAULDING AV,393
8.500686042587374e+17,WHITE PLAINS RD/BRONXDALE AV,738
8.50082047929988e+17,BAY PKWY/83 ST,160
8.502009060940379e+17,FLATLANDS AV/E 57 ST,11
8.506638538795295e+17,7 AV/6 ST,100
8.507532239148215e+17,ASTORIA BLVD/STEINWAY ST,830
8.507799731831291e+17,FDR DR/E 35 ST,183
8.551697871377706e+17,STERLING PL/WASHINGTON AV,49
8.552333304151726e+17,5 AV/SAINT JOHNS PL,88
8.552788547193254e+17,PENNSYLVANIA AV/HEGEMAN AV,365
8.552874623561911e+17,FORT WASHINGTON AV/W 160 ST,2
8.575763315445012e+17,80 ST/COOPER AV,524
8.578690721438734e+17,BAYCHESTER AV/STRANG AV,189
8.578813606558943e+17,RIVERSIDE DR/W 74 ST,67
8.579202492585126e+17,LEXINGTON AV/E 104 ST,94
8.579816269586431e+17,MYRTLE AV/WASHINGTON AV,40
8.580625450280443e+17,W 34 ST/9 AV,139
8.553510572543133e+17,NEW LOTS AV/MALTA ST,232
8.55374496026412e+17,PENNSYLVANIA AV/HEGEMAN AV,398
8.555668406275854e+17,SARATOGA AV/BAINBRIDGE ST,198
8.555987254836959e+17,MANHATTAN AV/W 119 ST,64
8.556330381542331e+17,11 ST/JACKSON AV,41
8.50813236031594e+17,5 AV/3 ST,157
8.50926985725346e+17,BAY ST/GRANT ST,16
8.509564160121102e+17,DRIGGS AV/S 2 ST,33
8.50972829284175e+17,5 AV/33 ST,188
8.509949141106842e+17,WYTHE AV/N 9 ST,48
8.512688703167404e+17,3 AV/E 33 ST,144
8.514310228728841e+17,E 14 ST/SHEEPSHEAD BAY RD,65
8.55666316990019e+17,HALSEY ST/BUSHWICK AV,353
8.581871049211365e+17,114 AV/219 ST,122
8.58197365700454e+17,5 AV/DOUGLASS ST,142
8.582076724071786e+17,ASTORIA BLVD SOUTH/STEINWAY ST,1639
8.582265504083235e+17,GRAND ST/EAST BROADWAY,79
8.583473731905925e+17,FORT WASHINGTON AV/W 181 ST,209
8.583490852458223e+17,FORT WASHINGTON AV/W 181 ST,103
8.583632130451517e+17,FORT WASHINGTON AV/W 179 ST,259
8.583752482201423e+17,FORT WASHINGTON AV/W 179 ST,44
8.583753398650804e+17,FORT WASHINGTON AV/W 181 ST,246
8.55668327946766e+17,GRAND CONCOURSE/EAST MOSHOLU PKWY SOUTH,78
8.556909988680303e+17,FLUSHING AV/JOHNSON AV,258
8.557054478813682e+17,5 AV/W 112 ST,108
8.558581174142111e+17,GRAND CONCOURSE/E 180 ST,177
8.559517703378394e+17,OCEAN AV/AVENUE I,138
8.559618944112609e+17,W 34 ST/8 AV,144
8.56249316379328e+17,ADAM C POWELL BLVD/W 133 ST,65
8.583995128904961e+17,DYCKMAN ST/SHERMAN AV,339
8.583995934525692e+17,DYCKMAN ST/SHERMAN AV,420
8.584070423707192e+17,DYCKMAN ST/SHERMAN AV,410
8.584073118406301e+17,BROADWAY/W 196 ST,335
8.586792731960454e+17,WOODPOINT RD/CONSELYEA ST,111
8.586927363995428e+17,BERGEN ST/NOSTRAND AV,48
8.586976926725452e+17,8 AV/W 31 ST,61
8.587083236479675e+17,5 AV/W 45 ST,95
8.514485917386006e+17,E 79 ST/2 AV,176
8.517035257744343e+17,SCHAEFER ST/CENTRAL AV,174
8.517250833260947e+17,ATLANTIC AV/WOODHAVEN BLVD,140
8.51748434941516e+17,FRANCIS LEWIS BLVD/256 ST,119
8.51923089381777e+17,BROADWAY/THOMAS ST,99
8.520412233992753e+17,DE KALB AV/SAINT NICHOLAS AV,225
8.520553624977669e+17,FLUSHING AV/JOHNSON AV,283
8.562566467080668e+17,E 10 ST/AVENUE B,231
8.563349585574199e+17,NOSTRAND AV/GREENE AV,235
8.563365811772369e+17,GRAND CONCOURSE/EAST MOSHOLU PKWY SOUTH,98
8.563822929262029e+17,FLATLANDS AV/E 77 ST,262
8.564690326329926e+17,2 AV/E 75 ST,155
8.56506863490306e+17,3 AV/97 ST,126
8.565241403335841e+17,GRAHAM AV/JACKSON ST,242
8.520582335669065e+17,FLUSHING AV/JOHNSON AV,218
8.52097762131147e+17,ASTORIA BLVD/STEINWAY ST,1246
8.521539917895697e+17,2 AV/E 92 ST,157
8.522162459682445e+17,PARK AV SOUTH/E 23 ST,86
8.606335670260704e+17,1 AV/E 20 ST,61
8.566178099367263e+17,SUTTON PL/E 55 ST,80
8.587361191677171e+17,BEDFORD AV/AVENUE D,78
8.587428846238449e+17,GLENWOOD RD/E 35 ST,307
8.58763587774458e+17,9 ST/8 AV,157
8.587821775170249e+17,AVENUE C/E 3 ST,133
8.588186525499789e+17,9 AV/W 55 ST,94
8.588839934783118e+17,REMSEN AV/AVENUE N,125
8.591193207954561e+17,6 AV/W 31 ST,61
8.591557560027907e+17,BROADWAY/W 94 ST,57
8.637330051261622e+17,FRESH POND RD/CATALPA AV,258
8.637466172492082e+17,8 AV/W 46 ST,198
8.638377707575004e+17,JAMAICA AV/104 ST,234
8.607350215980077e+17,LEXINGTON AV/E 89 ST,27
8.60788937069153e+17,FORT WASHINGTON AV/W 185 ST,58
8.608209943162095e+17,GRAHAM AV/SCHOLES ST,190
8.608586214190513e+17,SPRINGFIELD BLVD/SPRINGFIELD LN,350
8.609092964213115e+17,83 ST/ROOSEVELT AV,688
8.609317767074349e+17,147 AV/184 ST,159
8.609329640249065e+17,7 AV/18 ST,239
8.609578321099724e+17,BROADWAY/CASTLETON AV,73
8.639522396763506e+17,LINDEN BLVD/SUTPHIN BLVD,1001
8.639701200566719e+17,FLATLANDS AV/E 103 ST,66
8.639944184258624e+17,GREENPOINT AV/47 ST,691
8.59156243688053e+17,1 AV/E 91 ST,82
8.592153775910122e+17,8 AV/W 28 ST,275
8.592723125970217e+17,AVENUE C/E 5 ST,72
8.592774150320666e+17,AVENUE D/E 6 ST,12
8.594667546344157e+17,W 50 ST/8 AV,111
8.59474530990564e+17,5 AV/W 31 ST,92
8.594961873606785e+17,W 49 ST/8 AV,186
8.640650695419887e+17,AVENUE C/E 5 ST,142
8.641209691281957e+17,5 AV/W 118 ST,118
8.610154059842335e+17,EAST BROADWAY/MARKET ST,87
8.610923019971265e+17,GREENPOINT AV/47 ST,698
8.611783353076963e+17,CATON AV/CONEY ISLAND AV,178
8.613225727877647e+17,1 AV/E 91 ST,82
8.613230649565642e+17,W 49 ST/8 AV,184
8.614252604949828e+17,JAMAICA AV/MILLER AV,630
8.644144405630273e+17,NORTH BOUNDARY RD/150 AV,1289
8.645136034178679e+17,FULTON ST/STUYVESANT AV,121
8.59501218380851e+17,BERGEN ST/WASHINGTON AV,222
8.596557614599222e+17,E 116 ST/MADISON AV,174
8.596649451430803e+17,WILSON AV/COOPER ST,102
8.596762268882602e+17,NORTH CONDUIT AV/225 ST,243
8.597711394257034e+17,FREDERICK DOUGLASS BLVD/W 135 ST,110
8.600046093289688e+17,MANHATTAN AV/CALYER ST,16
8.60170703368011e+17,ADAM C POWELL BLVD/W 130 ST,123
8.601711402690433e+17,5 AV/DOUGLASS ST,81
8.602194176950958e+17,MERRICK BLVD/107 AV,651
8.645447111865597e+17,JFK AIRPORT/TERMINAL 8,5946
8.614739927041971e+17,BROADWAY/FRANKLIN ST,133
8.614932657205983e+17,GREENPOINT AV/47 ST,595
8.61535916944778e+17,BOWERY/HESTER ST,152
8.615364584769576e+17,3 AV/E 88 ST,146
8.615849646141321e+17,FARMERS BLVD/177 PL,474
8.615888072720316e+17,gates av/myrtle st,57
8.616253961554863e+17,FULTON ST/HOWARD AV,225
8.646832500526045e+17,5 AV/37 ST,220
8.651714999919483e+17,E 116 ST/LEXINGTON AV,50
8.652305490263392e+17,DITMARS BLVD/31 DR,539
8.653359744103907e+17,AVENUE D/E 40 ST,65
8.602418160395313e+17,7 AV/W 31 ST,153
8.602689520746144e+17,BEDFORD AV/DEAN ST,125
8.603463164099532e+17,GATES AV/STUYVESANT AV,293
8.675080489478867e+17,3 AV/E 17 ST,96
8.676265780808174e+17,BROOKLYN AV/FULTON ST,197
8.679193446375374e+17,8 AV/W 46 ST,170
8.67919399958973e+17,8 AV/W 46 ST,170
8.679597954833285e+17,7 AV/W 20 ST,114
8.679643701990949e+17,1 AV/E 20 ST,39
8.654798411029129e+17,NOSTRAND AV/TILDEN AV,100
8.654861169641501e+17,LINDEN BLVD/SUTPHIN BLVD,1245
8.65605175906629e+17,BROADWAY/MADISON ST,189
8.657875349973944e+17,BROADWAY/MADISON ST,242
8.616638571996129e+17,SUTTER AV/VAN SICLEN AV,74
8.616643979368826e+17,SUMMERFIELD ST/MYRTLE AV,286
8.617111188612489e+17,TRINITY PL/RECTOR ST,104
8.617661758367462e+17,ALLEN ST/DELANCEY ST,216
8.617720555082853e+17,VAN WYCK SOUTH SERVICE RD/BUILDING 90,16528
8.619190459078372e+17,21 ST/38 AV,983
8.621127286681069e+17,6 AV/W 45 ST,130
8.621134678608188e+17,GRAND ST/ESSEX ST,150
8.657915937821958e+17,BROADWAY/MADISON ST,67
8.657924968378674e+17,NORTH BOUNDARY RD/FEDERAL EXPRESS,2136
8.657954364282895e+17,BROADWAY/MADISON ST,94
8.681379295140172e+17,NASSAU AV/NEWEL ST,99
8.681401736841179e+17,E 24 ST/LEXINGTON AV,71
8.681405632220719e+17,3 AV/E 26 ST,130
8.683014766685418e+17,E 125 ST/MADISON AV,64
8.660203915387197e+17,CONEY ISLAND AV/CORTELYOU RD,640
8.660982677989923e+17,LIVONIA AV/ASHFORD ST,118
8.661103172609889e+17,NEW LOTS AV/JEROME ST,72
8.621944097551674e+17,WASHINGTON AV/STERLING PL,29
8.622684580105073e+17,ALLEN ST/DELANCEY ST,141
8.623012606318954e+17,CENTRAL PARK NORTH/5 AV,421
8.62309799594852e+17,LINCOLN AV/BRUCKNER BLVD,299
8.623098077102726e+17,E 136 ST/LINCOLN AV,276
8.664095941433368e+17,BROADWAY/JEFFERSON AV,133
8.683717339414822e+17,1 AV/E 97 ST,110
8.68473331674574e+17,8 AV/W 46 ST,170
8.684739577463471e+17,8 AV/W 46 ST,170
8.684745041318135e+17,8 AV/W 46 ST,170
8.665048970243007e+17,9 AV/W 55 ST,253
8.665059359504301e+17,FLATLANDS AV/E 86 ST,79
8.665186282790657e+17,E 97 ST/1 AV,193
8.666461433174312e+17,BROADWAY/CORTLANDT ST,193
8.667269676083928e+17,BROADWAY/VESEY ST,180
8.684812321114683e+17,8 AV/W 46 ST,170
8.684823543789878e+17,8 AV/W 46 ST,170
8.684844416125187e+17,8 AV/W 46 ST,170
8.684848046030186e+17,8 AV/W 46 ST,170
8.684871345842108e+17,8 AV/W 46 ST,170
8.667734616438412e+17,5 AV/41 ST,81
8.623098238308905e+17,LINCOLN AV/BRUCKNER BLVD,299
8.623098417204545e+17,LINCOLN AV/BRUCKNER BLVD,299
8.623098509045277e+17,LINCOLN AV/BRUCKNER BLVD,299
8.623367283956383e+17,GREENPOINT AV/MANHATTAN AV,152
8.623413031594653e+17,DE KALB AV/NOSTRAND AV,268
8.623531245656467e+17,GRAND ST/CLINTON ST,189
8.623922401395977e+17,BERGEN ST/NOSTRAND AV,210
8.6685923439176e+17,LINDEN BLVD/VAN WYCK EXPWY,859
8.66871393206665e+17,8 AV/W 46 ST,170
8.685274665373947e+17,8 AV/W 46 ST,170
8.685698046077667e+17,WATER ST/GOUVERNEUR LN,267
8.685700783077597e+17,WATER ST/GOUVERNEUR LN,267
8.685702969635822e+17,WATER ST/GOUVERNEUR LN,267
8.685705181873385e+17,BROADWAY/W 88 ST,94
8.66874329989815e+17,8 AV/W 46 ST,170
8.668748790957106e+17,8 AV/W 46 ST,170
8.668798084380774e+17,8 AV/W 46 ST,170
8.668798696770431e+17,7 AV SOUTH/BEDFORD ST,90
8.668803276814116e+17,8 AV/W 46 ST,170
8.668822944212275e+17,8 AV/W 46 ST,170
8.623962486500367e+17,BROADWAY/W 225 ST,189
8.624312863451398e+17,THROOP AV/HART ST,130
8.625309501844255e+17,FREDERICK DOUGLASS BLVD/W 131 ST,113
8.625586056245062e+17,SAINT NICHOLAS AV/W 125 ST,96
8.626246939225804e+17,HILLSIDE AV/171 ST,162
8.626486611312769e+17,8 AV/W 31 ST,145
8.62664998185425e+17,8 ST/ASTORIA BLVD,170
8.626651355675301e+17,21 ST/38 AV,755
8.668851938809642e+17,8 AV/W 46 ST,170
8.668910135874868e+17,8 AV/W 46 ST,170
8.668938982655067e+17,8 AV/W 46 ST,170
8.686540907278228e+17,UNION TPKE/PARSONS BLVD,827
8.687208005596406e+17,3 AV/E 29 ST,110
8.687210781685885e+17,3 AV/E 29 ST,110
8.687399890218563e+17,ROEBLING ST/GRAND ST,138
8.687656384508361e+17,AMSTERDAM AV/W 77 ST,185
8.687660020520942e+17,CENTRAL PARK WEST/W 90 ST,123
8.687880739431415e+17,EAST NEW YORK AV/E 96 ST,303
8.668945846277391e+17,8 AV/W 46 ST,170
8.668994619889894e+17,8 AV/W 46 ST,170
8.669006627600314e+17,WILSON AV/WILLOUGHBY AV,295
8.629114603105546e+17,LEXINGTON AV/E 31 ST,64
8.629982687562943e+17,NEW YORK AV/BEVERLY RD,235
8.630505081700229e+17,SPRINGFIELD BLVD/144 AV,41
8.630506985979287e+17,W 44 ST/6 AV,152
8.630588441144159e+17,5 AV/W 45 ST,168
8.630655162098209e+17,W 44 ST/6 AV,114
8.6307937141423e+17,21 ST/30 AV,550
8.669019339102225e+17,8 AV/W 46 ST,170
8.669027163330872e+17,8 AV/W 46 ST,170
8.669041684465512e+17,8 AV/W 46 ST,170
8.669047715828307e+17,8 AV/W 46 ST,170
8.669069234794267e+17,8 AV/W 46 ST,170
8.669072541323814e+17,8 AV/W 46 ST,170
8.669809639314035e+17,3 AV/E 88 ST,96
8.670791224952315e+17,8 AV/W 46 ST,170
8.68904239886488e+17,9 AV/W 55 ST,62
8.69071959276933e+17,8 AV/W 46 ST,170
8.690736281356196e+17,3 AV/BALTIC ST,153
8.69077062866867e+17,8 AV/W 46 ST,170
8.690777252630047e+17,8 AV/W 46 ST,170
8.69078428809939e+17,8 AV/W 46 ST,170
8.674048781419924e+17,KINGSLAND AV/LOMBARDY ST,97
8.630797841644728e+17,6 AV/W 45 ST,123
8.630863949217577e+17,NOSTRAND AV/PACIFIC ST,189
8.630893509517793e+17,8 AV/W 28 ST,208
8.631091659184008e+17,9 AV/W 46 ST,49
8.631240892202601e+17,7 AV/UNION ST,178
8.631448235662734e+17,NEW YORK AV/STERLING PL,111
8.631492302421021e+17,8 AV/W 37 ST,220
8.674489081389536e+17,GRAND CONCOURSE/E 206 ST,161
8.675039611124195e+17,THOMAS S BOYLAND ST/MACDOUGAL ST,116
8.70212853386092e+17,GATES AV/LEWIS AV,27
8.703197875663731e+17,DE KALB AV/LEWIS AV,171
8.704200922219469e+17,1 AV/E 93 ST,65
8.704990411826427e+17,BROADWAY/W 187 ST,158
8.690960151470854e+17,8 AV/W 46 ST,170
8.690977222091672e+17,8 AV/W 46 ST,170
8.690985810728576e+17,8 AV/W 46 ST,170
8.691054986641466e+17,8 AV/W 46 ST,170
8.69106083744672e+17,8 AV/W 46 ST,170
8.691126681420506e+17,8 AV/W 46 ST,170
8.710717201726148e+17,WYTHE AV/N 9 ST,120
8.632188719494822e+17,BROADWAY/GATES AV,93
8.633689623712465e+17,TOMPKINS AV/MARTIN LUTHER KING JR PL,144
8.635941304257032e+17,UTICA AV/LENOX RD,391
8.636152643807822e+17,HALSEY ST/HOWARD AV,242
8.636702641732287e+17,CHURCH AV/E 46 ST,410
8.744696170995662e+17,HUDSON ST/PERRY ST,109
8.747041333327274e+17,WYCKOFF AV/HARMAN ST,193
8.748923222890383e+17,EAST GUN HILL RD/PAULDING AV,252
8.7107593443719e+17,DECATUR ST/IRVING AV,230
8.71090697729762e+17,LEWIS AV/MACDONOUGH ST,82
8.711062447709908e+17,SUTTER AV/MILLER AV,55
8.711150438442465e+17,KINGS HWY/BEDFORD AV,87
8.711480396674437e+17,5 AV/44 ST,131
8.711540851245804e+17,5 AV/47 ST,67
8.691135196686349e+17,8 AV/W 46 ST,170
8.691562312430482e+17,9 AV/W 40 ST,162
8.692520286335206e+17,8 AV/W 46 ST,170
8.693519643263857e+17,CHURCH AV/E 18 ST,129
8.694343623583409e+17,LEWIS AV/GATES AV,155
8.694362193985119e+17,W 57 ST/6 AV,152
8.694855370187231e+17,HALSEY ST/IRVING AV,127
8.695171682783414e+17,VAN WYCK SOUTH SERVICE RD/BUILDING 90,16842
8.711624999862917e+17,5 AV/45 ST,104
8.752233664609444e+17,GREENPOINT AV/38 ST,61
8.752303049100558e+17,WILSON AV/HALSEY ST,102
8.753080679015526e+17,SANFORD AV/MURRAY ST,226
8.753572073488529e+17,SANFORD AV/MURRAY ST,261
8.753976704999498e+17,COLUMBUS AV/W 84 ST,60
8.71200484656283e+17,PROSPECT PARK SOUTHWEST/11 AV,114
8.712532614179553e+17,KINGSLAND AV/MASPETH AV,374
8.712646612382057e+17,MYRTLE AV/FREEDOM DR,1006
8.714186423690557e+17,AMSTERDAM AV/W 170 ST,77
8.715804595933294e+17,1 AV/E 82 ST,118
8.71619561329335e+17,AMSTERDAM AV/W 77 ST,21
8.754025841938112e+17,NORTHERN BLVD/PARSONS BLVD,104
8.754127158884174e+17,OGDEN AV/W 164 ST,318
8.754260904003699e+17,CHURCH AV/E 38 ST,217
8.754619338373321e+17,MERRICK BLVD/116 AV,344
8.755597835572114e+17,HORACE HARDING EXPWY/188 ST,151
8.755637380260698e+17,9 AV/W 46 ST,213
8.756380474841292e+17,EAST BROADWAY/PIKE ST,24
8.695459908850021e+17,HARRISON PL/MORGAN AV,61
8.69611205356083e+17,SAINT NICHOLAS AV/W 184 ST,125
8.696817117961239e+17,5 AV/45 ST,293
8.697244339818735e+17,7 AV/W 17 ST,124
8.697356217810205e+17,EAST HOUSTON ST/CLINTON ST,62
8.699140871813798e+17,140 AV/THURSTON ST,331
8.700298618268397e+17,1 AV/E 82 ST,83
8.70114342679439e+17,FORT HAMILTON PKWY/86 ST,222
8.702040631887894e+17,150 AV/148 ST,1314
8.779782594557126e+17,3 AV/E 47 ST,69
8.716588095015192e+17,GRAND ST/WATERBURY ST,215
8.71663274448138e+17,120 AV/195 ST,83
8.758915723893987e+17,EAST HOUSTON ST/NORFOLK ST,333
8.759442086287835e+17,SUTTER AV/BARBEY ST,259
8.716907246595142e+17,FRESH POND RD/59 DR,136
8.716944701324466e+17,FRESH POND RD/PUTNAM AV,323
8.71703040677169e+17,FRESH POND RD/PUTNAM AV,323
8.717047618823876e+17,FRESH POND RD/PUTNAM AV,323
8.717149361109304e+17,MAIN ST/146 ST,55
8.717151831703118e+17,FRESH POND RD/PUTNAM AV,323
8.717158983935041e+17,FRESH POND RD/PUTNAM AV,323
8.717510611083471e+17,LINDEN BLVD/VAN WYCK EXPWY,1244
8.781526710058324e+17,8 AV/W 20 ST,80
8.781714940649285e+17,SANFORD AV/MURRAY ST,226
8.78174846329433e+17,7 AV/W 20 ST,127
8.781834851437358e+17,FULTON ST/EASTERN PKWY,204
8.782367167680822e+17,EDWARD M MORGAN PL/W 157 ST,96
8.782480541683363e+17,ROGERS AV/LENOX RD,43
8.783239501224694e+17,W 57 ST/5 AV,154
8.718037981463866e+17,MADISON AV/E 69 ST,86
8.719151079247186e+17,MOUNT MORRIS PARK WEST/W 121 ST,83
8.719207068617381e+17,NASSAU AV/ECKFORD ST,69
8.759538206030627e+17,W 231 ST/BROADWAY,177
8.760358862476022e+17,9 AV/W 28 ST,92
8.760821874624037e+17,E 23 ST/BROADWAY,240
8.761830837618921e+17,FULTON ST/DUFFIELD ST,219
8.762352312604013e+17,GREENE AV/CLASSON AV,93
8.762353788364421e+17,GREENE AV/CLASSON AV,147
8.762413324933859e+17,3 AV/E 50 ST,72
8.762565468458743e+17,PEARL ST/FULTON ST,213
8.762663287954033e+17,ESSEX ST/DELANCEY ST,292
8.71933212421118e+17,HORACE HARDING EXPWY/188 ST,316
8.719475165872114e+17,EAST GUN HILL RD/PAULDING AV,238
8.719688066196463e+17,DECATUR ST/CYPRESS AV,254
8.78324692505211e+17,W 57 ST/5 AV,143
8.783303342692381e+17,FLATBUSH AV/CHURCH AV,164
8.783369914353745e+17,HALSEY ST/IRVING AV,96
8.783414902651351e+17,W 57 ST/6 AV,223
8.78344866337191e+17,CENTRAL PARK SOUTH/6 AV,22
8.783459112589683e+17,CENTRAL PARK SOUTH/6 AV,81
8.783485754805395e+17,NORTHERN BLVD/159 ST,407
8.784849561507763e+17,GREENE AV/WASHINGTON AV,110
8.719908536103023e+17,south conduit en eb/cohancy st,1506
8.762825044758757e+17,ADAM C POWELL BLVD/W 132 ST,119
8.763477152760581e+17,ATLANTIC AV/130 ST,1346
8.766142645900714e+17,6 AV/W 45 ST,93
8.766145410426963e+17,6 AV/W 45 ST,93
8.766643848152306e+17,HORACE HARDING EXPWY/188 ST,139
8.723533287613184e+17,2 AV/E 28 ST,72
8.723542124737046e+17,WATCHOGUE RD/NEAL DOW AV,19
8.723646330690666e+17,BRONXWOOD AV/E 216 ST,310
8.724019125312022e+17,E 10 ST/AVENUE C,106
8.724331346154158e+17,1 AV/E 60 ST,126
8.724377787530789e+17,1 AV/E 60 ST,101
8.784860101125494e+17,BETHUNE ST/GREENWICH ST,105
8.78489096899269e+17,HUDSON ST/BARROW ST,123
8.784931816492458e+17,JAMAICA AV/RICHMOND ST,286
8.785048364556616e+17,149 AV/241 ST,7876
8.785789268412337e+17,REMSEN AV/FARRAGUT RD,408
8.788491124528924e+17,ASTORIA BLVD SOUTH/77 ST,776
8.724841468497926e+17,50 ST/4 AV,117
8.726142666214422e+17,WATER ST/JOHN ST,301
8.766849284974058e+17,FLATBUSH AV/DORCHESTER RD,272
8.767133396237576e+17,HORACE HARDING EXPWY/188 ST,97
8.767997911045166e+17,5 AV/E 69 ST,46
8.768016639931592e+17,HORACE HARDING EXPWY/188 ST,330
8.768970597254966e+17,WHITE PLAINS RD/WATSON AV,328
8.769600013057878e+17,CONEY ISLAND AV/OCEAN VIEW AV,155
8.769765734909097e+17,MYRTLE AV/BROADWAY,175
8.72649906150203e+17,SANFORD AV/162 ST,281
8.726824296995213e+17,EAST GUN HILL RD/PAULDING AV,344
8.726845833582802e+17,EAST GUN HILL RD/PAULDING AV,344
8.72955687554776e+17,BEDFORD AV/N 8 ST,150
8.73042603262133e+17,94 ST/23 AV,473
8.730864146760396e+17,MYRTLE AV/HART ST,184
8.788548579849409e+17,SMITH ST/UNION ST,71
8.789046711938758e+17,SANFORD AV/MURRAY ST,368
8.789823367942895e+17,YORK AV/E 86 ST,42
8.790074553543955e+17,6 AV/WHITE ST,157
8.79030966933509e+17,W 116 ST/ADAM C POWELL BLVD,271
8.791071900274139e+17,ALLEN ST/DELANCEY ST,141
8.791097176898095e+17,W 135 ST/ADAM C POWELL BLVD,162
8.731102870648431e+17,EMPIRE BLVD/LAMONT CT,29
8.770214280859468e+17,8 AV/46 ST,54
8.772595229890568e+17,6 AV/W 45 ST,93
8.772601156018943e+17,6 AV/W 45 ST,93
8.773789243161971e+17,BROOKLYN AV/ATLANTIC AV,103
8.774690169581546e+17,MYRTLE AV/WASHINGTON AV,66
8.774700348968148e+17,EMPIRE BLVD/LAMONT CT,114
8.731160375075905e+17,W 9 ST/AVENUE OF THE AMERICAS,83
8.731447179600296e+17,2 AV/E 33 ST,63
8.731555159918378e+17,CROSS ISLAND PKWY/CLINTONVILLE ST,382
8.731807238411242e+17,HOLLIS AV/212 PL,176
8.73190321112438e+17,10 AV/W 47 ST,155
8.732297977339182e+17,NEREID AV/MONTICELLO AV,337
8.791332749587807e+17,CADMAN PLAZA WEST/TILLARY ST,377
8.791902352082397e+17,GATES AV/CENTRAL AV,271
8.792128212564188e+17,LIBERTY AV/170 ST,120
8.792681080544407e+17,FREDERICK DOUGLASS BLVD/W 127 ST,17
8.795750873697633e+17,4 AV/E 10 ST,103
8.795955341306042e+17,7 AV/W 49 ST,151
8.795973416914282e+17,7 AV/W 49 ST,151
8.795985439200602e+17,7 AV/W 49 ST,151
8.796040897050821e+17,WHITE PLAINS RD/BRUCKNER BLVD,136
8.775084669820439e+17,E 34 ST /1 AV,84
8.775182688181324e+17,BROADWAY/W 63 ST,36
8.775820364954701e+17,HALSEY ST/EVERGREEN AV,356
8.775891508590743e+17,ATLANTIC AV/HOYT ST,133
8.775945184742011e+17,FRESH POND RD/CATALPA AV,124
8.776022260281326e+17,BERGEN ST/BOND ST,140
8.776209745686534e+17,BEDFORD AV/GREENE AV,180
8.77621410232404e+17,MARCY AV/S 2 ST,89
8.776221016712507e+17,LINDEN BLVD/176 ST,156
8.77638836723395e+17,LEXINGTON AV/E 94 ST,93
8.732674811071606e+17,5 AV/E 72 ST,73
8.73339273052877e+17,MYRTLE AV/MARCY AV,96
8.733443178411916e+17,BEDELL ST/BAISLEY BLVD,725
8.73392253229649e+17,SUTTER AV/BARBEY ST,79
8.734131814708927e+17,DE KALB AV/CARLTON AV,164
8.796199828522564e+17,10 AV/W 47 ST,155
8.7965994743578e+17,E 116 ST/2 AV,190
8.796773457257011e+17,RIVERSIDE DR/W 74 ST,67
8.798483029253674e+17,GREENPOINT AV/42 ST,759
8.799407983283098e+17,LINDEN BLVD/179 ST,175
8.734301152411369e+17,E 86 ST/LEXINGTON  AV,142
8.776621178360152e+17,METROPOLITAN AV/LEONARD ST,137
8.777316395044241e+17,TOMPKINS AV/DEKALB AV,110
8.777530618649197e+17,THROOP AV/MADISON ST,77
8.77760791836547e+17,FULTON ST/ROCKAWAY AV,196
8.778307480571505e+17,ROGERS AV/CHURCH AV,124
8.818661294729231e+17,E 233 ST/PAULDING AV,279
8.818703123193824e+17,SPRINGFIELD BLVD/SPRINGFIELD LN,545
8.81879693631215e+17,E 106 ST/2 AV,78
8.734604557400005e+17,JEROME AV/E 176 ST,247
8.738141867734646e+17,CATON AV/SAINT PAULS PL,351
8.739165113446508e+17,HOYT AV/31 ST,1567
8.819510527184485e+17,E 86 ST/LEXINGTON  AV,100
8.820716892297148e+17,W 49 ST/9 AV,192
8.821197434429161e+17,7 AV/W 49 ST,151
8.821320742104753e+17,7 AV/W 49 ST,151
8.824802236774496e+17,MELROSE AV/E 160 ST,193
8.824954082076044e+17,BAINBRIDGE AV/E 198 ST,172
8.825043911360328e+17,WEST ST/KENT ST,278
8.799996056971575e+17,E 57 ST/1 AV,35
8.800727833088727e+17,RALPH AV/HERKIMER ST,69
8.804344904370328e+17,s 4 st/havemeyer st,223
8.804653229204137e+17,ROGERS AV/LENOX RD,105
8.804731584164361e+17,BEDFORD AV/LINDEN BLVD,145
8.804786343004782e+17,LINDEN BLVD/GUY R BREWER BL,785
8.804924166788215e+17,14 AV/128 ST,970
8.805105421910706e+17,BROADWAY/W 147 ST,19
8.740940836249133e+17,HOLLIS AV/99 AV,437
8.741295119578628e+17,PELHAM PKWY/WHITE PLAINS RD,21
8.741793786032712e+17,EAST NEW YORK AV/MONTGOMERY ST,178
8.741838487677855e+17,EMPIRE BLVD/UTICA AV,172
8.857991587155506e+17,HALSEY ST/WILSON AV,9
8.82522731362409e+17,SPRINGFIELD BLVD/122 AV,78
8.825498937275907e+17,1 AV/E 70 ST,79
8.826187166994299e+17,11 AV/W 42 ST,106
8.826697071794362e+17,WEBSTER AV/E 173 ST,315
8.827365408981923e+17,FORT GEORGE AV/66 FORT GEORGE AV,176
8.827570095395192e+17,SARATOGA AV/SAINT MARKS AV,77
8.861227780218733e+17,7 AV/PROSPECT AV,197
8.805145481202226e+17,SUTTER AV/VERMONT ST,221
8.806430908196517e+17,CLARKSON AV/BEDFORD AV,15
8.80691318152067e+17,JAMAICA AV/WOODHAVEN BLVD WEST,108
8.807042889320507e+17,W 125 ST/BROADWAY,7
8.811387962388666e+17,E 20 ST/E 20 ST Loop,111
8.812011852443717e+17,FRANKLIN AV/MADISON ST,68
8.812382506718605e+17,PARSONS BLVD/ELM AV,397
8.812707790585673e+17,KINGS HWY/TILDEN AV,255
8.812926823624979e+17,METROPOLITAN AV/LEONARD ST,83
8.813220864888887e+17,METROPOLITAN AV/N 5 ST,135
8.861231449880319e+17,W 17 ST/NEPTUNE AV,71
8.86123153961243e+17,MERMAID AV/W 15 ST,98
8.861238777144933e+17,STILLWELL AV/NEPTUNE AV,102
8.861238873459834e+17,MERMAID AV/W 15 ST,80
8.861240632088957e+17,MERMAID AV/W 17 ST,146
8.861324655912122e+17,ASTORIA BLVD SOUTH/STEINWAY ST,2094
8.827865524651891e+17,SARATOGA AV/DEAN ST,80
8.828000803229623e+17,BROADWAY/W 163 ST,151
8.828546765386194e+17,55 ST/3 AV,49
8.830139218024558e+17,HUDSON ST/PERRY ST,109
8.830652852591322e+17,6 AV/BROOME ST,134
8.861718382663043e+17,NEW YORK AV/UNION ST,66
8.813320605069981e+17,ATLANTIC AV/CLINTON ST,406
8.813617709506072e+17,PARSONS BLVD/ELM AV,315
8.813737485688201e+17,NEW YORK AV/FENIMORE ST,147
8.813841716353572e+17,LITTLE NECK PKWY/85 AV,190
8.814146606458966e+17,MAIN ST/146 ST,179
8.814251509466716e+17,CADMAN PLAZA WEST/CLARK ST,283
8.818059881341059e+17,KENT AV/METROPOLITAN AV,115
8.818060048981846e+17,JAMAICA AV/BRADFORD ST,378
8.862195330843506e+17,BERGEN ST/NOSTRAND AV,109
8.862651096295012e+17,MYRTLE AV/EVERGREEN AV,68
8.863107530759052e+17,21 ST/38 AV,596
8.831120968413194e+17,CROSS ISLAND PKWY/CLINTONVILLE ST,203
8.831649657716215e+17,YORK AV/E 88 ST,112
8.831760156030217e+17,SUTTER AV/VERMONT ST,2
8.831781811304357e+17,11 AV/W 47 ST,59
8.831823740741724e+17,11 AV/W 47 ST,59
8.831931582246664e+17,E 180 ST/CROTONA AV,227
8.831931884387201e+17,6 AV/W 45 ST,118
8.832011590970811e+17,FARMERS BLVD/JORDAN AV,303
8.863375322661128e+17,CROTONA AV/E 180 ST,204
8.863486429495894e+17,WEST HOUSTON ST/LAGUARDIA PL,172
8.81815895437768e+17,CROTONA AV/E 175 ST,112
8.818505160714171e+17,9 AV/W 34 ST,64
8.894734806158708e+17,GRAND AV/VAN HORN ST,396
8.894752516998312e+17,GRAND AV/VAN HORN ST,463
8.894761104677716e+17,GRAND AV/QUEENS BLVD,55
8.89501469587544e+17,GRAND AV/VAN HORN ST,488
8.89501516298879e+17,GRAND AV/QUEENS BLVD,50
8.895540727944186e+17,GRAND AV/VAN HORN ST,109
8.863801536726991e+17,10 AV/W 47 ST,155
8.863804619998353e+17,10 AV/W 47 ST,155
8.864174691029663e+17,CADMAN PLAZA WEST/CLARK ST,489
8.832089669324562e+17,W 44 ST/6 AV,152
8.832286281920988e+17,W 44 ST/6 AV,239
8.832566099070657e+17,5 AV/W 44 ST,176
8.832699879683526e+17,W 44 ST/6 AV,142
8.832808621287301e+17,7 AV/W 28 ST,183
8.832849821199556e+17,6 AV/W 45 ST,109
8.83285676623233e+17,WILSON AV/HIMROD ST,427
8.864397287729535e+17,RUTLAND RD/E 98 ST,181
8.864927104783145e+17,HOYT AV SOUTH/31 ST,1733
8.895543543310861e+17,GRAND AV/VAN HORN ST,166
8.895664258181797e+17,GRAND AV/VAN HORN ST,133
8.895665400641541e+17,GRAND AV/QUEENS BLVD,97
8.895666540510735e+17,GRAND AV/VAN HORN ST,198
8.895929046439165e+17,BROADWAY/CORONA AV,184
8.895937597638362e+17,GRAND AV/VAN HORN ST,128
8.895940886462346e+17,GRAND AV/VAN HORN ST,114
8.896229883205485e+17,3 AV/E 47 ST,69
8.865296991847758e+17,HYLAN BLVD/NAUGHTON AV,351
8.866013496533708e+17,WILSON AV/GREENE AV,181
8.833144411400916e+17,W 44 ST/6 AV,119
8.833290662264483e+17,W 44 ST/6 AV,44
8.833768904720122e+17,E 14 ST/2 AV,35
8.834049212275676e+17,LINDEN BLVD/SUTPHIN BLVD,401
8.834432150513129e+17,METROPOLITAN AV/ANDREWS AV,322
8.835369144370577e+17,ATLANTIC AV/HENRY ST,365
8.86733352930841e+17,FREDERICK DOUGLASS BLVD/W 135 ST,135
8.867591182069642e+17,3 AV/E 47 ST,69
8.867595995114277e+17,5 AV/W 55 ST,86
8.868522362833893e+17,COLLEGE POINT BLVD/AVERY AV,117
8.868561564302493e+17,9 AV/W 52 ST,174
8.89641086503998e+17,BROADWAY/W 185 ST,152
8.897427230789509e+17,CITY ISLAND AV/FORDHAM ST,276
8.898209111159987e+17,WARREN ST/GREENWICH ST,305
8.898816993532986e+17,BERGEN ST/BUFFALO AV,216
8.899230758904143e+17,GATES AV/TOMPKINS AV,215
8.899859431520899e+17,MESEROLE ST/UNION AV,117
8.900246185498803e+17,HALSEY ST/BUSHWICK AV,71
8.869397530638359e+17,SPRINGFIELD BLVD/EASTGATE PLAZA,234
8.869412555929819e+17,VICTORY BLVD/MORANI ST,67
8.869597027507634e+17,UNIVERSITY AV/1910 UNIVERSITY AV,460
8.836076533411647e+17,PENNSYLVANIA AV/HEGEMAN AV,120
8.837678000696609e+17,CITY ISLAND AV/FORDHAM ST,352
8.837991065566467e+17,6 AV/BROOME ST,134
8.838650946663398e+17,JERSEY ST/LAYTON AV,124
8.838965000512041e+17,AMSTERDAM AV/W 152 ST,148
8.839557534721221e+17,THROOP AV/LAFAYETTE AV,61
8.841142107543726e+17,VAN WYCK SOUTH SERVICE RD/BUILDING 90,16877
8.841209834426698e+17,PEARL ST/FULTON ST,150
8.869600466248882e+17,WILLIAMSBURG BRIDGE PLAZA/LANE 2,282
8.869865241853449e+17,VAN WYCK SOUTH SERVICE RD/BUILDING 90,16880
8.90071098609522e+17,DE KALB AV/TOMPKINS AV,166
8.90116632523721e+17,LEWIS AV/GREENE AV,65
8.903480699613754e+17,RALPH AV/MACDONOUGH ST,130
8.904212293088143e+17,15 ST/8 AV,53
8.904433450540458e+17,s 4 st/havemeyer st,88
8.904932801513988e+17,1 AV/E 39 ST,124
8.905781607480255e+17,DEAN ST/GRAND AV,43
8.869875128861912e+17,E 49 ST/1 AV,313
8.871546853657919e+17,GREENPOINT AV/46 ST,314
8.871602918329943e+17,AMSTERDAM AV/W 83 ST,97
8.872578572625656e+17,VAN DYKE ST/RICHARDS ST,132
8.875382290039158e+17,COURT ST/SCHERMERHORN ST,165
8.841827019241437e+17,BERGEN ST/SCHENECTADY AV,301
8.843157752133233e+17,GATES AV/TOMPKINS AV,146
8.846458534575913e+17,29 AV/162 ST,547
8.846613578735543e+17,NEW YORK AV/CLARENDON RD,218
8.847168362632837e+17,GREENPOINT AV/44 ST,561
8.847177598244023e+17,FULTON ST/HOWARD AV,157
8.847216129515935e+17,CENTRAL PARK NORTH/MALCOLM X BLVD,208
8.847973578198086e+17,SAINT JOHNS PL/ALBANY AV,222
8.848510717910301e+17,ASTORIA BLVD SOUTH/STEINWAY ST,1236
8.876045991871441e+17,BROADWAY/W 260 ST,67
8.908654519222277e+17,UTICA AV/DEAN ST,32
8.912595230907213e+17,WATERS PL/FINK AV,147
8.913731629496372e+17,AVENUE C/E 5 ST,123
8.913792364541924e+17,PENNSYLVANIA AV/LIVONIA AV,159
8.914036845964303e+17,SMITH ST/BERGEN ST,102
8.914102837841106e+17,MAURICE AV/MASPETH AV,216
8.876704406301062e+17,MYRTLE AV/CHARLES PL,82
8.876981374498266e+17,2 AV/E 103 ST,82
8.87752876011774e+17,11 AV/W 47 ST,59
8.878252836121211e+17,FULTON ST/EASTERN PKWY,78
8.878882511571439e+17,8 AV/W 39 ST,104
8.879177638547172e+17,HOLLIS AV/191 ST,89
8.915321598538916e+17,JAMAICA AV/144 ST,224
8.915709292240453e+17,STANHOPE ST/ONDERDONK AV,131
8.915812114185722e+17,KENT AV/METROPOLITAN AV,290
8.918263723903556e+17,COLLEGE POINT BLVD/15 AV,692
8.919549559536175e+17,BROADWAY/W 196 ST,313
8.848523677578979e+17,BAY ST/HYLAN BLVD,206
8.84857952376173e+17,BROADWAY/W 145 ST,63
8.84927631933564e+17,COLLEGE POINT BLVD/15 AV,1182
8.849775964726214e+17,MAIN ST/84 RD,500
8.852144916682129e+17,8 AV/W 28 ST,208
8.855321939804054e+17,SHORE RD/3 AV,546
8.856203606599252e+17,ROOSEVELT AV/BOWNE ST,280
8.856777955872082e+17,NEW LOTS AV/SCHENCK AV,179
8.856914275287075e+17,GREENPOINT AV/46 ST,314
8.857305689284105e+17,1 AV/E 102 ST,65
8.857410192425816e+17,KINGS HWY/E 16 ST,237
8.87939034837879e+17,E 80 ST/PAERDEGAT 7 ST,124
8.879467425529723e+17,SANFORD AV/162 ST,72
8.88097439041063e+17,CENTRE ST/GRAND ST,258
8.88140728520503e+17,3 AV/E 47 ST,69
8.881414812512421e+17,BROADWAY/W 91 ST,67
8.881418104085827e+17,3 AV/E 37 ST,172
8.881586636959978e+17,MYRTLE AV/MARCUS GARVEY BLVD,207
8.91972022242666e+17,MADISON AV/E 37 ST,132
8.920318055286331e+17,THOMSON AV/SKILLMAN AV,144
8.920635504767311e+17,METROPOLITAN AV/BENEDICT AV,111
8.920744477210124e+17,69 ST/ELIOT AV,222
8.920797011678177e+17,LORIMER ST/NASSAU AV,69
8.92089187412453e+17,BROADWAY/W 112 ST,75
8.921076257483759e+17,GREENPOINT AV/47 ST,340
8.921535756398895e+17,AMSTERDAM AV/W 175 ST,148
8.882538619140529e+17,FOREST AV/GATES AV,24
8.936122746650701e+17,PLEASANT AV/E 117 ST,213
8.936309661175254e+17,YORK AV/E 66 ST,36
8.936425772248067e+17,AVENUE N/E 56 ST,347
8.936832570734996e+17,EAST BROADWAY/FORSYTH ST,104
8.940603858738779e+17,5 AV/W 30 ST,73
8.940895869859529e+17,HORACE HARDING EXPWY/188 ST,222
8.941953672561674e+17,UTICA AV/PROSPECT PL,169
8.883184548886847e+17,ROSEDALE AV/SEWARD AV,232
8.883403616962243e+17,LEXINGTON AV/E 92 ST,98
8.883850050194728e+17,METROPOLITAN AV/79 ST,336
8.88393397093663e+17,BROADWAY/W 187 ST,103
8.884269851167044e+17,VICTORY BLVD/CEBRA AV,58
8.942366630093167e+17,BROADWAY/FLUSHING AV,59
8.942867129326516e+17,COLUMBUS AV/W 100 ST,178
8.943013690257505e+17,CENTRAL PARK WEST/W 100 ST,190
8.943036278001879e+17,COLUMBUS AV/W 100 ST,101
8.94322542386341e+17,10 AV/W 45 ST,131
8.944624281309582e+17,BROADWAY/W 141 ST,114
8.945000036517275e+17,E 68 ST/2 AV,110
8.921631872803456e+17,EAST HOUSTON ST/LAFAYETTE ST,59
8.922056650735441e+17,QUEENS BLVD/78 AV,595
8.922348962296655e+17,W 116 ST/MALCOLM X BLVD,101
8.922772635706275e+17,WASHINGTON AV/PROSPECT PL,97
8.926403659842377e+17,W 157 ST/EDWARD M MORGAN PL,31
8.926491080424232e+17,NASSAU AV/MCGUINNESS BLVD,38
8.926824162839898e+17,MIDLAND AV/OLYMPIA BLVD,716
8.927446809734198e+17,9 AV/W 40 ST,170
8.884648329957989e+17,FLATBUSH AV/DORCHESTER RD,332
8.885158468577304e+17,ASTORIA BLVD/STEINWAY ST,657
8.885512004989585e+17,LONGWOOD AV/TIFFANY ST,263
8.88668264357618e+17,ADAM C POWELL BLVD/W 133 ST,92
8.947362624817133e+17,TOMPKINS AV/LAFAYETTE AV,96
8.947782316146943e+17,OGDEN AV/W 164 ST,255
8.94783088681425e+17,MANHATTAN AV/W 106 ST,69
8.948835213114876e+17,WEST ST/CARLISLE ST,143
8.886894364316552e+17,W 34 ST/BROADWAY,89
8.889558448983543e+17,ESSEX ST/DELANCEY ST,336
8.927771865769286e+17,3 AV/33 ST,231
8.929459028008338e+17,ATLANTIC AV/CLEVELAND ST,84
8.929686762808645e+17,ROGERS AV/CLARENDON RD,130
8.929824192163395e+17,BEDFORD AV/LINDEN BLVD,103
8.931298365562605e+17,KINGS HWY/AVENUE D,194
8.931784333993024e+17,6 AV/W 3 ST,162
8.932428691432037e+17,W 145 ST/CONVENT AV,97
8.889772254673587e+17,BROADWAY/W 94 ST,57
8.889918845730516e+17,9 AV/W 40 ST,86
8.892303068779985e+17,THOMAS S BOYLAND ST/MARION ST,73
8.89324274258345e+17,DE KALB AV/NOSTRAND AV,178
8.949090513955828e+17,FRANKLIN ST/CALYER ST,53
8.949402066424449e+17,FREDERICK DOUGLASS BLVD/W 116 ST,62
8.950070802640236e+17,BROOKVILLE BL/147 DR,670
8.951662813637965e+17,AVENUE H/E 54 ST,5
8.955026738289743e+17,COLUMBUS AV/W 72 ST,187
8.955470536336485e+17,KATONAH AV/E 239 ST,294
8.9568161779689e+17,7 AV/18 ST,254
8.95721582994628e+17,ALBANY AV/FULTON ST,74
8.893350029232093e+17,RIVERDALE AV/W 236 ST,279
9.023019841357434e+17,SARATOGA AV/ATLANTIC AV,319
8.933842948663909e+17,MESEROLE ST/LEONARD ST,85
8.934190141775898e+17,PENNSYLVANIA AV/RIVERDALE AV,49
8.934681017230437e+17,BROADWAY/W 151 ST,115
8.93539889281697e+17,HORACE HARDING EXPWY/OCEANIA ST,296
8.935913049590771e+17,COLUMBUS AV/W 97 ST,66
8.935995217245778e+17,WYTHE AV/N 12 ST,86
8.984256962430418e+17,W 23 ST/8 AV,209
8.984505316799692e+17,8 AV/W 20 ST,139
9.024558784272883e+17,E 34 ST/2 AV,20
9.02459784093603e+17,PARKSIDE AV/OCEAN AV,238
8.985351970123016e+17,DEAN ST/SCHENECTADY AV,178
9.026342223329416e+17,6 AV/W 45 ST,93
8.957981411736463e+17,ROCKAWAY PKWY/GLENWOOD RD,88
8.958291390478108e+17,ADAM C POWELL BLVD/W 137 ST,67
8.958495045347288e+17,102 ST/35 ST,936
8.958521554496301e+17,6 AV/WHITE ST,113
8.95959960269467e+17,AVENUE J/OCEAN AV,120
8.961789726016087e+17,LINDEN BLVD/79 ST,761
8.96185778425448e+17,BOWERY/PRINCE ST,155
9.027182143904179e+17,BROADWAY/MADISON ST,118
9.028093834371292e+17,3 AV/E 47 ST,69
9.028125696925489e+17,3 AV/E 47 ST,69
9.029094728558573e+17,MYRTLE AV/HART ST,434
9.029105361485473e+17,ASTORIA BLVD/STEINWAY ST,690
8.987465523815813e+17,ELIOT AV/83 PL,488
8.987556136600282e+17,BROADWAY/W 104 ST,159
8.987629087644708e+17,WEST HOUSTON ST/WEST BROADWAY,234
8.988171743830596e+17,BROADWAY/CORONA AV,166
8.988333795001554e+17,GRAND AV/VAN HORN ST,171
8.988462178317254e+17,GRAND AV/VAN HORN ST,279
8.989046406091521e+17,HALSEY ST/BUSHWICK AV,194
9.029200994772137e+17,W 23 ST/6 AV,212
9.029276509853719e+17,MARCUS GARVEY BLVD/LEXINGTON AV,119
8.963963856871325e+17,W 10 ST/HUDSON ST,9
8.964444369387392e+17,7 AV/UNION ST,187
8.964674302167145e+17,ADAM C POWELL BLVD/W 139 ST,71
8.965041173783809e+17,SUTTER AV/ASHFORD ST,324
8.965474344000618e+17,46 AV/166 ST,423
8.965693891035482e+17,ADAM C POWELL BLVD/W 143 ST,149
9.029338581804394e+17,PARK AV/CARLTON AV,89
9.029381703901565e+17,PARK AV/CARLTON AV,89
9.029391152371277e+17,3 AV/E 20 ST,71
8.989862169523014e+17,BROADWAY/CORONA AV,161
8.9898645772208e+17,BROADWAY/CORONA AV,269
8.990000551054724e+17,GRAND AV/VAN HORN ST,391
8.990194610928225e+17,BROADWAY/CORONA AV,262
8.990195133470243e+17,GRAND AV/QUEENS BLVD,102
9.029495212629555e+17,12 AV/W 55 ST,296
9.029497685673496e+17,1 AV/E 70 ST,115
9.030130043375976e+17,MURDOCK AV/196 ST,101
9.030257415912332e+17,3 AV/E 99 ST,38
9.030271294541979e+17,BROADWAY/EXCHANGE ALLEY,44
8.96651631960934e+17,5 AV/W 59 ST,109
8.969392452388489e+17,BROADWAY/MOSHOLU AV,280
8.970897116428988e+17,BROADWAY/PARK ST,147
8.970964951641507e+17,NEW YORK AV/PROSPECT PL,139
8.971128601848594e+17,BOSTON RD/E 166 ST,239
8.971712747300497e+17,NOSTRAND AV/BERGEN ST,79
8.971883030182642e+17,QUEENS BLVD/78 AV,601
8.97190757952784e+17,LAFAYETTE AV/CLASSON AV,159
9.030526547572563e+17,LEXINGTON AV/E 55 ST,149
9.03067025276062e+17,E 34 ST/2 AV,57
8.990195873977e+17,GRAND AV/VAN HORN ST,431
8.990301431262894e+17,BROADWAY/CORONA AV,125
8.99034823249263e+17,ESSEX ST/DELANCEY ST,225
8.991196322569065e+17,HOLLIS AV/197 ST,377
8.992053282069484e+17,LEXINGTON AV/E 28 ST,123
8.99303829992787e+17,GRAND CONCOURSE/E 167 ST,166
8.993142933848383e+17,21 ST/44 DR,95
8.993267330867109e+17,7 AV/W 55 ST,160
8.994379388463432e+17,JFK AIRPORT/TERMINAL 8,6361
9.030680619592252e+17,LEXINGTON AV/E 125 ST,218
9.031055495974367e+17,REMSEN AV/KINGS HWY,239
9.034566474561523e+17,JFK AIRPORT/TERMINAL 8,5907
8.971910454343219e+17,CLASSON AV/PROSPECT PL,172
8.973234443355736e+17,SAINT NICHOLAS AV/W 192 ST,44
8.9736677258209e+17,3 AV/E 154 ST,108
8.974415908747886e+17,ATLANTIC AV/104 ST,819
8.975964205351593e+17,DEAN ST/TROY AV,162
8.97622871165712e+17,CLASSON AV/WILLOUGHBY AV,128
8.976717895738385e+17,BROADWAY/WYTHE AV,161
8.977736353533829e+17,14 AV/128 ST,270
9.034722669419977e+17,CHRISTOPHER ST/HUDSON ST,89
9.034726121709306e+17,CHRISTOPHER ST/HUDSON ST,89
9.034971691827932e+17,BOSTON RD/WICKHAM AV,641
9.035180918695852e+17,MALCOLM X BLVD/W 122 ST,78
9.035327799924448e+17,61 ST/59 AV,68
8.997527961580166e+17,GREENE AV/CLASSON AV,233
8.998727769560712e+17,HOYT AV/31 ST,983
8.998923087401805e+17,FULTON ST/CLINTON AV,106
8.999152343534629e+17,ROCKAWAY AV/MACDOUGAL ST,99
8.999218335548306e+17,ROCKAWAY PKWY/AVENUE J,437
8.999388942500856e+17,ROCKAWAY PKWY/AVENUE J,437
8.999556356380865e+17,MALCOLM X BLVD/MADISON ST,120
8.999738217553588e+17,W 116 ST/ADAM C POWELL BLVD,228
9.035384811800183e+17,2 AV/E 54 ST,118
9.035989486876047e+17,ESSEX ST/RIVINGTON ST,217
9.036942729517306e+17,W 23 ST/6 AV,83
8.978614558395077e+17,HOMELAWN ST/ASPEN PL,391
8.978899384388178e+17,BROADWAY/LAFAYETTE AV,15
8.979491740441687e+17,82 ST/ROOSEVELT AV,1385
8.980321588390735e+17,FRANKLIN AV/PROSPECT PL,188
8.980479854411745e+17,ELIOT AV/80 ST,405
8.980771449625153e+17,MARCUS GARVEY BLVD/JEFFERSON AV,101
8.981395410915506e+17,130 PL/BERGEN RD,1604
8.983223106358305e+17,3 AV/E 11 ST,55
9.037266547056567e+17,1 AV/E 52 ST,116
9.038080344910048e+17,227 ST/113 DR,287
9.038645835266164e+17,E 14 ST/2 AV,111
8.999981864055045e+17,W 43 ST/8 AV,13
8.999984684255572e+17,9 AV/W 46 ST,161
9.000316510190834e+17,CROTONA AV/E 175 ST,179
9.000368616188296e+17,WYCKOFF AV/STANHOPE ST,207
9.000413526326765e+17,WEST ST/KENT ST,112
9.000952433402368e+17,MARCUS GARVEY BLVD/LAFAYETTE AV,86
9.001617269189248e+17,CLASSON AV/DE KALB AV,235
9.001683236036161e+17,COURT ST/3 PL,241
9.002109618743469e+17,NEW LOTS AV/HINSDALE ST,174
9.038724058311578e+17,FREDERICK DOUGLASS BLVD/W 121 ST,115
9.039355330258716e+17,ASTORIA BLVD/STEINWAY ST,639
9.03935606382398e+17,CONEY ISLAND AV/AVENUE C,223
9.049605486817231e+17,JAMAICA AV/94 ST,293
9.04968514528703e+17,VAN WYCK SOUTH SERVICE RD/BUILDING 90,16364
9.049976356575181e+17,MURRAY ST/NORTH END AV,16
9.05010317935338e+17,7 AV/W 49 ST,151
9.050235487033413e+17,7 AV/W 49 ST,151
9.042598954616352e+17,SARATOGA AV/BAINBRIDGE ST,185
9.042760137058391e+17,GATES AV/TOMPKINS AV,216
9.042860922727873e+17,130 PL/BERGEN RD,1359
9.04332116672992e+17,GREENPOINT AV/JEWEL ST,206
9.04414164220628e+17,2 AV/E 84 ST,153
9.050261177166784e+17,7 AV/W 49 ST,151
9.050310731498618e+17,REMSEN AV/AVENUE M,127
9.050361203421412e+17,7 AV/W 49 ST,151
9.050700330658033e+17,BEDELL ST/BAISLEY BLVD,539
9.050779004841138e+17,RALPH AV/FARRAGUT RD,357
9.050838642756134e+17,LEWIS AV/JEFFERSON AV,53
9.051093545527864e+17,W 57 ST/6 AV,103
9.003010670124397e+17,SUTTER AV/BRADFORD ST,129
9.004386069001609e+17,ROCKAWAY AV/FULTON ST,125
9.005231986990966e+17,1 AV/E 91 ST,132
9.005387357359633e+17,FRANKLIN ST/GREEN ST,92
9.005749885136594e+17,W 34 ST/10 AV,313
9.006943668647032e+17,SUTTER AV/BERRIMAN ST,211
9.007567626920736e+17,CLOVE RD/VICTORY BLVD,455
9.008451593485428e+17,62 DR/99 ST,27
9.008952294399071e+17,DE KALB AV/IRVING AV,335
9.013539318137507e+17,W 31 ST/6 AV,65
9.015458115606793e+17,E 148 ST/BERGEN AV,270
9.044185000458947e+17,ADAM C POWELL BLVD/W 112 ST,51
9.044389664067913e+17,HALSEY ST/PATCHEN AV,230
9.05109367857878e+17,W 57 ST/6 AV,103
9.051098933906209e+17,W 57 ST/6 AV,103
9.051100245502397e+17,W 57 ST/6 AV,103
9.05154913221917e+17,MYRTLE AV/WILSON AV,179
9.05162558268637e+17,6 AV/W 54 ST,138
9.045239466433347e+17,BROADWAY/GRAND ST,244
9.045241001062259e+17,BROADWAY/GRAND ST,244
9.04524223667771e+17,BROADWAY/GRAND ST,244
9.016090550547304e+17,E 170 ST/TELLER AV,195
9.016594282193349e+17,E 68 ST/AVENUE N,822
9.01715413113834e+17,KINGSTON AV/UNION ST,137
9.021056078955668e+17,HALSEY ST/MALCOLM X BLVD,67
9.021412361130148e+17,THOMAS S BOYLAND ST/DEAN ST,96
9.0217747007699e+17,30 AV/21 ST,400
9.021906869602716e+17,10 AV/W 34 ST,33
9.045351684051151e+17,W 44 ST/6 AV,113
9.045353027081882e+17,W 44 ST/6 AV,113
9.045353984604384e+17,W 44 ST/6 AV,113
9.045365873764822e+17,W 44 ST/6 AV,113
9.051626194999314e+17,6 AV/W 54 ST,138
9.051626812573687e+17,6 AV/W 54 ST,138
9.051627500007104e+17,6 AV/W 54 ST,138
9.051627954871123e+17,6 AV/W 54 ST,138
9.05163090388473e+17,6 AV/W 54 ST,138
9.051632809948425e+17,6 AV/W 54 ST,138
9.051638323966604e+17,6 AV/W 54 ST,138
9.04537540621885e+17,W 44 ST/6 AV,113
9.045398048218757e+17,MURRAY ST/NORTH END AV,16
9.04540367562348e+17,MURRAY ST/NORTH END AV,16
9.051638880601123e+17,6 AV/W 54 ST,138
9.051639823797377e+17,6 AV/W 54 ST,138
9.05164331540084e+17,6 AV/W 54 ST,138
9.051648600975912e+17,6 AV/W 54 ST,138
9.051649350430785e+17,6 AV/W 54 ST,200
9.051650120976067e+17,6 AV/W 54 ST,138
9.045412672718335e+17,MURRAY ST/NORTH END AV,16
9.0456830742679e+17,SAINT MARKS PL/HYATT ST,353
9.021936820873736e+17,LINDEN BLVD/CRESCENT ST,95
9.022082951217988e+17,ADAM C POWELL BLVD/W 140 ST,124
9.022250583710116e+17,EAST TREMONT A/ROOSEVELT AV,182
9.02274036912134e+17,MERRICK BLVD/221 ST,376
9.087185898316073e+17,WASHINGTON AV/STERLING PL,17
9.087587341851743e+17,HALSEY ST/MARCUS GARVEY BLVD,129
9.087652715870499e+17,FREDERICK DOUGLASS BLVD/W 147 ST,143
9.087821321656799e+17,SAINT MARKS PL/AVENUE A,185
9.045853800994024e+17,GREENPOINT AV/40 ST,175
9.046395835597162e+17,JAMAICA AV/ELDERT LN,322
9.048914649381304e+17,NEW YORK AV/PROSPECT PL,99
9.133495213541352e+17,WEST HOUSTON ST/LAGUARDIA PL,222
9.05210320377722e+17,11 ST/JACKSON AV,220
9.052437328818436e+17,ADAM C POWELL BLVD/W 139 ST,134
9.053109196412988e+17,BROOKLYN AV/ATLANTIC AV,70
9.053195140835039e+17,W 42 ST/11 AV,75
9.053975837190011e+17,BROADWAY/GRANITE ST,316
9.056368876505559e+17,ROCKAWAY AV/MACDOUGAL ST,83
9.056513196842534e+17,E 233 ST/WHITE PLAINS RD,404
9.058210670932806e+17,LEXINGTON AV/E 98 ST,34
9.059169272421751e+17,TROY AV/MONTGOMERY ST,122
9.133514798754419e+17,65 PL/53 DR,962
9.133575786415579e+17,GRAND AV/73 ST,1327
9.13430766168315e+17,GRAND AV/73 ST,1414
9.087821530404741e+17,AVENUE A/E 5 ST,74
9.089021108688088e+17,LEXINGTON AV/E 37 ST,280
9.089116133773837e+17,JAMAICA AV/170 ST,224
9.089729984082557e+17,BOWERY/E 3 ST,102
9.093491942223671e+17,10 AV/W 47 ST,102
9.093637843379191e+17,10 AV/W 47 ST,102
9.093748711193588e+17,W 37 ST/BAY VIEW AV,1368
9.094136873826419e+17,9 AV/W 28 ST,255
9.135179365547779e+17,CHRISTOPHER ST/HUDSON ST,89
9.135182396597165e+17,CHRISTOPHER ST/HUDSON ST,89
9.135561966847675e+17,6 AV/W 27 ST,128
9.1364920384733e+17,FLUSHING AV/THROOP AV,176
9.136513090257837e+17,THROOP AV/MYRTLE AV,372
9.059982531191526e+17,WHITE PLAINS RD/E 233 ST,61
9.064059711282852e+17,63 DR/WOODHAVEN BLVD,756
9.065854910772159e+17,10 AV/W 47 ST,159
9.066023606021631e+17,W 37 ST/CANAL AV,1175
9.067089018296657e+17,101 ST/31 AV,247
9.067491942777969e+17,BROOKLYN-QUEENS EXPWY/47 ST,140
9.067697341949827e+17,GREENE AV/WASHINGTON AV,135
9.067951042644524e+17,VAN WYCK SOUTH SERVICE RD/BUILDING 90,15095
9.070887272006733e+17,NORWAY AV/FOCH AV,226
9.136648802617536e+17,9 AV/W 20 ST,162
9.13913652945789e+17,WYCKOFF AV/MADISON ST,71
9.094924430543631e+17,MYRTLE AV/HARMAN ST,59
9.095494118114892e+17,FARMERS BLVD/140 AV,636
9.096245290457153e+17,MORRIS AV/E 158 ST,193
9.096359119789e+17,EMPIRE BLVD/NOSTRAND AV,169
9.099463578852852e+17,1 AV/E 91 ST,110
9.100814558138921e+17,5 AV/3 ST,299
9.101157319421059e+17,AVENUE OF THE AMERICAS/WEST BROADWAY,106
9.101166814685085e+17,5 AV/21 ST,72
9.139254961389868e+17,EAST HOUSTON ST/CLINTON ST,24
9.139794995333247e+17,W 145 ST/AMSTERDAM AV,82
9.071644339677818e+17,2 AV/E 28 ST,72
9.072470401320558e+17,6 AV/W 27 ST,133
9.072525166070231e+17,W 86 ST/CENTRAL PK WEST,235
9.073027570920376e+17,EMPIRE BLVD/NOSTRAND AV,69
9.073563474968737e+17,KENT AV/S 1 ST,33
9.074227931776302e+17,EMPIRE BLVD/NEW YORK AV,160
9.14503982420676e+17,CLOVE RD/WEST FINGERBOARD RD,113
9.075282280193596e+17,GLENWOOD RD/E 35 ST,171
9.080136109968433e+17,LEXINGTON AV/E 37 ST,75
9.101349785387773e+17,WASHINGTON AV/PROSPECT PL,167
9.101530120375131e+17,CLASSON AV/STERLING PL,173
9.102161804784772e+17,MANHATTAN AV/W 113 ST,100
9.102350840082406e+17,FDR DR/E 35 ST,63
9.102910036430991e+17,FREDERICK DOUGLASS BLVD/W 123 ST,195
9.103295597002584e+17,CHURCH ST/FULTON ST,102
9.105549266478776e+17,65 PL/53 DR,1232
9.146514821705102e+17,RESERVOIR AV/W 195 ST,249
9.150949039607908e+17,AVENUE A/E 5 ST,120
9.150993938835502e+17,2 AV/E 46 ST,145
9.150998321490812e+17,W 10 ST/GREENWICH ST,47
9.151111985528003e+17,HARRISON ST/HUDSON ST,96
9.151434781281993e+17,E 79 ST/2 AV,169
9.151641139185254e+17,FLUSHING AV/THROOP AV,152
9.080674682308754e+17,DEAN ST/TROY AV,33
9.081682261821265e+17,HEMPSTEAD AV/221 ST,295
9.081797617469678e+17,SARATOGA AV/MARION ST,122
9.085145182400648e+17,WESTCHESTER AV/TINTON AV,407
9.086343228478164e+17,SARATOGA AV/ATLANTIC AV,161
9.086740655561988e+17,EAST GUN HILL RD/PAULDING AV,369
9.086770700219816e+17,DIVISION AV/WYTHE AV,175
9.08678306945939e+17,CASTLE HILL AV/NORTON AV,192
9.185189059396934e+17,3 AV/E 33 ST,47
9.10771154080516e+17,LINDEN BLVD/78 ST,537
9.107863940920564e+17,SCHAEFER ST/WILSON AV,214
9.108360811624969e+17,SEAVIEW AV/E 93 ST,232
9.108690809511748e+17,JAMAICA AV/QUEENS BLVD,51
9.109490233741714e+17,MALCOLM X BLVD/W 127 ST,116
9.110596530946365e+17,CHURCH AV/E 42 ST,170
9.113822968316677e+17,CARY AV/NORTH BURGHER AV,466
9.115409754830089e+17,COLLEGE POINT BLVD/MAPLE AV,76
9.151953821034351e+17,101 ST/31 AV,480
9.154072464421303e+17,6 AV/W 45 ST,184
9.185191853909001e+17,CHRISTOPHER ST/HUDSON ST,89
9.186563900742381e+17,METROPOLITAN AV/LEFFERTS BLVD,486
9.186656144774148e+17,VICTORY BLVD/LISA PL,578
9.18838993806282e+17,BROADWAY/W 207 ST,270
9.188879028979374e+17,LINCOLN AV/BRUCKNER BLVD,299
9.189227556630968e+17,ADAM C POWELL BLVD/W 131 ST,183
9.154506921038422e+17,HYLAN BLVD/REYNOLDS ST,468
9.117565334298127e+17,FARMERS BLVD/140 AV,286
9.118132716766036e+17,9 AV/W 44 ST,57
9.118337838531191e+17,82 ST/ROOSEVELT AV,723
9.118905557208554e+17,AVENUE A/E 5 ST,99
9.119877555972019e+17,HOLLIS AV/198 ST,270
9.120030794379965e+17,ATLANTIC AV/WOODHAVEN BLVD,217
9.154857747927889e+17,MYRTLE AV/BUSHWICK AV,220
9.157807363714048e+17,SCHAEFER ST/KNICKERBOCKER AV,141
9.158106289475721e+17,COLUMBUS AV/W 89 ST,170
9.158967472750391e+17,LAUREL HILL BLVD/58 ST,1539
9.12119017271777e+17,E 86 ST/2 AV,114
9.12119694048611e+17,E 86 ST/LEXINGTON  AV,102
9.121453139164899e+17,COLUMBUS AV/W 100 ST,178
9.12149898639905e+17,WATER ST/HANOVER SQ,53
9.121582101339156e+17,LINDEN BLVD/ROCKAWAY PKWY,468
9.121909243912151e+17,WATER ST/OLD SLIP,97
9.16141533448158e+17,VAN DUZER ST/VANDERBILT AV,1
9.190792909299309e+17,WEBSTER AV/CLAREMONT PKWY,484
9.191164711354578e+17,WEST HOUSTON ST/SULLIVAN ST,224
9.191168876029165e+17,BROADWAY/WALKER ST,127
9.193838455928838e+17,HALSEY ST/LEWIS AV,101
9.19387125442549e+17,LINCOLN RD/FLATBUSH AV,64
9.193910268298253e+17,DE KALB AV/SAINT NICHOLAS AV,213
9.19518849494472e+17,BAYCHESTER AV/STRANG AV,341
9.165840331106792e+17,LINCOLN AV/BRUCKNER BLVD,314
9.121981542571461e+17,BROADWAY/W 57 ST,151
9.122399433873174e+17,7 AV/W 55 ST,95
9.122587452357453e+17,COLUMBUS AV/W 100 ST,162
9.122633106118586e+17,COLUMBUS AV/W 97 ST,75
9.122943244115626e+17,WATER ST/WALL ST,247
9.123104161670115e+17,1 AV/E 34 ST,75
9.168211108126102e+17,E 50 ST/2 AV,167
9.168542314472289e+17,82 ST/ROOSEVELT AV,1389
9.169088553210331e+17,CROSBY AV/MIDDLETOWN RD,64
9.196251763194528e+17,BATTERY PL/WEST ST,108
9.196986483863245e+17,BROADWAY/JEFFERSON AV,431
9.197421816112457e+17,UTICA AV/LENOX RD,214
9.197944293418816e+17,JAMAICA AV/QUEENS BLVD,212
9.198278825524091e+17,CHURCH AV/NOSTRAND AV,167
9.198434330715904e+17,JAMAICA AV/144 ST,327
9.200685928927313e+17,3 AV/E 11 ST,55
9.169353461504801e+17,W 14 ST/7 AV,157
9.123339873620178e+17,3 AV/E 60 ST,157
9.123558683244933e+17,2 AV/E 64 ST,86
9.123724245809418e+17,2 AV/E 108 ST,165
9.123967326178623e+17,2 AV/E 66 ST,96
9.124019245641606e+17,E 65 ST/5 AV,165
9.125103764024515e+17,HYLAN BLVD/ELMTREE AV,91
9.17234029357675e+17,NEW YORK AV/TILDEN AV,355
9.172601130300744e+17,E 80 ST/AVENUE N,388
9.200693737239722e+17,CHRISTOPHER ST/HUDSON ST,89
9.201038260042231e+17,11 AV/W 47 ST,59
9.201096781150487e+17,6 AV/W 31 ST,56
9.201754189618246e+17,FRANCIS LEWIS BLVD/256 ST,120
9.201920859398528e+17,5 AV/W 32 ST,209
9.201944838504229e+17,FRANKLIN ST/INDIA ST,61
9.202355909474715e+17,10 AV/W 27 ST,85
9.172802324162849e+17,3 AV/E 109 ST,87
9.172975501273356e+17,SPRINGFIELD BLVD/132 RD,246
9.173613726865796e+17,MANHATTAN AV/CLAY ST,80
9.125989577717661e+17,SAINT MARKS PL/AVENUE A,175
9.12717631989481e+17,CENTRAL PARK WEST/W 75 ST,102
9.128391439786822e+17,BERGEN ST/BUFFALO AV,279
9.129544614912943e+17,MIDLAND AV/FREEBORN ST,1174
9.131003888176653e+17,1 AV /E 4 ST,140
9.173750935756623e+17,BEDFORD AV/WILLOUGHBY AV,105
9.174903191847277e+17,10 AV/W 19 ST,93
9.202817293678625e+17,8 AV/W 52 ST,180
9.203219820030156e+17,BROADWAY/W 77 ST,93
9.203233890457115e+17,BROADWAY/W 77 ST,93
9.203249569559052e+17,BROADWAY/W 77 ST,93
9.175088550137188e+17,BEDFORD AV/DE KALB AV,38
9.175219670791261e+17,MANHATTAN AV/W 116 ST,36
9.17633322049671e+17,21 ST/BROADWAY,1537
9.132277574115674e+17,THROOP AV/MYRTLE AV,372
9.133232222500216e+17,65 PL/53 DR,1079
9.133419211569774e+17,GRAND AV/73 ST,1191
9.231841769388557e+17,6 AV/WEST HOUSTON ST,130
9.231975593125166e+17,E 55 ST/1 AV,100
9.232076908749517e+17,2 AV/E 75 ST,71
9.232416834523242e+17,1 AV/E 70 ST,148
9.23280110640373e+17,west st/morris st,30
9.232849675859516e+17,DRIGGS AV/N 7 ST,120
9.178852224150162e+17,3 AV/E 11 ST,55
9.203965879457916e+17,EAST HOUSTON ST/RIDGE ST,159
9.208675582333509e+17,OGDEN AV/W 169 ST,128
9.212438055095859e+17,CRESCENT ST/RIDGEWOOD AV,220
9.213191000954683e+17,REX RD/FERN PL,102
9.180806414246025e+17,FOSTER AV/E 18 ST,670
9.1808948083341e+17,CONEY ISLAND AV/CORTELYOU RD,410
9.181307357151711e+17,FULTON ST/STUYVESANT AV,176
9.233872938015077e+17,82 ST/ROOSEVELT AV,1347
9.233997198730029e+17,WEST HOUSTON ST/LAGUARDIA PL,211
9.235012597745376e+17,BROADWAY/W 172 ST,98
9.238155136330303e+17,MADISON AV/E 123 ST,101
9.238222720265458e+17,GRAHAM AV/METROPOLITAN AV,68
9.238603593836156e+17,WEST ST/KENT ST,172
9.239007044524289e+17,BROADWAY/ABERDEEN ST,272
9.239198497927676e+17,KINGSTON AV/PROSPECT PL,119
9.181410908134879e+17,VAN WYCK SOUTH SERVICE RD/BUILDING 90,16940
9.181587202848591e+17,WILSON AV/TROUTMAN ST,247
9.213902289209224e+17,MYRTLE AV/HART ST,140
9.216433851693458e+17,GATES AV/LEWIS AV,119
9.217319721220447e+17,VAN WYCK SOUTH SERVICE RD/BUILDING 90,17037
9.217548953723128e+17,CATON AV/SAINT PAULS PL,192
9.218364965706775e+17,RIVERSIDE DR/W 82 ST,75
9.182993514149176e+17,LAUREL HILL BLVD/58 ST,561
9.183554508723516e+17,ADAM C POWELL BLVD/W 121 ST,203
9.239263168088113e+17,BROADWAY/W 77 ST,93
9.239329848330868e+17,2 AV/E 46 ST,143
9.239360391093389e+17,BROADWAY/W 77 ST,93
9.239745739092457e+17,BEDFORD AV/N 8 ST,80
9.24001872239136e+17,6 AV/W 27 ST,156
9.240960464035343e+17,ROGERS AV/LINDEN BLVD,35
9.241240165919862e+17,28 ST/QUEENS PLAZA SOUTH,63
9.245100905678273e+17,E 79 ST/2 AV,169
9.183664305249683e+17,REMSEN AV/WINTHROP ST,207
9.183671848139409e+17,VAN WYCK SOUTH SERVICE RD/BUILDING 90,15076
9.183888660351159e+17,RICHMOND RD/OLD TOWN RD,375
9.219736376990628e+17,AVENUE C/E 12 ST,247
9.219857401301939e+17,10 AV/W 47 ST,116
9.222051827784854e+17,EAST HOUSTON ST/NORFOLK ST,70
9.2238018011614e+17,EAST HOUSTON ST/MOTT ST,68
9.184041448498112e+17,MORRIS AV/E 174 ST,104
9.281358526814838e+17,SPRINGFIELD BLVD/93 AV,196
9.245226731568968e+17,10 AV/W 47 ST,102
9.245230822876978e+17,10 AV/W 47 ST,102
9.246634086384503e+17,MADISON ST/RUTGERS ST,310
9.246668647240206e+17,CONEY ISLAND AV/DORCHESTER RD,458
9.247550085382478e+17,3 AV/E 17 ST,96
9.247681622334564e+17,LINDEN BLVD/79 ST,791
9.281430286841033e+17,PROSPECT PARK WEST/PROSPECT AV,136
9.281509494380558e+17,GREENPOINT AV/46 ST,587
9.282038449653779e+17,LAUREL HILL BLVD/58 ST,744
9.283583889943264e+17,MALCOLM X BLVD/W 122 ST,129
9.283947245313064e+17,LEXINGTON AV/E 28 ST,190
9.284365258283959e+17,21 ST/35 AV,901
9.224887512733637e+17,COLUMBUS AV/W 108 ST,177
9.225271813642985e+17,COLLEGE POINT BLVD/MAPLE AV,224
9.22531986743506e+17,FORT WASHINGTON AV/W 181 ST,298
9.225449177288692e+17,W 14 ST/8 AV,140
9.225704877436913e+17,ROGERS AV/MONTGOMERY ST,100
9.226659614587278e+17,BEDFORD AV/DEAN ST,69
9.22748405120764e+17,WILSON AV/GROVE ST,98
9.227632904255045e+17,SAINT JOHNS PL/TROY AV,187
9.285009611307017e+17,CLARKSON AV/ROGERS AV,175
9.248038982277642e+17,FREDERICK DOUGLASS BLVD/W 116 ST,57
9.248657143494598e+17,STORY AV/BOYNTON AV,527
9.2523357668866e+17,NASSAU AV/HUMBOLDT ST,69
9.252434790221569e+17,WYTHE AV/N 6 ST,136
9.252875095007288e+17,GRAHAM AV/COOK ST,94
9.253072781013257e+17,PARK AV/CARLTON AV,89
9.253082905259295e+17,PARK AV/CARLTON AV,89
9.253092969902172e+17,PARK AV/CARLTON AV,89
9.253329092229632e+17,ALLEN ST/DELANCEY ST,148
9.285135456113211e+17,CLARKSON AV/ROGERS AV,175
9.286329617962715e+17,3 AV/E 99 ST,197
9.289013006964956e+17,W 10 ST/WAVERLY PL,164
9.28984413131741e+17,9 AV/W 46 ST,113
9.290405574098854e+17,METROPOLITAN AV/RODNEY ST,279
9.2904158992805e+17,METROPOLITAN AV/RODNEY ST,279
9.290843974827736e+17,BOWERY/GRAND ST,149
9.291118625140047e+17,FRANKLIN ST/CALYER ST,100
9.231190890044028e+17,ROCKAWAY AV/SUMPTER ST,144
9.231730586447954e+17,10 AV/W 47 ST,102
9.328658478606456e+17,FLATLANDS AV/AVENUE J,132
9.328863667764458e+17,MADISON AV/E 109 ST,175
9.32893071035345e+17,BROADWAY/JEFFERSON AV,64
9.331999394522281e+17,CENTRE ST/BROOME ST,123
9.332290241267538e+17,METROPOLITAN AV/GRAHAM AV,170
9.332374759658339e+17,PARK AV/WASHINGTON AV,98
9.332803848343963e+17,BROADWAY/W 77 ST,93
9.332818521501989e+17,BROADWAY/W 77 ST,93
9.254289134948536e+17,W 57 ST/6 AV,103
9.254295953797587e+17,W 57 ST/6 AV,103
9.254305262432061e+17,W 57 ST/6 AV,103
9.25469920044847e+17,WESTCHESTER AV/ROBERTS AV,355
9.256714499311875e+17,BEDELL ST/BAISLEY BLVD,771
9.257247141550458e+17,LAFAYETTE AV/LEWIS AV,222
9.260361165496145e+17,BROADWAY/BEDFORD AV,247
9.291621670064493e+17,1 AV/E 1 ST,170
9.292113533485844e+17,BERGEN ST/UTICA AV,100
9.292531352063151e+17,VAN WYCK SOUTH SERVICE RD/BUILDING 90,14760
9.292878111212172e+17,ROGERS AV/CLARKSON AV,170
9.294781607902394e+17,W 23 ST/6 AV,243
9.295846247483626e+17,RICHMOND TERR/BEMENT AV,367
9.3328484417632e+17,BROADWAY/W 77 ST,93
9.333178586717788e+17,10 AV/W 47 ST,155
9.334011560853247e+17,HALSEY ST/THROOP AV,104
9.334011644717117e+17,MARCUS GARVEY BLVD/LEXINGTON AV,89
9.336365165154468e+17,SEAVIEW AV/OLYMPIA BLVD,74
9.337658749853989e+17,3 AV/E 11 ST,55
9.339047776834474e+17,AMSTERDAM AV/W 98 ST,67
9.260739679354523e+17,NEW YORK AV/FARRAGUT RD,142
9.260801954328221e+17,MALCOLM X BLVD/W 132 ST,95
9.261084013263085e+17,HUDSON ST/HORATIO ST,69
9.262781183173398e+17,CLARKSON AV/KINGS COUNTY HOSPITAL,732
9.263128645668918e+17,BAY ST/TOWNSEND AV,58
9.264529975480849e+17,FLATBUSH AV/CATON AV,64
9.296791380058815e+17,FOSTER AV/E 22 ST,226
9.297477801497851e+17,1 AV/E 70 ST,94
9.298623569187314e+17,MANHATTAN AV/W 116 ST,81
9.299525826697079e+17,1 AV/E 31 ST,71
9.299536484240772e+17,THOMAS S BOYLAND ST/DEAN ST,162
9.299784638258628e+17,FRANKFORT ST/WILLIAM ST,259
9.300187785054131e+17,5 AV/W 46 ST,155
9.302771683781431e+17,FULTON ST/THOMAS S BOYLAND ST,8
9.339154622950228e+17,5 AV/W 32 ST,102
9.33971768939004e+17,GATES AV/BEDFORD AV,145
9.340319037950217e+17,FULTON ST/DUFFIELD ST,177
9.340536887242693e+17,BROADWAY/WORTH ST,65
9.34097609926046e+17,GATES AV/CLASSON AV,25
9.341000650882776e+17,HALSEY ST/BUSHWICK AV,16
9.341074696921564e+17,8 AV/W 39 ST,186
9.342604467165179e+17,21 ST/41 AV,405
9.342757708580751e+17,GRAHAM AV/JACKSON ST,93
9.343193236485601e+17,GATES AV/EVERGREEN AV,423
9.303738169963185e+17,ATLANTIC AV/WOODHAVEN BLVD,217
9.264582705209654e+17,FLATBUSH AV/CATON AV,62
9.264622890927218e+17,CLARKSON AV/FLATBUSH AV,25
9.267288729189124e+17,7 AV/W 15 ST,19
9.267518847006115e+17,E 138 ST/BROOK AV,152
9.26845982059796e+17,ALLEN ST/DELANCEY ST,150
9.269060902381176e+17,LINDEN BLVD/SUTPHIN BLVD,705
9.269193291320788e+17,LINDEN BLVD/SUTPHIN BLVD,1022
9.269876808967235e+17,MADISON AV/E 107 ST,91
9.270654313325445e+17,FRANCIS LEWIS BLVD/147 DR,220
9.271170246088759e+17,FRANCIS LEWIS BLVD/147 DR,36
9.271362979043681e+17,UNION TPKE/PARSONS BLVD,980
9.30566199035367e+17,8 AV/W  56 ST,84
9.273485640344436e+17,1 AV/E 91 ST,82
9.273488548143544e+17,1 AV/E 91 ST,82
9.273532183490685e+17,BOWERY/PRINCE ST,132
9.305973202863256e+17,SMITH ST/DOUGLASS ST,141
9.30648551063213e+17,BEDFORD AV/S 2 ST,201
9.343805881920512e+17,UTICA AV/BERGEN ST,65
9.344736127214214e+17,WHITE PLAINS RD/BRUCKNER BLVD,304
9.345086944462191e+17,FORT WASHINGTON AV/W 179 ST,118
9.345102719971722e+17,3 AV/E 11 ST,55
9.345105779197778e+17,3 AV/E 11 ST,55
9.346441323281531e+17,CLARKSON AV/FLATBUSH AV,63
9.309367745956268e+17,65 PL/53 DR,1695
9.309369264711395e+17,LAUREL HILL BLVD/58 ST,1520
9.309370602321178e+17,82 ST/ROOSEVELT AV,1630
9.274258743943049e+17,ALBANY AV/FULTON ST,96
9.275310754488997e+17,WASHINGTON AV/BERGEN ST,167
9.275527649073185e+17,BERGEN ST/NOSTRAND AV,219
9.275902862555049e+17,BROADWAY/W 77 ST,93
9.275944775553403e+17,BROADWAY/W 77 ST,93
9.27751966043551e+17,W 23 ST/8 AV,200
9.347192204508079e+17,VANDERBILT AV/ATLANTIC AV,42
9.347627437056558e+17,153 ST/HILLSIDE AV,637
9.348629799559505e+17,EAST HOUSTON ST/CLINTON ST,355
9.35027213162316e+17,WILSON AV/SCHAEFFER ST,155
9.35323497276063e+17,E 10 ST/AVENUE C,125
9.354957996881329e+17,10 AV/W 47 ST,57
9.355227484804856e+17,AMSTERDAM AV/W 86 ST,79
9.310435374851634e+17,ASTORIA BLVD SOUTH/77 ST,163
9.310616526691663e+17,HYLAN BLVD/BENTON AV,118
9.312162529152827e+17,LINDEN BLVD/179 ST,187
9.313465997007372e+17,THOMAS S BOYLAND ST/MACDOUGAL ST,104
9.390967882991355e+17,BROADWAY/W 77 ST,93
9.390992102476047e+17,BROADWAY/W 77 ST,93
9.39121148158704e+17,BERGEN ST/NEW YORK AV,223
9.391537529334911e+17,12 AV/W 46 ST,119
9.392684466622271e+17,BAY PKWY/83 ST,222
9.39387800231178e+17,s 4 st/havemeyer st,195
9.394311703195885e+17,NEW LOTS AV/BRADFORD ST,117
9.317104653354461e+17,E 57 ST/2 AV,83
9.317375837271672e+17,AMSTERDAM AV/W 91 ST,86
9.355374024851392e+17,BEDFORD AV/S 2 ST,68
9.356327817654103e+17,FLATLANDS AV/E 84 ST,248
9.356413230377165e+17,CENTRE ST/GRAND ST,305
9.358393839794458e+17,W 49 ST/9 AV,78
9.359146419427892e+17,FRANCIS LEWIS BLVD/255 ST,449
9.36124309654742e+17,ASTORIA BLVD SOUTH/STEINWAY ST,434
9.36130644061301e+17,ASTORIA BLVD SOUTH/STEINWAY ST,761
9.361380350590845e+17,ASTORIA BLVD SOUTH/STEINWAY ST,442
9.317549097946653e+17,OGDEN AV/W 166 ST,281
9.317553715263397e+17,7 AV/W 20 ST,160
9.319523616113315e+17,FLUSHING AV/EVERGREEN AV,310
9.319972127993514e+17,CRESCENT ST/FULTON ST,144
9.39707381622763e+17,5 AV/W 30 ST,88
9.39751910723746e+17,W 31 ST/6 AV,193
9.39756457237945e+17,WILSON AV/HANCOCK ST,280
9.397820420546487e+17,JAMAICA AV/104 ST,395
9.398486654739098e+17,E 9 ST/BROADWAY,132
9.398871362805032e+17,EAST TREMONT AV/PROSPECT AV,412
9.399118592972406e+17,FLATBUSH AV/DORCHESTER RD,716
9.401566294133457e+17,10 AV/W 47 ST,10
9.32036061742273e+17,10 AV/W 21 ST,16
9.320619509170665e+17,SAINT NICHOLAS AV/W 150 ST,102
9.320999434998455e+17,CONEY ISLAND AV/AVENUE C,243
9.36142626413916e+17,ASTORIA BLVD SOUTH/STEINWAY ST,675
9.362425895928289e+17,E 116 ST/3 AV,4
9.363141538928113e+17,KOSSUTH PL/BUSHWICK AV,129
9.368358280646966e+17,AVENUE D/NEW YORK AV,79
9.369597562839379e+17,W 44 ST/6 AV,98
9.369998030983683e+17,AVENUE D/NEW YORK AV,160
9.370203956753268e+17,AVENUE D/BROOKLYN AV,144
9.37049149080505e+17,FREDERICK DOUGLASS BLVD/W 145 ST,135
9.3708827201389e+17,SEAVIEW AV/OLYMPIA BLVD,253
9.325095257054771e+17,WATER ST/HANOVER SQ,187
9.325138818025676e+17,WATER ST/HANOVER SQ,187
9.325177024844635e+17,WATER ST/HANOVER SQ,187
9.325194514540579e+17,WATER ST/HANOVER SQ,187
9.32522047518865e+17,WATER ST/HANOVER SQ,187
9.325239012556074e+17,WATER ST/HANOVER SQ,187
9.325266289962952e+17,WATER ST/HANOVER SQ,187
9.325543881576529e+17,9 AV/W 46 ST,198
9.325686220350939e+17,9 AV/W 46 ST,198
9.40279919668139e+17,MYRTLE AV/STOCKHOLM ST,122
9.404585387952238e+17,MESEROLE ST/MANHATTAN AV,147
9.405033703174053e+17,BEDFORD AV/HANCOCK ST,109
9.405287767812722e+17,CLARKSON AV/NOSTRAND AV,240
9.406266152744265e+17,2 AV/E 78 ST,60
9.406434378298419e+17,HALSEY ST/BUSHWICK AV,100
9.407028611770127e+17,SCHAEFER ST/CENTRAL AV,143
9.407566534527684e+17,NASSAU AV/MONITOR ST,88
9.411359173186102e+17,ROCKAWAY PKWY/AVENUE L,427
9.412126396957568e+17,2 AV/E 25 ST,86
9.325702068480687e+17,9 AV/W 46 ST,198
9.32578265767797e+17,8 AV/W 4 ST,108
9.325930245597649e+17,9 AV/W 46 ST,198
9.371164258649025e+17,9 AV/W 40 ST,206
9.375744455780392e+17,E 79 ST/YORK AV,188
9.376134062255566e+17,SAINT NICHOLAS AV/W 184 ST,80
9.376710474904918e+17,10 AV/W 42 ST,91
9.37708024938552e+17,9 AV/W 23 ST,112
9.378426829758068e+17,FLUSHING AV/58 DR,246
9.378734316538972e+17,LINDEN BLVD/78 ST,537
9.378805754290815e+17,48 AV/48 ST,208
9.325970603673491e+17,9 AV/W 46 ST,198
9.326586468511169e+17,RALPH AV/AVENUE K,315
9.450366212413599e+17,E 67 ST/MADISON AV,40
9.451405141922917e+17,COLUMBUS AV/W 89 ST,91
9.412505014722664e+17,HALSEY ST/IRVING AV,155
9.412676899931503e+17,SAINT JOHNS PL/SCHENECTADY AV,257
9.412684544742757e+17,MILL ST/CLINTON ST,222
9.41340717491101e+17,BERGEN ST/CLASSON AV,131
9.414010182861242e+17,LINDEN BLVD/NEWBURG ST,84
9.415268222347945e+17,HUNTS POINT AV/SENECA AV,94
9.415579071671992e+17,2 AV/E 28 ST,72
9.415933924295786e+17,REMSEN AV/FARRAGUT RD,125
9.419050979121572e+17,DECATUR ST/CENTRAL AV,67
9.451433808387773e+17,E 34 ST/3 AV,143
9.382801082357375e+17,MALCOLM X BLVD/W 145 ST,65
9.384263196393027e+17,COURT ST/3 PL,109
9.385295165727807e+17,RICHMOND TERR/TAYLOR ST,186
9.385426004324696e+17,BROADWAY/CORTLANDT ST,43
9.386523414000929e+17,WHITE PLAINS RD/RHINELANDER AV,192
9.388574023358413e+17,EAST HOUSTON ST/FORSYTH ST,192
9.389596543409952e+17,YORK AV/E 79 ST,87
9.454184480336099e+17,BROADWAY/W 196 ST,178
9.45433153175759e+17,LAUREL HILL BLVD/58 ST,1368
9.455540077782921e+17,AVENUE D/E 4 ST,116
9.455898889972326e+17,CENTRE ST/BROOME ST,157
9.456024095618195e+17,5 AV/W 32 ST,129
9.420159915790552e+17,YORK AV/E 84 ST,152
9.420396359838915e+17,ROEBLING ST/GRAND ST,163
9.421077491551446e+17,HALSEY ST/RALPH AV,144
9.421193597317684e+17,W 179 ST/BROADWAY,179
9.421836087401734e+17,SOUNDVIEW AV/GILDERSLEEVE AV,98
9.422634836065165e+17,CHURCH AV/RUGBY RD,57
9.422960396257665e+17,EAST NEW YORK AV/SCHENECTADY AV,121
9.4239418670738e+17,NATIONAL ST/43 AV,203
9.457539933608293e+17,E 10 ST/AVENUE B,152
9.39052842960442e+17,NOSTRAND AV/LEFFERTS AV,62
9.390529400549582e+17,5 AV/W 31 ST,5
9.390935703226825e+17,BROADWAY/W 77 ST,93
9.506335400580869e+17,GRAHAM AV/SEIGEL ST,57
9.458232833057396e+17,94 ST/23 AV,666
9.458695330829857e+17,10 AV/W 45 ST,148
9.459438008108652e+17,BAYCHESTER AV/STRANG AV,144
9.461911214590669e+17,UNIVERSITY AV/W 174 ST,215
9.462514986312123e+17,BROADWAY/PARK ST,51
9.46447856386514e+17,FOREST AV/JEWETT AV,161
9.50729153375366e+17,8 AV/W 46 ST,87
9.50760354634473e+17,EAST TREMONT AV/ANTHONY AV,113
9.507890581259702e+17,BROADWAY/PARK AV,197
9.508119867648966e+17,FRANKLIN AV/UNION ST,88
9.508486775358949e+17,W 34 ST/8 AV,132
9.508575242303104e+17,NATIONAL ST/43 AV,338
9.509455485186712e+17,PIKE ST/SOUTH  ST,54
9.509600231090209e+17,BROADWAY/WILLOUGHBY AV,99
9.509770500798552e+17,21 ST/BROADWAY,439
9.425770899638877e+17,S 5 ST/MONTROSE AV,62
9.426257729114011e+17,MADISON AV/E 40 ST,105
9.427107685030373e+17,BERGEN ST/TROY AV,315
9.427335816759341e+17,E 116 ST/2 AV,133
9.427516020602144e+17,ROCKAWAY AV/FULTON ST,107
9.42787222654669e+17,NORTH BOUNDARY RD/FEDERAL EXPRESS,1957
9.427899165048654e+17,JAMAICA AV/104 ST,415
9.428665490626272e+17,MURDOCK AV/196 ST,123
9.470815534065449e+17,SOUTH END AV/ALBANY ST,187
9.4710107382319e+17,FARMERS BLVD/143 RD,355
9.471840150018546e+17,SANFORD AV/162 ST,573
9.472255430556389e+17,BROADWAY/W 57 ST,51
9.4722724298259e+17,AVENUE H/E 43 ST,250
9.473123098937555e+17,WEST ST/KENT ST,439
9.4733882474989e+17,BAY RIDGE AV/13 AV,253
9.473575142137523e+17,ROCKAWAY PKWY/AVENUE L,187
9.43228744483186e+17,ADAM C POWELL BLVD/W 114 ST,111
9.433397161956858e+17,10 AV/W 47 ST,102
9.433554753160827e+17,SAINT JOHNS PL/SCHENECTADY AV,221
9.433601948797206e+17,SENECA AV/CORNELIA ST,88
9.433712387014353e+17,LEXINGTON AV/E 28 ST,105
9.434070902072525e+17,COLUMBUS AV/W 89 ST,86
9.43419084180379e+17,3 AV/E 33 ST,84
9.473824409524655e+17,EAST BROADWAY/MARKET ST,167
9.47406723156323e+17,BAY RIDGE AV/13 AV,325
9.512839384697723e+17,MADISON AV/E 34 ST,67
9.512900012121266e+17,W 57 ST/BROADWAY,110
9.513795632305288e+17,AVENUE D/E 38 ST,311
9.515531962763186e+17,HEMPSTEAD AV/221 ST,103
9.515717436111459e+17,CHURCH AV/OCEAN AV,153
9.522136208110853e+17,5 AV/W 31 ST,5
9.522300467686226e+17,5 AV/W 31 ST,5
9.52235385988027e+17,5 AV/W 31 ST,5
9.475066778200654e+17,REMSEN AV/GLENWOOD RD,134
9.47708237377082e+17,GRAND ST/PITT ST,333
9.477482558929418e+17,NOSTRAND AV/CARROLL ST,92
9.477513303488159e+17,94 ST/23 AV,473
9.478122931052296e+17,ALLEN ST/HESTER ST,46
9.478140655869842e+17,21 ST/38 AV,448
9.522822086496082e+17,5 AV/W 31 ST,5
9.523944334941388e+17,W 145 ST/SAINT NICHOLAS AV,47
9.524039080810093e+17,5 AV/W 31 ST,5
9.524084605584e+17,5 AV/W 31 ST,5
9.524176271930148e+17,5 AV/W 31 ST,5
9.524303447076241e+17,5 AV/W 31 ST,5
9.524403217355132e+17,5 AV/W 31 ST,5
9.524442802119955e+17,5 AV/W 31 ST,5
9.434484046983105e+17,2 AV/E 33 ST,116
9.434544896352251e+17,COLUMBUS AV/W 92 ST,98
9.435321179317294e+17,3 AV/E 17 ST,96
9.435628115060429e+17,BROADWAY/BEDFORD AV,44
9.437071532875119e+17,PENNSYLVANIA AV/HEGEMAN AV,62
9.437800203256841e+17,43 AV/102 ST,118
9.437896663493377e+17,MERRICK BLVD/220 ST,390
9.442366215992091e+17,5 AV/SENATOR ST,148
9.442417452697499e+17,ALLEN ST/GRAND ST,207
9.479428981780435e+17,BROADWAY/DYCKMAN ST,208
9.479906371251322e+17,3 AV/E 37 ST,98
9.480730894355428e+17,W 31 ST/6 AV,64
9.48074897183249e+17,E 80 ST/PAERDEGAT 7 ST,75
9.481546159717683e+17,WYCKOFF AV/WEIRFIELD ST,308
9.481600469849946e+17,EAST NEW YORK AV/UNION ST,201
9.524518575258588e+17,5 AV/W 31 ST,5
9.524553019349532e+17,5 AV/W 31 ST,5
9.524657265935035e+17,5 AV/W 31 ST,5
9.524687984590163e+17,5 AV/W 31 ST,5
9.524713686329576e+17,5 AV/W 31 ST,5
9.524735524530184e+17,5 AV/W 31 ST,5
9.527927046778995e+17,JOHNSON AV/MORGAN AV,132
9.48380746612788e+17,AVENUE L/NOSTRAND AV,31
9.448319386405475e+17,PENNSYLVANIA AV/DUMONT AV,147
9.448408638249958e+17,5 AV/W 10 ST,73
9.44898365098169e+17,E 68 ST/MADISON AV,96
9.449127913633987e+17,5 AV/W 14 ST,113
9.449129624406702e+17,5 AV/W 14 ST,113
9.449205367755366e+17,W 42 ST/11 AV,165
9.544098588223645e+17,21 ST/BROADWAY,419
9.544161060784616e+17,JAMAICA AV/QUEENS BLVD,212
9.485298122056938e+17,EAST BROADWAY/MARKET ST,619
9.485669157333037e+17,MADISON ST/PIKE ST,259
9.485715001470135e+17,SMITH ST/WARREN ST,176
9.48583956858487e+17,6 AV/W 27 ST,127
9.486417381067037e+17,YORK AV/E 88 ST,113
9.486867021433025e+17,2 AV/E 119 ST,90
9.488422131741202e+17,PEARL ST/PECK SLIP,62
9.489658514763848e+17,JAMAICA AV/104 ST,243
9.527983299368402e+17,W 66 ST/FREEDOM PL,219
9.528249697238258e+17,NORTH CONDUIT AV/225 ST,226
9.52829600740336e+17,W 54 ST/11 AV,38
9.528784937280301e+17,E 9 ST/1 AV,75
9.529841426142724e+17,WOODROW RD/BOULDER ST,230
9.530826217786852e+17,6 AV/W 45 ST,93
9.530927134422374e+17,JEROME AV/E 184 ST,181
9.531028652750481e+17,YORK AV/E 87 ST,61
9.532062292234591e+17,SAINT NICHOLAS AV/W 144 ST,259
9.544319365318985e+17,EAST BROADWAY/MARKET ST,58
9.548111748281388e+17,NOSTRAND AV/AVENUE Z,32
9.549686694326415e+17,FULTON ST/SARATOGA AV,178
9.549778211574281e+17,DE KALB AV/FORT GREENE PL,139
9.550215202819027e+17,METROPOLITAN AV/WOODHAVEN BLVD,871
9.550346679564897e+17,DE KALB AV/VANDERBILT AV,110
9.550502274213697e+17,GATES AV/MARCUS GARVEY BLVD,176
9.490150836616271e+17,GRAHAM AV/SEIGEL ST,73
9.492030923528212e+17,FLATLANDS AV/E 80 ST,457
9.492115758852141e+17,VAN WYCK SOUTH SERVICE RD/BUILDING 90,17715
9.49224321229264e+17,AMSTERDAM AV/W 109 ST,50
9.492343362281138e+17,PELHAM PKWY/BRONXWOOD AV,521
9.551025988086666e+17,E 96 ST/2 AV,120
9.551685681467633e+17,E 96 ST/2 AV,120
9.556410029312114e+17,E 79 ST/5 AV,58
9.556417082527004e+17,EAST HOUSTON ST/NORFOLK ST,70
9.55642047468711e+17,EAST HOUSTON ST/AV B,204
9.492513644003293e+17,FRANKLIN ST/INDIA ST,9
9.492647029169297e+17,DE KALB AV/KNICKERBOCKER AV,215
9.492653727295702e+17,E 57 ST/LEXINGTON AV,69
9.533743398196448e+17,W 23 ST/9 AV,150
9.533911459393651e+17,5 AV/W 120 ST,99
9.535517799643825e+17,W 79 ST/AMSTERDAM AV,71
9.536483709502193e+17,EAST TREMONT AV/WATERBURY AV,444
9.536766332588589e+17,SAINT NICHOLAS AV/W 144 ST,16
9.537096833180972e+17,14 AV/128 ST,255
9.537286105321902e+17,MADISON AV/E 34 ST,149
9.537497098941513e+17,NEW YORK AV/STERLING PL,130
9.538287563300902e+17,2 AV/E 13 ST,80
9.492683590664229e+17,E 57 ST/LEXINGTON AV,69
9.492743589368978e+17,E 57 ST/LEXINGTON AV,69
9.492770706168923e+17,E 57 ST/LEXINGTON AV,69
9.492800149068589e+17,E 57 ST/LEXINGTON AV,69
9.492820628618227e+17,E 57 ST/LEXINGTON AV,69
9.492846290718085e+17,E 57 ST/LEXINGTON AV,69
9.556486483990821e+17,8 AV/W 49 ST,176
9.556967931856118e+17,DELAFIELD AV/MANOR RD,249
9.557578545208901e+17,20 AV/128 ST,363
9.557703501666222e+17,MADISON AV/E 129 ST,84
9.557940461267355e+17,10 AV/W 25 ST,106
9.558012663905167e+17,RADIO DR/LUCERNE ST,701
9.558424733626181e+17,8 AV/62 ST,154
9.558995603159231e+17,HEGEMAN AV/OSBORN ST,39
9.49288691549168e+17,E 57 ST/LEXINGTON AV,69
9.494003038732902e+17,5 AV/E 69 ST,85
9.494865363880064e+17,82 ST/ROOSEVELT AV,619
9.538312665291287e+17,SEAVIEW AV/E 95 ST,101
9.538730858360364e+17,BROADWAY/W 92 ST,166
9.53884582009993e+17,FULTON ST/CLINTON AV,175
9.540136357937171e+17,177 ST/106 AV,182
9.542038546648228e+17,6 AV/W 18 ST,76
9.54215732943588e+17,AMSTERDAM AV/W 102 ST,170
9.54215877577072e+17,COLUMBUS AV/W 102 ST,183
9.54239000010599e+17,AVENUE H/E 56 ST,122
9.54283379414655e+17,E 42 ST/1 AV,312
9.497295554728915e+17,E 49 ST/1 AV,262
9.49902736506233e+17,VAN BRUNT ST/COFFEY ST,204
9.559828074880685e+17,E 180 ST/MOHEGAN AV,195
9.561162827396805e+17,3 AV/83 ST,226
9.563155931000138e+17,WATER ST/GOUVERNEUR LN,129
9.565722422196888e+17,ASTORIA BLVD/STEINWAY ST,834
9.566379214565791e+17,RALPH AV/SNYDER AV,49
9.566734322047584e+17,POST AV/GREENLEAF AV,194
9.499407063766432e+17,WILLIAMSBRIDGE RD/PIERCE AV,166
9.542980982847715e+17,2 AV/E 46 ST,46
9.542997722703205e+17,E 42 ST/2 AV,150
9.543009390992279e+17,E 42 ST/2 AV,168
9.543057818605178e+17,2 AV/E 46 ST,184
9.54307423551946e+17,3 AV/E 45 ST,90
9.543075630274228e+17,FORT WASHINGTON AV/W 174 ST,972
9.543220576435364e+17,E 42 ST/2 AV,248
9.543300139392379e+17,JAMAICA AV/QUEENS BLVD,212
9.543384505489491e+17,COLUMBUS AV/W 86 ST,152
9.500880485548186e+17,3 AV/E 17 ST,96
9.501106663816259e+17,8 AV/BLEECKER ST,271
9.50150663573223e+17,WATER ST/WALL ST,59
9.501685923610221e+17,MYRTLE AV/SUYDAM ST,283
9.570765242695388e+17,POST AV/GREENLEAF AV,76
9.57180843002831e+17,82 ST/ROOSEVELT AV,902
9.572562298058e+17,MYRTLE AV/WILSON AV,131
9.57270452215143e+17,MARCUS GARVEY BLVD/LEXINGTON AV,199
9.573031569312076e+17,BROADWAY/W 204 ST,207
9.573629151179725e+17,TOMPKINS AV/WILLOUGHBY AV,171
9.57417213711131e+17,BROADWAY/W 204 ST,197
9.503162436385761e+17,VANDERBILT AV/LAFAYETTE AV,27
9.506130639331168e+17,BROADWAY/THORNTON ST,46
9.631163690978776e+17,NOSTRAND AV/RUTLAND RD,91
9.543635830107816e+17,EDGECOMBE AV/W 158 ST,170
9.543707292560294e+17,EDGECOMBE AV/W 160 ST,144
9.543763227548443e+17,3 AV/E 45 ST,173
9.593603769808572e+17,6 AV/W 40 ST,237
9.594833583894011e+17,SPRINGFIELD BLVD/67 AV,352
9.59487132458697e+17,5 AV/W 120 ST,99
9.594887553699704e+17,W 44 ST/6 AV,122
9.63153880177023e+17,SHEEPSHEAD BAY RD/VOORHIES AV,113
9.631594516154701e+17,10 AV/W 45 ST,83
9.574253818147661e+17,LINDEN BLVD/SUTPHIN BLVD,1327
9.574845743103602e+17,SARATOGA AV/MACDONOUGH ST,95
9.577685458863976e+17,GRAHAM AV/SEIGEL ST,228
9.578188579752049e+17,W 23 ST/7 AV,50
9.578401054360097e+17,W 54 ST/11 AV,237
9.579350360509076e+17,9 AV/W 40 ST,65
9.579453586418436e+17,ROCKAWAY AV/SUMPTER ST,140
9.579463901550474e+17,FDR DR/E 35 ST,56
9.595168965691523e+17,MALCOLM X BLVD/W 137 ST,89
9.595267606788914e+17,1 AV/E 70 ST,87
9.596028072912814e+17,W 42 ST/10 AV,88
9.59603104962842e+17,10 AV/W 45 ST,93
9.596671259495457e+17,W 42 ST/10 AV,112
9.597007438514547e+17,2 AV/E 78 ST,172
9.597456563230996e+17,82 ST/ROOSEVELT AV,968
9.599461177050239e+17,W 147 ST/ADAM C POWELL BLVD,32
9.601064397909096e+17,PARSONS BLVD/ASH AV,388
9.601239895882152e+17,1 AV/E 70 ST,132
9.633697377156833e+17,JAMAICA AV/115 ST,317
9.633717976040613e+17,SEAVIEW AV/E 102 ST,225
9.635686807274204e+17,MADISON AV/E 63 ST,79
9.579676555769728e+17,1 AV/E 52 ST,76
9.579688677780108e+17,E 86 ST/3 AV,100
9.579975617625183e+17,21 ST/BROADWAY,831
9.580195104531365e+17,BOWERY/SPRING ST,204
9.581488120890332e+17,ROGERS AV/TILDEN AV,196
9.581743859173947e+17,MYRTLE AV/STOCKHOLM ST,51
9.582596656966021e+17,1 AV/E 70 ST,48
9.636278436729129e+17,2 AV/E 54 ST,135
9.636764122628037e+17,METROPOLITAN AV/LEFFERTS BLVD,397
9.636962122586515e+17,6 AV/W 29 ST,109
9.637198599168419e+17,MYRTLE AV/MENAHAN ST,165
9.602521487065116e+17,LEXINGTON AV/E 110 ST,169
9.602581691352106e+17,MERRICK BLVD/224 ST,239
9.602848229201961e+17,10 AV/W 49 ST,6
9.603533771196421e+17,BEDFORD AV/CLARENDON RD,146
9.603698790262945e+17,94 ST/23 AV,252
9.604836108867287e+17,ROCKAWAY PKWY/AVENUE N,383
9.605650665050336e+17,GRAND AV/VAN HORN ST,95
9.607929920411703e+17,EAST HOUSTON ST/1 AV,138
9.608024741443127e+17,MADISON AV/E 52 ST,94
9.637336233346811e+17,NOSTRAND AV/FARRAGUT RD,51
9.637431188117412e+17,LEWIS AV/JEFFERSON AV,75
9.63752814816201e+17,LEWIS AV/JEFFERSON AV,75
9.584304081647918e+17,AMSTERDAM AV/W 184 ST,101
9.584837830878203e+17,BOWERY/KENMARE ST,130
9.58558125469832e+17,MAIN ST/NORTHERN BLVD,17
9.58610073245716e+17,MALCOLM X BLVD/PUTNAM AV,147
9.586684570485482e+17,RIVERSIDE DR/W 74 ST,67
9.586685036250392e+17,10 AV/W 47 ST,86
9.58668605542636e+17,10 AV/W 47 ST,155
9.637539228769329e+17,LEWIS AV/JEFFERSON AV,75
9.637718649387881e+17,WESTCHESTER AV/JACKSON AV,434
9.637757390815912e+17,YORK AV/E 84 ST,58
9.608032106574331e+17,MADISON AV/E 52 ST,94
9.608046525504375e+17,MADISON AV/E 52 ST,94
9.608053538105413e+17,MADISON AV/E 52 ST,94
9.608064633784083e+17,MADISON AV/E 52 ST,94
9.608067749514988e+17,MADISON AV/E 52 ST,94
9.608071744863685e+17,MADISON AV/E 52 ST,94
9.608079238897051e+17,MADISON AV/E 52 ST,94
9.608084302541777e+17,MADISON AV/E 52 ST,94
9.637826900202026e+17,2 AV/E 78 ST,86
9.63789422666125e+17,YORK AV/E 84 ST,58
9.638042084093089e+17,COLUMBUS AV/W 92 ST,85
9.638067550840274e+17,W 23 ST/6 AV,68
9.638147145813418e+17,E 8 ST/5 AV,153
9.638769051787859e+17,10 AV/W 53 ST,93
9.638809002595756e+17,10 AV/W 53 ST,239
9.60808465837278e+17,MADISON AV/E 52 ST,94
9.6080892544484e+17,MADISON AV/E 52 ST,94
9.608095046706417e+17,MADISON AV/E 52 ST,94
9.608100421948038e+17,MADISON AV/E 52 ST,94
9.608107224154143e+17,MADISON AV/E 52 ST,94
9.608136011395254e+17,MADISON AV/E 52 ST,94
9.608139842539282e+17,MADISON AV/E 52 ST,94
9.608143931470892e+17,MADISON AV/E 52 ST,94
9.638880476015547e+17,7 AV SOUTH/BEDFORD ST,158
9.638893033935181e+17,W 54 ST/11 AV,304
9.63898358315701e+17,W 54 ST/11 AV,120
9.587357928730264e+17,8 AV/13 ST,79
9.588351172928625e+17,1 AV/E 82 ST,160
9.588915837041046e+17,MARCUS GARVEY BLVD/LAFAYETTE AV,63
9.589095937194916e+17,NEW YORK AV/MIDWOOD ST,48
9.589409709278476e+17,RICHMOND RD/HUNTER AV,1368
9.589720199165752e+17,HYLAN BLVD/BANCROFT AV,207
9.592096425093258e+17,BROADWAY/W 228 ST,99
9.593084876440324e+17,101 ST/31 AV,413
9.639149449931295e+17,JAMAICA AV/170 ST,318
9.639243284265178e+17,BEDFORD AV/HANCOCK ST,109
9.639980153451884e+17,BROADWAY/CHAMBERS ST,139
9.641213838274148e+17,AMSTERDAM AV/W 158 ST,126
9.641253987578409e+17,THOMAS S BOYLAND ST/FULTON ST,7
9.64235915747818e+17,ALLERTON AV/PEARSALL AV,155
9.593441472217236e+17,MADISON AV/E 127 ST,134
9.593598706172192e+17,BROADWAY/W 97 ST,63
9.658302467578922e+17,SOUNDVIEW AV/GILDERSLEEVE AV,578
9.658314076386203e+17,BOWERY/KENMARE ST,177
9.658367349670504e+17,HALSEY ST/MARCUS GARVEY BLVD,205
9.659030655594813e+17,8 AV/13 ST,54
9.659727288399078e+17,BROADWAY/GREENE AV,110
9.659926935912508e+17,BERGEN ST/HOYT ST,189
9.65995992034673e+17,BROADWAY/GREENE AV,297
9.608224105593683e+17,WILSON AV/SUYDAM ST,165
9.60863548264367e+17,2 AV/E 78 ST,96
9.608635542729948e+17,6 AV/W 27 ST,97
9.608690469541674e+17,5 AV/E 61 ST,43
9.608701289160746e+17,ROCKAWAY PKWY/WINTHROP ST,263
9.608753172883346e+17,DEAN AV/LAFAYETTE AV,171
9.608836662103785e+17,ALLEN ST/DELANCEY ST,215
9.609010635107199e+17,BROADWAY/CHAUNCEY ST,238
9.60955897399366e+17,NORTH CONDUIT AV/230 PL,696
9.609867754142648e+17,HALSEY ST/CENTRAL AV,41
9.644209070820261e+17,VAN CORTLANDT AV W/ORLOFF AV,14
9.644287335638927e+17,LEXINGTON AV/E 31 ST,139
9.644386676893181e+17,FARMERS BLVD/177 PL,682
9.644497483664614e+17,W 42 ST/9 AV,258
9.644900431562497e+17,9 AV/W 20 ST,147
9.660072023012991e+17,7 AV/6 ST,219
9.660158145314835e+17,BROADWAY/LAFAYETTE AV,14
9.660214272498688e+17,BEDFORD AV/STERLING PL,36
9.660537056701253e+17,THROOP AV/GREENE AV,66
9.660756148798036e+17,CHURCH AV/RUGBY RD,476
9.660771540920003e+17,MAIN ST/NORTHERN BLVD,289
9.660779101060634e+17,MARCUS GARVEY BLVD/JEFFERSON AV,136
9.661418940356365e+17,MAIN ST/NORTHERN BLVD,289
9.665263737558729e+17,10 AV/W 45 ST,191
9.645808621755533e+17,3 AV/3 ST,617
9.646633622665125e+17,SEDGWICK AV/GILES PL,246
9.610331568415738e+17,GOLD ST/TILLARY ST,171
9.610404674941897e+17,KINGSLAND AV/WITHERS ST,191
9.611028408214532e+17,11 AV/W 42 ST,70
9.612194650290025e+17,CORONA AV/NATIONAL ST,90
9.615276221573015e+17,FLUSHING AV/BUSHWICK AV,189
9.615837122673696e+17,GATES AV/MARCY AV,185
9.617123789337656e+17,BOSTON RD/SEYMOUR AV,312
9.61734517987232e+17,LINDEN BLVD/SUTPHIN BLVD,1752
9.618182125595892e+17,WILLIS AV/E 144 ST,16
9.618364184953704e+17,BATH AV/17 AV,249
9.621898140420778e+17,7 AV/W 52 ST,85
9.647660564731841e+17,14 AV/128 ST,356
9.648721150776854e+17,MERRICK BLVD/116 AV,754
9.666390313146848e+17,HOLLIS AV/201 ST,383
9.667086562812582e+17,SARATOGA AV/MARION ST,171
9.667329718729551e+17,NEW YORK AV/LENOX RD,42
9.667400910553275e+17,RALPH AV/FOSTER AV,201
9.667756736003867e+17,11 ST/JACKSON AV,253
9.667768777760435e+17,LEXINGTON AV/E 100 ST,44
9.668211441980859e+17,MYRTLE AV/CARLTON AV,214
9.668745413136483e+17,DE KALB AV/TOMPKINS AV,185
9.669170872827354e+17,LEWIS AV/PULASKI ST,249
9.674172391502266e+17,MANHATTAN AV/W 121 ST,75
9.648721852900691e+17,BROADWAY/CORTLANDT ST,165
9.649819428014501e+17,E 91 ST/YORK AV,93
9.62288502694719e+17,FULTON ST/SARATOGA AV,9
9.623614292541133e+17,WESTCHESTER AV/AMENDOLA PLAZA,107
9.62485786688872e+17,3 AV/E 47 ST,103
9.625355512148388e+17,HALSEY ST/EVERGREEN AV,373
9.62541812307944e+17,W 10 ST/HUDSON ST,135
9.627917200216438e+17,SAINT ANN'S AV/E 140 ST,142
9.629397829965704e+17,W 135 ST/ADAM C POWELL BLVD,113
9.629417221851892e+17,W 135 ST/ADAM C POWELL BLVD,113
9.65033404639077e+17,EAST HOUSTON ST/CLINTON ST,171
9.650721570992137e+17,1 AV/E 91 ST,82
9.650751888199104e+17,CHRISTOPHER ST/WAVERLY PL,99
9.650755510507259e+17,BROADWAY/W 94 ST,57
9.650758788803469e+17,BROADWAY/W 94 ST,57
9.651164374184045e+17,LEXINGTON AV/E 34 ST,49
9.675364055005792e+17,WILSON AV/COOPER ST,99
9.675720405035773e+17,FLATLANDS AV/E 105 ST,658
9.676370288839997e+17,BAY PKWY/E 3 ST,210
9.680431846393618e+17,SCHAEFER ST/WILSON AV,35
9.680525188753875e+17,W 50 ST/10 AV,105
9.680903676250682e+17,SARATOGA AV/MACDONOUGH ST,188
9.681179586613672e+17,lincoln tnl ap/lincoln tnl ap,266
9.681327194570854e+17,ATLANTIC AV/VERMONT ST,258
9.681381901169587e+17,JAMAICA AV/WYONA ST,156
9.629989239011288e+17,WATER ST/JOHN ST,108
9.630130220022396e+17,W 135 ST/ADAM C POWELL BLVD,113
9.630171942704617e+17,W 135 ST/ADAM C POWELL BLVD,113
9.630188589073979e+17,GREENPOINT AV/McGUINNESS BLVD,187
9.630354166977142e+17,west st/morris st,72
9.63038831435657e+17,WATER ST/JOHN ST,95
9.630461007519738e+17,fdr/battery pl,33
9.651603606628311e+17,COLUMBIA ST/UNION ST,363
9.652925150624234e+17,3 AV/E 33 ST,157
9.653195372095643e+17,OCEAN AV/CATON AV,92
9.653505697693307e+17,REMSEN AV/LENOX RD,246
9.630480780292059e+17,west st/morris st,127
9.630503212352739e+17,WATER ST/MAIDEN LN,67
9.630526752484187e+17,BATTERY PL/GREENWICH ST,56
9.63053029284213e+17,UNIVERSITY AV/W 192 ST,261
9.630663860701312e+17,WATER ST/JOHN ST,106
9.630856208418414e+17,WATER ST/JOHN ST,228
9.65370066480069e+17,GRAND ST/BEDFORD AV,141
9.654741276599772e+17,WILSON AV/GROVE ST,126
9.655053337131186e+17,82 ST/ROOSEVELT AV,445
9.681460402752037e+17,JAMAICA AV/MILLER AV,207
9.68158472503478e+17,METROPOLITAN AV/69 AV,95
9.68165379716775e+17,E 79 ST/1 AV,139
9.682326391904073e+17,LAFAYETTE AV/NOSTRAND AV,235
9.682460165055544e+17,VAN WYCK SOUTH SERVICE RD/BUILDING 90,16692
9.682788439880392e+17,HOYT AV/31 ST,281
9.683564977395788e+17,VARICK ST/CHARLTON ST,47
9.68479961934035e+17,NEW LOTS AV/HINSDALE ST,105
9.685981067545075e+17,LEXINGTON AV/E 37 ST,201
9.655193878743587e+17,BROADWAY/W 82 ST,73
9.655193970689398e+17,AMSTERDAM AV/W 83 ST,71
9.65706328966754e+17,WEST END AV/W 64 ST,96
9.700729342383905e+17,9 AV/W 35 ST,144
9.701071087822286e+17,9 AV/W 59 ST,161
9.702134329723123e+17,DE KALB AV/THROOP AV,29
9.702480078292726e+17,REMSEN AV/FARRAGUT RD,411
9.703146656998569e+17,KINGS HWY/OCEAN PKWY,385
9.703149466660101e+17,LINDEN BLVD/SUTPHIN BLVD,1099
9.703183658954222e+17,WEST ST/KENT ST,91
9.703641935421463e+17,10 AV/W 47 ST,102
9.703947740412251e+17,HALSEY ST/PATCHEN AV,197
9.657093505704532e+17,8 AV/W 49 ST,176
9.65709633075349e+17,EAST HOUSTON ST/MOTT ST,193
9.657099778987674e+17,3 AV/E 14 ST,75
9.658161561785659e+17,WYCKOFF AV/MADISON ST,8
9.741250722121254e+17,9 AV/W 57 ST,95
9.742272487653955e+17,150 AV/148 ST,1004
9.687965016610828e+17,MADISON AV/E 127 ST,134
9.688197226690634e+17,120 AV/232 ST,264
9.68870682060443e+17,FULTON ST/ROCKAWAY AV,279
9.688885433247524e+17,9 AV/W 46 ST,175
9.68909763063438e+17,9 AV/W 46 ST,49
9.689216088923478e+17,FULTON ST/BUFFALO AV,260
9.689224292642225e+17,PELHAM PKWY/BRONXWOOD AV,495
9.689433263863412e+17,5 AV/DOUGLASS ST,205
9.743330584517768e+17,10 AV/W 53 ST,103
9.743916011076244e+17,CONEY ISLAND AV/AVENUE H,229
9.745956885458305e+17,30 AV/21 ST,470
9.747689255626162e+17,MADISON AV/E 52 ST,94
9.704334693707756e+17,DE KALB AV/TOMPKINS AV,185
9.704975896647332e+17,ROCKAWAY PKWY/FLATLANDS AV,274
9.705133550930495e+17,KENT AV/N 6 ST,171
9.705548183625875e+17,FREDERICK DOUGLASS BLVD/W 123 ST,187
9.706530781275754e+17,82 ST/ROOSEVELT AV,1425
9.708185567297605e+17,E 86 ST/3 AV,224
9.709568804565513e+17,ROCKAWAY PKWY/SCHENCK ST,218
9.710149193121076e+17,82 ST/ROOSEVELT AV,1108
9.748963194543284e+17,MORRIS AV/E 169 ST,72
9.749279535602323e+17,GREENPOINT AV/47 ST,802
9.751041193299396e+17,BOWERY/GRAND ST,186
9.751389594484564e+17,SAINT NICHOLAS AV/W 127 ST,36
9.752036279577972e+17,149 AV/241 ST,6124
9.752735370942956e+17,2 AV/E 41 ST,109
9.752824239919546e+17,HALSEY ST/HOWARD AV,67
9.689611116365317e+17,E 79 ST/2 AV,201
9.689820025611562e+17,FARMERS BLVD/NELLIS ST,708
9.690200472816439e+17,ATLANTIC AV/SHEPHERD AV,51
9.690357849701114e+17,HALSEY ST/MALCOLM X BLVD,199
9.69046191401523e+17,ASHFORD ST/WORTMAN AV,129
9.690835740934417e+17,WEBSTER AV/CLAREMONT PKWY,471
9.691277963952474e+17,HOYT AV/31 ST,1570
9.694295406034629e+17,LEWIS AV/JEFFERSON AV,75
9.694509446878412e+17,MONTROSE AV/BUSHWICK AV,193
9.710172280770537e+17,21 ST/30 AV,279
9.711018870449884e+17,MARCUS GARVEY BLVD/WILLOUGHBY AV,150
9.712481865273121e+17,NORTH BOUNDARY RD/N HANGAR RD,1279
9.71269555409003e+17,PARSONS BLVD/14 AV,127
9.715743485978547e+17,SCHENECTADY AV/LEFFERTS AV,75
9.715949394746557e+17,46 AV/UTOPIA PKWY,257
9.716537336683342e+17,82 ST/ROOSEVELT AV,1412
9.717486029409587e+17,11 AV/W 42 ST,154
9.718528330165484e+17,FULTON ST/EASTERN PKWY,180
9.718623080155686e+17,11 ST/JACKSON AV,307
9.75395203298072e+17,ALLEN ST/GRAND ST,65
9.754237677843064e+17,FRANKLIN AV/PROSPECT PL,141
9.75443645021223e+17,LEWIS AV/JEFFERSON AV,75
9.754463371364867e+17,LEWIS AV/JEFFERSON AV,75
9.75528787109367e+17,E 49 ST/2 Av,157
9.755577813018543e+17,W 125 ST/ADAM C POWELL BLVD,199
9.755689486757804e+17,W 125 ST/ADAM C POWELL BLVD,197
9.757094235034492e+17,E 34 ST/2 AV,172
9.694586923981115e+17,LEWIS AV/JEFFERSON AV,75
9.694613916260468e+17,LEWIS AV/JEFFERSON AV,75
9.694624266039213e+17,LEWIS AV/JEFFERSON AV,75
9.694638037552375e+17,LEWIS AV/JEFFERSON AV,75
9.694719722259076e+17,10 AV/W 55 ST,91
9.694774199805357e+17,2 AV/E 75 ST,185
9.695140081071264e+17,KISSENA BLVD/ELDER AV,382
9.695214946671767e+17,BRADDOCK AV /240 ST,271
9.695270557636315e+17,UNION TPKE/PARSONS BLVD,767
9.69546377878285e+17,W 49 ST/10 AV,40
9.758974344073024e+17,SARATOGA AV/PARK PL,178
9.759238667421343e+17,COURT ST/NELSON ST,317
9.761344398751014e+17,HOYT AV/31 ST,545
9.719071119403119e+17,BROADWAY/CORTLANDT ST,187
9.719308331898582e+17,LEXINGTON AV/E 28 ST,166
9.719853446451658e+17,3 AV/E 109 ST,162
9.720081244820984e+17,9 AV/W 55 ST,68
9.723256982357754e+17,WATER ST/GOUVERNEUR LN,202
9.723773895339802e+17,SOUNDVIEW AV/NEWMAN AV,391
9.724436505320628e+17,MANHATTAN AV/NASSAU AV,191
9.725731277142484e+17,7 AV/W 58 ST,123
9.726172120283846e+17,SAINT NICHOLAS AV/W 141 ST,90
9.72690287530827e+17,W 57 ST/9 AV,117
9.761470024987981e+17,MADISON AV/E 56 ST,198
9.76176076070339e+17,E 138 ST/3 AV,64
9.761907208300648e+17,MANHATTAN AV/W 119 ST,146
9.695588526413617e+17,W 49 ST/10 AV,150
9.696253260401738e+17,2 AV/E 41 ST,46
9.696260988815223e+17,E 42 ST/2 AV,12
9.696269171350278e+17,E 42 ST/2 AV,187
9.696396476636289e+17,6 AV/SPRING ST,139
9.696448678252321e+17,BOWERY/GRAND ST,14
9.762135932167924e+17,5 AV/W 46 ST,54
9.762888910695933e+17,43 AV/102 ST,108
9.762900860070126e+17,MANHATTAN AV/W 119 ST,146
9.766821705304051e+17,MARGARET CORBIN DR/CLOISTERS,376
9.696729993688965e+17,SPRING ST/HUDSON ST,90
9.696750318188238e+17,9 ST/6 AV,272
9.789736689959058e+17,5 AV/W 46 ST,54
9.789792762922674e+17,10 AV/W 47 ST,102
9.789817670531872e+17,10 AV/W 47 ST,102
9.789870173828786e+17,KINGS HWY/W 2 ST,274
9.789968644917226e+17,FLUSHING AV/BEAVER ST,18
9.790008359438612e+17,LAFAYETTE AV/NOSTRAND AV,152
9.727400177005828e+17,23 AV/82 ST,866
9.728017379818578e+17,23 AV/82 ST,827
9.728051729690568e+17,23 AV/82 ST,725
9.728419794164283e+17,11 ST/48 AV,226
9.729948957116276e+17,FARMERS BLVD/175 ST,542
9.730507436424476e+17,W 34 ST/DYER AV,71
9.731869101605454e+17,21 ST/30 AV,75
9.732006005343373e+17,W 14 ST/8 AV,8
9.732022720689064e+17,JAMAICA AV/EUCLID AV,131
9.732304467678518e+17,BROADWAY/W 181 ST,169
9.767665637162492e+17,THROOP AV/MACDONOUGH ST,124
9.767843867437866e+17,E 138 ST/LINCOLN AV,126
9.76804722089315e+17,E 136 ST/LINCOLN AV,227
9.79002417804366e+17,10 AV/W 47 ST,102
9.79005462869963e+17,LAFAYETTE AV/NOSTRAND AV,152
9.790065712286158e+17,BEDFORD AV/N 9 ST,85
9.790071074820596e+17,LAFAYETTE AV/NOSTRAND AV,152
9.790079509255771e+17,LAFAYETTE AV/NOSTRAND AV,152
9.790451975158006e+17,LAFAYETTE AV/NOSTRAND AV,152
9.790463370460114e+17,LAFAYETTE AV/NOSTRAND AV,152
9.768987577023611e+17,HOYT AV/31 ST,548
9.76932497784891e+17,MADISON AV/E 46 ST,92
9.732384045382753e+17,W 179 ST/BROADWAY,40
9.73323507723677e+17,GRAND ST/PITT ST,195
9.733282454461037e+17,SAINT NICHOLAS AV/W 164 ST,5
9.733541356815935e+17,JAMAICA AV/CLEVELAND ST,425
9.733633186601971e+17,FRESH POND RD/CATALPA AV,235
9.73364593745899e+17,E 116 ST/MADISON AV,110
9.7337913671412e+17,JAMAICA AV/ELTON ST,201
9.73383462086039e+17,MORRIS PARK AV/SEMINOLE AV,162
9.769382898510586e+17,5 AV/W 44 ST,2
9.775103336111689e+17,W 49 ST/7 AV,123
9.775660626480759e+17,BRUCKNER BLVD/EAST TREMONT AV,479
9.775759035791087e+17,EAST TREMONT AV/BARKLEY AV,173
9.775809296667144e+17,SOUTHERN BLVD/E 156 ST,301
9.790471403899661e+17,LAFAYETTE AV/NOSTRAND AV,152
9.790479966385524e+17,LAFAYETTE AV/NOSTRAND AV,152
9.790611086138958e+17,23 AV/82 ST,1003
9.791728129320607e+17,DRIGGS AV/S 2 ST,72
9.794529117349682e+17,6 AV/W 15 ST,63
9.794536217506621e+17,EAST HOUSTON ST/MOTT ST,180
9.795597149709761e+17,6 AV/W 29 ST,158
9.776162061263855e+17,AMSTERDAM AV/W 165 ST,75
9.776167318455652e+17,SOUTHERN BLVD/AV SAINT JOHN,350
9.734302635589774e+17,BROADWAY/W 140 ST,83
9.734358482490285e+17,BROADWAY/W 151 ST,107
9.734602016600736e+17,UTICA AV/FOSTER AV,57
9.734980598431525e+17,5 AV/54 ST,129
9.737423226787219e+17,10 AV/W 45 ST,162
9.738343380096948e+17,HORACE HARDING EXPWY/172 ST,125
9.738773760524215e+17,8 AV/W 46 ST,205
9.738804343818355e+17,BEDFORD AV/RUTLAND RD,120
9.738993855407447e+17,3 AV/E 45 ST,70
9.739257254058248e+17,LINDEN BLVD/VAN WYCK EXPWY,561
9.776262789393459e+17,BEDFORD AV/EASTERN PKWY,126
9.77629654218303e+17,GRAND CONCOURSE/E 144 ST,67
9.776532995007684e+17,DE KALB AV/TOMPKINS AV,185
9.777326924928969e+17,W 145 ST/AMSTERDAM AV,45
9.777549930260731e+17,6 AV/W 29 ST,116
9.795751592512782e+17,MYRTLE AV/KNICKERBOCKER AV,162
9.796732389902392e+17,82 ST/ROOSEVELT AV,1104
9.797021940425403e+17,82 ST/ROOSEVELT AV,1266
9.797846645363197e+17,BEDFORD AV/BEVERLEY RD,97
9.798099682484566e+17,82 ST/ROOSEVELT AV,1228
9.798414256351256e+17,JEROME ST/FLATLANDS AV,131
9.799029792219428e+17,NEW LOTS AV/VAN SINDEREN AV,247
9.777674445134534e+17,EAST TREMONT AV/BAISLEY AV,315
9.739268236698237e+17,ASTORIA BLVD SOUTH/STEINWAY ST,1527
9.73954372095741e+17,OCEAN PKWY/OCEAN VIEW AV,206
9.740367924255076e+17,30 AV/21 ST,414
9.740466679710833e+17,2 AV/E 20 ST,52
9.740590994379639e+17,ATLANTIC AV/HALE AV,173
9.740675612354303e+17,MANHATTAN AV/W 119 ST,146
9.740851375356026e+17,46 AV/162 ST,460
9.741062379954871e+17,10 AV/W 57 ST,29
9.741119125477349e+17,W 57 ST/10 AV,55
9.741193185721202e+17,7 AV SOUTH/BARROW ST,58
9.777889592069708e+17,BRUCKNER BLVD/EAST TREMONT AV,223
9.78012430499716e+17,BOWERY/PRINCE ST,152
9.781868239445889e+17,ELTON AV/E 161 ST,105
9.781877715365976e+17,ROCKAWAY PKWY/AVENUE M,293
9.799722870790857e+17,VAN BRUNT ST/COFFEY ST,363
9.800150697579602e+17,WILLIAMSBRIDGE RD/PIERCE AV,192
9.802274355097947e+17,COURT ST/SACKETT ST,63
9.803580546264644e+17,E 57 ST/LEXINGTON AV,64
9.804085634800591e+17,94 ST/23 AV,196
9.804817348166583e+17,staten island expwy/wooley av,168
9.805736117001934e+17,W 96 ST/BROADWAY,167
9.741212729023314e+17,BROADWAY/W 91 ST,41
9.832618049122647e+17,LINCOLN AV/BRUCKNER BLVD,299
9.832630644410734e+17,1 AV/E 70 ST,132
9.832634978211592e+17,1 AV/E 70 ST,132
9.833288259611165e+17,63 RD/102 ST,1135
9.834290001218584e+17,ATLANTIC AV/HENRY ST,228
9.834630434135153e+17,2 AV/E 28 ST,47
9.834860777674154e+17,MESEROLE ST/UNION AV,149
9.781918172443978e+17,LORIMER ST/POWERS ST,141
9.782817785233348e+17,6 AV/SPRING ST,141
9.783602329827132e+17,MANHATTAN AV/W 119 ST,146
9.783900682014491e+17,21 ST/30 AV,259
9.839223158533427e+17,YORK AV/E 84 ST,74
9.839466776560664e+17,1 AV/E 70 ST,148
9.840584566514793e+17,9 AV/W 55 ST,122
9.84117615632555e+17,E 34 ST /1 AV,224
9.78403972159622e+17,21 ST/30 AV,204
9.784164011993672e+17,GREENPOINT AV/PROVOST ST,275
9.784431391736603e+17,LEXINGTON AV/E 110 ST,173
9.805785150430303e+17,82 ST/ROOSEVELT AV,1322
9.805812314246514e+17,82 ST/ROOSEVELT AV,1319
9.805974579705661e+17,2 AV/E 64 ST,95
9.806162608267969e+17,2 AV/E 64 ST,77
9.806174498107872e+17,2 AV/E 64 ST,132
9.806194762200591e+17,1 AV/E 62 ST,68
9.806195519331645e+17,2 AV/E 64 ST,44
9.80619691545527e+17,1 AV/E 60 ST,148
9.806489041069934e+17,GREENPOINT AV/47 ST,573
9.785060409907994e+17,JAMAICA AV/NICHOLS AV,192
9.785612609208342e+17,JAMAICA AV/NICHOLS AV,89
9.786475298111296e+17,GREENPOINT AV/46 ST,538
9.789116001235109e+17,E 14 ST/IRVING PL,123
9.841258079582125e+17,LEWIS AV/JEFFERSON AV,75
9.841273883873184e+17,GRAND ST/MORGAN AV,157
9.841299558730972e+17,LEWIS AV/JEFFERSON AV,75
9.841325323930185e+17,LEWIS AV/JEFFERSON AV,75
9.841603598058587e+17,GATES AV/MARCUS GARVEY BLVD,46
9.841900967376198e+17,GREENPOINT AV/47 ST,1846
9.841935357422967e+17,MAIN ST/JEWEL AV,537
9.842065313976751e+17,NORTHERN BLVD/STATION RD,623
9.8425753743497e+17,MYRTLE AV/BROADWAY,82
9.789257454291683e+17,LINDEN BLVD/ESSEX ST,528
9.789395555116156e+17,W 50 ST/11 AV,131
9.789501344531372e+17,3 AV/E 45 ST,129
9.807675740078081e+17,BROADWAY/VESEY ST,63
9.809024552091073e+17,8 AV/W 49 ST,176
9.80902982129959e+17,2 AV/E 31 ST,207
9.810224626559963e+17,E 14 ST/AVENUE B,159
9.810541100424686e+17,SOUTH CONDUIT AV/221 ST,869
9.810668088259119e+17,WOODPOINT RD/CONSELYEA ST,76
9.811046692038177e+17,LINDEN BLVD/SUTPHIN BLVD,1654
9.81183733840544e+17,30 AV/21 ST,156
9.7895304820029e+17,MADISON AV/E 46 ST,68
9.789600205693853e+17,MADISON AV/E 46 ST,123
9.842787042911356e+17,EAST GUN HILL RD/BURKE AV,135
9.845434660664897e+17,BROADWAY/W 91 ST,67
9.845440065715173e+17,3 AV/E 14 ST,75
9.845443197255187e+17,LEXINGTON AV/E 37 ST,162
9.845446632931424e+17,6 AV/W 15 ST,63
9.845470701407345e+17,n conduit av/cohancy st,1173
9.789617175730213e+17,FULTON ST/SAINT JAMES PL,326
9.78962051986018e+17,ROGERS AV/STERLING ST,42
9.789683415430414e+17,5 AV/W 44 ST,13
9.869341941120648e+17,3 AV/12 ST,245
9.869604612206241e+17,AMSTERDAM AV/W 181 ST,11
9.869644171754004e+17,ATLANTIC AV/BRADFORD ST,313
9.870342927906321e+17,JAMAICA AV/WOODHAVEN BLVD,32
9.812150967145604e+17,BROADWAY/THAMES ST,197
9.812388297750313e+17,7 AV/W 28 ST,184
9.812449209977603e+17,LINDEN BLVD/SUTPHIN BLVD,1602
9.813733919319706e+17,CHURCH AV/ROGERS AV,208
9.813905547476852e+17,HYLAN BLVD/LINCOLN AV,57
9.814305169425158e+17,WEST ST/CARLISLE ST,130
9.818727625498199e+17,10 AV/W 37 ST,83
9.819049968862574e+17,3 AV/E 37 ST,162
9.870531454415094e+17,7 AV/W 17 ST,121
9.846653818261341e+17,LEWIS AV/JEFFERSON AV,75
9.846675559247999e+17,7 AV SOUTH/BARROW ST,138
9.846695842724645e+17,LEWIS AV/JEFFERSON AV,75
9.84670477924074e+17,LEWIS AV/JEFFERSON AV,75
9.846718100281018e+17,LEWIS AV/JEFFERSON AV,75
9.846731666955756e+17,LEWIS AV/JEFFERSON AV,75
9.846753121004413e+17,LEWIS AV/JEFFERSON AV,75
9.84676295568734e+17,LEWIS AV/JEFFERSON AV,75
9.846947827997157e+17,10 AV/W 47 ST,102
9.870827972137354e+17,11 AV/W 42 ST,105
9.871571884777595e+17,3 AV/15 ST,207
9.874967058903843e+17,10 AV/W 23 ST,72
9.87646006992782e+17,JAMAICA AV/80 ST,476
9.876461164049745e+17,W 57 ST/9 AV,110
9.876911073537348e+17,82 ST/ROOSEVELT AV,1115
9.877116235347082e+17,82 ST/ROOSEVELT AV,1096
9.847253033846461e+17,E 50 ST/3 AV,130
9.848436264598442e+17,MALCOLM X BLVD/GREENE AV,118
9.848451284387268e+17,W 14 ST/7 AV,207
9.848771329755807e+17,GLENWOOD RD/BEDFORD AV,165
9.849056382104753e+17,MAURICE AV/QUEENS MIDTOWN EXPWY,300
9.84942864285851e+17,3 AV/14 ST,106
9.849536918681713e+17,METROPOLITAN AV/ANDREWS AV,528
9.850189276643562e+17,SOUTH END AV/ALBANY ST,171
9.877162832768556e+17,DEAN ST/SCHENECTADY AV,214
9.877171055040202e+17,82 ST/ROOSEVELT AV,1346
9.877351860334254e+17,82 ST/ROOSEVELT AV,1203
9.819368937234408e+17,SUTTER AV/AUTUMN AV,88
9.821308997130917e+17,3 AV/UNION ST,5
9.821723935430007e+17,3 AV/CARROLL ST,211
9.822143826363269e+17,E 9 ST/1 AV,93
9.825160221528612e+17,W 34 ST/DYER AV,154
9.825223830917841e+17,9 AV/W 35 ST,139
9.826920885829147e+17,NOSTRAND AV/CHURCH AV,58
9.827747544185037e+17,LINDEN BLVD/SUTPHIN BLVD,1109
9.877444043598693e+17,RIVERSIDE DR/W 74 ST,67
9.877492826729169e+17,BOWERY/BAYARD ST,132
9.877553605158249e+17,VAN BRUNT ST/WOLCOTT ST,8
9.877609824893853e+17,RESERVOIR AV/WEST KINGSBRIDGE RD,84
9.877678334113481e+17,GRAHAM AV/RICHARDSON ST,226
9.877742385844225e+17,LAUREL HILL BLVD/58 ST,1855
9.878224479952448e+17,FRANCIS LEWIS BLVD/256 ST,288
9.827811916909381e+17,EAST BROADWAY/FORSYTH ST,89
9.827878877778103e+17,GREENPOINT AV/47 ST,764
9.828092518249413e+17,3 AV/12 ST,166
9.828129648858488e+17,2 AV/E 97 ST,20
9.828295715352813e+17,WEST ST/CARLISLE ST,130
9.828337522505682e+17,FULTON ST/BEDFORD AV,100
9.828937052540389e+17,GREENPOINT AV/47 ST,585
9.829001897674392e+17,235 ST/LINDEN BLVD,441
9.83167691286254e+17,8 AV/W 23 ST,61
9.850207058627145e+17,LEXINGTON AV/E 28 ST,82
9.850294213394828e+17,ROCKAWAY AV/LOTT AV,52
9.851670059750365e+17,MERRICK BLVD/FOCH BLVD,242
9.853263728031369e+17,BAY RIDGE PKWY/NEW UTRECHT AV,376
9.853908323226414e+17,ALLEN ST/DELANCEY ST,106
9.853980338182972e+17,LEXINGTON AV/E 28 ST,57
9.854195470820372e+17,1 AV/E 70 ST,94
9.855226715681784e+17,DECATUR ST/BUSHWICK AV,178
9.879092030010784e+17,5 AV/18 ST,206
9.879932247533038e+17,JAMAICA AV/WOODHAVEN BLVD,30
9.883457545633111e+17,FREDERICK DOUGLASS BLVD/W 138 ST,204
9.88399943121785e+17,AVENUE A/EAST HOUSTON ST,151
9.884216791055763e+17,7 AV/W 12 ST,61
9.884277454435224e+17,BERGEN ST/BOND ST,214
9.884304195897678e+17,9 AV/W 52 ST,119
9.884411251435668e+17,LEXINGTON AV/E 28 ST,87
9.855528875522982e+17,BROADWAY/CHAUNCEY ST,123
9.856282089114682e+17,82 ST/ROOSEVELT AV,1196
9.856307957557268e+17,82 ST/ROOSEVELT AV,1085
9.856621102226236e+17,21 ST/30 AV,768
9.856694785163807e+17,CLASSON AV/BERGEN ST,55
9.856886341025692e+17,TOMPKINS AV/PUTNAM AV,22
9.857846575642566e+17,86 ST/12 AV,311
9.857884712700134e+17,BOWERY/KENMARE ST,154
9.885305779283517e+17,MALCOLM X BLVD/W 127 ST,154
9.905927791499411e+17,E 86 ST/3 AV,185
9.906120038827295e+17,BEDFORD AV/N 5 ST,116
9.906860486873765e+17,KINGSLAND AV/LOMBARDY ST,280
9.906864616341696e+17,NEW LOTS AV/CLEVELAND ST,153
9.90703873253686e+17,1 AV/E 62 ST,167
9.907233309528628e+17,UTICA AV/PROSPECT PL,113
9.907236450343231e+17,UTICA AV/PROSPECT PL,101
9.90743032897098e+17,10 AV/W 45 ST,134
9.907464916300458e+17,ASHFORD ST/NEW LOTS AV,305
9.885651309721189e+17,BERGEN ST/FRANKLIN AV,14
9.8858805946118e+17,WEBSTER AV/CLAREMONT PKWY,336
9.885937847448314e+17,HYLAN BLVD/REYNOLDS ST,672
9.885986927906598e+17,WEBSTER AV/CLAREMONT PKWY,304
9.886271906077409e+17,ATLANTIC AV/CLEVELAND ST,257
9.886870660209652e+17,ATLANTIC AV/WARWICK ST,250
9.857887611583103e+17,ALLEN ST/DELANCEY ST,152
9.859188332725453e+17,ALLEN ST/GRAND ST,74
9.860375451603116e+17,ALLEN ST/GRAND ST,10
9.860768576720942e+17,CHURCH ST/FULTON ST,174
9.862634258626565e+17,W 42 ST/10 AV,104
9.862672181001216e+17,E 68 ST/AVENUE N,439
9.862894130697911e+17,GLENWOOD RD/E 98 ST,32
9.887261587322915e+17,ATLANTIC AV/MILLER AV,181
9.907984173456566e+17,CENTRAL PARK SOUTH/6 AV,228
9.912368626599917e+17,BERGEN ST/KINGSTON AV,201
9.912576658551521e+17,SHORE PKWY/BEDFORD AV,358
9.912972209273563e+17,LEXINGTON AV/E 41 ST,57
9.91301559931083e+17,AMSTERDAM AV/W 143 ST,140
9.913278007213946e+17,BERGEN ST/BROOKLYN AV,119
9.913296954253047e+17,E 50 ST/2 AV,164
9.913310839091429e+17,DEAN ST/BROOKLYN AV,90
9.916091309023238e+17,JAMAICA AV/98 ST,414
9.887496691690806e+17,GREENPOINT AV/47 ST,601
9.890125898413586e+17,E 34 ST/3 AV,167
9.890370089224115e+17,JAMAICA AV/WYONA ST,46
9.890389271497942e+17,THROOP AV/JEFFERSON AV,104
9.86317428628646e+17,MALCOLM X BLVD/W 119 ST,120
9.863561921777094e+17,SPRINGFIELD BLVD/132 RD,219
9.867717084203666e+17,1 AV /E 4 ST,145
9.86777423260444e+17,RIVERSIDE DR/W 137 ST,112
9.867786833316947e+17,10 AV/W 27 ST,173
9.947672388220164e+17,BEDFORD AV/WINTHROP ST,145
9.947909633939754e+17,CHRISTOPHER ST/HUDSON ST,79
9.916232224607176e+17,FULTON ST/LEWIS AV,365
9.916509005388296e+17,LORIMER ST/JACKSON ST,203
9.918358545167398e+17,RALPH AV/PROSPECT PL,300
9.919354403898944e+17,NORTHERN BLVD/169 ST,149
9.919812876043084e+17,NORTHERN BLVD/168 ST,236
9.919913582464465e+17,GLENWOOD RD/E 32 ST,159
9.919964083195768e+17,NORTHERN BLVD/168 ST,104
9.919978963177446e+17,21 ST/30 AV,750
9.890679650546621e+17,PENNSYLVANIA AV/HEGEMAN AV,219
9.8907867734372e+17,BEDFORD AV/N 8 ST,178
9.890800143136856e+17,COLUMBUS AV/W 97 ST,61
9.947915003715675e+17,AMSTERDAM AV/W 69 ST,127
9.947918434274977e+17,AMSTERDAM AV/W 69 ST,127
9.947948126007337e+17,W 54 ST/11 AV,4
9.947950542391593e+17,5 AV/W 55 ST,86
9.891451059687363e+17,MADISON AV/E 29 ST,142
9.891887228168558e+17,ATLANTIC AV/MILLER AV,157
9.892259790649903e+17,ATLANTIC AV/WYONA ST,162
9.892384482177471e+17,5 AV/15 ST,67
9.892730772825158e+17,ATLANTIC AV/CLEVELAND ST,251
9.920016432933873e+17,NORTHERN BLVD/168 ST,35
9.920185205004113e+17,W 145 ST/BROADWAY,127
9.920339310665363e+17,BROADWAY/W 143 ST,134
9.922303634121292e+17,GREENPOINT AV/FRANKLIN ST,315
9.922852250395635e+17,DE KALB AV/TOMPKINS AV,2
9.922880560031049e+17,NORTHERN BLVD/147 ST,151
9.925858877166845e+17,METROPOLITAN AV/GRAHAM AV,196
9.927581636192036e+17,MADISON AV/E 34 ST,17
9.893283185427711e+17,PENNSYLVANIA AV/PITKIN AV,284
9.947953788300709e+17,5 AV/W 55 ST,86
9.947956994577166e+17,5 AV/W 55 ST,86
9.94796226657434e+17,5 AV/W 55 ST,86
9.948543804726176e+17,E 34 ST /1 AV,209
9.948738491490428e+17,6 AV/W 31 ST,67
9.948938845076274e+17,8 AV/W 17 ST,91
9.893342842251832e+17,WOODPOINT RD/CONSELYEA ST,37
9.893906873713868e+17,ATLANTIC AV/WYONA ST,136
9.894135122724214e+17,WEST ST/CARLISLE ST,130
9.894552385130586e+17,AVENUE D/E 4 ST,114
9.897167564284237e+17,W 31 ST/6 AV,158
9.89774262575745e+17,GATES AV/CYPRESS AV,169
9.898108206240972e+17,ROOSEVELT AV/COLLEGE POINT BLVD,368
9.898190904514554e+17,MAIN ST/BOOTH MEMORIAL AV,118
9.899120742632224e+17,11 AV/W 47 ST,148
9.928141964292817e+17,W 49 ST/AVENUE OF THE AMERICAS,227
9.92917500054796e+17,METROPOLITAN AV/LEONARD ST,171
9.929709657907726e+17,8 AV/W 39 ST,88
9.929749802875904e+17,E 67 ST/LEXINGTON AV,55
9.929869050339512e+17,W 96 ST/BROADWAY,92
9.929897808125623e+17,MARCUS GARVEY BLVD/LAFAYETTE AV,156
9.933455392278156e+17,5 AV/W 17 ST,113
9.933768167591095e+17,GRAND CONCOURSE/E 177 ST,249
9.899391610662427e+17,DE KALB AV/SAINT NICHOLAS AV,68
9.950170656201985e+17,1 AV/E 82 ST,85
9.95017187155167e+17,82 ST/ROOSEVELT AV,1416
9.950238324901263e+17,GRAND AV/73 ST,1613
9.95095494292465e+17,SAINT NICHOLAS AV/W 184 ST,118
9.951327479940902e+17,kings hwy/e 35 st,189
9.951343343623579e+17,AMSTERDAM AV/W 184 ST,167
9.95136216928863e+17,LACONIA AV/E 225 ST,321
9.900347141761734e+17,10 AV/W 49 ST,63
9.901095881215478e+17,ASHFORD ST/LINDEN BLVD,251
9.901340318761956e+17,ASHFORD ST/LINDEN BLVD,66
9.903215275681716e+17,E 10 ST/AVENUE B,231
9.903218764620676e+17,E 14 ST/AVENUE A,59
9.904202606487788e+17,1 AV/E 1 ST,97
9.905184626528571e+17,NORTHERN BLVD/168 ST,204
9.955161490515036e+17,CATON AV/SAINT PAULS PL,100
9.955417863796849e+17,8 AV/W 49 ST,186
9.956837819674277e+17,5 AV/24 ST,89
9.956862082346847e+17,BROADWAY/MADISON ST,203
9.957312227908579e+17,ROGERS AV/TILDEN AV,255
9.905282043991988e+17,E 138 ST/CYPRESS AV,267
9.934655613941614e+17,GLENWOOD RD/ALBANY AV,384
9.935300152296169e+17,GREENPOINT AV/MANHATTAN AV,168
9.935314706669019e+17,GREENPOINT AV/MANHATTAN AV,168
9.93534425755322e+17,GREENPOINT AV/MANHATTAN AV,168
9.93535856412256e+17,GREENPOINT AV/MANHATTAN AV,168
9.935379893523292e+17,GREENPOINT AV/MANHATTAN AV,168
9.905444206153659e+17,LEXINGTON AV/E 28 ST,78
1.0000231489203763e+18,E 9 ST/1 AV,145
1.0000416611791818e+18,3 AV/E 75 ST,79
1.000103124244468e+18,GREENPOINT AV/MANHATTAN AV,76
1.0001144077655283e+18,ROGERS AV/ALBERMARLE RD,128
1.000126313762418e+18,DELANCEY ST/ESSEX ST,72
9.935393925180887e+17,GREENPOINT AV/MANHATTAN AV,168
9.935402302825874e+17,GREENPOINT AV/MANHATTAN AV,168
9.935542262776773e+17,FLATLANDS AV/ELTON ST,159
9.935631480624141e+17,BROOKLYN AV/ATLANTIC AV,104
9.935878082790053e+17,7 AV SOUTH/BARROW ST,120
9.93602358246277e+17,JOHNSON AV/WHITE ST,96
9.936479295695583e+17,BROOKLYN AV/ATLANTIC AV,84
9.937019582522906e+17,LINDEN BLVD/79 ST,769
9.957506441140202e+17,BERGEN ST/SCHENECTADY AV,225
9.958847566394168e+17,LENOX RD/ROCKAWAY PKWY,77
9.959412126214161e+17,HALSEY ST/TOMPKINS AV,34
9.963489151451186e+17,BROADWAY/BROOME ST,181
9.963490619268553e+17,5 AV/W 30 ST,197
9.963492913415308e+17,MAIN ST/58 RD,65
1.0006374857916419e+18,hugh carey tunnel/west st.non-public,229
1.000637914058448e+18,LEXINGTON AV/E 31 ST,167
1.0006918326437804e+18,FREDERICK DOUGLASS BLVD/W 140 ST,176
1.0006977398677759e+18,REMSEN AV/E 56 ST,277
9.937267643198074e+17,SENECA AV/BLEECKER ST,169
9.937403323781988e+17,EAST BROADWAY/FORSYTH ST,705
9.937538743163446e+17,GRAND ST/CLINTON ST,290
9.937591769421738e+17,BROADWAY/W 104 ST,159
9.937940081624339e+17,LORIMER ST/MEEKER AV,61
9.941490405157637e+17,COOPER SQ/E 7 ST,74
9.941961562278287e+17,2 AV/E 103 ST,168
1.0007342508238057e+18,DELANCEY ST/ESSEX ST,88
1.0011663705515636e+18,REMSEN AV/E 54 ST,46
9.96361712072302e+17,W 31 ST/6 AV,134
9.9665925135517e+17,78 ST/4 AV,84
9.966884892797275e+17,W 34 ST/8 AV,92
9.97093934680613e+17,PARSONS BLVD/ELM AV,384
9.971750108277528e+17,LEXINGTON AV/E 119 ST,49
9.972937398615521e+17,COOPER ST/EVERGREEN AV,200
9.974321998887176e+17,5 AV/21 ST,107
9.974349712922819e+17,BRIGHTON BEACH AV/BRIGHTON 14 ST,248
9.977057305072424e+17,JAMAICA AV/WOODHAVEN BLVD WEST,129
9.978026184424374e+17,147 AV/184 ST,9
1.0011961884966676e+18,LEXINGTON AV/E 55 ST,149
1.001196522969253e+18,LEXINGTON AV/E 55 ST,149
1.0013437583345908e+18,DEAN ST/NEW YORK AV,147
1.0013936480201265e+18,FLATLANDS AV/E 108 ST,842
1.0014082880712748e+18,BROADWAY/W 77 ST,92
1.00144211857047e+18,ATLANTIC AV/GRANT AV,277
9.941963596303132e+17,BROADWAY/THAMES ST,82
9.942560924141083e+17,2 AV/56 ST,153
9.942567750608854e+17,DUMONT AV/MILFORD ST,183
9.942752931193763e+17,2 AV/56 ST,138
9.943456352019939e+17,BROADWAY/KENT AV,228
9.944827670796105e+17,SPRINGFIELD BLVD/115 AV,116
9.944877070696508e+17,E 18 ST/AVENUE P,336
9.947481346286844e+17,6 AV/W 3 ST,171
1.0046098029323909e+18,MADISON ST/PIKE ST,59
1.0014950904094022e+18,TOMPKINS AV/GATES AV,130
1.0014998195254186e+18,TOMPKINS AV/GATES AV,130
9.978361748093729e+17,GATES AV/CLASSON AV,103
9.978376982541821e+17,39 ST/8 AV,183
9.979120974501614e+17,3 AV/BAY RIDGE PKWY,190
9.979863539325032e+17,ALLEN ST/DELANCEY ST,65
9.981313375130685e+17,MARCUS GARVEY BLVD/LEXINGTON AV,179
9.984137308602342e+17,5 AV/W 30 ST,100
9.98643579317857e+17,6 AV/W 10 ST,2
9.987609626201024e+17,GREENPOINT AV/47 ST,1738
1.0015042956990171e+18,TOMPKINS AV/GATES AV,130
1.0015055430491343e+18,TOMPKINS AV/GATES AV,130
1.0015071676044909e+18,TOMPKINS AV/GATES AV,130
1.0015337607397421e+18,EAST NEW YORK AV/MONTGOMERY ST,57
1.001535719995297e+18,WORTH ST/CENTRE ST,298
1.0047979112097622e+18,LEXINGTON AV/E 55 ST,149
1.0049330460611348e+18,COOPER ST/EVERGREEN AV,177
1.0049561809207284e+18,MORRIS AV/E 169 ST,118
1.0049604669607635e+18,W 181 ST/AMSTERDAM AV,63
1.0049667772440884e+18,W 181 ST/AMSTERDAM AV,63
1.0049795283397321e+18,W 181 ST/AMSTERDAM AV,63
1.0049833219500712e+18,W 181 ST/AMSTERDAM AV,63
1.0015983924412065e+18,RALPH AV/DECATUR ST,167
1.0017301385560489e+18,20 AV/127 ST,309
1.0017375195633992e+18,MALCOLM X BLVD/QUINCY ST,11
1.0020200870005676e+18,LEWIS AV/GREENE AV,110
1.0049864217613699e+18,W 181 ST/AMSTERDAM AV,63
1.0049906727445157e+18,GATES AV/CYPRESS AV,169
1.0049939047189852e+18,GATES AV/CYPRESS AV,169
1.0049948191978303e+18,GATES AV/CYPRESS AV,169
1.0049959957247452e+18,GATES AV/CYPRESS AV,169
1.0049969446043022e+18,GATES AV/CYPRESS AV,169
1.0051101897649213e+18,NASSAU AV/MANHATTAN AV,36
9.987892597348575e+17,82 ST/ROOSEVELT AV,1046
9.992711323633846e+17,BROADWAY/PARK ST,150
9.993693295370737e+17,5 AV/21 ST,363
9.994763981175666e+17,ASTORIA BLVD/STEINWAY ST,538
9.995045450568329e+17,UTICA AV/PROSPECT PL,198
9.996277021959738e+17,5 AV/24 ST,119
9.996685865999388e+17,DE KALB AV/KNICKERBOCKER AV,87
9.997707790839442e+17,hugh carey tunnel/west st.non-public,229
1.0022651348984049e+18,LEWIS AV/GREENE AV,148
1.0022864617453289e+18,QUEENS MIDTOWN EXPY / 43RD ST,222
1.0023380918911476e+18,HALSEY ST/PATCHEN AV,306
9.997713080365023e+17,hugh carey tunnel/west st.non-public,229
9.997718042032621e+17,hugh carey tunnel/west st.non-public,229
9.997722748719642e+17,hugh carey tunnel/west st.non-public,229
9.997727949627832e+17,hugh carey tunnel/west st.non-public,229
9.99773287760551e+17,hugh carey tunnel/west st.non-public,229
1.002349284786587e+18,NORTHERN BLVD/159 ST,465
1.0023723087199396e+18,W 18 ST/10 AV,167
1.005170940682176e+18,HORACE HARDING EXPWY/183 ST,226
1.0052075905075498e+18,HOYT AV SOUTH/31 ST,547
1.0052279464148937e+18,28 ST/QUEENS PLAZA SOUTH,202
1.0053660832465114e+18,E 16 ST/SHEEPSHEAD BAY RD,117
1.0053707831221102e+18,VOORHIES AV/E 14 ST,122
1.0054554015815218e+18,WEST ST/CARLISLE ST,130
1.0054722930043955e+18,MYRTLE AV/BEDFORD AV,113
1.0056701661316502e+18,LEXINGTON AV/E 55 ST,149
1.0023744349265321e+18,E 241 ST/CRANFORD AV,496
9.99773762903306e+17,hugh carey tunnel/west st.non-public,229
9.997742639937158e+17,hugh carey tunnel/west st.non-public,229
9.997747278614268e+17,hugh carey tunnel/west st.non-public,229
9.997752152644799e+17,hugh carey tunnel/west st.non-public,229
9.998207976946135e+17,W 31 ST/6 AV,58
9.998382169191706e+17,CADMAN PLAZA WEST/TILLARY ST,298
1.0023796820730378e+18,GRAND ST/ESSEX ST,7
1.0027622318757046e+18,GRAND CONCOURSE/E 149 ST,114
1.0056736845024202e+18,LEXINGTON AV/E 55 ST,149
1.0056740515673108e+18,LEXINGTON AV/E 55 ST,149
1.0056804000035602e+18,TOMPKINS AV/GATES AV,130
1.005699715476633e+18,1 AV/E 70 ST,148
1.005718268391593e+18,E 49 ST/LEXINGTON AV,89
1.0057276782681357e+18,TOMPKINS AV/GATES AV,130
1.0028087279646548e+18,7 AV/PROSPECT AV,104
1.0028238817586392e+18,3 AV/99 ST,27
1.002825899474348e+18,BERGEN ST/BROOKLYN AV,164
1.0029383012401213e+18,KINGSTON AV/UNION ST,146
9.998678622369824e+17,WEBSTER AV/E 173 ST,210
9.9996446610208e+17,5 AV/W 30 ST,124
1.0080733522469979e+18,2 AV/E 33 ST,36
1.0082461403745866e+18,QUEENS MIDTOWN EXPY / 43RD ST,258
1.0082871439581644e+18,KENT AV/N 6 ST,185
1.0083015992605722e+18,20 AV/127 ST,124
1.0083154918550653e+18,20 AV/127 ST,270
1.0030070597763628e+18,MAIN ST/JEWEL AV,260
1.0057600221250221e+18,BEDFORD AV/N 5 ST,43
1.0058142354987144e+18,TOMPKINS AV/GATES AV,130
1.0058154755983711e+18,TOMPKINS AV/GATES AV,130
1.0058167569507625e+18,TOMPKINS AV/GATES AV,130
1.0059456203490538e+18,EAST TREMONT AV/ANTHONY AV,199
1.0059647829394753e+18,3 AV/E 26 ST,89
1.0031852358352531e+18,AVENUE D/E 5 ST,209
1.0033528490012221e+18,WILSON AV/WOODBINE ST,371
1.0033880697210028e+18,9 AV/W 52 ST,73
1.0034370498511503e+18,SAINT NICHOLAS AV/W 150 ST,57
1.0060033056518569e+18,south conduit en eb/cohancy st,2509
1.006068540323633e+18,20 AV/127 ST,217
1.0064080203348394e+18,3 AV/E 14 ST,75
1.0064083714498235e+18,3 AV/E 14 ST,75
1.0064087104250304e+18,AVENUE A/E 5 ST,294
1.00343886209265e+18,GREENPOINT AV/47 ST,294
1.0086814024405303e+18,E 34 ST/PARK AV,129
1.0086848652250898e+18,FULTON ST/SACKMAN ST,83
1.0086952419707937e+18,MANHATTAN AV/W 108 ST,55
1.0087610346902394e+18,21 ST/30 AV,1036
1.008769514216654e+18,S 5 ST/MONTROSE AV,91
1.0087799295276372e+18,W 44 ST/6 AV,19
1.00878178183949e+18,BROADWAY/THORNTON ST,32
1.008782792044941e+18,W 135 ST/ADAM C POWELL BLVD,113
1.0087857726995604e+18,W 135 ST/ADAM C POWELL BLVD,113
1.0087874727685414e+18,W 135 ST/ADAM C POWELL BLVD,114
1.003456391781395e+18,CENTRAL PARK SOUTH/6 AV,139
1.0036036785269929e+18,3 AV/E 82 ST,64
1.0036051087474728e+18,FLUSHING AV/WYCKOFF AV,299
1.0036055091707255e+18,FLUSHING AV/WYCKOFF AV,299
1.00362305734758e+18,10 AV/W 45 ST,131
1.0036279069711589e+18,6 AV/W 27 ST,97
1.0036281495716223e+18,6 AV/W 27 ST,97
1.0064140699021755e+18,2 AV/E 28 ST,31
1.0064160604121527e+18,E 49 ST/LEXINGTON AV,89
1.0064187998512494e+18,E 49 ST/LEXINGTON AV,89
1.0064547323037848e+18,2 AV/E 28 ST,89
1.0064785394126149e+18,BROADWAY/W 88 ST,81
1.0064872976349984e+18,SUTTER AV/ALABAMA AV,191
1.0064933943008526e+18,E 49 ST/LEXINGTON AV,130
1.0065263467915434e+18,HOYT AV SOUTH/31 ST,806
1.0036655461824908e+18,2 AV/E 75 ST,71
1.0089265678205935e+18,RICHMOND RD/SPRUCE ST,609
1.0089506985791291e+18,GREENPOINT AV/44 ST,440
1.0091913811610925e+18,LEXINGTON AV/E 28 ST,181
1.0092347629584564e+18,NEW LOTS AV/SACKMAN ST,212
1.0093553001573062e+18,BROADWAY/W 77 ST,92
1.0095333816803995e+18,E 9 ST/1 AV,196
1.0036750315398304e+18,MADISON AV/E 38 ST,170
1.0037004057063383e+18,GREENPOINT AV/47 ST,1800
1.0037331323147885e+18,COLUMBUS AV/W 84 ST,91
1.0038400843893943e+18,AMSTERDAM AV/W 145 ST,64
1.0038744277457089e+18,SAINT NICHOLAS AV/W 148 ST,81
1.0040957728657295e+18,LEXINGTON AV/E 55 ST,149
1.0065273010563139e+18,ATLANTIC AV/96 ST,401
1.0065296396213554e+18,10 AV/W 45 ST,176
1.006579966989927e+18,BEDFORD AV/LINDEN BLVD,148
1.0065909123161962e+18,W 116 ST/SAINT NICHOLAS AV,184
1.00668147727199e+18,5 AV/W 10 ST,149
1.0067864646653728e+18,20 AV/127 ST,283
1.0071953027345138e+18,1 AV/E 70 ST,94
1.0071994400003218e+18,MALCOLM X BLVD/W 125 ST,71
1.0042497612605265e+18,10 AV/W 19 ST,93
1.0042502910695896e+18,10 AV/W 19 ST,93
1.0095421106117432e+18,9 AV/W 40 ST,90
1.0095565515984035e+18,WEST FORDHAM RD/CEDAR AV,181
1.0095792801075552e+18,3 AV/E 47 ST,55
1.0095928644109331e+18,E 49 ST/LEXINGTON AV,58
1.0095976016732974e+18,3 AV/E 47 ST,14
1.0096211756918417e+18,AVENUE C/E 7 ST,130
1.0096995124139156e+18,FLUSHING AV/ONDERDONK AV,173
1.0097117868045628e+18,NEW YORK AV/BEVERLY RD,131
1.004275203463076e+18,AVENUE N/SCHENECTADY AV,121
1.0042936030401554e+18,5 AV/UNION ST,183
1.0043287969408467e+18,2 AV/E 75 ST,105
1.0072253102884663e+18,1 AV/E 70 ST,94
1.0072255523272032e+18,1 AV/E 70 ST,94
1.0072258448235034e+18,1 AV/E 70 ST,94
1.0072501266840812e+18,RANDALL AV/OLMSTEAD AV,769
1.0073004191264728e+18,BROADWAY/GREENE AV,231
1.0073057429927899e+18,RALPH AV/E 76 ST,328
1.0074217789719686e+18,NORTHERN BLVD/STATION RD,178
1.0074428595721504e+18,FRANCIS LEWIS BLVD/25 AV,227
1.0074801044082405e+18,METROPOLITAN AV/LEONARD ST,121
1.007601556813394e+18,CATHEDRAL PKWY/BROADWAY,110
1.009920147263076e+18,7 AV SOUTH/BEDFORD ST,34
1.0100831259687382e+18,2 AV/E 66 ST,121
1.0100922336945229e+18,W 135 ST/ADAM C POWELL BLVD,113
1.0101225148845503e+18,ATLANTIC AV/WARWICK ST,232
1.0101641154942143e+18,ROGERS AV/BEVERLEY RD,147
1.0044113504871163e+18,EAST BROADWAY/FORSYTH ST,54
1.0044162002408662e+18,3 AV/E 63 ST,89
1.0044190045787894e+18,west st/morris st,22
1.0044287766610573e+18,BATH AV/18 AV,76
1.0044428862219092e+18,EAST BROADWAY/FORSYTH ST,709
1.0044664093554966e+18,DITMARS BLVD/102 ST,275
1.0045079872845052e+18,SAINT NICHOLAS AV/W 145 ST,58
1.0046068318335347e+18,EAST BROADWAY/FORSYTH ST,92
1.0101778957727761e+18,lincoln tnl app/lincoln tnl app,306
1.0101947126604179e+18,W 135 ST/ADAM C POWELL BLVD,114
1.0101993925932882e+18,W 135 ST/ADAM C POWELL BLVD,113
1.0102007737126906e+18,W 135 ST/ADAM C POWELL BLVD,113
1.0102018071381857e+18,W 135 ST/ADAM C POWELL BLVD,113
1.0102150621543882e+18,ROCKAWAY PKWY/WINTHROP ST,231
1.0102163811225647e+18,ATLANTIC AV/HENRY ST,220
1.0102303916874025e+18,2 AV/E 84 ST,134
1.0102375499531706e+18,WASHINGTON AV/BERGEN ST,10
1.0102792871706391e+18,ALLEN ST/DELANCEY ST,45
1.0144512420597868e+18,CHURCH AV/WESTMINSTER RD,71
1.007614130158372e+18,GATES AV/IRVING AV,308
1.0076171819753562e+18,E 50 ST/3 AV,166
1.0076207003549279e+18,gates av/myrtle st,105
1.0076684527928966e+18,GATES AV/IRVING AV,293
1.0080443094223092e+18,SUTTER AV/SCHENCK AV,341
1.0108166217883526e+18,WILSON AV/PUTNAM AV,297
1.0144643417091004e+18,GRANDVIEW AV/GATES AV,52
1.0145314785485924e+18,GRAHAM AV/METROPOLITAN AV,80
1.0146070709815483e+18,10 AV/W 45 ST,139
1.0103984170497738e+18,9 AV/W 55 ST,39
1.0104145436212221e+18,PARKSIDE AV/FLATBUSH AV,53
1.0105039059291921e+18,W 42 ST/9 AV,270
1.0106319995982232e+18,W 31 ST/6 AV,98
1.0106733625142378e+18,W 31 ST/6 AV,155
1.0106959428824585e+18,AVENUE A/EAST HOUSTON ST,176
1.0106975697453884e+18,1 AV/E 75 ST,126
1.0106976963544972e+18,E 79 ST/1 AV,26
1.0146571442052211e+18,SAINT MARKS PL/AVENUE A,54
1.0146574665926843e+18,HUNTS POINT AV/SENECA AV,240
1.0108264582061554e+18,TOMPKINS AV/WILLOUGHBY AV,60
1.0108740637011128e+18,BROADWAY/JEFFERSON AV,96
1.0108861926794524e+18,HOYT AV/31 ST,572
1.0109130377744635e+18,TOMPKINS AV/WILLOUGHBY AV,60
1.0109141627581784e+18,TOMPKINS AV/WILLOUGHBY AV,60
1.0109150364781934e+18,TOMPKINS AV/WILLOUGHBY AV,60
1.0109159953147699e+18,TOMPKINS AV/WILLOUGHBY AV,60
1.0109340711085572e+18,21 ST/30 AV,837
1.0109415338132993e+18,WILSON AV/PUTNAM AV,297
1.0109468726097508e+18,WILSON AV/PUTNAM AV,297
1.01472919148483e+18,CRESCENT ST/MCKINLEY AV,72
1.0147621444313716e+18,JAMAICA AV/NICHOLS AV,198
1.0149665912129197e+18,BAY RIDGE AV/4 AV,154
1.0106981301716302e+18,2 AV/E 33 ST,150
1.0106993589400324e+18,PIKE ST/MADISON ST,842
1.0107003683147236e+18,W 57 ST/9 AV,113
1.0107011841739615e+18,1 AV/E 89 ST,73
1.0107013242614615e+18,E 86 ST/2 AV,3
1.0107013831399744e+18,AVENUE A/E 5 ST,70
1.010701479753256e+18,E 10 ST/AVENUE B,241
1.0107018195205614e+18,1 AV/E 89 ST,57
1.0107019929562342e+18,E 14 ST/AVENUE B,108
1.0107023607303583e+18,9 AV/W 55 ST,78
1.0150278135254074e+18,2 AV/E 28 ST,72
1.0109477005413188e+18,WILSON AV/PUTNAM AV,297
1.0109486601798578e+18,WILSON AV/PUTNAM AV,297
1.0111364012376598e+18,EAST TREMONT AV/WATERBURY AV,53
1.011159735983596e+18,ATLANTIC AV/90 ST,828
1.0112052370726679e+18,21 ST/BROADWAY,321
1.0113552287981583e+18,1 AV/E 109 ST,140
1.0150281819662831e+18,2 AV/E 28 ST,108
1.0151419099084471e+18,BROADWAY/WALKER ST,246
1.015168578871804e+18,WORTH ST/MOTT ST,200
1.0107027114953516e+18,AVENUE A/E 5 ST,131
1.0107029063038324e+18,AVENUE C/E 3 ST,74
1.0107031740910446e+18,AVENUE C/E 3 ST,111
1.0107034020003049e+18,BROADWAY/W 152 ST,8
1.0107038307025706e+18,AVENUE A/EAST HOUSTON ST,160
1.0107047869901654e+18,AVENUE C/E 5 ST,75
1.0107062072380283e+18,1 AV/SAINT MARKS PL,79
1.0107107433428454e+18,AVENUE A/EAST HOUSTON ST,200
1.0107206619423823e+18,CONEY ISLAND AV/SLOCUM PL,202
1.010722076697865e+18,21 ST/BROADWAY,363
1.015178551586505e+18,E 86 ST/3 AV,169
1.0152035252601659e+18,3 AV/E 65 ST,91
1.0113806396407126e+18,2 AV/E 108 ST,115
1.01146526619932e+18,BROADWAY/W 86 ST,62
1.0114794338442463e+18,hugh carey tunnel/west st.non-public,229
1.0114798999616959e+18,hugh carey tunnel/west st.non-public,229
1.0114801421708439e+18,hugh carey tunnel/west st.non-public,229
1.0152364897183604e+18,S 5 ST/MONTROSE AV,44
1.0152975385026063e+18,BROADWAY/SCHAEFFER ST,55
1.0153572348383031e+18,MYRTLE AV/DE KALB AV,46
1.0153902523450277e+18,HOYT AV SOUTH/31 ST,864
1.0154965614281311e+18,LAFAYETTE AV/MARCUS GARVEY BLVD,197
1.0107224365235793e+18,1 AV /E 4 ST,70
1.0107687756280922e+18,9 AV/W 23 ST,194
1.0189734699197313e+18,BROADWAY/E 13 ST,76
1.0189943517726277e+18,COLUMBUS AV/W 89 ST,119
1.0190910360966789e+18,20 AV/127 ST,175
1.0192628923237029e+18,BROADWAY/W 108 ST,134
1.0156846429705587e+18,CHRISTOPHER ST/BLEECKER ST,254
1.0156849779667717e+18,LEXINGTON AV/E 34 ST,50
1.0114803824015713e+18,hugh carey tunnel/west st.non-public,229
1.0114806227028904e+18,LEXINGTON AV/E 55 ST,149
1.0114811455760394e+18,LEXINGTON AV/E 55 ST,149
1.0115026694781426e+18,MANHATTAN AV/W 116 ST,97
1.011503182332783e+18,PROSPECT PARK SOUTHWEST/10 AV,318
1.0116219991808966e+18,MARCUS GARVEY BLVD/PARK AV,127
1.0116323870836911e+18,E 49 ST/LEXINGTON AV,72
1.0157449761258525e+18,BAY RIDGE AV/4 AV,66
1.0157571894084087e+18,BAY RIDGE AV/4 AV,114
1.0158437505769595e+18,MYRTLE AV/SUYDAM ST,170
1.0158585659692394e+18,SUTTER AV/BERRIMAN ST,453
1.0159184335894292e+18,REMSEN AV/RUTLAND RD,222
1.0159583724680421e+18,RANDALL AV/TAYLOR AV,314
1.0159922010722391e+18,W 135 ST/AMSTERDAM AV,183
1.0160044820425603e+18,10 AV/W 47 ST,155
1.0192748640682944e+18,BROADWAY/CATHEDRAL PKWY,67
1.0194296904262781e+18,MALCOLM X BLVD/GREENE AV,141
1.0194831642938333e+18,LEXINGTON AV/E 37 ST,162
1.0195129284467174e+18,E 138 ST/WILLIS AV,27
1.0195545051678656e+18,MEEKER AV/MORGAN AV,104
1.0160227312502858e+18,BRIGHTON BEACH AV/BRIGHTON 6 ST,188
1.0160296371152668e+18,UTICA AV/BEVERLY RD,175
1.0116389676252873e+18,FRANKLIN AV/WILLOUGHBY AV,157
1.0116534076108214e+18,HOYT AV/31 ST,396
1.0116640690297809e+18,HOYT AV/31 ST,398
1.0117103911385517e+18,CADMAN PLAZA WEST/CADMAN TOWER,74
1.0117938950644161e+18,METROPOLITAN AV/MACRI SQ,124
1.0118185622896102e+18,COLUMBUS AV/W 86 ST,80
1.0122893569205558e+18,1 AV/E 20 ST,29
1.0123453518180892e+18,9 ST/4 AV,89
1.016062872267819e+18,GRAHAM AV/DRIGGS AV,87
1.0161243758336613e+18,ASTORIA BLVD/STEINWAY ST,1512
1.0161511378332749e+18,ADAM C POWELL BLVD/W 123 ST,99
1.0161559859251404e+18,NOSTRAND AV/LAFAYETTE AV,191
1.0161646720265615e+18,6 AV/W 10 ST,117
1.0195856688294426e+18,ADAM C POWELL BLVD/W 129 ST,88
1.01961856857138e+18,243 ST/HUXLEY ST,407
1.0196295332714813e+18,MALCOLM X BLVD/W 129 ST,107
1.0196400953762358e+18,GATES AV/MALCOLM X BLVD,105
1.0196450609345576e+18,ADAM C POWELL BLVD/W 131 ST,47
1.019653865784275e+18,ADAM C POWELL BLVD/W 131 ST,76
1.019679775919641e+18,MALCOLM X BLVD/W 132 ST,138
1.0197003561520804e+18,ADAM C POWELL BLVD/W 131 ST,55
1.01970753791731e+18,ADAM C POWELL BLVD/W 132 ST,54
1.0197162405819803e+18,ADAM C POWELL BLVD/W 131 ST,5
1.0197206284721559e+18,CONEY ISLAND AV/DORCHESTER RD,301
1.0162688704201919e+18,SUTTON PL/E 55 ST,5468
1.0162954474128456e+18,W 50 ST/11 AV,195
1.0124021885940127e+18,BROADWAY/W 151 ST,79
1.0124566233428269e+18,W 66 ST/FREEDOM PL,157
1.0124630650923462e+18,1 AV/E 70 ST,138
1.012610921280339e+18,COLUMBUS AV/W 106 ST,189
1.0129333711884483e+18,GOLD ST/TILLARY ST,99
1.0129884200193482e+18,W 50 ST/11 AV,161
1.0130582287814387e+18,VANDERBILT AV/ATLANTIC AV,42
1.0131063383100343e+18,VANDERBILT AV/ATLANTIC AV,42
1.0165851257568426e+18,E 49 ST/LEXINGTON AV,11
1.0165996837028067e+18,NEW YORK AV/BERGEN ST,47
1.0166189585260241e+18,AVENUE C/E 6 ST,97
1.016657029340037e+18,E 80 ST/PAERDEGAT 7 ST,229
1.0202241784532e+18,W 135 ST/ADAM C POWELL BLVD,113
1.0202388073624603e+18,W 135 ST/ADAM C POWELL BLVD,113
1.0202780494786593e+18,BROOKLYN AV/FULTON ST,105
1.0202807563706732e+18,BROOKLYN AV/FULTON ST,105
1.0202827010188744e+18,BROOKLYN AV/FULTON ST,105
1.0202837664702149e+18,BROOKLYN AV/FULTON ST,105
1.0202845675355533e+18,BROOKLYN AV/FULTON ST,105
1.0202914882127432e+18,ROGERS AV/WINTHROP ST,171
1.0202959720345206e+18,WILSON AV/PUTNAM AV,297
1.016667809847252e+18,STILLWELL AV/82 ST,197
1.0167071397664093e+18,PROSPECT PARK SOUTHWEST/TERRACE PL,124
1.0167130703072274e+18,TOMPKINS AV/PUTNAM AV,86
1.0131268542975151e+18,3 AV/E 21 ST,50
1.0131386714192961e+18,GRAHAM AV/METROPOLITAN AV,54
1.0132931375587707e+18,FREDERICK DOUGLASS BLVD/W 112 ST,32
1.0133191742075997e+18,WYTHE AV/S 5 ST,137
1.0133209074505157e+18,TRINITY PL/RECTOR ST,146
1.0135261524653412e+18,E 50 ST/LEXINGTON AV,1
1.0135777376890751e+18,E 79 ST/5 AV,58
1.0136321558502207e+18,5 AV/W 30 ST,96
1.0136323803555991e+18,5 AV/W 32 ST,135
1.0168251485950653e+18,SARATOGA AV/MARION ST,158
1.0168586506385082e+18,DELANCEY ST/ESSEX ST,67
1.020302460310494e+18,FULTON ST/HOWARD AV,261
1.0203179446800253e+18,WILSON AV/PUTNAM AV,297
1.0203189247180026e+18,WILSON AV/PUTNAM AV,297
1.0203250804277292e+18,FULTON ST/MACDOUGAL ST,100
1.0203253770963424e+18,BROADWAY/SPRING ST,166
1.020340862401524e+18,WILSON AV/PUTNAM AV,297
1.0203612976462952e+18,HOYT AV SOUTH/31 ST,750
1.0203706719848339e+18,RALPH AV/BROADWAY,152
1.0172062919467361e+18,BEDFORD AV/HANCOCK ST,125
1.0174303802420193e+18,MALCOLM X BLVD/PUTNAM AV,168
1.0174571579592081e+18,10 AV/W 53 ST,14
1.0175357665421594e+18,COLLEGE POINT BLVD/15 AV,1086
1.0176508057737821e+18,CATHEDRAL PKWY/FREDERICK DOUGLASS BLVD,31
1.0136513119085647e+18,W 31 ST/6 AV,146
1.0136615968723909e+18,8 AV/W 31 ST,137
1.013674864835065e+18,14 AV/123 ST,316
1.0137091569171676e+18,6 AV/W 29 ST,56
1.0137190086166143e+18,W 34 ST/BROADWAY,232
1.013745399413953e+18,5 AV/W 31 ST,89
1.0137563380935244e+18,1 AV/E 81 ST,77
1.0137661128768065e+18,BAINBRIDGE AV/E 196 ST,247
1.018042935230242e+18,E 34 ST/2 AV,183
1.0205474950678258e+18,THOMAS S BOYLAND ST/DEAN ST,142
1.0206603003489711e+18,10 AV/W 47 ST,92
1.0206966140694043e+18,YORK AV/E 84 ST,44
1.0209010255577836e+18,2 AV/E 28 ST,91
1.0210102294094615e+18,TOMPKINS AV/WILLOUGHBY AV,59
1.0210134449590943e+18,TOMPKINS AV/WILLOUGHBY AV,60
1.0210149445357784e+18,LEXINGTON AV/E 31 ST,119
1.0210158578011483e+18,TOMPKINS AV/WILLOUGHBY AV,60
1.021016864155006e+18,TOMPKINS AV/WILLOUGHBY AV,60
1.0181434095103217e+18,5 AV/UNION ST,242
1.0181871286040896e+18,SEDGWICK AV/W 197 ST,295
1.0138139491101053e+18,W 72 ST/BROADWAY,195
1.0138144720234967e+18,W 72 ST/BROADWAY,195
1.0138823889807382e+18,W 125 ST/MALCOLM X BLVD,143
1.0138967717416997e+18,BELL BLVD/32 AV,529
1.013916207138137e+18,COOPER ST/EVERGREEN AV,130
1.0139331348338917e+18,BAINBRIDGE AV/E 196 ST,95
1.013933384020648e+18,BAINBRIDGE AV/E 196 ST,156
1.0139463261879299e+18,WEBSTER AV/E 197 ST,121
1.0182674020666847e+18,WYTHE AV/S 5 ST,122
1.021017708022971e+18,TOMPKINS AV/WILLOUGHBY AV,60
1.0210278580558895e+18,7 AV/W 53 ST,101
1.0210729158922935e+18,E 79 ST/2 AV,145
1.0210772590729e+18,E 9 ST/1 AV,38
1.0210840593629868e+18,E 23 ST/2 AV,124
1.0211642253279104e+18,WYTHE AV/N 6 ST,124
1.0211644853364804e+18,CHURCH ST/CHAMBERS ST,119
1.0211678202145457e+18,LEXINGTON AV/E 37 ST,143
1.0212091196611677e+18,W 50 ST/8 AV,6
1.018274947599434e+18,VARICK ST/CHARLTON ST,90
1.018280359573877e+18,2 AV/E 84 ST,220
1.0139495975322976e+18,WEBSTER AV/E 197 ST,301
1.0139509087888479e+18,BAINBRIDGE AV/E 196 ST,121
1.0142968464672701e+18,W 31 ST/6 AV,163
1.0143199832624814e+18,W 31 ST/6 AV,191
1.0143673585980548e+18,E 16 ST/AVENUE R,136
1.0144080291206717e+18,3 AV/E 47 ST,69
1.014419760379929e+18,W 31 ST/6 AV,155
1.0215221228594417e+18,CHRISTOPHER ST/HUDSON ST,79
1.0215224619248755e+18,E 96 ST/3 AV,33
1.02162892830561e+18,MALCOLM X BLVD/W 129 ST,74
1.0216715156233647e+18,UTICA AV/MIDWOOD ST,156
1.0216830476078047e+18,COLLEGE POINT BLVD/MAPLE AV,56
1.0217122810092371e+18,COLLEGE POINT BLVD/MAPLE AV,56
1.0183288025975273e+18,BROADWAY/W 162 ST,85
1.018621838995252e+18,W 23 ST/8 AV,66
1.0187300524783452e+18,82 ST/ROOSEVELT AV,1028
1.0187719878435204e+18,LEXINGTON AV/E 28 ST,100
1.0188063148108397e+18,BROOKLYN AV/BERGEN ST,43
1.0188965451556371e+18,W 31 ST/6 AV,174
1.0189330409115841e+18,10 AV/W 47 ST,57
1.014438256711644e+18,CATON AV/WESTMINSTER,83
1.0228454082254679e+18,2 AV/E 84 ST,77
1.0230256142223105e+18,MEEKER AV/KINGSLAND AV,229
1.0231205305006016e+18,3 AV/46 ST,143
1.0231571725813423e+18,MADISON AV/E 28 ST,186
1.0231622592117953e+18,E 80 ST/PAERDEGAT 7 ST,203
1.0231680458250609e+18,W 72 ST/BROADWAY,195
1.0232841075269962e+18,DE KALB AV/TOMPKINS AV,185
1.0189359881389908e+18,PROSPECT PARK SOUTHWEST/BARTEL PRITCHARD SQ,31
1.0217256407923803e+18,HOLLIS AV/216 ST,286
1.0217291008237896e+18,GATES AV/MALCOLM X BLVD,227
1.0217384155105092e+18,5 AV/W 130 ST,189
1.021772550827129e+18,LIBERTY AV/REMINGTON ST,935
1.021780587264573e+18,NASSAU AV/MANHATTAN AV,101
1.0218163414401512e+18,MADISON ST/PIKE ST,56
1.0219057899670716e+18,W 43 ST/8 AV,51
1.0219653788173907e+18,PENNSYLVANIA AV/DUMONT AV,147
1.022311659837669e+18,BERGEN ST/UTICA AV,159
1.0189607356675405e+18,1 AV/E 62 ST,51
1.0189607379760769e+18,2 AV/E 64 ST,72
1.0189612404812659e+18,2 AV/E 64 ST,131
1.0189637658562729e+18,E 167 ST/RIVER AV,309
1.0303533003401425e+18,WATER ST/JOHN ST,265
1.0303538670534938e+18,WATER ST/JOHN ST,265
1.03039012731213e+18,THOMAS S BOYLAND ST/MACDONOUGH ST,42
1.0233074807935886e+18,BROOKLYN AV/ATLANTIC AV,113
1.0233710106708902e+18,METROPOLITAN AV/LEFFERTS BLVD,70
1.0234170537295436e+18,SUTTER AV/WYONA ST,106
1.0234831022367333e+18,DE KALB AV/TOMPKINS AV,185
1.0234949465019319e+18,BELL BLVD/32 AV,600
1.0234961639125153e+18,AMSTERDAM AV/W 83 ST,97
1.0234961674490971e+18,AMSTERDAM AV/W 83 ST,152
1.023500902948498e+18,WATER ST/WALL ST,115
1.023505747100753e+18,130 PL/BERGEN RD,1831
1.0304254150185457e+18,BROADWAY/CORTLANDT ST,270
1.0304256700283962e+18,5 AV/W 46 ST,62
1.030471955409301e+18,21 ST/30 AV,213
1.0224662305085843e+18,3 AV/E 75 ST,159
1.0225700411682359e+18,8 AV/W 23 ST,71
1.0227761495134484e+18,9 AV/W 55 ST,45
1.0262222322810556e+18,NOSTRAND AV/SNYDER AV,85
1.0263742955950845e+18,HOYT AV/31 ST,866
1.026414843857482e+18,BROADWAY/CORTLANDT ST,256
1.026443970774362e+18,9 AV/W 46 ST,166
1.0264760039678455e+18,JFK AIRPORT/TERMINAL 8,5750
1.026494883611436e+18,W 49 ST/9 AV,188
1.030485845671429e+18,W 14 ST/7 AV,314
1.0305034940428315e+18,MESEROLE ST/MANHATTAN AV,93
1.0305210327868481e+18,3 AV/E 50 ST,82
1.0305826639016453e+18,5 AV/DOUGLASS ST,335
1.0305837833203002e+18,E 9 ST/2 AV,46
1.0305998820304828e+18,BROADWAY/CORTLANDT ST,183
1.0265017230481486e+18,YORK AV/E 88 ST,75
1.0267357015759953e+18,W 14 ST/7 AV,2
1.0267597469756413e+18,5 AV/W 55 ST,52
1.0268238231732339e+18,EASTERN PKWY/BUFFALO AV,99
1.0268448022662556e+18,8 AV/W 49 ST,186
1.0269308695176637e+18,7 AV/W 44 ST,86
1.0269328422969335e+18,ATLANTIC AV/76 ST,404
1.0269582004402799e+18,ATLANTIC AV/BRADFORD ST,193
1.0235405391296426e+18,FULTON ST/ROCKAWAY AV,204
1.0235554796057613e+18,PEMBROKE AV/GLENWOOD ST,111
1.0237651608682879e+18,WHITE PLAINS RD/BRUCKNER BLVD,107
1.0238527725523572e+18,HUDSON ST/HORATIO ST,83
1.023859305815065e+18,GRAHAM AV/JACKSON ST,159
1.0238605765511442e+18,E 24 ST/LEXINGTON AV,60
1.0238800331776922e+18,EAST NEW YORK AV/SCHENECTADY AV,183
1.0240014239899459e+18,W 135 ST/MALCOLM X BLVD,186
1.0306422377540233e+18,W 178 ST/AUDUBON AV,128
1.0306724018402441e+18,YORK AV/E 60 ST,36
1.0306724037939667e+18,1 AV/E 60 ST,192
1.0306728989684365e+18,2 AV/E 61 ST,151
1.0306836696276184e+18,BROADWAY/VESEY ST,192
1.0306856820187401e+18,DREW ST/SUTTER AV,259
1.0240460244503195e+18,1 AV/E 82 ST,136
1.024051110082921e+18,2 AV/E 25 ST,86
1.0242181718095135e+18,CHURCH ST/LIBERTY ST,181
1.0243257813179075e+18,BROADWAY/HALSEY ST,75
1.0244874288832133e+18,W 66 ST/BROADWAY,74
1.0245798972437229e+18,PEARL ST/PECK SLIP,136
1.0269585984995583e+18,W 42 ST/BROADWAY,178
1.026977344432175e+18,SAINT JOHNS PL/RALPH AV,28
1.0270327516542171e+18,DEAN AV/LAYTON AV,182
1.0271919190813375e+18,COLUMBUS AV/W 102 ST,115
1.0274390869517989e+18,10 AV/W 45 ST,133
1.0275098043989315e+18,63 RD/108 ST,391
1.0275131637975987e+18,CRESCENT ST/LIBERTY AV,291
1.0275187639938442e+18,MALCOLM X BLVD/W 129 ST,160
1.0309315891609828e+18,W 54 ST/11 AV,4
1.0309320539460302e+18,W 54 ST/11 AV,4
1.0310726588029704e+18,GREENPOINT AV/MANHATTAN AV,123
1.0310980624916099e+18,GREENPOINT AV/47 ST,484
1.0311772729620586e+18,CATHEDRAL PKWY/FREDERICK DOUGLASS BLVD,23
1.0312438452735936e+18,YORK AV/E 82 ST,85
1.0245805657499764e+18,PEARL ST/PECK SLIP,136
1.0245808084042294e+18,PEARL ST/PECK SLIP,136
1.024581285424412e+18,PEARL ST/PECK SLIP,136
1.024581556862501e+18,PEARL ST/PECK SLIP,136
1.0312528467760332e+18,SAINT NICHOLAS AV/W 139 ST,19
1.0312928293104819e+18,11 AV/W 47 ST,186
1.0318264862383217e+18,W 34 ST/9 AV,1
1.0318268599360335e+18,W 34 ST/9 AV,1
1.0319169754239455e+18,DEAN ST/CARLTON AV,153
1.0319228043131633e+18,E 14 ST/AVENUE B,109
1.0275849864168279e+18,BROADWAY/JEFFERSON AV,44
1.027588197936425e+18,SAINT JOHNS PL/ALBANY AV,251
1.0277751621412972e+18,10 AV/W 47 ST,69
1.0282105919589896e+18,TROY AV/CARROLL ST,357
1.0283224295773303e+18,ASTORIA BLVD SOUTH/STEINWAY ST,2174
1.0283413811021366e+18,18 AV/79 ST,158
1.0284050072954117e+18,AMSTERDAM AV/W 120 ST,56
1.0284701370328929e+18,BROADWAY/W 204 ST,457
1.0285074259801476e+18,10 AV/W 42 ST,68
1.0286410039936019e+18,6 AV/W 29 ST,89
1.0322567346342168e+18,HOLLIS AV/209 PL,223
1.0325139435165215e+18,KOSSUTH PL/BUSHWICK AV,217
1.0245818001431615e+18,PEARL ST/PECK SLIP,136
1.0246023677035913e+18,BROADWAY/W 173 ST,64
1.024603235202613e+18,ALLEN ST/DELANCEY ST,176
1.0246111024105318e+18,86 ST/16 AV,306
1.0247022166064342e+18,2 AV/E 111 ST,223
1.0247577574380091e+18,SARATOGA AV/BLAKE AV,236
1.0248254444476746e+18,BOWERY/HESTER ST,132
1.0248306000548247e+18,7 AV/6 ST,90
1.0249661831913864e+18,AMSTERDAM AV/W 172 ST,131
1.0325214887579176e+18,BEDFORD AV/LINDEN BLVD,161
1.032533524834002e+18,HALSEY ST/KNICKERBOCKER AV,238
1.0288096504404925e+18,1 AV/E 64 ST,71
1.0288131697374322e+18,1 AV/E 64 ST,71
1.0288135832995788e+18,6 AV/W 15 ST,63
1.0288144091975831e+18,6 AV/W 15 ST,63
1.0288150159860667e+18,6 AV/W 15 ST,63
1.0325959390604621e+18,2 AV/E 75 ST,181
1.0325960329242821e+18,LEXINGTON AV/E 92 ST,98
1.0325961687774949e+18,W 72 ST/BROADWAY,195
1.0325962088362492e+18,W 72 ST/BROADWAY,195
1.0327277007496636e+18,COOPER SQ/E 6 ST,178
1.0328446453578362e+18,VETERANS AV/E 69 ST,590
1.0328753252631611e+18,BROADWAY/MADISON ST,269
1.0329057298872934e+18,WATER ST/JOHN ST,106
1.0288347254594147e+18,1 AV/E 93 ST,78
1.0289107107183355e+18,W 14 ST/8 AV,132
1.0289113170645144e+18,FREDERICK DOUGLASS BLVD/W 133 ST,46
1.0289217185667283e+18,9 AV/W 52 ST,77
1.0290244681978038e+18,5 AV/W 31 ST,60
1.0290470036920259e+18,MUNDY LA/NEREID AV,88
1.0290833259730564e+18,AMSTERDAM AV/W 98 ST,53
1.0291193214073057e+18,3 AV/E 50 ST,82
1.0291253650224737e+18,3 AV/E 50 ST,82
1.0249744859823524e+18,PEMBROKE AV/GLENWOOD ST,54
1.0250264164812579e+18,WEST HOUSTON ST/SULLIVAN ST,48
1.0251636621458289e+18,ATLANTIC AV/WOODHAVEN BLVD,250
1.0251955635313522e+18,W 44 ST/6 AV,214
1.0251969086871418e+18,HALSEY ST/STUYVESANT AV,216
1.0252044558152882e+18,W 44 ST/6 AV,161
1.0252765290650609e+18,COOPER ST/CENTRAL AV,82
1.025313635554998e+18,UTICA AV/EASTERN PKWY,83
1.0330197986675894e+18,1 AV/E 52 ST,119
1.0330579632453882e+18,E 34 ST/2 AV,224
1.0332941765470812e+18,46 AV/167 ST,263
1.0333655391411474e+18,MALCOLM X BLVD/DE KALB AV,55
1.0291282448050893e+18,3 AV/E 50 ST,82
1.0291489163849704e+18,SARATOGA AV/ATLANTIC AV,93
1.0291904754927338e+18,9 AV/W 50 ST,99
1.0292564904181514e+18,GREENPOINT AV/46 ST,587
1.0293172248735525e+18,3 AV/E 24 ST,53
1.0294901112596014e+18,E 57 ST/1 AV,35
1.0333895403684648e+18,HOLLIS AV/209 PL,378
1.0253914026175087e+18,CEBRA AV/SAINT PAULS AV,75
1.0254242435382572e+18,GREENPOINT AV/47 ST,851
1.0255623068471919e+18,21 ST/38 AV,528
1.0256663120484489e+18,UTOPIA PKWY/JEWEL AV,701
1.0256747536215223e+18,ROCKAWAY AV/PACIFIC ST,102
1.025708690580656e+18,CADMAN PLAZA WEST/CLARK ST,184
1.0257345318385116e+18,20 AV/COLLEGE POINT BLVD,201
1.0258103674094752e+18,W 44 ST/6 AV,130
1.0259335940376709e+18,9 AV/W 25 ST,154
1.0335271976286852e+18,E 124 ST/3 AV,234
1.0335553188881908e+18,ESSEX ST/EAST HOUSTON ST,162
1.0294905191154278e+18,MADISON AV/E 35 ST,120
1.0294909026637944e+18,MADISON AV/E 35 ST,120
1.0294976091345129e+18,GREENPOINT AV/38 ST,45
1.0296660925320422e+18,48 AV/38 ST,280
1.0296672781091574e+18,E 57 ST/LEXINGTON AV,106
1.0335634888631496e+18,FRANCIS LEWIS BLVD/249 ST,237
1.0335941521247628e+18,ALLEN ST/STANTON ST,94
1.0336333702921038e+18,253 ST/149 AV,249
1.0336650253672773e+18,6 AV/W 3 ST,168
1.0259652478309236e+18,8 AV/W 41 ST,85
1.0259747065613089e+18,6 AV/W 45 ST,141
1.0260092998542193e+18,1 AV/E 93 ST,83
1.0260933838018678e+18,ELIOT AV/83 PL,135
1.0261030084120859e+18,10 AV/W 47 ST,43
1.0261351195771438e+18,LINDEN PL/32 AV,206
1.026171552511575e+18,SAINT JOHNS PL/NEW YORK AV,100
1.0345336732235443e+18,WEST ST/CARLISLE ST,130
1.0345339498074897e+18,WEST ST/CARLISLE ST,130
1.0339176562367699e+18,COLUMBUS AV/W 100 ST,156
1.0339179847378195e+18,AMSTERDAM AV/W 98 ST,470
1.0339183381744225e+18,WEST ST/CARLISLE ST,130
1.0339186546861012e+18,WEST ST/CARLISLE ST,130
1.0296925430953509e+18,LEXINGTON AV/E 59 ST,80
1.0297131567555663e+18,METROPOLITAN AV/RODNEY ST,279
1.0297183966365736e+18,LEXINGTON AV/E 110 ST,57
1.0297528621136504e+18,3 AV/E 50 ST,82
1.0297537594070756e+18,3 AV/E 50 ST,82
1.0297662904839054e+18,3 AV/E 50 ST,82
1.029768598914791e+18,3 AV/E 50 ST,82
1.0297761773952618e+18,9 AV/W 44 ST,128
1.0297803421155488e+18,3 AV/E 50 ST,82
1.0339280583469938e+18,KINGSLAND AV/WITHERS ST,124
1.0339538630753335e+18,AMSTERDAM AV/W 190 ST,155
1.0339555590273293e+18,WEST ST/CARLISLE ST,130
1.0339650004480031e+18,4 AV/E 10 ST,104
1.0340028159946943e+18,W 54 ST/11 AV,4
1.0345342368292424e+18,WEST ST/CARLISLE ST,130
1.034536861924451e+18,W 54 ST/11 AV,4
1.034749271994349e+18,AMSTERDAM AV/W 140 ST,128
1.0347525437828364e+18,BROADWAY/WALKER ST,186
1.0347628514282511e+18,LINCOLN AV/BRUCKNER BLVD,299
1.0347802078069766e+18,FORT WASHINGTON AV/W 171 ST,59
1.0347872699590988e+18,15 AV/COLLEGE POINT BLVD,121
1.0340158459929792e+18,SUTTER AV/AUTUMN AV,265
1.0297831912071547e+18,3 AV/E 50 ST,82
1.0297883441976006e+18,3 AV/E 50 ST,82
1.0297912105542097e+18,3 AV/E 50 ST,82
1.0298062119247985e+18,MESEROLE ST/GRAHAM AV,135
1.0298679907427028e+18,CHURCH AV/BROOKLYN AV,148
1.0298721841465175e+18,LEXINGTON AV/E 104 ST,38
1.0298729397781532e+18,LORIMER ST/MESEROLE ST,24
1.0299768188357138e+18,KINGS HWY/CONEY ISLAND AV,166
1.0340227394699974e+18,W 57 ST/BROADWAY,148
1.0341008556190751e+18,MYRTLE AV/WILSON AV,173
1.0341063733680109e+18,ESSEX ST/GRAND ST,152
1.0341130037129818e+18,WORTH ST/MOTT ST,277
1.0341218753245779e+18,7 AV/W 49 ST,237
1.034127602506575e+18,RALPH AV/AVENUE K,584
1.0348707179371539e+18,10 AV/W 47 ST,102
1.0348784423476319e+18,PUTNAM AV/CLASSON AV,68
1.0348978338231767e+18,2 AV/E 46 ST,127
1.0349156335463781e+18,E 14 ST/AVENUE A,115
1.0349622398197964e+18,JAMAICA AV/LEFFERTS BLVD,348
1.0349778545721028e+18,JAMAICA AV/LEFFERTS BLVD,373
1.0350637897556035e+18,BOWERY/GRAND ST,204
1.0353628231163798e+18,COLUMBUS AV/W 100 ST,156
1.0341284500491031e+18,PIKE ST/DIVISION ST,90
1.0342201860600694e+18,9 AV/W 44 ST,94
1.0342355788411438e+18,3 AV/10 ST,50
1.03537036841812e+18,WEST ST/CARLISLE ST,130
1.0353738714732984e+18,WEST ST/CARLISLE ST,130
1.0353741763504504e+18,WEST ST/CARLISLE ST,130
1.035374494082987e+18,WEST ST/CARLISLE ST,130
1.0299939851618213e+18,KINGS HWY/CONEY ISLAND AV,187
1.0300041053890095e+18,KINGS HWY/E 8 ST,173
1.0300386575203622e+18,LEXINGTON AV/E 37 ST,76
1.0300419348022084e+18,E 34 ST/3 AV,272
1.0374434815425843e+18,ROCKAWAY AV/FOSTER AV,218
1.0375320489613649e+18,60 ST/7 AV,440
1.0378939547000101e+18,REMSEN AV/KINGS HWY,106
1.0379797595180384e+18,BROADWAY/VESEY ST,173
1.0385002857924952e+18,BROADWAY/MONTROSE AV,73
1.0342662430659373e+18,E 80 St/P 15 (not used),201
1.0343251192134223e+18,243 ST/MEMPHIS AV,151
1.03433106424633e+18,FRANCIS LEWIS BLVD/249 ST,243
1.0344345052512152e+18,W 50 ST/9 AV,51
1.0415293923918177e+18,1 AV/E 67 ST,46
1.0416213420951432e+18,AMSTERDAM AV/W 143 ST,191
1.0353747748606676e+18,WEST ST/CARLISLE ST,130
1.0353750827904891e+18,WEST ST/CARLISLE ST,130
1.0354332945912403e+18,THOMAS S BOYLAND ST/BAINBRIDGE ST,152
1.0355039741959485e+18,VARICK ST/WATTS ST,46
1.0355134458780379e+18,LIVINGSTON ST/NEVINS ST,120
1.0416694769387663e+18,120 AV/196 ST,89
1.0419086895596986e+18,WATER ST/MAIN ST,261
1.0385008348231767e+18,S 5 ST/HOOPER ST,194
1.0385030449503643e+18,BROADWAY/W 97 ST,41
1.0385462208369267e+18,HAMPTON ST/BAXTER AV,210
1.0385679087689792e+18,ELIOT AV/83 PL,684
1.0385846886538932e+18,1 AV/E 17 ST,127
1.0386934332972294e+18,WATER ST/MAIDEN LN,175
1.0387240222089089e+18,WATER ST/MAIDEN LN,132
1.0387274203038938e+18,WATER ST/JOHN ST,255
1.038790975859277e+18,W 106 ST/AMSTERDAM AV,27
1.0390498490567432e+18,E 79 ST/2 AV,176
1.0419732496011519e+18,NOSTRAND AV/LEFFERTS AV,97
1.0419804081270817e+18,Gowanus Exp./22 St (N.B.),37
1.0420541628359804e+18,11 AV/W 47 ST,59
1.0355160940657065e+18,W 72 ST/BROADWAY,195
1.035517422998462e+18,LEXINGTON AV/E 37 ST,60
1.0355289210137848e+18,LEXINGTON AV/E 37 ST,60
1.0355496766051181e+18,3 AV/E 47 ST,72
1.0356418188912502e+18,E 34 ST/3 AV,50
1.035678410792275e+18,2 AV/E 75 ST,58
1.0421000105259862e+18,W 125 ST/SAINT CLAIR PL,36
1.0421368387597829e+18,E 79 ST/2 AV,176
1.042137021674701e+18,E 79 ST/2 AV,176
1.042218107096684e+18,46 AV/162 ST,312
1.0422478847432266e+18,ADAM C POWELL BLVD/W 120 ST,114
1.0358303909352806e+18,SARATOGA AV/BAINBRIDGE ST,66
1.0359395983776911e+18,WATER ST/GOUVERNEUR LN,267
1.0359409670277647e+18,WATER ST/GOUVERNEUR LN,267
1.0359414948431782e+18,WATER ST/GOUVERNEUR LN,267
1.0390533053669257e+18,2 AV/E 75 ST,64
1.0390571478782093e+18,1 AV/E 93 ST,61
1.039104317628299e+18,E 49 ST/3 AV,109
1.0391330986058866e+18,WYTHE AV/N 12 ST,70
1.0391991556937983e+18,NOSTRAND AV/PROSPECT PL,135
1.0426529013787204e+18,SARATOGA AV/ATLANTIC AV,116
1.0428772288691048e+18,AMSTERDAM AV/W 143 ST,116
1.0430301670242415e+18,HEGEMAN AV/THOMAS S BOYLAND ST,160
1.0430418562198115e+18,BROADWAY/KENT AV,240
1.04342851212856e+18,1 AV/E 52 ST,163
1.0392165309596653e+18,8 AV/W 28 ST,274
1.0392432663408539e+18,BEDELL ST/BAISLEY BLVD,840
1.0393032781834875e+18,WYCKOFF AV/HIMROD ST,178
1.039387830704024e+18,MANHATTAN AV/W 119 ST,58
1.0394410375613988e+18,MORRIS AV/MOUNT EDEN PKWY,260
1.0397190057060387e+18,DRIGGS AV/N 11 ST,77
1.0397531011326725e+18,SOUTH END AV/ALBANY ST,107
1.0397567517531446e+18,8 AV/W 28 ST,140
1.0434462695334383e+18,FOSTER AV/E 29 ST,96
1.035961933887794e+18,7 AV/W 25 ST,8
1.0361337896000618e+18,LINCOLN AV/BRUCKNER BLVD,299
1.0361953359011887e+18,LINCOLN AV/BRUCKNER BLVD,299
1.0362011880890797e+18,8 AV/W 46 ST,170
1.0362108566209384e+18,8 AV/W 46 ST,170
1.0362597458357366e+18,WYCKOFF AV/DE KALB AV,186
1.0362737131213711e+18,WYCKOFF AV/DE KALB AV,186
1.0436038957066822e+18,FLATBUSH AV/KINGS HWY,230
1.039775375347211e+18,WATER ST/GOUVERNEUR LN,267
1.0397761218088225e+18,WATER ST/GOUVERNEUR LN,267
1.0398761941573284e+18,GREENPOINT AV/44 ST,1860
1.039883330806876e+18,METROPOLITAN AV/RODNEY ST,279
1.036276150421119e+18,W 57 ST/10 AV,56
1.0362761858601587e+18,WYCKOFF AV/DE KALB AV,186
1.0362773257200614e+18,WYCKOFF AV/DE KALB AV,186
1.0363029250528524e+18,MANHATTAN AV/W 109 ST,50
1.0363098387281786e+18,ASTORIA BLVD/STEINWAY ST,1010
1.0363748133432146e+18,LEXINGTON AV/E 37 ST,60
1.0437485499609763e+18,BROADWAY/W 76 ST,67
1.0364946638807203e+18,WOODPOINT RD/CONSELYEA ST,105
1.0366862535576705e+18,8 AV/W 46 ST,170
1.0366871436345179e+18,8 AV/W 46 ST,170
1.0366890870898592e+18,8 AV/W 46 ST,170
1.0399245672242554e+18,W 179 ST/WADSWORTH AV,34
1.039965089477167e+18,QUEENS BLVD/78 AV,406
1.0399969732623538e+18,RIVERDALE AV/W 231 ST,138
1.0400706604278729e+18,FORT WASHINGTON AV/W 190 ST,157
1.0400933495445937e+18,BEDFORD AV/N 9 ST,148
1.0401312053758052e+18,WYTHE AV/N 9 ST,128
1.0439901427322575e+18,8 AV/W 49 ST,176
1.0439921687555798e+18,8 AV/W 49 ST,176
1.0439925930246775e+18,8 AV/W 49 ST,176
1.0439929466771218e+18,8 AV/W 49 ST,176
1.0441093922842409e+18,3 AV/92 ST,96
1.0442263375406266e+18,3 AV/E 102 ST,62
1.0442920233166213e+18,2 AV/E 31 ST,79
1.0444436027070986e+18,GATES AV/CENTRAL AV,221
1.036691719092945e+18,8 AV/W 46 ST,170
1.0366926536977672e+18,8 AV/W 46 ST,170
1.0366936861678167e+18,8 AV/W 46 ST,170
1.0366943946164744e+18,8 AV/W 46 ST,170
1.0369196975761236e+18,RIVERSIDE DR/W 91 ST,105
1.0369457303943324e+18,BOWERY/HESTER ST,188
1.036949890162559e+18,63 DR/AUSTIN ST,281
1.0444851726778988e+18,BROADWAY/W 63 ST,143
1.0445754758874342e+18,MALCOLM X BLVD/W 129 ST,150
1.0404974013333647e+18,LEXINGTON AV/E 37 ST,60
1.0405242576165841e+18,THROOP AV/MADISON ST,132
1.0405776769633993e+18,WATER ST/GOUVERNEUR LN,267
1.0446976368307055e+18,3 AV/92 ST,96
1.0447370597717105e+18,WEST ST/CARLISLE ST,130
1.0449204565679498e+18,MADISON AV/E 30 ST,103
1.0449954639957478e+18,1 AV/E 93 ST,102
1.0405789343567338e+18,WATER ST/GOUVERNEUR LN,267
1.0405796153328253e+18,WATER ST/GOUVERNEUR LN,267
1.0405802485527049e+18,WATER ST/GOUVERNEUR LN,267
1.0405808442734145e+18,WEST ST/CARLISLE ST,130
1.0369688990798735e+18,2 AV/E 54 ST,129
1.0370169641473485e+18,JFK AIRPORT/TERMINAL 8,5534
1.0370845740430423e+18,LEXINGTON AV/E 40 ST,96
1.0370887004974166e+18,1 AV/E 70 ST,148
1.0370928713091101e+18,AVENUE C/E 6 ST,202
1.0371978307852166e+18,CATHEDRAL PKWY/BROADWAY,39
1.0373144340526825e+18,BROADWAY/W 105 ST,83
1.0466562872826872e+18,NEW YORK AV/UNION ST,126
1.0450206491989592e+18,FULTON ST/ROCKAWAY AV,218
1.0454225950386401e+18,HUDSON ST/PERRY ST,24
1.0406354127052413e+18,AMSTERDAM AV/W 79 ST,50
1.0412489714266154e+18,2 AV/E 94 ST,129
1.045422932660606e+18,W 49 ST/7 AV,123
1.0467658510917974e+18,JAMAICA AV/MILLER AV,188
1.046881470236821e+18,SAINT NICHOLAS AV/W 142 ST,236
1.0469033526270257e+18,WEST ST/CARLISLE ST,130
1.047045004200841e+18,PROSPECT PARK WEST/9 ST,90
1.0454233532534223e+18,E 34 ST/PARK AV,169
1.0455772063672374e+18,1 AV/E 52 ST,62
1.0456255853933562e+18,2 AV/E 119 ST,453
1.0460249469358438e+18,W 50 ST/11 AV,181
1.0414249367729376e+18,HORACE HARDING EXPWY/148 ST,198
1.0414297710827329e+18,ASTORIA BLVD/STEINWAY ST,764
1.041439960157186e+18,W 57 ST/BROADWAY,42
1.0414499897868161e+18,W 24 St/11 AV,26
1.0415014908339201e+18,E 14 ST/AVENUE A,110
1.0519546280209926e+18,AMSTERDAM AV/W 69 ST,127
1.0462685200675149e+18,CHRISTOPHER ST/HUDSON ST,79
1.0462688563545473e+18,WEST ST/CARLISLE ST,130
1.0462692101773531e+18,5 AV/W 55 ST,86
1.0462889849104042e+18,5 AV/W 32 ST,134
1.0463126891852664e+18,SAINT NICHOLAS AV/W 144 ST,212
1.0471109991282401e+18,18 AV/OCEAN PKWY,291
1.0471161943957791e+18,18 AV/OCEAN PKWY,291
1.04712411196954e+18,18 AV/OCEAN PKWY,291
1.0471348242861875e+18,VAN WYCK SOUTH SERVICE RD/BUILDING 90,16778
1.047194632899116e+18,6 AV/SPRING ST,39
1.04720305733268e+18,EAST TREMONT AV/SOUTHERN BLVD,63
1.0472220248858204e+18,KENT AV/N 9 ST,235
1.0472455527065407e+18,KENT AV/N 9 ST,97
1.0473082102736206e+18,DE KALB AV/FORT GREENE PL,199
1.0463250124078281e+18,THOMAS S BOYLAND ST/MARION ST,138
1.0520357603304321e+18,6 AV/W 45 ST,114
1.0521831535425426e+18,TOMPKINS AV/GATES AV,130
1.0522025853256433e+18,TOMPKINS AV/GATES AV,130
1.0522594103099872e+18,6 AV/W 20 ST,77
1.0522941824241444e+18,CENTRAL PARK SOUTH/6 AV,303
1.0523987123792796e+18,W 125 ST/MORNINGSIDE AV,200
1.0524115439640955e+18,MANHATTAN AV/W 121 ST,48
1.0463308784730342e+18,THOMAS S BOYLAND ST/MARION ST,70
1.046352281440825e+18,CORONA AV/91 PL,745
1.0463577855874509e+18,LINCOLN AV/BRUCKNER BLVD,299
1.0463658441248348e+18,LINCOLN AV/BRUCKNER BLVD,299
1.0463724756828556e+18,LINCOLN AV/BRUCKNER BLVD,299
1.0464592313296846e+18,WATCHOGUE RD/NEAL DOW AV,77
1.0464710444186332e+18,18 AV/OCEAN PKWY,291
1.0464867641985061e+18,18 AV/OCEAN PKWY,291
1.0465030813111945e+18,18 AV/OCEAN PKWY,291
1.0484743953491145e+18,PROSPECT PARK SOUTHWEST/REEVE PL,248
1.0485318903090847e+18,39 ST/7 AV,87
1.0485635634030006e+18,23 AV/87 ST,638
1.0485950869593759e+18,23 AV/87 ST,734
1.0486762686238418e+18,CENTRE ST/GRAND ST,247
1.0487491482495206e+18,RIVER AV/E 150 ST,262
1.0489229328050664e+18,3 AV/30 ST,220
1.0465060493964019e+18,18 AV/OCEAN PKWY,291
1.0465069229217011e+18,18 AV/OCEAN PKWY,291
1.0527678267834262e+18,FLATBUSH AV/STATE ST,107
1.0528886403245495e+18,COLLEGE POINT BLVD/15 AV,695
1.052992405473875e+18,AVENUE A/E 11 ST,143
1.0531100117630353e+18,MARCUS GARVEY BLVD/FULTON ST,57
1.053527589797193e+18,AVENUE D/E 45 ST,112
1.0535916114103364e+18,7 AV/W 17 ST,85
1.0536524657909686e+18,MADISON AV/E 56 ST,52
1.0537834224813908e+18,LAUREL HILL BLVD/58 ST,940
1.0539058125349428e+18,SAINT JOHNS PL/KINGSTON AV,123
1.0543755184748196e+18,1 AV/E 1 ST,73
1.0465088451390519e+18,18 AV/OCEAN PKWY,291
1.0466327368130664e+18,8 AV/W 28 ST,149
1.0600983143848503e+18,WILSON AV/CORNELIA ST,97
1.0489258660057539e+18,W 34 ST/5 AV,330
1.0491737779700278e+18,S 4 ST/HEWES ST,113
1.0601386772156692e+18,WILLIAMSBRIDGE RD/ALLERTON AV,33
1.0601923713282193e+18,9 AV/W 42 ST,109
1.0602391475349033e+18,10 AV/W 47 ST,102
1.0544630125265233e+18,AVENUE C/E 3 ST,66
1.0545288838909233e+18,SEAVIEW AV/E 95 ST,107
1.0546956057770369e+18,HALSEY ST/STUYVESANT AV,229
1.0547664239542337e+18,FLATLANDS AV/AVENUE J,114
1.0549221131278057e+18,5 AV/W 48 ST,66
1.0550087780437057e+18,W 31 ST/6 AV,110
1.0550307185766145e+18,5 AV/W 32 ST,144
1.055037646560689e+18,W 31 ST/6 AV,110
1.0602392157386793e+18,BROADWAY/W 92 ST,133
1.0602418716934615e+18,WILSON AV/PUTNAM AV,35
1.0602495901764748e+18,lincoln tnl app/lincoln tnl app,254
1.0491876537153294e+18,BROADWAY/MONTROSE AV,94
1.0492226054749071e+18,9 AV/W 52 ST,77
1.049282302817004e+18,UTICA AV/PROSPECT PL,57
1.0492994004320855e+18,CHURCH AV/BROOKLYN AV,254
1.0493180564958755e+18,GATES AV/PATCHEN AV,166
1.0493693028624163e+18,BROOKLYN BRIDGE PARK RD/JORALEMON ST,224
1.0494842150335505e+18,NEW LOTS AV/GEORGIA AV,155
1.0603022587307941e+18,WILLIAMSBRIDGE RD/ALLERTON AV,147
1.0551457340116253e+18,6 AV/PRINCE ST,129
1.055200488171983e+18,9 AV/W 52 ST,77
1.0554445974849334e+18,BORDEN AV/VAN DAM ST,83
1.0556534895299181e+18,WEST ST/CARLISLE ST,130
1.0556538209810642e+18,1 AV/E 91 ST,82
1.0556858760658355e+18,130 PL/BERGEN RD,986
1.0603522171175891e+18,BOSTON RD/ARNOW AV,284
1.0604777732871845e+18,ESSEX ST/CANAL ST,112
1.0496318907759551e+18,MADISON AV/E 29 ST,47
1.0499407677031988e+18,DRIGGS AV/N 11 ST,129
1.0499527935029006e+18,3 AV/E 82 ST,189
1.0500132040650451e+18,FARMERS BLVD/143 RD,123
1.0605405324863546e+18,COLUMBUS AV/W 106 ST,220
1.0606383495900844e+18,174 ST/110 AV,77
1.0556951058967579e+18,8 AV/W 49 ST,186
1.0557003113233386e+18,8 AV/W 49 ST,186
1.0557021593894898e+18,8 AV/W 49 ST,186
1.0557044647567848e+18,8 AV/W 49 ST,186
1.055715974330281e+18,8 AV/W 49 ST,186
1.05571645404289e+18,8 AV/W 49 ST,186
1.0558043519646205e+18,2 AV/E 119 ST,122
1.0558187634821548e+18,FARMERS BLVD/QUENCER RD,187
1.0607900251961096e+18,MALCOLM X BLVD/W 122 ST,78
1.0500487964225166e+18,E 10 ST/AVENUE B,126
1.0500675375093824e+18,2 AV/E 75 ST,71
1.0501030476251702e+18,7 AV/W 20 ST,157
1.0501155784125225e+18,BEDELL ST/BAISLEY BLVD,626
1.0501208176753427e+18,FRANKLIN AV/PROSPECT PL,57
1.050195982235343e+18,E 14 ST/3 AV,129
1.0502540229739375e+18,ALLEN ST/DELANCEY ST,128
1.0608480096187997e+18,WYTHE AV/N 12 ST,70
1.0608873964429075e+18,FRANCIS LEWIS BLVD/147 DR,181
1.0608939852498413e+18,7 AV/W 20 ST,114
1.0609269634162277e+18,11 ST/JACKSON AV,586
1.0609747245243049e+18,GRAND AV/MASPETH AV,495
1.0610016801652531e+18,PEARL ST/FULTON ST,249
1.0610493547000256e+18,EMPIRE BLVD/UTICA AV,51
1.0504698401705846e+18,WEST ST/CARLISLE ST,130
1.0504702457464005e+18,1 AV/E 64 ST,71
1.0506308663243272e+18,W 49 ST/10 AV,14
1.0506312904771045e+18,EAST HOUSTON ST/NORFOLK ST,55
1.0506670173936393e+18,W 31 ST/6 AV,184
1.0507592237358376e+18,FREDERICK DOUGLASS BLVD/W 113 ST,59
1.0610561765895862e+18,NEW YORK AV/PROSPECT PL,76
1.0558550351314894e+18,MYRTLE AV/CHARLES PL,191
1.055914998447389e+18,8 AV/W 52 ST,69
1.0563747527694455e+18,SAINT NICHOLAS AV/W 150 ST,57
1.0563765204391177e+18,1 AV/E 106 ST,105
1.0565098999395936e+18,FLATLANDS AV/ E 103 ST,60
1.0565579300240474e+18,7 AV/W 20 ST,164
1.056564961383687e+18,BROADWAY/LAWTON ST,107
1.0611137025958176e+18,BROADWAY/W 149 ST,161
1.0612187338363741e+18,SHORE RD/91 ST,248
1.0612433804597435e+18,FARMERS BLVD/143 RD,307
1.0507709803293764e+18,2 AV/E 75 ST,79
1.0507717666075199e+18,120 AV/NASHVILLE BLVD,58
1.0508079552035889e+18,5 AV/E 67 ST,87
1.0508319809857448e+18,W 31 ST/6 AV,104
1.0508597036745815e+18,2 AV/E 75 ST,71
1.0512666690195735e+18,2 AV/E 82 ST,84
1.0513035143377196e+18,WATER ST/GOUVERNEUR LN,194
1.0513176840744662e+18,ALBANY AV/ATLANTIC AV,93
1.0614611507098679e+18,VICTORY BLVD/LITTLE CLOVE RD,188
1.0566258405737158e+18,5 AV/W 130 ST,64
1.0566502310824723e+18,W 106 ST/AMSTERDAM AV,69
1.0567557744139548e+18,21 ST/BROADWAY,347
1.0567665447744191e+18,177 ST/106 AV,163
1.0571273984843707e+18,BROADWAY/W 108 ST,144
1.0572062575738762e+18,5 AV/3 ST,85
1.0614705031764325e+18,5 AV/W 30 ST,97
1.0614814614600017e+18,6 AV/W 31 ST,43
1.0614866284512819e+18,W 34 ST/BROADWAY,231
1.0615176810806592e+18,7 AV/W 20 ST,89
1.0616146359741743e+18,W 50 ST/11 AV,156
1.0514045022111558e+18,21 ST/30 AV,617
1.0514273573485782e+18,MADISON AV/E 29 ST,81
1.0515054425884488e+18,W 23 ST/6 AV,123
1.0516939605937748e+18,E 96 ST/LEXINGTON AV,201
1.0517296394129923e+18,5 AV/E 67 ST,87
1.0517307884883891e+18,MYRTLE AV/KNICKERBOCKER AV,158
1.0643011958924739e+18,7 AV SOUTH/BEDFORD ST,24
1.064301503148118e+18,8 AV/W 49 ST,176
1.0616168102656792e+18,SAINT JOHNS PL/KINGSTON AV,138
1.0572706636698892e+18,MYRTLE AV/KNICKERBOCKER AV,92
1.0577759953682026e+18,ALLERTON AV/FISH AV,147
1.0577976410642877e+18,THOMAS S BOYLAND ST/BAINBRIDGE ST,70
1.0581817923279167e+18,CENTRAL PARK NORTH/MALCOLM X BLVD,104
1.0582030664203277e+18,MANHATTAN AV/W 122 ST,143
1.0582267312051973e+18,MANHATTAN AV/W 121 ST,74
1.0616322336445125e+18,6 AV/W 38 ST,67
1.0616322994722824e+18,6 AV/W 38 ST,67
1.061632564187993e+18,6 AV/W 38 ST,67
1.0616326693123533e+18,ROOSEVELT AV/COLLEGE POINT BLVD,272
1.0616329718434364e+18,ROOSEVELT AV/COLLEGE POINT BLVD,272
1.0645238684519322e+18,E 49 ST/3 AV,109
1.0645245240966415e+18,E 49 ST/3 AV,109
1.0645693406557862e+18,E 34 ST/3 AV,140
1.0645782535512466e+18,2 AV/E 33 ST,162
1.0646358319798289e+18,OGDEN AV/W 164 ST,173
1.0647244944507209e+18,CONEY ISLAND AV/AVENUE C,201
1.0616330258322917e+18,ROOSEVELT AV/COLLEGE POINT BLVD,272
1.0616331317137677e+18,ROOSEVELT AV/COLLEGE POINT BLVD,272
1.0616546385743988e+18,10 AV/W 49 ST,103
1.0617228076647283e+18,E 8 ST/5 AV,37
1.0583384852487898e+18,E 79 ST/2 AV,176
1.0587083466033339e+18,WILSON AV/BLEECKER ST,106
1.0587527113039346e+18,9 AV/W 44 ST,63
1.0588153796220892e+18,9 AV/W 44 ST,63
1.0588389818888074e+18,DE KALB AV/SAINT NICHOLAS AV,228
1.0593997831612577e+18,5 AV/77 ST,75
1.0596098868895351e+18,YORK AV/E 76 ST,66
1.0597876571257349e+18,NOSTRAND AV/GATES AV,132
1.0619491709955075e+18,RIVERSIDE DR/W 77 ST,208
1.0619958405573926e+18,MESEROLE ST/MANHATTAN AV,68
1.0621452737446569e+18,1 AV/E 57 ST,43
1.059832394169922e+18,E 105 ST/1 AV,78
1.0600675172302031e+18,W 43 ST/8 AV,211
1.0671971058526499e+18,6 AV/W 20 ST,166
1.0671985152818432e+18,METROTECH UNDERPASS/LAWRENCE ST,124
1.0671988959924079e+18,6 AV/W 20 ST,166
1.0671996147188416e+18,6 AV/W 20 ST,166
1.0647785221887835e+18,BAY RIDGE AV/RIDGE BLVD,182
1.0650096568723584e+18,8 AV/W 49 ST,176
1.065123350709283e+18,WILSON AV/WILLOUGHBY AV,154
1.0651701446204216e+18,COLUMBUS AV/W 89 ST,126
1.0652404164263476e+18,DECATUR ST/KNICKERBOCKER AV,60
1.06526171496408e+18,ESSEX ST/RIVINGTON ST,58
1.0652620563660215e+18,ESSEX ST/RIVINGTON ST,58
1.0652622302582204e+18,ESSEX ST/RIVINGTON ST,58
1.0621483547975462e+18,SAINT JOHNS PL/SCHENECTADY AV,249
1.0622048748270865e+18,SENECA AV/BLEECKER ST,96
1.0672003305554962e+18,GRAND ST/WYTHE AV,210
1.0672007363483656e+18,AMSTERDAM AV/W 89 ST,53
1.0672013620286776e+18,SMITH ST/BERGEN ST,59
1.0672017405928076e+18,CENTRE ST/GRAND ST,258
1.0672024234197158e+18,E 55 ST/1 AV,214
1.0622255738045339e+18,LORIMER ST/SKILLMAN AV,194
1.0624597322798953e+18,W 43 ST/8 AV,124
1.0672031245801862e+18,E 55 ST/1 AV,214
1.0672036780344061e+18,PEARL ST/FULTON ST,201
1.0672043677271502e+18,PEARL ST/FULTON ST,201
1.0672050461402377e+18,PEARL ST/FULTON ST,201
1.0672057734224106e+18,CLEVELAND  PL/SPRING ST,105
1.0652622306443999e+18,ESSEX ST/RIVINGTON ST,58
1.0653726271707306e+18,30 AV/21 ST,661
1.0653948691707443e+18,PUTNAM AV/NOSTRAND AV,16
1.065403714551534e+18,TOMPKINS AV/WILLOUGHBY AV,106
1.0655212739245966e+18,LAFAYETTE AV/NOSTRAND AV,157
1.0657168200748143e+18,6 AV/W 45 ST,93
1.0657343383333992e+18,W 181 ST/AMSTERDAM AV,63
1.0657583626013037e+18,W 181 ST/AMSTERDAM AV,63
1.062478810779287e+18,W 43 ST/8 AV,242
1.0625063668625565e+18,MADISON AV/E 30 ST,96
1.0625148889439308e+18,SAINT NICHOLAS AV/W 190 ST,49
1.062524509478703e+18,E 233 ST/SETON AV,156
1.0672067396565868e+18,COURT ST/SCHERMERHORN ST,376
1.0672096470059468e+18,COURT ST/SCHERMERHORN ST,376
1.0672121506169719e+18,CENTRAL PARK SOUTH/6 AV,326
1.067212478316422e+18,AMSTERDAM AV/W 89 ST,53
1.0672605087094004e+18,E 55 ST/1 AV,214
1.0626335895283837e+18,MADISON AV/E 34 ST,139
1.0627741604797851e+18,DELANCEY ST/ESSEX ST,89
1.0657623994162342e+18,W 181 ST/AMSTERDAM AV,63
1.0657699714452013e+18,W 181 ST/AMSTERDAM AV,63
1.065778832869908e+18,W 181 ST/AMSTERDAM AV,63
1.0657822263243377e+18,W 181 ST/AMSTERDAM AV,63
1.0658137157206977e+18,CROPSEY AV/17 AV,147
1.0659669885679744e+18,COLUMBUS AV/W 69 ST,152
1.0659848487298543e+18,9 AV/W 40 ST,210
1.0659932411152154e+18,9 AV/W 40 ST,278
1.0672610694559247e+18,E 55 ST/1 AV,214
1.0672616580678929e+18,E 55 ST/1 AV,214
1.0672622406656677e+18,EAST HOUSTON ST/NORFOLK ST,48
1.0672650105884521e+18,E 23 ST/3 AV,15
1.0672655349400037e+18,EAST HOUSTON ST/NORFOLK ST,48
1.0629329160290422e+18,5 AV/W 43 ST,6
1.0631261613073637e+18,AVENUE D/E 39 ST,340
1.0631367734683775e+18,GATES AV/MARCUS GARVEY BLVD,419
1.0631541352785692e+18,AVENUE C/E 12 ST,68
1.0672663574477623e+18,W 72 ST/BROADWAY,168
1.0672667025305112e+18,EAST HOUSTON ST/NORFOLK ST,48
1.0672677690474541e+18,EAST HOUSTON ST/2 AV,89
1.0634204467150912e+18,WASHINGTON AV/PROSPECT PL,125
1.0672681689150948e+18,EAST HOUSTON ST/2 AV,89
1.0672686319047523e+18,W 14 ST/6 AV,224
1.0672692582255059e+18,W 14 ST/6 AV,224
1.0672710455463795e+18,6 AV/W 20 ST,166
1.067271770974691e+18,E 55 ST/1 AV,214
1.0660062769011631e+18,9 AV/W 35 ST,26
1.0660281967156334e+18,GRAND ST/MORGAN AV,341
1.0660455725332687e+18,1 AV/E 11 ST,65
1.0661028624451881e+18,MYRTLE AV/MARCY AV,111
1.0661705372546418e+18,SEAVIEW AV/E 93 ST,416
1.066251806256864e+18,JOHNSON AV/WHITE ST,351
1.0663213017424141e+18,NEW LOTS AV/BERRIMAN ST,82
1.0663230068848778e+18,MERRICK BLVD/FOCH BLVD,242
1.066342455061283e+18,W 57 ST/9 AV,210
1.0637692128974469e+18,THOMAS S BOYLAND ST/EASTERN PKWY,166
1.0638750339239818e+18,METROPOLITAN AV/HAVEMEYER ST,24
1.0672723103791935e+18,E 55 ST/1 AV,214
1.0672728806270186e+18,W 14 ST/6 AV,224
1.0672750904088074e+18,CENTRE ST/GRAND ST,257
1.0672754006392662e+18,AMSTERDAM AV/W 89 ST,53
1.0638878698362145e+18,JFK AIRPORT/TERMINAL 8,6465
1.0672760417507361e+18,AMSTERDAM AV/W 89 ST,53
1.0672765711389004e+18,AMSTERDAM AV/W 89 ST,53
1.0672771530302012e+18,AMSTERDAM AV/W 89 ST,53
1.067277749779947e+18,E 55 ST/1 AV,214
1.0672801218638787e+18,5 AV/14 ST,234
1.0665416958511505e+18,HALSEY ST/KNICKERBOCKER AV,162
1.0666192702505453e+18,9 AV/W 52 ST,28
1.066623888304208e+18,E 50 ST/LEXINGTON AV,53
1.0666308370208239e+18,6 AV/W 45 ST,93
1.0666617157223645e+18,E 68 ST/YORK AV,149
1.0640146623565193e+18,LINCOLN AV/RICHMOND RD,311
1.0643005150538286e+18,6 AV/W 45 ST,93
1.0643008276954625e+18,W 42 ST/11 AV,48
1.0684071504333535e+18,DUMONT AV/JUNIUS ST,339
1.0685371206269679e+18,KINGSTON AV/UNION ST,181
1.0672805998185321e+18,CLEVELAND  PL/SPRING ST,105
1.0672815955368347e+18,6 AV/W 20 ST,166
1.0672823812807685e+18,KENT AV/METROPOLITAN AV,35
1.0672829331722893e+18,KENT AV/METROPOLITAN AV,35
1.0672834090643615e+18,6 AV/W 20 ST,166
1.0685997748627436e+18,TOMPKINS AV/WILLOUGHBY AV,103
1.0667593238198264e+18,EAST HOUSTON ST/NORFOLK ST,253
1.0667622616613046e+18,11 AV/W 47 ST,59
1.0667631585692017e+18,AMSTERDAM AV/W 62 ST,108
1.066837013767775e+18,E 67 ST/MADISON AV,35
1.0669112144490744e+18,NEREID AV/SETON AV,81
1.0670215298379782e+18,MADISON AV/E 28 ST,160
1.06873029727062e+18,NORTHERN BL/WESTMORELAND ST,76
1.0687419031073006e+18,NORTHERN BL/WESTMORELAND ST,199
1.0671784934843124e+18,W 14 ST/6 AV,224
1.0671791946214642e+18,8 AV/W 20 ST,229
1.0671820084973769e+18,3 AV/E 11 ST,72
1.0671824846729578e+18,W 66 ST/COLUMBUS AV,30
1.0671829145681302e+18,PEARL ST/FULTON ST,201
1.0673173656270513e+18,AMSTERDAM AV/W 89 ST,53
1.0673210011268924e+18,CENTRE ST/GRAND ST,257
1.0673213378721628e+18,CADMAN PLAZA WEST/CLARK ST,235
1.0673217348529312e+18,PEARL ST/FULTON ST,201
1.0673224904874644e+18,CENTRE ST/GRAND ST,257
1.0689100526012786e+18,11 ST/47 AV,194
1.0689120655845866e+18,ATLANTIC AV/LEFFERTS BLVD,998
1.0689640328670399e+18,GREENPOINT AV/47 ST,416
1.0690851933979666e+18,TOMPKINS AV/MYRTLE AV,100
1.067322793813823e+18,15 ST/8 AV,157
1.067323264117363e+18,5 AV/5 ST,142
1.0673260290223514e+18,BERGEN ST/CARLTON AV,249
1.0673262900901019e+18,11 AV/W 47 ST,59
1.0673264988147217e+18,CLEVELAND  PL/SPRING ST,105
1.0691059075583292e+18,SAINT JOHNS PL/ALBANY AV,205
1.0671835584562758e+18,BATTERY PL/WASHINGTON ST,50
1.0671840299417819e+18,8 AV/W 20 ST,229
1.0671849538454952e+18,W 66 ST/COLUMBUS AV,30
1.0671853712598519e+18,BATTERY PL/WASHINGTON ST,50
1.069508594681768e+18,YORK AV/E 69 ST,92
1.0695163935968996e+18,130 PL/BERGEN RD,820
1.0695197047582067e+18,CATHEDRAL PKWY/FREDERICK DOUGLASS BLVD,71
1.0671888590618879e+18,3 AV/E 63 ST,108
1.0671891699509247e+18,3 AV/E 63 ST,108
1.0671894787885601e+18,3 AV/E 63 ST,108
1.0671897923417417e+18,CLEVELAND  PL/SPRING ST,228
1.0695267035827272e+18,1 AV/E 70 ST,88
1.067326682565134e+18,11 AV/W 47 ST,59
1.0673268815076973e+18,KENT AV/METROPOLITAN AV,35
1.0673274460594996e+18,YORK ST/GOLD ST,171
1.0673284624120247e+18,YORK ST/GOLD ST,170
1.0695784773941242e+18,SCHAEFER ST/CENTRAL AV,76
1.0695803542124125e+18,8 AV/W 46 ST,75
1.0695815053610981e+18,W 50 ST/8 AV,158
1.0695879608309871e+18,BEACH ST/UNION PL,189
1.067190097579226e+18,CENTRE ST/GRAND ST,258
1.0671904122296035e+18,8 AV/W 20 ST,229
1.0671908918017535e+18,8 AV/W 20 ST,229
1.067191358391431e+18,WATER ST/WALL ST,108
1.0671918737572279e+18,BOWERY/SPRING ST,141
1.0695910463017678e+18,CHRISTOPHER ST/GREENWICH ST,23
1.0696188893562726e+18,3 AV/E 75 ST,61
1.0696322440809632e+18,CANAL ST/CANAL ST,96
1.0696607065060791e+18,2 AV/E 75 ST,154
1.0697211613057283e+18,9 AV/W 46 ST,189
1.067328912284569e+18,YORK ST/GOLD ST,171
1.067329577842647e+18,YORK ST/GOLD ST,171
1.0673398795997851e+18,11 AV/W 47 ST,59
1.0697364003481192e+18,ESSEX ST/RIVINGTON ST,66
1.0697758256920032e+18,8 AV/W 4 ST,232
1.0701517581298154e+18,W 70 ST/FREEDOM PL,86
1.0671921996431716e+18,BOWERY/SPRING ST,141
1.0671935148594803e+18,BATTERY PL/WASHINGTON ST,50
1.0724827072348342e+18,ADAM C POWELL BLVD/W 138 ST,85
1.0724902920735823e+18,ATLANTIC AV/92 ST,931
1.0725217834073157e+18,BEDELL ST/BAISLEY BLVD,740
1.0725394437692465e+18,VANDERBILT AV/FULTON ST,188
1.0702311313067791e+18,5 AV/SAINT JOHNS PL,70
1.0675468212883908e+18,BROADWAY/CORTLANDT ST,140
1.067590275447169e+18,7 AV/W 20 ST,164
1.0702682796974761e+18,2 AV/E 75 ST,104
1.0702705373771633e+18,LIVINGSTON ST/SMITH ST,61
1.0702710218480122e+18,ATLANTIC AV/HOYT ST,152
1.0702720521698188e+18,W 42 ST/BROADWAY,239
1.0702726372471498e+18,W 42 ST/AV OF THE AMERICAS,179
1.0702880964369192e+18,EAST HOUSTON ST/CLINTON ST,155
1.0675912279218783e+18,W 49 ST/7 AV,173
1.067597917209822e+18,WHITE PLAINS RD/E 215 ST,96
1.067638572137152e+18,14 AV/123 ST,559
1.0677316880892357e+18,COLUMBUS AV/W 106 ST,186
1.0677464878916726e+18,3 AV/3 ST,671
1.0682199158783654e+18,WYCKOFF AV/GROVE ST,69
1.068228716746876e+18,COLUMBUS AV/W 84 ST,160
1.0683406304513133e+18,GREENE AV/WASHINGTON AV,173
1.0683686381221183e+18,W 33 ST/NEPTUNE AV,110
1.0726045835339853e+18,CRESCENT ST/RIDGEWOOD AV,232
1.0726227914378971e+18,SCHAEFER ST/WILSON AV,183
1.0726663977770781e+18,DECATUR ST/CENTRAL AV,56
1.0726845275381103e+18,CONEY ISLAND AV/AVENUE C,217
1.0727486633911332e+18,SAINT JOHNS PL/ALBANY AV,225
1.0728200491445019e+18,GREENPOINT AV/47 ST,565
1.0728219073940946e+18,WEST HOUSTON ST/SULLIVAN ST,76
1.0731794480743572e+18,DIVISION AV/DRIGGS AV,238
1.0732433777277894e+18,9 AV/W 46 ST,199
1.0702921506765518e+18,RALPH AV/BAINBRIDGE ST,168
1.0703033177069286e+18,FLUSHING AV/HUMBOLDT ST,111
1.0703126625254543e+18,FLUSHING AV/BEAVER ST,131
1.0703277061663864e+18,5 AV/W 31 ST,83
1.0703666599611017e+18,10 AV/W 47 ST,52
1.070371720469031e+18,AMSTERDAM AV/W 83 ST,121
1.0703722183219628e+18,10 AV/W 47 ST,100
1.070376523863401e+18,E 79 ST/2 AV,56
1.0703829022154666e+18,GATES AV/PATCHEN AV,183
1.073746988444955e+18,AVENUE N/E 58 ST,342
1.0739156716552964e+18,ROEBLING ST/GRAND ST,99
1.0739769142120973e+18,CENTRAL PARK WEST/W 106 ST,121
1.0741772497397569e+18,NORTHERN BLVD/168 ST,293
1.074617829677961e+18,FOSTER AV/ROGERS AV,61
1.0747604661363685e+18,1 AV/E 11 ST,59
1.0747983544673582e+18,21 ST/30 AV,786
1.0748242225993848e+18,5 AV/SAINT JOHNS PL,48
1.0748494214919931e+18,BELL BLVD/32 AV,509
1.070385146027468e+18,CHURCH AV/E 39 ST,276
1.0703985792819535e+18,GRAND ST/PITT ST,474
1.0704508916811567e+18,BROADWAY/VESEY ST,129
1.0704931405232174e+18,DE KALB AV/STUYVESANT AV,158
1.0704933853236719e+18,WILSON AV/SCHAEFFER ST,90
1.0705133616652605e+18,ESSEX ST/DELANCEY ST,229
1.0705317072210954e+18,HALSEY ST/MARCY AV,254
1.0776700797665971e+18,FREDERICK DOUGLASS BLVD/114 ST,31
1.0778554412446015e+18,ATLANTIC AV/ELDERT LN,290
1.0782954876345517e+18,BOWERY/GRAND ST,123
1.0783367701275293e+18,W 42 ST/9 AV,382
1.0783820229065407e+18,W 42 ST/9 AV,270
1.0785425243565066e+18,ASTORIA BLVD SOUTH/STEINWAY ST,744
1.0786150040330847e+18,CRESCENT ST/RIDGEWOOD AV,47
1.0708297053572485e+18,W 57 ST/9 AV,218
1.0708590969765993e+18,E 10 ST/AVENUE B,40
1.0709010524208485e+18,NEW YORK AV/STERLING PL,60
1.0748733198812104e+18,W 50 ST/10 AV,176
1.0750564544216983e+18,E 72 ST/2 AV,65
1.0752272923838924e+18,11 AV/W 44 ST,228
1.0753426005015901e+18,BRONXWOOD AV/E 218 ST,222
1.0709534545540499e+18,W 44 ST/6 AV,83
1.0710165506902359e+18,10 AV/W 47 ST,150
1.0710347587334077e+18,GATES AV/PATCHEN AV,196
1.0710519781159203e+18,MYRTLE AV/SUYDAM ST,276
1.0710657338694627e+18,MYRTLE AV/BUSHWICK AV,65
1.0710837383265736e+18,MYRTLE AV/CHARLES PL,359
1.0710852325991968e+18,PARK AV SOUTH/E 23 ST,85
1.0710974701297066e+18,GATES AV/BEDFORD AV,176
1.0712305313688758e+18,SCHAEFER ST/WILSON AV,164
1.0754392521358998e+18,7 AV/13 ST,120
1.0754394388878267e+18,8 AV/11 ST,110
1.075472992489211e+18,ESSEX ST/RIVINGTON ST,106
1.0754921999791894e+18,LEXINGTON AV/E 116 ST,67
1.0755039423064539e+18,E 116 ST/MADISON AV,160
1.0755088273036449e+18,9 AV/W 46 ST,124
1.0755415361182792e+18,8 AV/W 25 ST,155
1.0755415945125508e+18,W 43 ST/8 AV,113
1.0789236446396616e+18,2 AV/E 82 ST,167
1.0789702506846829e+18,FARMERS BLVD/145 DR,462
1.0790023192955606e+18,7 AV/W 37 ST,205
1.079055928537511e+18,SPRINGFIELD BLVD/104 AV,493
1.0790611158844168e+18,JAMAICA AV/115 ST,109
1.0790939993505412e+18,9 AV/W 55 ST,46
1.079110643206382e+18,JAMAICA AV/115 ST,130
1.0791522290191535e+18,AVENUE H/E 54 ST,150
1.0791760336255904e+18,3 AV/E 37 ST,126
1.0713334004271675e+18,E 34 ST/PARK AV,127
1.0714199630166985e+18,WEST HOUSTON ST/WEST BROADWAY,184
1.0716069976262975e+18,CITY ISLAND AV/FORDHAM ST,313
1.0716887696588324e+18,MARCUS GARVEY BLVD/WILLOUGHBY AV,169
1.0756815215666042e+18,3 AV/E 9 ST,85
1.0756935790288923e+18,LEXINGTON AV/E 37 ST,231
1.075906713750679e+18,RALPH AV/SUMPTER ST,202
1.0759730739632795e+18,5 AV/54 ST,71
1.0760026200520749e+18,E 49 ST/1 AV,262
1.076003044998952e+18,1 AV/E 57 ST,43
1.0717031606142112e+18,E 14 ST/3 AV,206
1.0792795907129887e+18,WESTCHESTER AV/ELDER AV,352
1.0796810438340517e+18,REMSEN AV/AVENUE M,358
1.0797762802744197e+18,BROADWAY/W 94 ST,118
1.079890729260576e+18,4 AV/E 10 ST,118
1.0798964075295462e+18,LORIMER ST/TEN EYCK ST,160
1.0799015076718717e+18,MADISON AV/E 40 ST,134
1.0799109937179825e+18,WILSON AV/SUYDAM ST,157
1.0717121088112456e+18,W 31 ST/6 AV,163
1.0717318617261224e+18,7 AV/W 20 ST,164
1.0717745114146108e+18,ADAM C POWELL BLVD/W 112 ST,124
1.0718467137514162e+18,W 14 ST/6 AV,224
1.0799951546391512e+18,VAN BRUNT ST/COFFEY ST,73
1.0802571451328817e+18,8 AV/W 49 ST,176
1.0803322700276812e+18,MONTROSE AV/BUSHWICK AV,141
1.0803970661271263e+18,3 AV/E 88 ST,83
1.0804132764081306e+18,FULTON ST/MARCY AV,0
1.0804358055792142e+18,2 AV/E 78 ST,133
1.0760209239870115e+18,2 AV/E 31 ST,79
1.0760870818952372e+18,1 AV/E 11 ST,69
1.0760904942772769e+18,BROOKLYN AV/SAINT JOHNS PL,72
1.076099247250886e+18,1 AV/E 11 ST,65
1.0762025417386359e+18,21 ST/38 AV,599
1.0720897448501916e+18,BOWERY/GRAND ST,62
1.0724169052924398e+18,1 AV/E 91 ST,156
1.0724229294274829e+18,BROADWAY/HOOPER ST,148
1.0724388728381391e+18,HALSEY ST/EVERGREEN AV,125
1.0762944272674067e+18,MANHATTAN AV/W 116 ST,34
1.0763049914394452e+18,E 55 ST/1 AV,57
1.0763139621430538e+18,SUTTON PL/E 55 ST,145
1.0768096418475173e+18,WATER ST/WALL ST,282
1.076824544318788e+18,UNIONPORT RD/METROPOLITAN AV,251
1.0768264771749861e+18,2 AV/E 75 ST,182
1.072441340307274e+18,7 AV/W 53 ST,176
1.0724417001996549e+18,LINDEN BLVD/193 ST,105
1.0724694071156635e+18,HALSEY ST/CENTRAL AV,174
1.0804533352648297e+18,W 23 ST/10 AV,37
1.0804625603090525e+18,RIVERSIDE DR/W 108 ST,82
1.0804626743363991e+18,RIVERSIDE DR/W 108 ST,82
1.0805242472292344e+18,2 AV/E 78 ST,133
1.0805632345698875e+18,W 34 ST/5 AV,159
1.0806151699290147e+18,140 AV/180 ST,319
1.0806708696043506e+18,3 AV/E 88 ST,99
1.0807697436699606e+18,KINGSLAND AV/WITHERS ST,45
1.0810949435939997e+18,BROADWAY/ELDERT ST,68
1.0831038140001742e+18,6 AV/BROOME ST,82
1.0832323098174927e+18,CHURCH AV/NEW YORK AV,37
1.083354516854663e+18,DRIGGS AV/S 4 ST,227
1.0769019609494816e+18,RIVERSIDE DR/W 74 ST,139
1.0769125236235409e+18,2 AV/E 12 ST,123
1.0769512894931064e+18,1 AV/E 82 ST,118
1.0769638626716221e+18,LEXINGTON AV/E 100 ST,53
1.0769717137006844e+18,MANHATTAN AV/W 113 ST,45
1.0769917787013462e+18,MANHATTAN AV/W 116 ST,53
1.076997502152421e+18,FREDERICK DOUGLASS BLVD/W 113 ST,71
1.0769975827309975e+18,MANHATTAN AV/W 116 ST,45
1.0772915877794094e+18,E 79 ST/5 AV,58
1.0833694965559247e+18,ESSEX ST/EAST BROADWAY,64
1.0833969852657038e+18,MURDOCK AV/FRANCIS LEWIS BLVD,178
1.0834133471146479e+18,LEXINGTON AV/E 92 ST,176
1.0834571323253133e+18,FLATLANDS AV/AVENUE J,46
1.0835481109171421e+18,NEW YORK AV/FARRAGUT RD,353
1.0772920450295574e+18,6 AV/W 45 ST,93
1.0774332677292714e+18,DE KALB AV/KNICKERBOCKER AV,85
1.0775347477561791e+18,2 AV/E 31 ST,79
1.0775377219626542e+18,CRESCENT ST/RIDGEWOOD AV,71
1.0776098894833356e+18,ATLANTIC AV/GRANT AV,341
1.07766208743409e+18,3 AV/E 33 ST,128
1.0875806404219848e+18,E 49 ST/3 AV,58
1.0811241819562318e+18,GRAND CONCOURSE/EAST TREMONT AV,386
1.081153334878874e+18,NASSAU AV/KINGSLAND AV,121
1.0811859736003729e+18,7 AV/W 20 ST,142
1.0812667360981315e+18,ESSEX ST/EAST HOUSTON ST,162
1.0812709217027741e+18,LEXINGTON AV/E 89 ST,133
1.0813259112625108e+18,SPRINGFIELD BLVD/EASTGATE PLAZA,364
1.0813292045235254e+18,BROADWAY/GRAND ST,22
1.0813311124422866e+18,BROADWAY/GRAND ST,249
1.08360510971334e+18,62 DR/99 ST,227
1.0840248906229367e+18,SAINT NICHOLAS AV/W 190 ST,89
1.0840255602429463e+18,RIVERSIDE DR/W 94 ST,133
1.0875885446394999e+18,3 AV/E 47 ST,140
1.0875979965627191e+18,WEST ST/CARLISLE ST,130
1.087598300394911e+18,WEST ST/CARLISLE ST,130
1.0875985840955816e+18,W 54 ST/11 AV,4
1.0877110577567634e+18,11 ST/JACKSON AV,443
1.0877577318388897e+18,6 AV/W 27 ST,102
1.0842056498224133e+18,BROADWAY/W 91 ST,65
1.0842736765868338e+18,FARMERS BLVD/145 DR,168
1.0843148588746294e+18,ROCKAWAY PKWY/SCHENCK ST,105
1.0813325559177994e+18,CENTRE ST/GRAND ST,153
1.0813337011751232e+18,CENTRE ST/GRAND ST,214
1.0813349094238239e+18,CENTRE ST/GRAND ST,203
1.0813376175257024e+18,BROADWAY/GRAND ST,278
1.0814492531042668e+18,MARCUS GARVEY BLVD/MACDONOUGH ST,171
1.0814780681426907e+18,CHURCH AV/BROOKLYN AV,100
1.0843391110659224e+18,MERRICK BLVD/107 AV,468
1.0843940448122181e+18,21 ST/44 DR,47
1.0846744204066574e+18,NEW YORK AV/CLARENDON RD,349
1.0877664403361216e+18,6 AV/W 27 ST,138
1.0877970165217325e+18,21 ST/30 AV,529
1.0877984317860892e+18,MYRTLE AV/STOCKHOLM ST,260
1.087800217989122e+18,11 AV/W 47 ST,59
1.0878009160090516e+18,11 AV/W 47 ST,59
1.0878999336012876e+18,MARGARET CORBIN DR/CLOISTERS,834
1.0879015654057498e+18,MANHATTAN AV/W 116 ST,39
1.0879310585848622e+18,E 49 ST/LEXINGTON AV,172
1.0880284318917669e+18,MOUNT MORRIS PARK WEST/W 121 ST,450
1.0846813593739136e+18,WALKER ST/TRANTOR PL,192
1.0847687699724943e+18,2 AV/E 31 ST,122
1.0815071393959124e+18,RICHMOND RD/HULL AV,1637
1.0815306831681138e+18,RICHMOND RD/HUNTER AV,1389
1.0816880748620467e+18,8 AV/W 49 ST,176
1.0816884781791935e+18,8 AV/W 49 ST,176
1.081752668837475e+18,HOYT AV SOUTH/31 ST,1483
1.0817617006703158e+18,1 AV/E 52 ST,119
1.0817747641454291e+18,HOYT AV SOUTH/31 ST,1275
1.0819357494364123e+18,SPRINGFIELD BLVD/SPRINGFIELD LN,511
1.0848278544619237e+18,10 AV/W 47 ST,146
1.084828217755386e+18,62 DR/YELLOWSTONE BLVD,171
1.0848334563946447e+18,NORTH BOUNDARY RD/N HANGAR RD,1327
1.0848376781553032e+18,10 AV/W 42 ST,99
1.0848713615918756e+18,10 AV/W 49 ST,148
1.088440249735667e+18,S 4 ST/HEWES ST,77
1.0884485867903986e+18,W 23 ST/6 AV,169
1.0884584821120637e+18,6 AV/W 27 ST,73
1.0884623541389472e+18,6 AV/W 27 ST,101
1.0888284979904927e+18,S 4 ST/HOOPER ST,26
1.0889958640902227e+18,9 AV/W 46 ST,110
1.0890891280414636e+18,S 4 ST/HOOPER ST,75
1.089113738080022e+18,BROADWAY/MONTROSE AV,81
1.0849420635219724e+18,FREDERICK DOUGLASS BLVD/W 116 ST,85
1.0819414637802045e+18,E 116 ST/PARK AV,132
1.0819616305897996e+18,8 AV/W 28 ST,102
1.0819622131518848e+18,E 116 ST/PARK AV,218
1.0819718124745178e+18,MERRICK BLVD/FOCH BLVD,102
1.0820416389588741e+18,CHURCH AV/OCEAN AV,47
1.0820493868956275e+18,FREDERICK DOUGLASS BLVD/W 113 ST,79
1.0823005852353389e+18,SAINT MARKS PL/2 AV,60
1.0849496803356736e+18,MADISON AV/E 40 ST,177
1.0849596210386131e+18,MANHATTAN AV/W 113 ST,63
1.0849727474843924e+18,LITTLE NECK PKWY/41 DR,447
1.0891854583467405e+18,ROGERS AV/AVENUE D,230
1.0892906097455177e+18,W 43 ST/8 AV,50
1.0892960024530527e+18,BOX ST/MANHATTAN AV,1286
1.089413171661165e+18,GATES AV/BUSHWICK AV,184
1.0897258927643284e+18,PIKE ST/MADISON ST,29
1.0897292461927949e+18,MADISON ST/RUTGERS ST,52
1.0897667022908499e+18,W 50 ST/11 AV,33
1.0897990025388654e+18,HALSEY ST/LEWIS AV,178
1.0850080813940178e+18,YORK AV/E 69 ST,5892
1.0824568085836512e+18,PENNSYLVANIA AV/DUMONT AV,151
1.0826579491915218e+18,W 23 ST/10 AV,37
1.082660771919358e+18,9 ST/6 AV,196
1.0827347703127177e+18,LORIMER ST/MEEKER AV,141
1.0828468406083546e+18,WESTCHESTER AV/MAHAN AV,170
1.0925812440452506e+18,BROADWAY/MONTROSE AV,65
1.0927640407085554e+18,W 43 ST/8 AV,29
1.0927649228495259e+18,10 AV/W 37 ST,92
1.092801249343488e+18,8 AV/W 31 ST,113
1.0851220417342039e+18,8 AV/40 ST,104
1.0855019204037997e+18,LEXINGTON AV/E 92 ST,98
1.0856529748613964e+18,WATER ST/OLD SLIP,64
1.0857742613171393e+18,21 ST/BROADWAY,347
1.0860824385098392e+18,3 AV/E 109 ST,63
1.0862002768916649e+18,WYCKOFF AV/GROVE ST,137
1.0898164704317051e+18,2 AV/E 75 ST,132
1.0898493302863621e+18,BERGEN ST/BEDFORD AV,159
1.0899120370599357e+18,10 AV/W 40 ST,102
1.0899293702278264e+18,BELL BLVD/39 AV,313
1.0899554497131937e+18,BROADWAY/W 93 ST,49
1.0928018221523277e+18,8 AV/W 28 ST,212
1.0928212574483137e+18,GATES AV/PATCHEN AV,152
1.0929275571658982e+18,DREW ST/SUTTER AV,547
1.0929282947085802e+18,8 AV/W 52 ST,134
1.0929504238320128e+18,8 AV/W 52 ST,94
1.0929516414723775e+18,7 AV/W 54 ST,131
1.0929540361795759e+18,8 AV/W 52 ST,97
1.0862239661136525e+18,W 31 ST/6 AV,77
1.0862602098546816e+18,8 AV/W  56 ST,84
1.0862760277663715e+18,MADISON AV/E 129 ST,229
1.0900282703166243e+18,BRONXWOOD AV/E 218 ST,135
1.09004160467713e+18,BROADWAY/MADISON ST,283
1.0900582129874984e+18,COOPER ST/EVERGREEN AV,259
1.090060243063984e+18,UTICA AV/EASTERN PKWY,25
1.0902871389454351e+18,DELANCEY ST/ESSEX ST,37
1.09033466096067e+18,DRIGGS AV/UNION AV,65
1.0905414000375393e+18,1 AV/E 91 ST,82
1.0905419063814615e+18,E 34 ST/PARK AV,169
1.0862760949292184e+18,MADISON AV/E 127 ST,87
1.0863123444959227e+18,ESSEX ST/GRAND ST,77
1.0863195597106564e+18,E 79 ST/2 AV,179
1.0929554448831919e+18,8 AV/W 52 ST,98
1.0935287848589651e+18,10 AV/W 45 ST,96
1.0936150366009778e+18,10 AV/W 47 ST,149
1.0936278321425402e+18,3 AV/E 99 ST,77
1.0936373226874755e+18,10 AV/W 37 ST,110
1.0936489895605935e+18,EAST TREMONT AV/GRAND CONCOURSE EAST,81
1.0936771082235988e+18,EAST TREMONT AV/ANTHONY AV,105
1.0863391146541896e+18,MADISON AV/E 132 ST,180
1.0863392478920388e+18,5 AV/W 130 ST,97
1.0863393398718794e+18,MADISON AV/E 132 ST,152
1.0863494650742579e+18,ALLEN ST/DELANCEY ST,107
1.0863576138088145e+18,ASTORIA BLVD SOUTH/STEINWAY ST,2272
1.086373655299408e+18,FOREST AV/MAPLE PKWY,660
1.086379650709474e+18,MANHATTAN AV/W 116 ST,85
1.0863949381182867e+18,MANHATTAN AV/W 114 ST,167
1.0865232018570013e+18,120 AV/232 ST,69
1.090553830200685e+18,NEPTUNE AV/E 12 ST,36
1.0906175827255217e+18,2 AV/E 75 ST,164
1.0906386110663904e+18,MESEROLE ST/UNION AV,111
1.0907136965803104e+18,UTICA AV/PROSPECT PL,29
1.0907197224313588e+18,FULTON ST/BROOKLYN AV,299
1.090741182977771e+18,21 ST/44 DR,1
1.0907966508033655e+18,MANHATTAN AV/W 106 ST,90
1.0908295332981824e+18,VAN WYCK SOUTH SERVICE RD/BUILDING 90,15080
1.0908941267068914e+18,11 AV/W 57 ST,64
1.0908968540661229e+18,PENNYFIELD AV/LAWTON AV,243
1.0865661606111055e+18,21 ST/38 AV,679
1.0940105286557606e+18,DECATUR ST/KNICKERBOCKER AV,262
1.0942022916707858e+18,NEW YORK AV/FENIMORE ST,81
1.094211166635531e+18,E 49 ST/LEXINGTON AV,218
1.094241915446241e+18,THROOP AV/MACDONOUGH ST,53
1.094248768330564e+18,THROOP AV/HART ST,121
1.0942668168747772e+18,1 AV/MITCHELL PL,73
1.0943380154915514e+18,8 AV/W 28 ST,172
1.0944557664330391e+18,8 AV/13 ST,75
1.0945814060039557e+18,EAST HOUSTON ST/CLINTON ST,198
1.0947610101406336e+18,AMSTERDAM AV/W 79 ST,52
1.0868297670887244e+18,CLARKSON AV/NEW YORK AV,41
1.0868579345282826e+18,JAMAICA AV/94 ST,150
1.086871715782143e+18,RIVERSIDE DR/W 91 ST,178
1.0868878270704009e+18,8 AV/W 49 ST,176
1.0868880661830679e+18,W 96 ST/WEST END AV,183
1.0869577239183425e+18,BOWERY/GRAND ST,198
1.094762151844094e+18,AMSTERDAM AV/W 79 ST,52
1.0947643898244902e+18,AMSTERDAM AV/W 79 ST,52
1.0947659118445417e+18,AMSTERDAM AV/W 79 ST,52
1.0947674369630065e+18,AMSTERDAM AV/W 79 ST,52
1.094768575810425e+18,AMSTERDAM AV/W 79 ST,52
1.094771527480877e+18,AMSTERDAM AV/W 79 ST,52
1.0947734696234436e+18,AMSTERDAM AV/W 79 ST,52
1.0947750825830021e+18,AMSTERDAM AV/W 79 ST,52
1.08703628614606e+18,HUNTS POINT AV/SPOFFORD AV,260
1.0909258012411067e+18,PENNYFIELD AV/LAWTON AV,215
1.0912211314189951e+18,1 AV/E 60 ST,203
1.0912999352033087e+18,ROEBLING ST/GRAND ST,157
1.0913477154670925e+18,HENDERSON AV/PELTON AV,343
1.0913678660893513e+18,MADISON AV/E 28 ST,126
1.0914330543576864e+18,NASSAU AV/HUMBOLDT ST,151
1.0918020187688024e+18,W 106 ST/AMSTERDAM AV,276
1.0919142404522136e+18,9 AV/W 35 ST,192
1.0919565290671172e+18,10 AV/W 45 ST,134
1.0870941982906254e+18,2 AV/E 82 ST,93
1.0871367827362529e+18,PIKE ST/SOUTH  ST,81
1.0871391377028557e+18,GRAND ST/CLINTON ST,166
1.0871445952373969e+18,CHURCH AV/E 94 ST,432
1.0871657682513084e+18,BROADWAY/GRANITE ST,254
1.0873859561622948e+18,BROADWAY/W 76 ST,91
1.0919783369062689e+18,7 AV/W 15 ST,43
1.0919984277517964e+18,NEPTUNE AV/E 12 ST,301
1.0920698901648732e+18,TOMPKINS AV/GATES AV,130
1.0920723360125732e+18,W 49 ST/8 AV,246
1.0920860939133683e+18,TOMPKINS AV/GATES AV,130
1.0920895585878834e+18,TOMPKINS AV/GATES AV,130
1.0947771513419309e+18,AMSTERDAM AV/W 79 ST,52
1.0947785099486135e+18,AMSTERDAM AV/W 79 ST,52
1.0947972393668351e+18,W 145 ST/ADAM C POWELL BLVD,141
1.0947978044702094e+18,FREDERICK DOUGLASS BLVD/W 148 ST,144
1.0947980501839497e+18,W 147 ST/ADAM C POWELL BLVD,56
1.0948069985237317e+18,AMSTERDAM AV/W 79 ST,52
1.0948081929590062e+18,AMSTERDAM AV/W 79 ST,52
1.0948171054020462e+18,AMSTERDAM AV/W 79 ST,52
1.0948194560894196e+18,AMSTERDAM AV/W 79 ST,52
1.0874780933662834e+18,3 AV/E 109 ST,77
1.0875592443675585e+18,WEST ST/CARLISLE ST,130
1.0875803519796987e+18,LEXINGTON AV/E 50 ST,0
1.0952012051135547e+18,8 AV/43 ST,298
1.0953034578505176e+18,WATER ST/JOHN ST,112
1.0955530407111526e+18,ADAM C POWELL BLVD/W 149 ST,95
1.0948218631896468e+18,AMSTERDAM AV/W 79 ST,52
1.0948251450224083e+18,AMSTERDAM AV/W 79 ST,52
1.094827760811112e+18,AMSTERDAM AV/W 79 ST,52
1.0948289744623903e+18,AMSTERDAM AV/W 79 ST,52
1.0948302796492315e+18,FULTON ST/ROCKWELL PL,120
1.0948342466191557e+18,AMSTERDAM AV/W 79 ST,52
1.094845169526287e+18,AMSTERDAM AV/W 79 ST,52
1.0948469100938815e+18,AMSTERDAM AV/W 79 ST,52
1.0955532566231908e+18,ADAM C POWELL BLVD/W 148 ST,165
1.0955826003065102e+18,W 147 ST/ADAM C POWELL BLVD,32
1.095582745389771e+18,ADAM C POWELL BLVD/W 145 ST,99
1.0955829420846668e+18,FREDERICK DOUGLASS BLVD/W 148 ST,97
1.0955996320793304e+18,W 147 ST/ADAM C POWELL BLVD,96
1.0948485922485985e+18,AMSTERDAM AV/W 79 ST,52
1.0948507408594682e+18,AMSTERDAM AV/W 79 ST,52
1.0948521069657587e+18,9 AV/W 25 ST,116
1.0948522508219078e+18,BROADWAY/W 92 ST,176
1.0948541299104687e+18,AMSTERDAM AV/W 79 ST,52
1.0948567197422902e+18,AMSTERDAM AV/W 79 ST,52
1.0948600885547644e+18,AMSTERDAM AV/W 79 ST,52
1.094862441728384e+18,AMSTERDAM AV/W 79 ST,52
1.0922257276597585e+18,CENTRE ST/GRAND ST,373
1.0922808334304156e+18,AVENUE A/EAST HOUSTON ST,172
1.0971647507413818e+18,WILSON AV/STARR ST,178
1.097167349412198e+18,9 AV/W 46 ST,156
1.0971894767047139e+18,SCHAEFER ST/EVERGREEN AV,167
1.0955999162451098e+18,W 145 ST/ADAM C POWELL BLVD,192
1.0956000628341748e+18,W 145 ST/ADAM C POWELL BLVD,157
1.0956221558950881e+18,KENT AV/N 12 ST,55
1.0956223741476115e+18,WYTHE AV/N 9 ST,86
1.0956255869612634e+18,WYTHE AV/N 12 ST,171
1.0956316336641311e+18,WYTHE AV/N 12 ST,154
1.0972242113133048e+18,MESEROLE ST/LORIMER ST,81
1.0972668939582662e+18,KINGS HWY/AVENUE J,131
1.0973032681724262e+18,SCHAEFER ST/WILSON AV,183
1.0973210354725655e+18,BROADWAY/WILLOUGHBY AV,176
1.097418298061181e+18,6 AV/W 3 ST,253
1.0974282006256741e+18,RIVERSIDE DR/W 91 ST,107
1.0976972036056303e+18,E 49 ST/3 AV,27
1.0977144464687543e+18,GRAHAM AV/ENGERT AV,16
1.0978042680167055e+18,BOWERY/PRINCE ST,132
1.0956323519159621e+18,WYTHE AV/N 12 ST,233
1.0948641916771123e+18,AMSTERDAM AV/W 79 ST,52
1.0948655200218264e+18,AMSTERDAM AV/W 79 ST,52
1.0948956053432244e+18,LIVINGSTON ST/NEVINS ST,220
1.0949175947454435e+18,JAMAICA AV/SCHENCK AV,201
1.0949732500367406e+18,RIVERSIDE DR/W 139 ST,74
1.0950036441542246e+18,8 AV/W 52 ST,229
1.0950080991794776e+18,W 49 ST/8 AV,169
1.0956414867214753e+18,WYTHE AV/N 12 ST,155
1.0956425263117597e+18,KENT AV/N 12 ST,87
1.0956439377011789e+18,WYTHE AV/N 12 ST,186
1.0956466681477682e+18,WYTHE AV/N 9 ST,128
1.0956765428866877e+18,FLUSHING AV/HUMBOLDT ST,57
1.0956918788487587e+18,W 49 ST/10 AV,37
1.0957291470220901e+18,E 49 ST/LEXINGTON AV,141
1.0950101377803652e+18,MANHATTAN AV/W 114 ST,96
1.095016556426394e+18,8 AV/W 49 ST,219
1.0950184910842386e+18,W 49 ST/8 AV,18
1.0950341119072447e+18,CENTRAL PARK WEST/W 90 ST,138
1.0950643737850597e+18,LAFAYETTE AV/STUYVESANT AV,217
1.0950676258061226e+18,E 50 ST/2 AV,119
1.095104848494207e+18,CONEY ISLAND AV/AVENUE X,393
1.0951426075721107e+18,EASTERN PKWY/UTICA AV,64
1.0951702949260545e+18,TILLARY ST/JAY ST,153
1.0978176402722683e+18,TOMPKINS AV/LAFAYETTE AV,84
1.097848686671488e+18,LEXINGTON AV/E 102 ST,97
1.0978514034855585e+18,LEXINGTON AV/E 102 ST,97
1.0978622635640637e+18,TROY AV/CARROLL ST,98
1.0978679987287781e+18,LEXINGTON AV/E 102 ST,97
1.097871770734072e+18,LEXINGTON AV/E 102 ST,97
1.097875069076936e+18,7 AV/W 15 ST,75
1.0978757315767441e+18,LEXINGTON AV/E 102 ST,97
1.0978950819849637e+18,CATHEDRAL PKWY/AMSTERDAM AV,51
1.0979618440614958e+18,7 AV/18 ST,344
1.0957372900068105e+18,ALLEN ST/GRAND ST,1
1.0957462677377508e+18,W 43 ST/8 AV,108
1.0957625112564988e+18,AVENUE X/WEST ST,90
1.0957743951658506e+18,ALLEN ST/GRAND ST,164
1.095774717737239e+18,ASTORIA BLVD SOUTH/STEINWAY ST,2137
1.0957767829188996e+18,8 AV/W 31 ST,164
1.0957912124184379e+18,AVENUE X/WEST ST,143
1.0959033839468873e+18,2 AV/E 84 ST,67
1.0960158265787804e+18,8 ST/ASTORIA BLVD,334
1.0979891401919247e+18,LORIMER ST/MESEROLE ST,40
1.0979943194317226e+18,LORIMER ST/MESEROLE ST,20
1.098002690058105e+18,W 106 ST/COLUMBUS AV,118
1.0980165728182917e+18,MESEROLE ST/UNION AV,84
1.0983304453252143e+18,KENT AV/N 6 ST,162
1.0988349726637019e+18,UTICA AV/SAINT JOHNS PL,127
1.0990067961009729e+18,E 136 ST/LINCOLN AV,265
1.0992332288807782e+18,SAINT MARKS PL/1 AV,87
1.1011298196872402e+18,9 AV/W 55 ST,33
1.1011467919505919e+18,SUTTER AV/VERMONT ST,275
1.1012841912393207e+18,8 AV/W 49 ST,176
1.1013341058673559e+18,120 AV/196 ST,46
1.1013589952724096e+18,MALCOLM X BLVD/GREENE AV,104
1.1014271054334973e+18,46 AV/167 ST,221
1.1014577902723187e+18,W 43 ST/8 AV,130
1.1014581581925558e+18,RALPH AV/HERKIMER ST,146
1.0960264499629843e+18,8 ST/ASTORIA BLVD,118
1.0963043929880809e+18,3 AV/E 88 ST,83
1.0963163250606299e+18,KENT AV/N 12 ST,81
1.0963168621491524e+18,WYTHE AV/N 12 ST,78
1.096434482421931e+18,LORIMER ST/TEN EYCK ST,68
1.0964587538063091e+18,VANDERBILT AV/STERLING PL,244
1.0964860412000311e+18,LEXINGTON AV/E 102 ST,97
1.1014702153616973e+18,7 AV/W 58 ST,147
1.1014784909353248e+18,E 55 ST/1 AV,52
1.1014796046601969e+18,1 AV/E 52 ST,106
1.1014924923190487e+18,BROADWAY/W 108 ST,98
1.1014974408642029e+18,FORT WASHINGTON AV/W 168 ST,134
1.101511721554653e+18,BROADWAY/W 167 ST,49
1.1015149474742816e+18,BROADWAY/W 108 ST,98
1.1015267053348339e+18,MALCOLM X BLVD/W 129 ST,150
1.101527629359078e+18,BROADWAY/W 108 ST,98
1.0992808787160324e+18,5 AV/DOUGLASS ST,160
1.0997248182286463e+18,E 14 ST/3 AV,110
1.0999963331035471e+18,LEXINGTON AV/E 40 ST,105
1.1000170911242621e+18,1 AV/E 77 ST,99
1.100037283310543e+18,8 AV/W 31 ST,165
1.0964927087185403e+18,MANHATTAN AV/W 109 ST,32
1.0964973781898922e+18,LEXINGTON AV/E 102 ST,97
1.0965360872543424e+18,HALSEY ST/WILSON AV,78
1.0965495325302118e+18,BROADWAY/WYTHE AV,95
1.0965831871391567e+18,LEXINGTON AV/E 104 ST,171
1.0966049256897001e+18,MYRTLE AV/TOMPKINS AV,160
1.0966173899746976e+18,1 AV/E 31 ST,71
1.096624749928778e+18,LEXINGTON AV/E 42 ST,67
1.0966444413081471e+18,RALPH AV/FARRAGUT RD,95
1.1015830660359837e+18,W 43 ST/8 AV,15
1.1016088495874802e+18,7 AV/UNION ST,263
1.1016537060977069e+18,FULTON ST/MARCY AV,219
1.101690357816734e+18,CENTRE ST/GRAND ST,175
1.1020821516581837e+18,W 43 ST/8 AV,236
1.097010415717726e+18,LEWIS AV/GATES AV,13
1.1000981944113757e+18,DECATUR ST/CENTRAL AV,69
1.1001135734808332e+18,5 AV/W 14 ST,103
1.1001137312258136e+18,5 AV/W 14 ST,103
1.1001139037788154e+18,5 AV/W 14 ST,103
1.1001495502835316e+18,CONEY ISLAND AV/AVENUE C,213
1.1001537166370505e+18,9 AV/W 52 ST,16
1.1001677676439258e+18,NORTH BOUNDARY RD/FEDERAL EXPRESS,2353
1.0970301195231909e+18,E 106 ST/LEXINGTON AV,87
1.0970755176864049e+18,BROADWAY/W 108 ST,98
1.0970813280819032e+18,BROADWAY/W 108 ST,98
1.0970875016474968e+18,BROADWAY/W 108 ST,98
1.097103380023407e+18,BROADWAY/W 108 ST,98
1.0971139652120467e+18,BROADWAY/W 108 ST,98
1.102093121006003e+18,COLUMBUS AV/W 80 ST,56
1.1020939306794543e+18,FLATLANDS AV/ATKINS AV,454
1.1021236417678988e+18,PARK ROW/ANN ST,341
1.1021435913044422e+18,E 49 ST/LEXINGTON AV,140
1.1021481278094511e+18,MALCOLM X BLVD/W 129 ST,150
1.1021520114171013e+18,E 50 ST/LEXINGTON AV,61
1.1021550660420138e+18,3 AV/E 47 ST,133
1.0971146488777142e+18,W 181 ST/AMSTERDAM AV,37
1.0971182732177921e+18,BROADWAY/W 108 ST,98
1.0971254555250757e+18,GOLD ST/TILLARY ST,108
1.1001884703276876e+18,BEDELL ST/BAISLEY BLVD,1127
1.1002776419201352e+18,5 AV/45 ST,97
1.100361598208118e+18,3 AV/E 109 ST,173
1.1003729081494107e+18,HOYT AV SOUTH/31 ST,629
1.1005076091295274e+18,BOWERY/PRINCE ST,132
1.100556386386562e+18,1 AV/E 64 ST,141
1.0971256244345871e+18,GOLD ST/TILLARY ST,108
1.1021756360790346e+18,MALCOLM X BLVD/W 129 ST,150
1.102181933171991e+18,MALCOLM X BLVD/W 129 ST,145
1.1022358617400617e+18,1 AV/E 93 ST,66
1.1022375296265183e+18,1 AV/E 91 ST,111
1.102280523543976e+18,FULTON ST/BROOKLYN AV,248
1.1022829975701249e+18,BROADWAY/W 108 ST,98
1.1022915760089427e+18,BROADWAY/W 108 ST,98
1.10229321077793e+18,BROADWAY/W 108 ST,98
1.0971276136616814e+18,BROADWAY/W 108 ST,98
1.0971284005762026e+18,BROADWAY/W 108 ST,98
1.0971292703568691e+18,W 106 ST/AMSTERDAM AV,197
1.0971301618110821e+18,BROADWAY/W 108 ST,98
1.0971382737043941e+18,JUNIPER VALLEY RD/70 ST,256
1.0971464028728243e+18,WILSON AV/WILLOUGHBY AV,121
1.0971641811863726e+18,WILSON AV/WILLOUGHBY AV,64
1.1022979954767448e+18,TOMPKINS AV/FULTON ST,247
1.102299689722654e+18,MESEROLE ST/MANHATTAN AV,156
1.1023051455937563e+18,BROADWAY/W 108 ST,98
1.1023063327020719e+18,BROADWAY/W 108 ST,98
1.1023316926638294e+18,LEXINGTON AV/E 98 ST,81
1.1023472095614198e+18,FRANKLIN AV/MADISON ST,81
1.1024206899815397e+18,LEWIS AV/GREENE AV,151
1.1024581608487566e+18,JAMAICA AV/94 ST,364
1.1005691930935361e+18,2 AV/E 61 ST,160
1.100586816839903e+18,W 147 ST/ADAM C POWELL BLVD,11
1.1005874045427716e+18,FREDERICK DOUGLASS BLVD/W 148 ST,202
1.1006467374415468e+18,BROADWAY/KENT AV,17
1.1007819733073368e+18,DECATUR ST/CENTRAL AV,76
1.1007903453943661e+18,HALSEY ST/CENTRAL AV,171
1.1008021094421517e+18,BEDFORD AV/WILLOUGHBY AV,82
1.1044362834970856e+18,W 43 ST/8 AV,211
1.1044729414696204e+18,FLATBUSH AV/CORTELYOU RD,27
1.1044833138124549e+18,9 AV/W 44 ST,66
1.1044999460778994e+18,9 AV/W 46 ST,128
1.104517580415154e+18,9 AV/W 46 ST,31
1.1045898007098252e+18,METROPOLITAN AV/HAVEMEYER ST,177
1.1046351959345379e+18,DE KALB AV/TOMPKINS AV,185
1.1049242003097686e+18,PARK ROW/ANN ST,36
1.1008180619577917e+18,DECATUR ST/CENTRAL AV,136
1.1009082876509499e+18,FRANKLIN AV/DE KALB AV,152
1.100945393171794e+18,SMITH ST/UNION ST,461
1.1009964465603511e+18,E 68 ST/AVENUE N,323
1.1028195835947057e+18,SARATOGA AV/DUMONT AV,139
1.1028950332360504e+18,WEBSTER AV/CLAREMONT PKWY,426
1.1029345420955414e+18,21 ST/30 AV,951
1.104924591396866e+18,E 34 ST/PARK AV,169
1.105005305074754e+18,7 AV/W 25 ST,98
1.1050477666869661e+18,5 AV/W 30 ST,168
1.1050533933388982e+18,W 96 ST/WEST END AV,150
1.1050564570177541e+18,FLATBUSH AV/KINGS PLAZA,2842
1.105070094045904e+18,BROADWAY/W 93 ST,54
1.1050806415540333e+18,10 AV/W 47 ST,155
1.1029716055812626e+18,3 AV/E 118 ST,113
1.1030037638813546e+18,MESEROLE ST/UNION AV,123
1.1030279534565114e+18,MESEROLE ST/UNION AV,122
1.1030885241966569e+18,W 43 ST/8 AV,228
1.1031727948420652e+18,METROPOLITAN AV/69 AV,212
1.1010535486550278e+18,ADAM C POWELL BLVD/W 148 ST,180
1.1010538090955302e+18,FREDERICK DOUGLASS BLVD/W 148 ST,100
1.1010542888674454e+18,W 145 ST/ADAM C POWELL BLVD,214
1.1010900514338858e+18,W 125 ST/MALCOLM X  BLVD,8
1.1011105234190072e+18,9 AV/W 52 ST,82
1.1011245373665658e+18,W 50 ST/9 AV,112
1.1067159761033866e+18,LORIMER ST/MESEROLE ST,67
1.1067685021802036e+18,10 AV/W 55 ST,159
1.1067725013438205e+18,10 AV/W 45 ST,22
1.1051235685653894e+18,GERRITSEN AV/GERRITSEN BEACH,11491
1.1051570974664046e+18,W 96 ST/WEST END AV,173
1.1051571093577514e+18,W 96 ST/BROADWAY,120
1.1052278509418532e+18,BERGEN ST/SCHENECTADY AV,235
1.1054628214195039e+18,BOWERY/BAYARD ST,48
1.105496514661879e+18,8 AV/W 52 ST,84
1.1055242120123707e+18,9 AV/W 52 ST,175
1.1055318788753074e+18,9 AV/W 52 ST,108
1.1067904752538953e+18,UTICA AV/EASTERN PKWY,89
1.1068160574910957e+18,ROCKAWAY AV/FOSTER AV,226
1.1070413887014401e+18,LORIMER ST/MESEROLE ST,50
1.1070601457298487e+18,MESEROLE ST/UNION AV,79
1.1070857530838427e+18,SCHAEFER ST/WILSON AV,181
1.1070894144716054e+18,120 AV/196 ST,38
1.1070929282658158e+18,SCHAEFER ST/WILSON AV,167
1.1072187534923918e+18,7 AV/W 44 ST,62
1.1072215029726733e+18,6 AV/W 42 ST,94
1.1036008636922035e+18,GRAHAM AV/GRAND ST,159
1.1036492152639544e+18,LEWIS AV/MADISON ST,120
1.1036867694382892e+18,PELHAM PKWY/MULINER AV,650
1.103704219358079e+18,9 AV/W 46 ST,127
1.1037242749430249e+18,W 43 ST/8 AV,235
1.1037547011999919e+18,9 AV/W 52 ST,107
1.1037653588263802e+18,IRWIN AV/JOHNSON AV,1006
1.1038270048717806e+18,WOODPOINT RD/CONSELYEA ST,134
1.1038866347472759e+18,BROOKLYN AV/SAINT JOHNS PL,131
1.1039887560689196e+18,ATLANTIC AV/MILFORD ST,443
1.1055512895029967e+18,W 50 ST/11 AV,221
1.1055559359557134e+18,10 AV/W 45 ST,93
1.1057018183051726e+18,BROADWAY/W 94 ST,57
1.1057023010423342e+18,BROADWAY/W 94 ST,57
1.105702699897726e+18,BROADWAY/W 94 ST,57
1.1057265164468428e+18,130 PL/BERGEN RD,1647
1.1057284035896412e+18,2 AV/E 64 ST,94
1.1073213820102164e+18,E 96 ST/LEXINGTON AV,158
1.1073214908489285e+18,LEXINGTON AV/E 64 ST,102
1.1074205941710766e+18,SARATOGA AV/SAINT MARKS AV,88
1.1074435614405725e+18,MALCOLM X BLVD/W 125 ST,100
1.107444003424511e+18,LEXINGTON AV/E 37 ST,72
1.1074660078579988e+18,BROADWAY/W 164 ST,75
1.1042413210824082e+18,21 ST/35 ST,387
1.1043276970503585e+18,EAST BROADWAY/MARKET ST,62
1.1043498738024264e+18,FLATBUSH AV/CORTELYOU RD,74
1.1109051686750817e+18,MYRTLE AV/111 ST,281
1.1109120457151227e+18,BROADWAY/WAVERLY PL,107
1.110970596015128e+18,MADISON AV/E 132 ST,153
1.1109724314463414e+18,MADISON AV/E 129 ST,118
1.1109750471938788e+18,8 AV/W 52 ST,159
1.1057388455688237e+18,W 10 ST/GREENWICH ST,102
1.1078307457357866e+18,11 AV/W 42 ST,150
1.1078310921524059e+18,11 AV/W 42 ST,150
1.1078314288884436e+18,11 AV/W 42 ST,150
1.107831742640481e+18,11 AV/W 42 ST,150
1.1078617122929117e+18,ASTORIA BLVD/STEINWAY ST,1950
1.1057415565699492e+18,2 AV/E 94 ST,101
1.1109934386778648e+18,3 AV/E 17 ST,96
1.1109939156552396e+18,10 AV/W 47 ST,155
1.1109975032018644e+18,HOMELAWN ST/HIGHLAND AV,249
1.1110268559040567e+18,MADISON AV/E 129 ST,200
1.1110396706575496e+18,MADISON AV/E 127 ST,72
1.1110511215810665e+18,MADISON AV/E 129 ST,108
1.1110512300324672e+18,MADISON AV/E 129 ST,202
1.1079924732872947e+18,5 AV/UNION ST,82
1.1080031800151354e+18,8 AV/W 31 ST,160
1.108028455046004e+18,W 34 ST/BROADWAY,60
1.1080338774924684e+18,6 AV/W 38 ST,257
1.1080677641149734e+18,7 AV/W 41 ST,213
1.1080826533794262e+18,7 AV/W 42 ST,73
1.105761506522151e+18,9 AV/W 34 ST,170
1.1057714150709161e+18,LEXINGTON AV/E 40 ST,87
1.1057895568669884e+18,ROCKAWAY AV/CHAUNCEY ST,83
1.1058954339287208e+18,DE KALB AV/WASHINGTON AV,117
1.105922720648345e+18,2 AV/E 92 ST,114
1.1059480456763802e+18,ADAM C POWELL BLVD/W 112 ST,134
1.1080923359236689e+18,2 AV/E 92 ST,177
1.1080983985337825e+18,9 AV/W 44 ST,63
1.108126065533033e+18,21 ST/BROADWAY,225
1.1081821224905531e+18,WHITE PLAINS RD/E 215 ST,268
1.108239778930841e+18,south conduit en eb/cohancy st,1271
1.1083816709078148e+18,BERGEN ST/BOND ST,247
1.1083943823156275e+18,HARDING AV/THROGS NECK BLVD,46
1.1110642478586415e+18,CONEY ISLAND AV/CORTELYOU RD,486
1.1110694262943854e+18,CONEY ISLAND AV/CORTELYOU RD,611
1.1110700442941352e+18,BROADWAY/W 76 ST,94
1.1110712265144883e+18,AMSTERDAM AV/W 75 ST,85
1.1110722168052467e+18,BROADWAY/W 79 ST,93
1.1110727206937555e+18,BROADWAY/W 79 ST,89
1.1110734550178605e+18,BROADWAY/W 77 ST,96
1.1059653758785071e+18,9 AV/W 40 ST,4
1.1059717012464846e+18,8 AV/W 46 ST,260
1.1059830458651432e+18,LORIMER ST/MESEROLE ST,15
1.1059887785545987e+18,MESEROLE ST/UNION AV,119
1.10600145658151e+18,MESEROLE ST/LORIMER ST,142
1.1060282607148332e+18,UTICA AV/SAINT JOHNS PL,80
1.1060582397589425e+18,AVENUE D/E 39 ST,337
1.1110761707149793e+18,CONEY ISLAND AV/CORTELYOU RD,489
1.1110762114779345e+18,MADISON AV/E 129 ST,178
1.1111123195899035e+18,LEWIS AV/GATES AV,78
1.1112198288534447e+18,DE KALB AV/WASHINGTON AV,108
1.1114673583077677e+18,7 AV/W 41 ST,141
1.1114683366553646e+18,W 42 ST/BROADWAY,210
1.111469166952399e+18,AVENUE OF THE AMERICAS/W 41 ST,125
1.1114697266846052e+18,AVENUE OF THE AMERICAS/W 41 ST,74
1.108677880360371e+18,BELL BLVD/41 AV,191
1.1088912282599319e+18,10 AV/W 40 ST,114
1.108961754172691e+18,9 AV/W 55 ST,220
1.1093376689333715e+18,9 AV/W 18 ST,146
1.1094408830560837e+18,9 AV/W 52 ST,142
1.1095325428529212e+18,GREENPOINT AV/47 ST,550
1.1095601327354053e+18,9 AV/W 55 ST,184
1.1095686725796905e+18,MALCOLM X BLVD/W 129 ST,145
1.1062523327428832e+18,CHRISTOPHER ST/HUDSON ST,112
1.1062587014775368e+18,6 AV/W 45 ST,101
1.1064789789280727e+18,10 AV/W 45 ST,68
1.1114702529163962e+18,7 AV/W 42 ST,55
1.1114717279649385e+18,7 AV/W 41 ST,68
1.1115213658637327e+18,AMSTERDAM AV/W 75 ST,81
1.1115262236369379e+18,6 AV/W 45 ST,93
1.1115302449247832e+18,6 AV/W 45 ST,93
1.1065033424301135e+18,5 AV/W 32 ST,107
1.1095737498384425e+18,8 AV/W 52 ST,163
1.109578356622646e+18,9 AV/W 52 ST,90
1.1096247681349124e+18,MILL ST/CLINTON ST,283
1.109634888266504e+18,SAINT JOHNS PL/KINGSTON AV,142
1.1096500047402232e+18,FULTON ST/EASTERN PKWY,156
1.1096545436399615e+18,ESSEX ST/RIVINGTON ST,138
1.1096574233390188e+18,FULTON ST/ROCKAWAY AV,139
1.1096575923765174e+18,21 ST/BROADWAY,1296
1.1096754600932553e+18,FULTON ST/ROCKAWAY AV,221
1.1115387059916058e+18,8 AV/W 52 ST,61
1.1115403368814177e+18,W 50 ST/7 AV,123
1.1116099375537238e+18,7 AV/W 52 ST,72
1.1116122070635416e+18,W 49 ST/AVENUE OF THE AMERICAS,222
1.1116266530561839e+18,PIKE ST/MADISON ST,32
1.1065110082379162e+18,5 AV/W 32 ST,107
1.1065265565265311e+18,GATES AV/THROOP AV,142
1.1065412894029595e+18,VARICK ST/NORTH MOORE ST,155
1.1066046214163684e+18,1 AV /E 4 ST,200
1.1066363874716454e+18,3 AV/E 75 ST,58
1.1096757247077184e+18,FULTON ST/EASTERN PKWY,192
1.1099110113858438e+18,BROADWAY/DE KALB AV,127
1.110090425248538e+18,8 AV/43 ST,76
1.1100952588478234e+18,HILLSIDE AV/PARSONS BLVD,652
1.1101185748402688e+18,FLUSHING AV/60 ST,228
1.1102017969544412e+18,WYTHE AV/N 12 ST,169
1.1102030576298162e+18,MANHATTAN AV/W 113 ST,78
1.1102438384109756e+18,2 AV/E 31 ST,81
1.106650651116205e+18,LAFAYETTE AV/NOSTRAND AV,152
1.1066637443227076e+18,LAFAYETTE AV/NOSTRAND AV,152
1.1116387663092678e+18,W 57 ST/6 AV,93
1.1116433139142698e+18,PIKE ST/DIVISION ST,15
1.1116434828271416e+18,BEDFORD AV/N 5 ST,84
1.1116658581673905e+18,5 AV/E 61 ST,85
1.111665965272422e+18,5 AV/E 61 ST,85
1.1116660230126794e+18,5 AV/E 61 ST,85
1.1116661503267735e+18,5 AV/E 61 ST,85
1.1066661799614701e+18,LAFAYETTE AV/NOSTRAND AV,152
1.1066675957533217e+18,LAFAYETTE AV/NOSTRAND AV,152
1.106705590031183e+18,GLENWOOD RD/BROOKLYN AV,125
1.1118147260673029e+18,AVENUE U/E 13 ST,295
1.1118289996042591e+18,MADISON AV/E 129 ST,210
1.1116661895027974e+18,5 AV/E 61 ST,85
1.1116663589519267e+18,5 AV/E 61 ST,85
1.1116664612595073e+18,5 AV/E 61 ST,85
1.111666496980874e+18,5 AV/E 61 ST,85
1.1116667226080692e+18,5 AV/E 61 ST,85
1.1116668465501975e+18,5 AV/E 61 ST,85
1.1116669664307244e+18,5 AV/E 61 ST,85
1.1116670956115643e+18,5 AV/E 61 ST,85
1.1102847151125015e+18,OGDEN AV/W 169 ST,228
1.1103218731699523e+18,LINCOLN AV/SOUTH RAILROAD AV,95
1.1103336547983226e+18,9 AV/W 40 ST,4
1.1103554519037073e+18,W 14 ST/7 AV,237
1.1104077146659657e+18,ROGERS AV/AVENUE D,251
1.1105778721392092e+18,7 AV/W 44 ST,52
1.1105785638345556e+18,7 AV/W 44 ST,38
1.1105807508959912e+18,7 AV/W 44 ST,67
1.1118393039028104e+18,MADISON AV/E 129 ST,138
1.1118926938177958e+18,HOLLIS AV/216 ST,301
1.1119872555435914e+18,8 AV/W 20 ST,2
1.1120235467628572e+18,MADISON AV/E 30 ST,123
1.1116675185498737e+18,5 AV/E 61 ST,85
1.1116678653126396e+18,5 AV/E 61 ST,85
1.111668017147688e+18,5 AV/E 61 ST,85
1.111668235114555e+18,5 AV/E 61 ST,85
1.11166874136395e+18,5 AV/E 61 ST,85
1.1116688218009055e+18,5 AV/E 61 ST,85
1.1116689525834647e+18,5 AV/E 61 ST,85
1.1116698156657975e+18,5 AV/E 61 ST,85
1.1116700281166674e+18,5 AV/E 61 ST,85
1.1116704093906479e+18,5 AV/E 61 ST,85
1.1120355290442839e+18,LEXINGTON AV/E 31 ST,155
1.1105825780943023e+18,7 AV/W 44 ST,21
1.1105838774595177e+18,W 44 ST/6 AV,122
1.1107904053133132e+18,BROADWAY/W 147 ST,136
1.1108454998789742e+18,7 AV/W 50 ST,5
1.1108478989905606e+18,BROADWAY/W 147 ST,136
1.1121908159898013e+18,9 AV/W 40 ST,215
1.1122652076646963e+18,ATLANTIC AV/SCHENCK AV,168
1.1122915694657391e+18,SAINT NICHOLAS AV/W 142 ST,254
1.1116706447232701e+18,5 AV/E 61 ST,85
1.1116708750303803e+18,5 AV/E 61 ST,85
1.1116714468356338e+18,5 AV/E 61 ST,85
1.1116720144790787e+18,5 AV/E 61 ST,85
1.1116725080460143e+18,5 AV/E 61 ST,85
1.1116726344228195e+18,5 AV/E 61 ST,85
1.1116728538399203e+18,5 AV/E 61 ST,85
1.1117073259011254e+18,W 31 ST/6 AV,212
1.1123139520317349e+18,21 ST/38 AV,543
1.1166433967787604e+18,BRIGHTON BEACH AV/BRIGHTON 6 ST,124
1.1166590296371574e+18,W 54 ST/11 AV,4
1.1166935545944218e+18,LORIMER ST/MESEROLE ST,70
1.1167074117844552e+18,2 AV/E 28 ST,51
1.1167135389270976e+18,MESEROLE ST/UNION AV,65
1.1167297724681242e+18,6 AV/W 29 ST,166
1.1167636162071503e+18,MYRTLE AV/WASHINGTON AV,75
1.1167729576323977e+18,2 AV/E 25 ST,154
1.1123147614615895e+18,REMSEN AV/AVENUE N,296
1.112317611985719e+18,BROADWAY/GATES AV,53
1.1123447561550618e+18,BROADWAY/W 108 ST,98
1.1117497566990294e+18,ALBANY AV/FULTON ST,82
1.111755170836154e+18,KINGSTON AV/FULTON ST,112
1.1209821752545551e+18,MADISON AV/E 28 ST,216
1.1209849648532133e+18,LEXINGTON AV/E 28 ST,140
1.120986161733679e+18,MADISON AV/E 28 ST,34
1.1210710834626633e+18,LAMBERTS LN/MAY AV,364
1.1210746598827977e+18,CHAMBERS ST/HUDSON ST,110
1.112351229041578e+18,CENTRAL PARK WEST/W 102 ST,94
1.112393231691669e+18,9 AV/W 40 ST,4
1.1124053323151252e+18,BROADWAY/W 108 ST,98
1.1124058875927092e+18,9 AV/W 40 ST,4
1.1124073381995439e+18,8 AV/W 52 ST,160
1.1124123304094179e+18,BROADWAY/W 108 ST,98
1.1124136633454134e+18,BROADWAY/W 108 ST,98
1.1124157470177226e+18,BROADWAY/W 108 ST,98
1.112416918696367e+18,BROADWAY/W 108 ST,98
1.1168064213981222e+18,DECATUR ST/CENTRAL AV,39
1.1168948969773745e+18,PROSPECT PARK SOUTHWEST/10 AV,209
1.1169129324271405e+18,EAST NEW YORK AV/SCHENECTADY AV,227
1.1169272196951276e+18,SCHENECTADY AV/LEFFERTS AV,82
1.1169302317908777e+18,E 233 ST/NAPIER AV,156
1.1169446030826753e+18,GRAND CONCOURSE/E 169 ST,153
1.1169565835402787e+18,NORTHERN BLVD/UTOPIA PKWY,126
1.1169617300539264e+18,NORTHERN BLVD/UTOPIA PKWY,277
1.1124229435071529e+18,9 AV/W 40 ST,4
1.1124289439200333e+18,E 80 ST/PAERDEGAT 15 ST,419
1.121082242645807e+18,CHAMBERS ST/HUDSON ST,62
1.1210845067339373e+18,MURRAY ST/WEST BROADWAY,55
1.1210850811205898e+18,BOWERY/GRAND ST,123
1.1210859317193324e+18,WEST BROADWAY/DUANE ST,73
1.1210973889190607e+18,BOWERY/KENMARE ST,38
1.1210987941468707e+18,10 AV/W 45 ST,89
1.1216736938618081e+18,2 AV/E 25 ST,133
1.1124356839455057e+18,9 AV/W 40 ST,4
1.1124452078757853e+18,9 AV/W 40 ST,4
1.112474208194513e+18,5 AV/W 130 ST,100
1.1125213426743123e+18,SUTPHIN BLVD/94 AV,365
1.11253004399475e+18,E 9 ST/1 AV,40
1.1169682351168114e+18,NORTHERN BLVD/169 ST,355
1.1169805992191654e+18,THROOP AV/JEFFERSON AV,128
1.1169860590419276e+18,W 42 ST/10 AV,194
1.1173262075879834e+18,5 AV/W 54 ST,115
1.1173485624100026e+18,WATER ST/GOUVERNEUR LN,200
1.1173504871646202e+18,s 4 st/havemeyer st,123
1.1173929505298877e+18,DE KALB AV/EVERGREEN AV,73
1.1129449293364379e+18,E 14 ST/AVENUE B,106
1.1217719295716552e+18,LAFAYETTE AV/NOSTRAND AV,152
1.1217967169659996e+18,TOMPKINS AV/BROAD ST,325
1.1218583060632462e+18,10 AV/W 53 ST,121
1.1219080532931374e+18,VAN WYCK SOUTH SERVICE RD/BUILDING 90,16369
1.1219814263885043e+18,MYRTLE AV/HART ST,392
1.1220690732791978e+18,3 AV/E 47 ST,186
1.1220724668921275e+18,E 49 ST/3 AV,53
1.1130184413581083e+18,E 72 ST/2 AV,181
1.113019757148805e+18,9 AV/W 44 ST,63
1.1130301101564742e+18,8 AV/W 31 ST,143
1.113030168317078e+18,9 AV/W 44 ST,63
1.1130477518234359e+18,8 AV/W 20 ST,82
1.1130480512315814e+18,8 AV/W 20 ST,82
1.1130512506419812e+18,WEST END AV/W 64 ST,96
1.1174063253823085e+18,SUTTON PL/SUTTON SQ,5159
1.1174086157527813e+18,SUTTON PL/SUTTON SQ,5125
1.1174111042389833e+18,YORK AV/E 60 ST,1215
1.1174580593791813e+18,THROOP AV/JEFFERSON AV,128
1.1174967407206202e+18,10 AV/W 49 ST,85
1.1175121085358638e+18,1 AV/E 62 ST,100
1.1130734019392374e+18,9 AV/W 44 ST,63
1.1222653288704554e+18,MANHATTAN AV/W 113 ST,8
1.1222734060682316e+18,TOMPKINS AV/HALSEY ST,88
1.1222883652816902e+18,WEST ST/CHRISTOPHER ST,201
1.1223412648712502e+18,9 AV/W 44 ST,112
1.1223634369370938e+18,W 43 ST/8 AV,265
1.1223769946816741e+18,9 AV/W 44 ST,46
1.1224614038611665e+18,9 AV/W 40 ST,129
1.1130880527137572e+18,RIVERSIDE DR/W 94 ST,375
1.1131589502442515e+18,WASHINGTON AV/DEAN ST,147
1.1131725715617006e+18,HALSEY ST/MARCY AV,138
1.1131860849712229e+18,FREEMAN ST/MANHATTAN AV,102
1.1132585598821302e+18,3 AV/E 47 ST,145
1.1132790887643002e+18,CHURCH AV/E 48 ST,251
1.1224826298864692e+18,2 AV/E 28 ST,72
1.1224918671920419e+18,E 72 ST/LEXINGTON AV,70
1.1225179639206922e+18,82 ST/ROOSEVELT AV,1503
1.1225329161823629e+18,83 ST/ROOSEVELT AV,1079
1.1225400389445668e+18,TOMPKINS AV/GATES AV,130
1.1225426014537487e+18,HALSEY ST/CENTRAL AV,106
1.1225752567006158e+18,BROADWAY/W 162 ST,62
1.1132901088008731e+18,E 49 ST/LEXINGTON AV,104
1.117520708516979e+18,JAMAICA AV/94 ST,382
1.1175327440974897e+18,9 AV/W 46 ST,114
1.1175610894851429e+18,THROOP AV/JEFFERSON AV,128
1.1175754699761646e+18,W 42 ST/8 AV,146
1.1177217985844512e+18,SAINT ANN'S AV/E 143 ST,269
1.1178594191849436e+18,CENTRE ST/GRAND ST,186
1.1179359174766874e+18,GREENPOINT AV/47 ST,604
1.1179592646741693e+18,MARCUS GARVEY BLVD/PARK AV,110
1.1181481745073684e+18,GRAND CONCOURSE/E 153 ST,19
1.1134632501864856e+18,SURF AV/W 23 ST,50
1.1137671849803104e+18,GATES AV/RALPH AV,217
1.1138258290904867e+18,COLUMBIA ST/HOUSTON ST,143
1.1138968632400204e+18,GRAND ST/BUSHWICK AV,179
1.1227802554796137e+18,PENNYFIELD AV/LAWTON AV,201
1.1228109109333592e+18,NORTHERN BLVD/147 ST,205
1.1228241490470659e+18,ALBANY AV/MIDWOOD ST,339
1.1230586742002728e+18,LAUREL HILL BLVD/58 ST,1308
1.1230627902036052e+18,GRAND ST/GRAHAM AV,98
1.1230764225637642e+18,82 ST/ROOSEVELT AV,790
1.1230773659539604e+18,MADISON ST/RUTGERS ST,86
1.1231390689803165e+18,VAN WYCK SOUTH SERVICE RD/BUILDING 90,16938
1.1231553272895214e+18,10 AV/W 30 ST,181
1.1139756535562422e+18,MYRTLE AV/MARCY AV,106
1.1139907104616449e+18,GRAND ST/BUSHWICK AV,167
1.1181739705752558e+18,W 135 ST/ADAM C POWELL BLVD,113
1.1182841548821665e+18,W 49 ST/7 AV,51
1.1184472849397295e+18,63 DR/HARING ST,360
1.1186764404143451e+18,UTICA AV/MIDWOOD ST,192
1.118678033574629e+18,SCHENECTADY AV/LEFFERTS AV,148
1.1197792235824712e+18,7 AV/W 55 ST,155
1.1199905520039684e+18,82 ST/ROOSEVELT AV,1439
1.120033214936283e+18,ESSEX ST/GRAND ST,18
1.1145396867344588e+18,GREENPOINT AV/44 ST,617
1.114648940731264e+18,SHORE PKWY/BRAGG ST,16
1.1147713968211361e+18,W 50 ST/11 AV,43
1.1231556811988303e+18,10 AV/W 30 ST,181
1.1231786881003657e+18,ROCKAWAY AV/SUMPTER ST,146
1.123275389878502e+18,AVENUE D/E 48 ST,122
1.1232918020065256e+18,REMSEN AV/E 56 ST,223
1.123331749308769e+18,LEXINGTON AV/E 37 ST,61
1.1234351359014318e+18,ATLANTIC AV/ELDERT LN,290
1.1234748732836092e+18,GRAHAM AV/SEIGEL ST,151
1.1234799766236361e+18,GRAHAM AV/SEIGEL ST,145
1.1152381214125773e+18,2 AV/E 33 ST,109
1.1152948499339648e+18,CHURCH ST/LIBERTY ST,57
1.1152963160916024e+18,E 55 ST/1 AV,134
1.1201209176633135e+18,ALBANY AV/CLARKSON AV,340
1.1201696568797208e+18,DITMARS BLVD/102 ST,416
1.1201868827231592e+18,MORRIS AV/MOUNT EDEN PKWY,202
1.1202007269759128e+18,5 AV/W 45 ST,116
1.120200764487843e+18,5 AV/W 45 ST,116
1.1202157510270461e+18,W 72 ST/BROADWAY,195
1.1153026596170445e+18,2 AV/E 31 ST,72
1.1153116242541504e+18,3 AV/E 33 ST,142
1.1153344374091983e+18,2 AV/E 25 ST,154
1.1153723629640575e+18,MADISON ST/RUTGERS ST,126
1.1153808081114785e+18,BROADWAY/CORTLANDT ST,61
1.1202672122542628e+18,1 AV /E 4 ST,62
1.1203462904754249e+18,6 AV/WEST BROADWAY,283
1.1203484285085948e+18,6 AV/BROOME ST,120
1.12035043111252e+18,6 AV/GRAND ST,122
1.1203703368092868e+18,TOMPKINS AV/WILLOUGHBY AV,60
1.1203739265403128e+18,TOMPKINS AV/WILLOUGHBY AV,60
1.1203747396340954e+18,TOMPKINS AV/WILLOUGHBY AV,60
1.1203754585764884e+18,TOMPKINS AV/WILLOUGHBY AV,60
1.1203761351150632e+18,TOMPKINS AV/WILLOUGHBY AV,60
1.1234874803936608e+18,GRAHAM AV/SEIGEL ST,116
1.1235084655659759e+18,GRAHAM AV/SEIGEL ST,155
1.1235366693912333e+18,21 ST/35 ST,540
1.1237434597296861e+18,21 ST/35 ST,525
1.1237764312300959e+18,W 43 ST/8 AV,120
1.1237843060156936e+18,ASTORIA BLVD/STEINWAY ST,1023
1.1241262818257245e+18,W 42 ST/9 AV,243
1.1242043890332684e+18,LAFAYETTE AV/NOSTRAND AV,152
1.1154715639982501e+18,HOYT AV SOUTH/31 ST,703
1.1159035425479968e+18,W 42 ST/11 AV,48
1.1159678787834977e+18,BROADWAY/W 145 ST,123
1.1159808469894167e+18,14 AV/128 ST,223
1.1245155038719396e+18,GREENPOINT AV/FRANKLIN ST,201
1.1245747117961754e+18,ROCKAWAY PKWY/AVENUE K,331
1.1245931533260575e+18,EAST TREMONT AV/ANTHONY AV,189
1.1246791798374067e+18,GATES AV/PATCHEN AV,195
1.1247371954071428e+18,VAN WYCK SOUTH SERVICE RD/BUILDING 90,16582
1.1247634559069033e+18,GATES AV/BEDFORD AV,155
1.1247857819266628e+18,9 AV/W 44 ST,50
1.1248228158367515e+18,9 AV/W 44 ST,86
1.1249094867627049e+18,ATLANTIC AV/WARWICK ST,56
1.1204077408387288e+18,LEXINGTON AV/E 102 ST,97
1.1204114459746771e+18,LEXINGTON AV/E 102 ST,97
1.1204143243642179e+18,LEXINGTON AV/E 104 ST,159
1.1204170065833358e+18,LEXINGTON AV/E 102 ST,97
1.1204192898000306e+18,LEXINGTON AV/E 102 ST,97
1.1205255152855776e+18,11 AV/W 47 ST,33
1.1205547259213802e+18,NORTHERN BLVD/147 ST,186
1.120557503116265e+18,METROPOLITAN AV/WOODHAVEN BLVD,825
1.1207089278399821e+18,6 AV/W 45 ST,81
1.1209145400690607e+18,W 49 ST/7 AV,123
1.1160423857088337e+18,LEWIS AV/GATES AV,155
1.1160809804953066e+18,MYRTLE AV/SUYDAM ST,6
1.1162382482464676e+18,AMSTERDAM AV/W 143 ST,50
1.1209149510504009e+18,10 AV/W 30 ST,181
1.1209156401512891e+18,W 54 ST/11 AV,4
1.120916113978892e+18,W 54 ST/11 AV,4
1.1209506458491352e+18,5 AV/W 30 ST,123
1.1162458227703075e+18,KISSENA BLVD/HOLLY AV,216
1.1165290654142907e+18,MESEROLE ST/UNION AV,205
1.1165555397860397e+18,7 AV/W 55 ST,85
1.116555653879119e+18,W 50 ST/8 AV,205
1.124927353218071e+18,10 AV/W 45 ST,207
1.1249450605162148e+18,9 AV/W 46 ST,289
1.1249520553508946e+18,ATLANTIC AV/WARWICK ST,32
1.1249793273246113e+18,GRAND AV/73 ST,368
1.1251390980787863e+18,BROADWAY/CORTLANDT ST,78
1.1251411394125499e+18,BROADWAY/CORTLANDT ST,186
1.1277536938249363e+18,ADAM C POWELL BLVD/W 127 ST,215
1.1277602588090802e+18,ADAM C POWELL BLVD/W 128 ST,0
1.1165624189610956e+18,COLUMBUS AV/W 86 ST,87
1.1313579376014435e+18,WATER ST/GOUVERNEUR LN,391
1.1252244786705313e+18,MANHATTAN AV/W 116 ST,179
1.1253197248534148e+18,LIBERTY AV/CAMDEN AV,45
1.1253940676034148e+18,EAST BROADWAY/MARKET ST,131
1.1253965877457549e+18,FARMERS BLVD/177 PL,660
1.1253966932348886e+18,GRAND ST/COLUMBIA ST,112
1.1254026791158447e+18,5 AV/UNION ST,314
1.1254542044592037e+18,MALCOLM X BLVD/W 127 ST,59
1.1254715295111612e+18,DITMARS BLVD/102 ST,400
1.1254960333028457e+18,MALCOLM X BLVD/W 129 ST,102
1.1313592512461773e+18,E 42 ST/3 AV,7
1.1313709923287032e+18,BOX ST/MANHATTAN AV,282
1.1313895541696233e+18,SUTTON PL/SUTTON SQ,5159
1.1277714350819875e+18,COLUMBUS AV/W 100 ST,126
1.1277808091075872e+18,7 AV/W 55 ST,77
1.1278257617652387e+18,8 AV/W 39 ST,63
1.1278291607579096e+18,2 AV/E 75 ST,158
1.1278695449796968e+18,8 AV/W 37 ST,176
1.128086130426522e+18,1 AV/E 75 ST,52
1.1280861474574454e+18,E 72 ST/1 AV,261
1.1280861554871177e+18,2 AV/E 75 ST,120
1.1314584126635036e+18,NOSTRAND AV/GATES AV,241
1.1317314184531247e+18,AVENUE U/E 57 ST,110
1.1318044617072417e+18,46 AV/162 ST,344
1.1256474498387009e+18,7 AV/W 20 ST,164
1.1257000270982395e+18,TROY AV/EAST NEW YORK AV,119
1.1259311260695784e+18,6 AV/W 45 ST,93
1.1259321648537228e+18,VANDERBILT AV/ATLANTIC AV,12
1.131850403606204e+18,ALLEN ST/STANTON ST,107
1.1280861908956428e+18,1 AV/E 75 ST,90
1.1281007708797329e+18,GRAND AV/GOLDSMITH ST,155
1.1281230456879983e+18,MADISON AV/E 35 ST,120
1.1281235398487896e+18,6 AV/W 29 ST,147
1.1281418522289868e+18,6 AV/W 45 ST,205
1.1318812704912337e+18,SAINT NICHOLAS AV/W 150 ST,132
1.13188233376185e+18,EDGECOMBE AV/W 158 ST,108
1.1318881811397724e+18,EDGECOMBE AV/W 158 ST,108
1.1318889624752929e+18,SAINT NICHOLAS AV/W 147 ST,446
1.1318902819509179e+18,ROCHESTER AV/BERGEN ST,137
1.1318935576564424e+18,SAINT NICHOLAS AV/W 148 ST,121
1.1260471813626125e+18,JAMAICA AV/170 ST,275
1.1319038402074737e+18,2 AV/E 20 ST,88
1.1319281289917523e+18,SAINT NICHOLAS AV/W 147 ST,7
1.1281454084111828e+18,7 AV/W 44 ST,230
1.1281464271862377e+18,7 AV/W 44 ST,243
1.1281479195244641e+18,6 AV/W 45 ST,175
1.1282717031835854e+18,JAMAICA AV/88 ST,115
1.128290579418865e+18,SMITH ST/UNION ST,104
1.1283231557429828e+18,KINGSLAND AV/WITHERS ST,50
1.1283488094060748e+18,W 42 ST/7 AV,146
1.1320532502796389e+18,130 PL/BERGEN RD,1645
1.132182913168109e+18,8 AV/W 52 ST,55
1.1323034291352082e+18,9 AV/W 46 ST,175
1.1324433210306962e+18,CATON AV/OCEAN PKWY,186
1.1260508153121157e+18,W 72 ST/BROADWAY,195
1.1260529244426529e+18,W 72 ST/BROADWAY,195
1.126075657490554e+18,E 72 ST/2 AV,186
1.1260797893379062e+18,MYRTLE AV/SUYDAM ST,278
1.1260852746791484e+18,3 AV/E 75 ST,72
1.1260922774137096e+18,2 AV/E 75 ST,111
1.1261008959017783e+18,3 AV/E 75 ST,93
1.1261066486747871e+18,3 AV/E 75 ST,113
1.1325629701811767e+18,FLATLANDS AV/E 80 ST,121
1.1325686506184129e+18,GREENPOINT AV/JEWEL ST,347
1.1325957606484585e+18,LEXINGTON AV/E 45 ST,61
1.1325976078372562e+18,LEXINGTON AV/E 45 ST,57
1.1325977167904579e+18,LEXINGTON AV/E 45 ST,57
1.1283594322532292e+18,BOSTON RD/LOUIS NINE BLVD,110
1.1284068230452628e+18,PITKIN AV/HOWARD AV,291
1.1284087557123832e+18,10 AV/W 53 ST,52
1.128957058125593e+18,48 AV/GREENPOINT AV,279
1.1289741975386692e+18,BEDFORD AV/N 5 ST,79
1.1290164414488206e+18,7 AV/W 41 ST,231
1.129017549247572e+18,7 AV/W 41 ST,163
1.1290184723258577e+18,8 AV/W 41 ST,173
1.1261636919861741e+18,5 AV/30 ST,136
1.1262065445373002e+18,GREENE AV/WASHINGTON AV,77
1.1263015950497793e+18,11 AV/W 42 ST,180
1.1263077430717546e+18,W 49 ST/9 AV,165
1.1265467133337786e+18,63 RD/98 PL,924
1.1266028929830154e+18,82 ST/ROOSEVELT AV,1193
1.1266720265066781e+18,NEW LOTS AV/HINSDALE ST,440
1.1267348937129078e+18,BROADWAY/CORTLANDT ST,135
1.129023585088317e+18,7 AV/W 52 ST,87
1.1290249283276808e+18,8 AV/W 52 ST,105
1.1290261603405679e+18,BROADWAY/W 161 ST,33
1.1290999982196613e+18,LEXINGTON AV/E 31 ST,75
1.1292846650918057e+18,W 72 ST/AMSTERDAM AV,37
1.1294068587129128e+18,BEDFORD AV/BROADWAY,12
1.1326137536020872e+18,5 AV/W 50 ST,141
1.1267688982911894e+18,120 AV/231 ST,254
1.1267711592964474e+18,GRAND ST/CLINTON ST,157
1.1267952338286222e+18,W 49 ST/10 AV,127
1.1268096266121915e+18,21 ST/35 ST,511
1.1268140116771332e+18,9 AV/W 18 ST,180
1.1268289408223831e+18,FULTON ST/THOMAS S BOYLAND ST,180
1.1268418157211113e+18,BROADWAY/W 138 ST,86
1.1268496973300627e+18,W 31 ST/6 AV,168
1.1326140161085951e+18,5 AV/W 50 ST,141
1.1326961530024073e+18,W 34 ST/DYER AV,184
1.1327255858501507e+18,SAINT MARKS PL/2 AV,60
1.1327302755482687e+18,JOHNSON AV/HUMBOLDT ST,130
1.1328559116345e+18,EMPIRE BLVD/NEW YORK AV,109
1.1268517818291199e+18,LEXINGTON AV/E 50 ST,16
1.1268670352598162e+18,2 AV/E 28 ST,72
1.1268737723096113e+18,E 72 ST/LEXINGTON AV,70
1.1269002803048827e+18,8 AV/W 28 ST,102
1.1269104097107235e+18,E 96 ST/2 AV,201
1.1269194519358952e+18,8 AV/W 28 ST,136
1.1269660990459538e+18,W 10 ST/HUDSON ST,153
1.1269678416992374e+18,9 AV/W 46 ST,108
1.1270329232511677e+18,BOWERY/SPRING ST,112
1.1330966113927022e+18,MARCUS GARVEY BLVD/BROADWAY,136
1.1296012696446842e+18,BEDFORD AV/S 4 ST,73
1.1296754216135116e+18,BRONXWOOD AV/BURKE AV,243
1.129703035300363e+18,HOYT AV SOUTH/31 ST,693
1.1297255618623777e+18,RIVERSIDE DR/W 139 ST,104
1.1298636133935333e+18,MYRTLE AV/85 AV,88
1.1298841663883369e+18,21 ST/35 ST,325
1.1303529276613478e+18,FLATBUSH AV/KINGS PLAZA,2260
1.1303598902674822e+18,FLATBUSH AV/KINGS PLAZA,2313
1.1304080866840084e+18,67 AV/60 ST,184
1.1331943850111132e+18,67 AV/60 ST,150
1.1332362478562053e+18,VANDERBILT AV/ATLANTIC AV,12
1.1333688380421955e+18,MANHATTAN AV/NORMAN AV,179
1.133385001583251e+18,LORIMER ST/MESEROLE ST,68
1.1334254279341578e+18,METROPOLITAN AV/RODNEY ST,199
1.1334420500091436e+18,MERRICK BLVD/107 AV,655
1.1334979961630422e+18,W 57 ST/6 AV,59
1.1336151680295455e+18,EMPIRE BLVD/NOSTRAND AV,191
1.1270508922905341e+18,MURDOCK AV/196 ST,119
1.1270934952378556e+18,82 ST/ROOSEVELT AV,1106
1.1272560320838228e+18,BROADWAY/W 204 ST,271
1.127291535165894e+18,LAUREL HILL BLVD/58 ST,1020
1.1274392457627416e+18,LEXINGTON AV/E 37 ST,64
1.1274429416881258e+18,3 AV/E 50 ST,77
1.1274921879248402e+18,W 49 ST/9 AV,31
1.1337985585704481e+18,OCEAN AV/AVENUE X,34
1.1304266040385964e+18,WESTERVELT AV/HAMILTON AV,433
1.1304398317288037e+18,6 AV/BROOME ST,120
1.1304871417797239e+18,9 AV/W 28 ST,119
1.1305005975085015e+18,EMMONS AV/E 14 ST,158
1.1305126362462387e+18,PUTNAM AV/FOREST AV,115
1.1305467081326875e+18,67 AV/60 ST,185
1.1305549475911777e+18,5 AV/W 118 ST,102
1.1305646832966422e+18,NOSTRAND AV/MONTGOMERY ST,137
1.1305788735256221e+18,67 AV/60 ST,108
1.1342798299275557e+18,BRONXWOOD AV/E 216 ST,137
1.1275674821247985e+18,E 34 ST/1 AV,67
1.1275721020339713e+18,CHURCH AV/LLOYD ST,240
1.1275805880451828e+18,W 96 ST/COLUMBUS AV,25
1.1275856045407382e+18,COLUMBUS AV/W 100 ST,194
1.1275890313579159e+18,10 AV/W 49 ST,84
1.1276189729274291e+18,SUTTON PL/E 55 ST,131
1.127629210723794e+18,9 AV/W 52 ST,38
1.1276549519065023e+18,E 42 ST/PARK AV,187
1.1348483620472754e+18,HYLAN BLVD/BANCROFT AV,76
1.1305962016935173e+18,ADAM C POWELL BLVD/W 122 ST,56
1.1307099700115533e+18,UTICA AV/FILLMORE AV,301
1.1309168741312436e+18,6 AV/W 45 ST,91
1.1309232611900769e+18,E 10 ST/AVENUE C,191
1.130984920779091e+18,FOREST AV/68 RD,78
1.1309902108533996e+18,MANHATTAN AV/W 116 ST,45
1.130999315453943e+18,67 AV/60 ST,9
1.1310533237911044e+18,9 AV/W 44 ST,118
1.1349008097717514e+18,UTICA AV/PROSPECT PL,83
1.1349040309573482e+18,MANHATTAN AV/W 113 ST,19
1.1350014738079032e+18,LINCOLN AV/GRANT PL,239
1.1351329697250034e+18,LINDEN BLVD/79 ST,854
1.131113740999059e+18,CHRISTOPHER ST/WAVERLY PL,99
1.1311140261560372e+18,LEXINGTON AV/E 37 ST,162
1.1311202955433696e+18,AVENUE A/E 5 ST,34
1.131120552108388e+18,AVENUE A/E 5 ST,34
1.1311316481556677e+18,E 8 ST/5 AV,35
1.1311589790663693e+18,S 5 ST/MONTROSE AV,50
1.1354044122612402e+18,SANFORD AV/162 ST,39
1.1354987958066144e+18,2 AV/E 31 ST,99
1.1276560562688936e+18,UTOPIA PKWY/JEWEL AV,81
1.1276734947644927e+18,HALSEY ST/CENTRAL AV,299
1.1276752051942301e+18,WILSON AV/MELROSE ST,48
1.1276910663175406e+18,AMSTERDAM AV/W 79 ST,157
1.1277443742498831e+18,GRANDVIEW AV/BRABANT ST,35
1.1277459787490291e+18,W 50 ST/7 AV,2
1.1356414718089068e+18,W 49 ST/7 AV,96
1.1356487390797252e+18,9 AV/W 35 ST,198
1.1355077181376367e+18,2 AV/E 33 ST,37
1.1355187726074708e+18,2 AV/E 33 ST,50
1.1311769840149637e+18,6 AV/W 54 ST,200
1.1311775094302939e+18,6 AV/W 54 ST,200
1.1311789479920155e+18,6 AV/W 54 ST,200
1.1311794284663529e+18,6 AV/W 54 ST,200
1.1311832352503316e+18,67 AV/60 ST,191
1.1311845744598729e+18,7 AV/W 44 ST,215
1.1312701390058033e+18,LEXINGTON AV/E 89 ST,67
1.1355254683596268e+18,2 AV/E 31 ST,94
1.1355478426309644e+18,6 AV/W 31 ST,40
1.1355513121055899e+18,MADISON AV/E 32 ST,172
1.1355535408682235e+18,LEXINGTON AV/E 110 ST,172
1.1355565060855455e+18,2 AV/E 31 ST,133
1.1355633059730382e+18,W 31 ST/6 AV,33
1.1355795188704104e+18,AVENUE H/E 48 ST,65
1.1356554348732184e+18,W 106 ST/AMSTERDAM AV,56
1.1357645841245796e+18,8 AV/40 ST,81
1.1359716941664433e+18,CRESCENT ST/RIDGEWOOD AV,352
1.1360887410338875e+18,COOPER ST/CENTRAL AV,121
1.136092230819613e+18,BOWERY/BLEECKER ST,151
1.1361515128421507e+18,1 AV/E 91 ST,241
1.1361743129719232e+18,E 49 ST/LEXINGTON AV,108
1.1362131026496727e+18,SARATOGA AV/BAINBRIDGE ST,249
1.1362140507480573e+18,E 50 ST/LEXINGTON AV,29
1.1355827486634871e+18,5 AV/W 31 ST,62
1.1356042362371126e+18,lincoln tnl app/lincoln tnl app,285
1.142791797065038e+18,8 AV/W 49 ST,186
1.1427930434623625e+18,8 AV/W 49 ST,186
1.1427938523829972e+18,WILSON AV/MYRTLE AV,47
1.1427997472354474e+18,VALENTINE AV/E 198 ST,62
1.1428078228162757e+18,WATER ST/GOUVERNEUR LN,67
1.1428214076622623e+18,3 AV/E 37 ST,121
1.1312763519831663e+18,YORK AV/E 72 ST,111
1.1312898602880544e+18,E 10 ST/AVENUE B,110
1.1397021111892883e+18,67 AV/60 ST,118
1.1397657392887615e+18,AMSTERDAM AV/W 81 ST,8
1.1397888431331153e+18,HOLLIS AV/201 ST,300
1.1397892236736403e+18,GRANDVIEW AV/METROPOLITAN AV,251
1.1398078255973153e+18,W 72 ST/WEST END AV,155
1.1398320062095793e+18,MIDLAND AV/KISWICK ST,143
1.1398857467129732e+18,3 AV/E 99 ST,75
1.1428497055240306e+18,W 10 ST/WAVERLY PL,164
1.1428513853219647e+18,DE KALB AV/FRANKLIN AV,51
1.1428569224856179e+18,BEDFORD AV/DE KALB AV,121
1.1429077455505088e+18,DITMARS BLVD/31 AV,398
1.13629707264778e+18,MADISON AV/E 63 ST,243
1.1363192983083841e+18,LORIMER ST/MONTROSE AV,69
1.1364484434545228e+18,ATLANTIC AV/WARWICK ST,14
1.1364603888483423e+18,ATLANTIC AV/WARWICK ST,233
1.1365169790288315e+18,E 136 ST/LINCOLN AV,265
1.1365190071428502e+18,E 136 ST/LINCOLN AV,265
1.1367883723960398e+18,DECATUR ST/CENTRAL AV,58
1.1433081116267404e+18,EAST NEW YORK AV/SCHENECTADY AV,183
1.143324733024968e+18,10 AV/W 30 ST,181
1.1433329756272712e+18,E 34 ST/2 AV,157
1.1398942965892965e+18,8 AV/W 52 ST,101
1.1399752902248426e+18,ATLANTIC AV/SCHENCK AV,78
1.1399866315221586e+18,BEDFORD AV/S 2 ST,219
1.1400316904032357e+18,SARATOGA AV/MARION ST,80
1.140112176584548e+18,10 AV/W 47 ST,151
1.140339957176283e+18,LORIMER ST/TEN EYCK ST,152
1.1403449544702399e+18,S 5 ST/MONTROSE AV,69
1.1433442915525601e+18,LEXINGTON AV/E 37 ST,173
1.1433713782877427e+18,MADISON AV/E 37 ST,138
1.1433755439374237e+18,MADISON AV/E 37 ST,150
1.1433917523285315e+18,LEXINGTON AV/E 31 ST,61
1.1434814728046428e+18,LEXINGTON AV/E 40 ST,105
1.1368924266503123e+18,6 AV/W 45 ST,174
1.1369096411592888e+18,COLUMBUS AV/W 78 ST,101
1.1369433988059593e+18,EAST HOUSTON ST/MOTT ST,75
1.1369440244728361e+18,COLUMBIA ST/WARREN ST,427
1.1369506330649206e+18,ALLEN ST/STANTON ST,175
1.1434819061228667e+18,VARICK ST/NORTH MOORE ST,199
1.1435801185848803e+18,GATES AV/WOODWARD AV,186
1.1436420803254304e+18,RIVERSIDE DR/W 114 ST,48
1.1436500972043442e+18,NEPTUNE AV/BRIGHTON 6 ST,322
1.143803861226784e+18,WATER ST/WALL ST,63
1.1441134836632155e+18,3 AV/E 24 ST,67
1.140385401734534e+18,WILSON AV/SCHAEFFER ST,90
1.1405643046059524e+18,W 42 ST/9 AV,139
1.1405772990731996e+18,LORIMER ST/MONTROSE AV,107
1.1405980725028602e+18,BROOKLYN AV/ATLANTIC AV,53
1.1406031850184347e+18,BERGEN ST/ALBANY AV,148
1.1406153487936548e+18,NORTH BOUNDARY RD/N HANGAR RD,1837
1.1406521681966066e+18,HALSEY ST/NOSTRAND AV,298
1.1406561705132941e+18,THROOP AV/PARK AV,67
1.1407150175085893e+18,BROADWAY/W 89 ST,224
1.1408103186067168e+18,9 AV/W 40 ST,115
1.1369558983242438e+18,SCHAEFER ST/WILSON AV,157
1.1369952067704054e+18,HEMPSTEAD AV/221 ST,122
1.1370492826396028e+18,LORIMER ST/MESEROLE ST,59
1.1370705104784292e+18,SPRINGFIELD BLVD/SPRINGFIELD LN,507
1.1372402816316956e+18,LIVINGSTON ST/HOYT ST,132
1.137255018515797e+18,MANHATTAN AV/W 119 ST,83
1.137287868719423e+18,CHURCH AV/LLOYD ST,240
1.1441985700946693e+18,BROADWAY/CHAUNCEY ST,139
1.1442069553806388e+18,1 AV/SAINT MARKS PL,80
1.1442336999495895e+18,BROADWAY/JEFFERSON AV,29
1.1444384896482404e+18,8 AV/W  56 ST,133
1.1448909966643665e+18,JFK AIRPORT/TERMINAL 8,5993
1.1451668580627096e+18,CATON AV/E 3 ST,228
1.1374532088851178e+18,SCHAEFER ST/CENTRAL AV,190
1.1375176393148749e+18,MANHATTAN AV/W 121 ST,71
1.1375539700401394e+18,SCHAEFER ST/WILSON AV,30
1.1375949162698028e+18,ADAM C POWELL BLVD/W 127 ST,90
1.1376065870832901e+18,EAST FORDHAM RD/CAMBRELENG AV,96
1.1376146427954189e+18,CHURCH AV/LLOYD ST,150
1.1376213581876748e+18,MYRTLE AV/MARCY AV,200
1.1376226127574463e+18,MALCOLM X BLVD/W 129 ST,78
1.1408690133399841e+18,2 AV/E 75 ST,74
1.1412279547440315e+18,LINDEN BLVD/SUTPHIN BLVD,1659
1.1412598131651823e+18,HALSEY ST/HOWARD AV,162
1.1412686969775892e+18,BROADWAY/W 91 ST,67
1.1413098726924838e+18,JAMAICA AV/EUCLID AV,293
1.1413490808952813e+18,E 49 ST/3 AV,42
1.141353184138319e+18,E 49 ST/LEXINGTON AV,64
1.1413616826103377e+18,E 49 ST/LEXINGTON AV,142
1.1455981215865395e+18,W 50 ST/11 AV,108
1.145626712233092e+18,W 34 ST/BROADWAY,180
1.1456498372861292e+18,METROPOLITAN AV/RODNEY ST,306
1.1457168830004004e+18,10 AV/W 53 ST,131
1.145818787251205e+18,7 AV/W 15 ST,50
1.1376584659280471e+18,MALCOLM X BLVD/W 127 ST,5
1.137659690270774e+18,MALCOLM X BLVD/W 129 ST,32
1.137707637749447e+18,YORK AV/E 86 ST,77
1.1377225916027091e+18,MANHATTAN AV/W 121 ST,71
1.1377533069318609e+18,METROPOLITAN AV/SELFRIDGE ST,529
1.1377605728034915e+18,W 106 ST/AMSTERDAM AV,91
1.1377862643882282e+18,E 25 ST/PARK AV SOUTH,99
1.1377931305493417e+18,5 AV/W 43 ST,11
1.1378180637842254e+18,3 AV/E 47 ST,163
1.1458888603847167e+18,FULTON ST/SOUTH ELLIOT PL,54
1.1459442825090172e+18,ATLANTIC AV/MILFORD ST,451
1.1413668523533377e+18,E 49 ST/LEXINGTON AV,143
1.141375785847953e+18,HENDERSON AV/LAFAYETTE AV,76
1.1413769112622314e+18,ROCKAWAY PKWY/SHORE PKWY SERVICE RD NORTH,11372
1.1414493956384678e+18,SCHAEFER ST/WILSON AV,169
1.1414587486497151e+18,MEEKER AV/KINGSLAND AV,275
1.1415287428171866e+18,MORNINGSTAR RD/DIXON AV,13
1.1415391802382067e+18,MORNINGSTAR RD/BOWLES AV,246
1.1415459469103114e+18,LEWIS AV/GREENE AV,228
1.1416184217476351e+18,ADAM C POWELL BLVD/W 147 ST,4
1.1464098083972845e+18,W 72 ST/WEST END AV,179
1.1464100058183082e+18,W 72 ST/WEST END AV,173
1.1464102820562825e+18,W 72 ST/WEST END AV,47
1.1378240541960526e+18,3 AV/E 47 ST,77
1.1378331037015363e+18,E 49 ST/LEXINGTON AV,42
1.1378402001459482e+18,E 50 ST/LEXINGTON AV,66
1.1378840518287436e+18,BROADWAY/W 215 ST,625
1.1382122633329208e+18,WHITE PLAINS RD/RHINELANDER AV,94
1.1382174800305871e+18,8 AV/W 46 ST,82
1.138217481800713e+18,8 AV/W 46 ST,82
1.1464662868835684e+18,5 AV/W 30 ST,161
1.146548371745389e+18,7 AV/3 ST,407
1.1416244634076352e+18,COLUMBUS AV/W 102 ST,153
1.1416274159242624e+18,AVENUE C/E 3 ST,216
1.1418047598638052e+18,W 34 ST/8 AV,105
1.1419275694779649e+18,LORIMER ST/MONTROSE AV,136
1.1419331958564358e+18,LORIMER ST/MESEROLE ST,111
1.141963099135559e+18,W 10 ST/GREENWICH ST,119
1.1419696137300328e+18,RICHMOND TERR/HARBOR RD,248
1.1420030887979546e+18,WATER ST/GOUVERNEUR LN,165
1.1465484624651016e+18,1 AV/E 52 ST,210
1.1382902916314385e+18,W 43 ST/8 AV,232
1.1383017422319546e+18,6 AV/W 29 ST,166
1.138337785334485e+18,W 31 ST/6 AV,190
1.1383691468683648e+18,6 AV/W 54 ST,204
1.1384305469544521e+18,CATHEDRAL PKWY/MORNINGSIDE DR,110
1.1384805040324433e+18,BOX ST/MANHATTAN AV,68
1.1465713523750769e+18,42 RD/JACKSON AV,92
1.1466496193261082e+18,UNION TPKE/248 ST,388
1.1467531083579267e+18,EAST HOUSTON ST/BOWERY,250
1.1467539639384494e+18,EAST HOUSTON ST/BOWERY,250
1.1467548631606643e+18,EAST HOUSTON ST/BOWERY,250
1.1467555692418452e+18,EAST HOUSTON ST/BOWERY,250
1.1467562235316426e+18,EAST HOUSTON ST/BOWERY,250
1.1420187339443923e+18,BROADWAY/W 108 ST,98
1.14203828524371e+18,BROADWAY/W 108 ST,98
1.1420431335852285e+18,BROADWAY/W 108 ST,98
1.1420478945236744e+18,6 AV/W 38 ST,199
1.142048721696771e+18,6 AV/W 38 ST,267
1.1469260151975165e+18,METROPOLITAN AV/N 5 ST,215
1.1470377162317198e+18,UTICA AV/DEAN ST,80
1.1385517946742796e+18,FULTON ST/WASHINGTON AV,79
1.1385855051722894e+18,9 AV/W 35 ST,75
1.1385927298664077e+18,E 96 ST/2 AV,85
1.1387521440483839e+18,174 ST/110 AV,107
1.1390084307280835e+18,8 AV/W 31 ST,68
1.1391408657840114e+18,LIVINGSTON ST/HOYT ST,91
1.1470846114739247e+18,NEPTUNE AV/BRIGHTON 6 ST,322
1.1471058781563277e+18,5 AV/W 39 ST,78
1.1420783824650586e+18,BROADWAY/W 108 ST,98
1.1420809244526243e+18,3 AV/E 31 ST,160
1.1420851977744479e+18,BROADWAY/W 108 ST,98
1.1420864800067598e+18,7 AV/W 58 ST,152
1.1420872386611187e+18,7 AV/W 58 ST,97
1.1420877251475855e+18,BROADWAY/W 108 ST,98
1.142125676070008e+18,BEDFORD AV/DE KALB AV,171
1.1471112061263395e+18,HUDSON ST/BARROW ST,154
1.1471665195159288e+18,BROADWAY/JEFFERSON AV,114
1.147174224210376e+18,BROADWAY/MADISON ST,51
1.1392878927767895e+18,FLATLANDS AV/SCHENECTADY AV,180
1.1393316880980329e+18,37 AV/104 ST,164
1.1393993025599355e+18,KINGSTON AV/UNION ST,71
1.1394301671982241e+18,SAINT JOHNS PL/KINGSTON AV,149
1.1478923507214307e+18,AVENUE D/E 4 ST,81
1.1479684120589395e+18,BROADWAY/W 93 ST,111
1.1479740170200549e+18,BROADWAY/W 108 ST,98
1.1480413514367953e+18,VICTORY BLVD/ARLENE ST,282
1.1480947681801372e+18,23 AV/82 ST,911
1.1471772614540745e+18,BROADWAY/JEFFERSON AV,72
1.142128655151068e+18,3 AV/E 47 ST,82
1.1421557819464058e+18,ASTORIA BLVD SOUTH/STEINWAY ST,1413
1.1422448305628854e+18,BRIGHTON BEACH AV/BRIGHTON 5 ST,125
1.142270446696234e+18,CENTRE ST/GRAND ST,250
1.1426818202009989e+18,KINGSTON AV/UNION ST,198
1.1426862609266107e+18,63 DR/QUEENS BLVD,480
1.1426966112534275e+18,BROADWAY/W 91 ST,67
1.1426968946197851e+18,11 AV/W 42 ST,150
1.1471851728999744e+18,FULTON ST/EASTERN PKWY,57
1.1471981625161971e+18,FULTON ST/EASTERN PKWY,59
1.1472187695090789e+18,9 AV/W 44 ST,65
1.1473406309417165e+18,KISSENA BLVD/HOLLY AV,205
1.147350900299584e+18,7 AV/W 41 ST,237
1.1426974388251382e+18,7 AV/W 37 ST,63
1.1426978162852778e+18,10 AV/W 30 ST,181
1.1427108904202737e+18,RALPH AV/BAINBRIDGE ST,256
1.1427137910298702e+18,RALPH AV/BAINBRIDGE ST,155
1.142715650032375e+18,KINGSLAND AV/WITHERS ST,131
1.1427159295569503e+18,RALPH AV/MACDONOUGH ST,137
1.142735795274193e+18,1 AV/E 93 ST,47
1.1477065711478214e+18,EAST HOUSTON ST/BOWERY,250
1.1478177589341738e+18,WHITE PLAINS RD/BURKE AV,234
1.1478230974011734e+18,AMSTERDAM AV/W 93 ST,97
1.1478598662701961e+18,BROADWAY/W 108 ST,98
1.1481832170129996e+18,STANHOPE ST/ONDERDONK AV,188
1.1481835741121553e+18,ATLANTIC AV/HENRY ST,282
1.1484155838512259e+18,RALPH AV/FULTON ST,82
1.148462183776298e+18,6 AV/W 45 ST,192
1.148611065583493e+18,CONEY ISLAND AV/DORCHESTER RD,453
1.1486884376149348e+18,RALPH AV/AVENUE K,200
1.148779217624178e+18,2 AV/E 61 ST,164
1.1488641422407043e+18,CENTRE ST/GRAND ST,243
1.1493388354845509e+18,RIVERSIDE DR/W 94 ST,249
1.147863063940755e+18,BROADWAY/W 108 ST,98
1.1478704977472763e+18,BROADWAY/W 108 ST,98
1.1478714593897481e+18,BROADWAY/W 108 ST,98
1.1478724707621197e+18,BROADWAY/W 108 ST,98
1.1478920860936698e+18,EAST HOUSTON ST/NORFOLK ST,48
1.157399898282114e+18,FRANKLIN AV/WILLOUGHBY AV,144
1.1574290156493747e+18,8 AV/W 37 ST,20
1.1427648005121256e+18,7 AV/W 54 ST,54
1.1427905432318648e+18,8 AV/W 49 ST,186
1.1535173341069107e+18,MARCUS GARVEY BLVD/BROADWAY,135
1.1535330535679334e+18,BROADWAY/PARK ST,95
1.153548171936927e+18,BROADWAY/GRANITE ST,289
1.1535676297781202e+18,BROOKLYN AV/ATLANTIC AV,68
1.153687212909484e+18,E 72 ST/1 AV,109
1.1537519731766244e+18,LEXINGTON AV/E 31 ST,77
1.157486936826236e+18,8 AV/W 46 ST,193
1.1575546582139272e+18,W 34 ST/6 AV,194
1.1576138937819126e+18,WILLIAMSBURG BRIDGE PLAZA/LANE 2,273
1.1577138080501135e+18,2 AV/E 75 ST,72
1.1577760732003758e+18,BROADWAY/MADISON ST,150
1.1577806774231826e+18,BROADWAY/JEFFERSON AV,63
1.157785717271805e+18,BROADWAY/JEFFERSON AV,128
1.157790822975193e+18,YORK AV/E 88 ST,6
1.1577922060224287e+18,BROADWAY/JEFFERSON AV,113
1.157796350358599e+18,BROADWAY/JEFFERSON AV,197
1.1493589455224818e+18,ADAM C POWELL BLVD/W 113 ST,174
1.1495041676457004e+18,HALSEY ST/MARCY AV,213
1.149533863702763e+18,UNION TPKE/PARSONS BLVD,856
1.1495538217526342e+18,FORT WASHINGTON AV/W 162 ST,142
1.1499786017324805e+18,RIVERDALE AV/GREYSTONE AV,104
1.1500736200886847e+18,7 AV/STERLING PL,97
1.150083229376322e+18,BROADWAY/W 149 ST,62
1.1501068827650638e+18,ATLANTIC AV/90 ST,325
1.1501097310178529e+18,2 AV/E 6 ST,71
1.1503428050492799e+18,GATES AV/FRANKLIN AV,67
1.1579002963834642e+18,HUDSON ST/CHARLTON ST,98
1.1579626459942682e+18,2 AV/E 54 ST,77
1.1537667223229617e+18,W 72 ST/BROADWAY,195
1.153791643860209e+18,BROADWAY/W 181 ST,44
1.1537929415172175e+18,LINDEN PL/35 AV,220
1.153798184304538e+18,HALSEY ST/PATCHEN AV,129
1.153814539476223e+18,MARCUS GARVEY BLVD/LEXINGTON AV,199
1.1538606596026998e+18,RALPH AV/FOSTER AV,546
1.1539229894413594e+18,2 AV/E 46 ST,134
1.154008541926836e+18,SAINT JOHNS PL/BUFFALO AV,194
1.1542700964989972e+18,AVENUE C/E 20 ST,180
1.1579783415488906e+18,WILLIAMSBURG BRIDGE PLAZA/LANE 1,241
1.1579863939098755e+18,DRIGGS AV/S 4 ST,53
1.1579915479151575e+18,6 AV/W 29 ST,65
1.1579994177461233e+18,CENTRE ST/BROOME ST,183
1.158000575255458e+18,RIVERSIDE DR/W 89 ST,66
1.1580227005572652e+18,5 AV/W 30 ST,32
1.1580315890910515e+18,EAST HOUSTON ST/1 AV,49
1.158036284237495e+18,CASTLETON AV/WOODSTOCK AV,164
1.158056628085191e+18,CASTLETON AV/HAVEN ESPLANADE,56
1.1581063206098875e+18,SOUTH AV/ARLINGTON PL,258
1.15427528175636e+18,NEW YORK AV/ATLANTIC AV,103
1.1543704658683146e+18,BORINQUEN PL/S 1 ST,187
1.154383032797794e+18,150 AV/148 ST,1156
1.154544392831608e+18,METROPOLITAN AV/70 RD,110
1.1545567822405107e+18,1 AV/SAINT MARKS PL,87
1.1549331419352315e+18,FORT WASHINGTON AV/W 175 ST,54
1.155101211287751e+18,W 49 ST/AVENUE OF THE AMERICAS,243
1.1506311817406821e+18,CATON AV/McDONALD AV,54
1.1506387214906045e+18,MADISON ST/ONDERDONK AV,240
1.1506607414010641e+18,VAN DUZER ST/VANDERBILT AV,674
1.1507132577345294e+18,63 RD/108 ST,608
1.1508337795945774e+18,177 ST/106 AV,232
1.1508754493304381e+18,COLLEGE POINT BLVD/15 AV,618
1.1510647024880481e+18,MANHATTAN AV/W 122 ST,194
1.1513909374755485e+18,CLASSON AV/PROSPECT PL,162
1.15139302366103e+18,W 57 ST/9 AV,99
1.1514316540909334e+18,1 AV/E 11 ST,78
1.1585639000848507e+18,1 AV/E 64 ST,103
1.158602474475474e+18,E 57 ST/2 AV,185
1.15862084303833e+18,SAINT NICHOLAS AV/W 184 ST,122
1.1586330067769994e+18,WATER ST/PINE ST,124
1.1514353083467139e+18,169 ST/HILLSIDE AV,57
1.1514630580527899e+18,PARK AV SOUTH/E 18 ST,226
1.1514736647115565e+18,WILSON AV/GROVE ST,159
1.1514871193499188e+18,EAST HOUSTON ST/BOWERY,250
1.1514999977199662e+18,W 57 ST/6 AV,326
1.1515048019018176e+18,W 57 ST/6 AV,326
1.1515053276644658e+18,W 57 ST/6 AV,326
1.1515061906774618e+18,W 57 ST/6 AV,326
1.1515062727723752e+18,W 57 ST/6 AV,326
1.158653696748074e+18,5 AV/W 40 ST,116
1.1586536983255967e+18,5 AV/W 40 ST,116
1.1552510999188564e+18,7 AV/W 20 ST,89
1.1553165512988442e+18,NEW YORK AV/PACIFIC ST,72
1.1553450606629212e+18,6 AV/W 38 ST,29
1.1553638010929175e+18,6 AV/W 38 ST,63
1.155719449518236e+18,BERGEN ST/ALBANY AV,180
1.1557637098457592e+18,UNION ST/NORTHERN BLVD,157
1.1557846744751603e+18,4 AV/87 ST,189
1.155804870556862e+18,LINDEN PL/35 AV,156
1.1558101381360154e+18,UNION ST/NORTHERN BLVD,63
1.158653986677506e+18,5 AV/W 40 ST,116
1.1586539960407982e+18,5 AV/W 40 ST,116
1.1515066281885234e+18,W 57 ST/6 AV,326
1.1515067148447535e+18,W 57 ST/6 AV,326
1.1515456848735197e+18,EAST HOUSTON ST/BOWERY,250
1.1515565362944532e+18,CATHEDRAL PKWY/BROADWAY,42
1.1515711333435345e+18,CATHEDRAL PKWY/BROADWAY,203
1.151572387742548e+18,BROADWAY/W 106 ST,21
1.1516411785837903e+18,NOSTRAND AV/TILDEN AV,92
1.1516777832761248e+18,8 AV/W 52 ST,212
1.1586723418319242e+18,NEW YORK AV/PACIFIC ST,203
1.1586809034261445e+18,MESEROLE ST/UNION AV,200
1.1588222393916488e+18,6 AV/W 38 ST,211
1.1588258336863534e+18,HALSEY ST/BUSHWICK AV,347
1.158940967802758e+18,SMITH ST/DOUGLASS ST,295
1.1558232596051425e+18,46 AV/158 ST,524
1.1558639002835756e+18,COLUMBUS AV/W 106 ST,215
1.1559144779666796e+18,E 57 ST/MADISON AV,66
1.155943556816366e+18,NOSTRAND AV/RUTLAND RD,60
1.1559942084213809e+18,9 AV/W 46 ST,105
1.1560286999951135e+18,LIVINGSTON ST/BOND ST,64
1.15606685587842e+18,BROAD ST/SOUTH ST,98
1.1560803038672899e+18,LEXINGTON AV/E 28 ST,99
1.1563919233431944e+18,8 AV/W 28 ST,278
1.1589601395717604e+18,LAUREL HILL BLVD/58 ST,879
1.1590532607012303e+18,3 AV/E 17 ST,77
1.159193211874959e+18,FREDERICK DOUGLASS BLVD/W 138 ST,122
1.1595677135604244e+18,SARATOGA AV/ATLANTIC AV,144
1.1595725655121398e+18,1 AV/E 52 ST,115
1.1596541847694141e+18,BERGEN ST/BOND ST,79
1.160218866802929e+18,DECATUR ST/CYPRESS AV,157
1.160246264827816e+18,18 AV/OCEAN PKWY,339
1.156413929372689e+18,6 AV/W 40 ST,212
1.1564620853000174e+18,6 AV/WAVERLY PL,168
1.1565471376613478e+18,7 AV/W 34 ST,227
1.156548485842085e+18,2 AV/E 82 ST,69
1.156554847207826e+18,ROCKAWAY AV/EASTERN PKWY,348
1.156583884030133e+18,LINDEN PL/35 AV,113
1.1565842723796247e+18,BROADWAY/PARK ST,13
1.1565900415102042e+18,FLUSHING AV/BEAVER ST,95
1.156595301791417e+18,LINDEN PL/35 AV,143
1.1565964053090926e+18,LINDEN PL/35 AV,167
1.1520198364295483e+18,THOMAS S BOYLAND ST/EASTERN PKWY,113
1.1520282146962769e+18,MADISON AV/E 123 ST,60
1.1520742216517011e+18,MARCUS GARVEY BLVD/BROADWAY,172
1.152113190559817e+18,NORTH BOUNDARY RD/150 AV,1677
1.1521631622530099e+18,82 ST/ROOSEVELT AV,686
1.1521884398268118e+18,FLUSHING AV/BEAVER ST,85
1.1522201115992204e+18,W 54 ST/11 AV,4
1.1522303811132643e+18,MARCUS GARVEY BLVD/LEXINGTON AV,96
1.1522821366952329e+18,UTICA AV/PROSPECT PL,83
1.1523720800921353e+18,ADAM C POWELL BLVD/W 114 ST,119
1.1602558818356977e+18,NOSTRAND AV/PACIFIC ST,156
1.1608439850698872e+18,11 ST/47 AV,87
1.1608731187337925e+18,BOX ST/MANHATTAN AV,150
1.160898704380271e+18,BROADWAY/VESEY ST,164
1.1609038985052467e+18,BROOKLYN AV/PARK PL,158
1.1566081913021468e+18,FLUSHING AV/BEAVER ST,88
1.1566146711183278e+18,ROCKAWAY AV/EASTERN PKWY,112
1.156623030616376e+18,TROY AV/EASTERN PKWY,54
1.1566248830871672e+18,WATER ST/GOUVERNEUR LN,324
1.1566266475627062e+18,FLUSHING AV/BEAVER ST,86
1.1566341114020234e+18,BROADWAY/PARK ST,95
1.1566357830151898e+18,ROCKAWAY AV/EASTERN PKWY,330
1.1566586072507162e+18,21 ST/41 AV,241
1.1567135184427438e+18,EASTERN PKWY/SCHENECTADY AV,137
1.1523842210845144e+18,W 50 ST/9 AV,55
1.1526561096418001e+18,SUTTER AV/WYONA ST,163
1.1528188453055645e+18,8 AV/W 39 ST,192
1.1528291348804233e+18,EAST HOUSTON ST/BOWERY,250
1.1529163877867478e+18,FOREST AV/BLEECKER ST,265
1.1529417315636739e+18,MORNINGSTAR RD/BOWLES AV,243
1.1609954027754685e+18,COURT ST/1 PL,281
1.1611625119102351e+18,BROADWAY/W 92 ST,135
1.1614266383572826e+18,E 92 ST/YORK AV,171
1.1615209871459922e+18,COURT ST/3 PL,81
1.156823160048268e+18,9 AV/W 44 ST,47
1.1568332006126303e+18,W 49 ST/9 AV,149
1.1568523678987382e+18,9 AV/W 46 ST,176
1.156886612042524e+18,3 AV/E 14 ST,83
1.1570401481806638e+18,11 AV/W 42 ST,150
1.157155043074006e+18,MADISON AV/E 54 ST,86
1.161590328282172e+18,FREDERICK DOUGLASS BLVD/W 138 ST,68
1.152972711471489e+18,BEDFORD AV/CHURCH AV,32
1.1530075729818145e+18,FRANCIS LEWIS BLVD/MURDOCK AV,155
1.1530508743875208e+18,FLUSHING AV/BEAVER ST,61
1.1531772588239043e+18,9 AV/W 46 ST,94
1.1534822041094505e+18,11 AV/W 42 ST,150
1.1534950625655337e+18,FLUSHING AV/BEAVER ST,66
1.1534999164556728e+18,FLUSHING AV/HUMBOLDT ST,232
1.1535047289385167e+18,FLUSHING AV/HUMBOLDT ST,59
1.161593459916217e+18,3 AV/12 ST,229
1.1617298855981985e+18,2 AV/E 103 ST,99
1.1617720777615985e+18,BEDFORD AV/DE KALB AV,129
1.161779657540201e+18,DE KALB AV/FRANKLIN AV,147
1.1618226220188022e+18,JAMAICA AV/WARWICK ST,9
1.1572256063913114e+18,AVENUE U/VAN SICKLEN ST,382
1.157225718519495e+18,7 AV/W 17 ST,103
1.1572639211168899e+18,FLUSHING AV/HUMBOLDT ST,111
1.1572677535363743e+18,E 14 ST/AVENUE A,76
1.1572679360779095e+18,CENTRAL PARK WEST/W 104 ST,130
1.1572712653043277e+18,MANHATTAN AV/W 116 ST,0
1.1572760442039985e+18,MANHATTAN AV/W 113 ST,100
1.1572972917305367e+18,7 AV/W 44 ST,215
1.15730817119878e+18,130 PL/BERGEN RD,1791
1.1623535018288146e+18,5 AV/W 30 ST,111
1.1623881702390223e+18,MADISON AV/E 40 ST,53
1.1623917902002668e+18,ALLEN ST/GRAND ST,22
1.1623923244620306e+18,PACIFIC ST/SACKMAN ST,439
1.162395989077494e+18,7 AV/W 25 ST,137
1.162454771886305e+18,ESSEX ST/CANAL ST,83
1.162493514532718e+18,BERGEN ST/GRAND AV,40
1.1627107061270953e+18,ROOSEVELT AV/COLLEGE POINT BLVD,103
1.161852019227176e+18,3 AV/E 17 ST,96
1.1618899072049907e+18,W 42 ST/9 AV,208
1.161936484532127e+18,1 AV/E 93 ST,83
1.1622163649120707e+18,GATES AV/IRVING AV,207
1.1623374511382733e+18,21 ST/30 AV,568
1.1573212979784594e+18,GRAND ST/ROEBLING ST,163
1.1573734087827354e+18,WILLIAMSBURG BRIDGE PLAZA/LANE 2,266
1.1573935185558876e+18,BEDFORD AV/DE KALB AV,192
1.1643939708393098e+18,7 AV/W 49 ST,71
1.164397765912921e+18,8 AV/W 37 ST,104
1.1643990111663104e+18,8 AV/W 34 ST,130
1.164400419901369e+18,6 AV/W 27 ST,90
1.164402494958428e+18,WEST KINGSBRIDGE RD/SEDGWICK AV,131
1.1644059649329823e+18,BOWERY/GRAND ST,130
1.1644071172635725e+18,6 AV/WEST BROADWAY,15
1.1645650305035028e+18,BOWERY/BAYARD ST,143
1.1627499973241247e+18,ROOSEVELT AV/COLLEGE POINT BLVD,72
1.1629327927314783e+18,BROADWAY/W 135 ST,62
1.1629920330584566e+18,E 49 ST/LEXINGTON AV,16
1.1630076317640865e+18,VAN WYCK SOUTH SERVICE RD/BUILDING 90,16294
1.1630132248005714e+18,BROADWAY/W 89 ST,132
1.1630172537229683e+18,W 106 ST/COLUMBUS AV,240
1.1630665184497516e+18,ELIOT AV/80 ST,224
1.1631458704843423e+18,UTICA AV/EASTERN PKWY,181
1.163149524222187e+18,ROCKAWAY AV/MACDOUGAL ST,51
1.1631667160688545e+18,CATHEDRAL PKWY/AMSTERDAM AV,145
1.1645662112064873e+18,BOWERY/BAYARD ST,21
1.164567391190735e+18,3 AV/E 47 ST,58
1.164581850521309e+18,8 AV/W 42 ST,57
1.1644089176854372e+18,5 AV/W 43 ST,48
1.1644200874695242e+18,6 AV/WEST BROADWAY,245
1.1644216340180728e+18,7 AV/W 54 ST,149
1.1644262823108846e+18,E 50 ST/3 AV,119
1.1644269775434442e+18,BOWERY/HESTER ST,147
1.1644293036904911e+18,NOSTRAND AV/PACIFIC ST,156
1.1644299195082908e+18,VARICK ST/NORTH MOORE ST,154
1.1645911228430618e+18,6 AV/W 23 ST,227
1.1645949682420774e+18,MADISON AV/E 32 ST,84
1.1645968396007767e+18,W 49 ST/AVENUE OF THE AMERICAS,176
1.1646078090667302e+18,5 AV/W 37 ST,134
1.1646093334638556e+18,YORK AV/E 60 ST,6214
1.1631986916052116e+18,W 81 ST/CENTRAL PARK WEST,244
1.1633484960778813e+18,AVENUE U/VAN SICKLEN ST,412
1.1634918699584978e+18,20 AV/COLLEGE POINT BLVD,178
1.1636189391518625e+18,6 AV/GRAND ST,4
1.163629234404721e+18,8 AV/W 31 ST,216
1.163671725578278e+18,18 AV/68 ST,540
1.163763415369886e+18,NORTH CONDUIT AV/230 PL,990
1.1646124233431112e+18,WATER ST/MAIDEN LN,272
1.1646136210578355e+18,GREENWICH ST/HORATIO ST,42
1.1644321606353705e+18,W 50 ST/8 AV,199
1.1644352430493115e+18,W 49 ST/AVENUE OF THE AMERICAS,194
1.1644363776308055e+18,6 AV/W 38 ST,181
1.1644387707811648e+18,PEARL ST/FULTON ST,201
1.1644398297733732e+18,7 AV/W 49 ST,179
1.164441595020946e+18,JAMAICA AV/JEROME ST,186
1.1644423948438147e+18,7 AV/W 28 ST,265
1.1644438929939492e+18,6 AV/W 38 ST,188
1.1644460781047777e+18,W 179 ST/AMSTERDAM AV,11
1.1646150747499359e+18,E 23 ST/3 AV,58
1.16462116618489e+18,CHURCH ST/FULTON ST,62
1.1646239236755082e+18,8 AV/W 39 ST,25
1.164625573454278e+18,W 34 ST/DYER AV,247
1.1638486111069504e+18,PARK AV SOUTH/E 18 ST,195
1.1638498520399194e+18,5 AV/W 36 ST,119
1.1638519517798031e+18,W 44 ST/6 AV,41
1.1638529903656133e+18,8 AV/W  56 ST,118
1.1638543382214628e+18,6 AV/W 54 ST,208
1.1638649211837998e+18,W 49 ST/7 AV,130
1.1638660517350584e+18,WEST ST/CARLISLE ST,59
1.1638671064251095e+18,TRINITY PL/RECTOR ST,226
1.163869754884823e+18,W 43 ST/8 AV,104
1.1646313111261455e+18,8 AV/W 39 ST,77
1.1646339496676815e+18,8 AV/W 31 ST,160
1.1646353629830564e+18,6 AV/W 38 ST,155
1.1644484571210074e+18,5 AV/W 36 ST,59
1.1644485917327165e+18,MADISON AV/E 40 ST,242
1.1644499992920044e+18,9 AV/W 40 ST,16
1.1644544522474593e+18,10 AV/W 30 ST,182
1.1644568489314445e+18,5 AV/W 40 ST,38
1.1644595633870392e+18,7 AV/W 58 ST,23
1.164460846044231e+18,7 AV/W 55 ST,130
1.164462357502103e+18,7 AV/W 49 ST,209
1.1644636581043146e+18,MADISON AV/E 54 ST,18
1.164466950268465e+18,WEST ST/CARLISLE ST,88
1.164636954736202e+18,3 AV/E 42 ST,95
1.1646381641702213e+18,WATER ST/MAIDEN LN,289
1.1646390455655782e+18,WATER ST/PINE ST,129
1.1646415966742472e+18,10 AV/W 30 ST,421
1.1646456103942784e+18,5 AV/W 37 ST,141
1.1646477521601536e+18,8 AV/W 39 ST,182
1.1646488366329784e+18,W 34 ST/6 AV,185
1.164650096614642e+18,8 AV/W 37 ST,208
1.163871326842309e+18,W 57 ST/7 AV,68
1.1638774881141934e+18,MURRAY ST/WEST BROADWAY,68
1.1638785536821763e+18,BROADWAY/WALKER ST,137
1.1638808422432343e+18,E 86 ST/3 AV,71
1.1638843316520366e+18,5 AV/W 28 ST,155
1.163889878899595e+18,W 34 ST/8 AV,80
1.1638915391332567e+18,CENTRAL PARK WEST/COLUMBUS CIRCLE,95
1.16389396582937e+18,7 AV/W 28 ST,110
1.1638987175717092e+18,6 AV/W 54 ST,139
1.1646516519972913e+18,8 AV/W 37 ST,126
1.1644680445165796e+18,BROADWAY/GRAND ST,268
1.164468732287878e+18,BOWERY/KENMARE ST,192
1.1644708782113388e+18,MADISON AV/E 37 ST,110
1.1644720471944963e+18,8 AV/W 52 ST,77
1.1644737094100698e+18,7 AV/W 37 ST,98
1.1644764918041144e+18,BOWERY/KENMARE ST,123
1.1644784364867612e+18,3 AV/E 11 ST,61
1.1644795822036296e+18,BROADWAY/CORTLANDT ST,154
1.164485647522118e+18,MADISON AV/E 30 ST,69
1.1646587304986895e+18,6 AV/W 51 ST,3
1.164662573746157e+18,STATE ST/WHITEHALL ST,116
1.1646670774343273e+18,E 42 ST/MADISON AV,98
1.1646689333925852e+18,W 42 ST/9 AV,167
1.1646711028590426e+18,9 AV/W 42 ST,122
1.1646715903524882e+18,SUTTER AV/MILLER AV,76
1.1639073663232947e+18,W 57 ST/5 AV,190
1.1639095143951114e+18,2 AV/E 41 ST,31
1.1639142719746015e+18,W 42 ST/5 AV,134
1.1639150120947082e+18,W 42 ST/5 AV,128
1.1639157275501343e+18,MADISON AV/E 40 ST,26
1.1643125368495803e+18,LEXINGTON AV/E 37 ST,182
1.1643138881438907e+18,WATER ST/GOUVERNEUR LN,240
1.1643154985039094e+18,BROADWAY/W 74 ST,143
1.1643166603711747e+18,6 AV/W 45 ST,247
1.1643180235360727e+18,E 57 ST/5 AV,71
1.1646727478878344e+18,W 49 ST/7 AV,225
1.1646753566404344e+18,8 AV/W 37 ST,115
1.1644868436687375e+18,6 AV/BROOME ST,62
1.1644880541195832e+18,8 AV/W  56 ST,74
1.1644892125002463e+18,WATER ST/MAIDEN LN,232
1.1644901275757235e+18,7 AV/W 44 ST,132
1.164493728333418e+18,CHURCH ST/VESEY ST,59
1.1644955828634583e+18,7 AV/W 50 ST,2
1.1644961326932634e+18,JAMAICA AV/JEROME ST,153
1.1644966933031841e+18,8 AV/W 46 ST,165
1.1644995813373427e+18,7 AV/W 41 ST,217
1.1646804848150984e+18,BROADWAY/WEST HOUSTON ST,216
1.1646843603658268e+18,3 AV/E 53 ST,150
1.1646869005935002e+18,W 34 ST/DYER AV,189
1.164324248101923e+18,LEXINGTON AV/E 40 ST,120
1.1643264247437243e+18,LEXINGTON AV/E 37 ST,120
1.16433126598621e+18,W 49 ST/7 AV,39
1.1643335617795292e+18,8 AV/W 37 ST,86
1.1643348619266885e+18,5 AV/W 30 ST,155
1.1643364648397496e+18,7 AV/W 44 ST,110
1.1643389488091804e+18,WEST HOUSTON ST/GREENE ST,47
1.1643407909608225e+18,E 34 ST/PARK AV,41
1.1646889824964956e+18,7 AV/W 31 ST,89
1.164691637811695e+18,6 AV/W 31 ST,135
1.1646938434055296e+18,W 57 ST/BROADWAY,140
1.1647023751998912e+18,MURRAY ST/NORTH END AV,219
1.1647040937338488e+18,LEXINGTON AV/E 45 ST,225
1.1647057959902065e+18,CHURCH ST/LIBERTY ST,185
1.1647081610906675e+18,8 AV/W 46 ST,113
1.1643421050888515e+18,7 AV/W 55 ST,64
1.1643458549674726e+18,W 42 ST/7 AV,61
1.1643470723203535e+18,MADISON AV/E 28 ST,89
1.164356214913932e+18,W 34 ST/6 AV,82
1.1643587241338202e+18,HARRISON ST/HUDSON ST,41
1.1643602838565786e+18,MURRAY ST/WEST BROADWAY,76
1.164363487343156e+18,BROAD ST/SOUTH ST,125
1.1643648910239078e+18,MADISON AV/E 28 ST,107
1.16437098110664e+18,6 AV/SPRING ST,55
1.1645011644883482e+18,7 AV/W 52 ST,166
1.164502437381407e+18,W 57 ST/7 AV,166
1.164504163027712e+18,COLUMBUS AV/W 61 ST,78
1.164508379062773e+18,SARATOGA AV/MARION ST,47
1.1645096930601718e+18,6 AV/W 29 ST,50
1.164511609579464e+18,6 AV/W 38 ST,166
1.1645127211846461e+18,MADISON AV/E 63 ST,112
1.1645167778553032e+18,MADISON AV/E 29 ST,108
1.164517927085106e+18,7 AV/W 58 ST,106
1.1645222612720812e+18,6 AV/W 29 ST,160
1.1647107401797827e+18,W 50 ST/7 AV,174
1.164720768101407e+18,7 AV/W 54 ST,56
1.1647259788747438e+18,238 ST/128 AV,982
1.1648301975296904e+18,21 ST/BROADWAY,1065
1.1650589148270566e+18,WEST HOUSTON ST/VARICK ST,42
1.164374500997373e+18,WEST ST/CARLISLE ST,245
1.1643788064019185e+18,7 AV/W 44 ST,84
1.1643824573576325e+18,BOWERY/BLEECKER ST,36
1.1643852511231334e+18,W 49 ST/8 AV,151
1.1643868809331543e+18,E 49 ST/1 AV,70
1.1643882341841344e+18,PARK ROW/SPRUCE ST,196
1.1671418862921935e+18,5 AV/W 45 ST,139
1.1672145198551506e+18,JAMAICA AV/BARBEY ST,5
1.1651487420239058e+18,SEDGWICK AV/W 197 ST,309
1.1645235538670054e+18,6 AV/W 29 ST,85
1.1645265515543104e+18,GREENPOINT AV/47 ST,753
1.164527054552479e+18,E 49 ST/LEXINGTON AV,219
1.1645282761123395e+18,8 AV/W 46 ST,149
1.1645295337842537e+18,W 49 ST/11 AV,9
1.1645306174212037e+18,BROADWAY/E 13 ST,51
1.1645329953222723e+18,W 34 ST/5 AV,161
1.1645347472130028e+18,9 AV/W 40 ST,76
1.164535892671634e+18,7 AV/W 25 ST,47
1.164539918808781e+18,W 31 ST/6 AV,132
1.1659087007410867e+18,1 AV/E 20 ST,110
1.165965036051272e+18,W 31 ST/6 AV,97
1.1659733375232164e+18,CHAMBERS ST/WEST BROADWAY,47
1.1660308437062377e+18,METROTECH UNDERPASS/LAWRENCE ST,136
1.1645409242299016e+18,E 42 ST/PARK AV,148
1.1645419808384868e+18,MADISON AV/E 40  ST,85
1.16454306665999e+18,6 AV/W 45 ST,129
1.1645459334682163e+18,ESSEX ST/DELANCEY ST,133
1.164547839140975e+18,EAST HOUSTON ST/ESSEX ST,87
1.1645495835231506e+18,SPRING ST/GREENWICH ST,129
1.1645520867711094e+18,8 AV/W 46 ST,63
1.1645536759983887e+18,WATER ST/MAIDEN LN,52
1.1645624873596493e+18,BROADWAY/W 75 ST,66
1.1706075203383406e+18,LINDEN BLVD/197 ST,420
1.1672309631854618e+18,JAMAICA AV/JEROME ST,167
1.167240334295469e+18,1 AV/E 70 ST,94
1.1672698196292713e+18,MADISON AV/E 34 ST,81
1.167302392870991e+18,WEST END AV/W 72 ST,92
1.1673086662619236e+18,BEDELL ST/127 AV,418
1.167315125357515e+18,LEXINGTON AV/E 37 ST,129
1.1673254910940877e+18,10 AV/W 45 ST,134
1.1673739331813652e+18,SHORE PKWY/E 28 ST,536
1.1674343590054986e+18,W 145 ST/RIVERSIDE DR,177
1.1660416897263652e+18,HAMPTON ST / WHITNEY AVE,345
1.1660841492111992e+18,SCHAEFER ST/CENTRAL AV,97
1.1660905122079695e+18,FULTON ST/KINGSTON AV,269
1.166118086665626e+18,RIVERSIDE DR/W 89 ST,231
1.1662365799597924e+18,GRAND AV/GOLDSMITH ST,136
1.1663312080557046e+18,MALCOLM X BLVD/DECATUR ST,188
1.1674972024293952e+18,5 AV/W 45 ST,141
1.1675575953028357e+18,8 AV/W 39 ST,106
1.167604944642105e+18,12 AV/W 43 ST,116
1.1676179707361416e+18,HUDSON ST/CHARLTON ST,99
1.167693321211855e+18,ATLANTIC AV/104 ST,172
1.1678373137034934e+18,21 ST/35 AV,1104
1.1678755407090322e+18,1 AV/E 70 ST,148
1.170616948195207e+18,GATES AV/MARCUS GARVEY BLVD,255
1.1706704949327373e+18,NEW YORK AV/FARRAGUT RD,181
1.1709205085959767e+18,W 57 ST/7 AV,207
1.1709677598718377e+18,9 AV/W 44 ST,51
1.1709963730787963e+18,MALCOLM X BLVD/PUTNAM AV,143
1.1664644916252838e+18,HALSEY ST/CENTRAL AV,165
1.1664731773325343e+18,DECATUR ST/CENTRAL AV,59
1.1664879004387735e+18,7 AV/W 54 ST,32
1.1664881761692762e+18,7 AV/W 54 ST,32
1.1664924363565092e+18,BOWERY/PRINCE ST,132
1.1664927121621425e+18,GRAND ST/CLINTON ST,84
1.1665941303840645e+18,9 AV/W 25 ST,172
1.1710127693561795e+18,BOWERY/BAYARD ST,124
1.171048735255126e+18,CHURCH AV/E 56 ST,123
1.171092946447246e+18,ALBANY AV/WINTHROP ST,278
1.171095609819278e+18,SEAVIEW AV/OLYMPIA BLVD,61
1.171128417170687e+18,SEAVIEW AV/OLYMPIA BLVD,150
1.1711658057938476e+18,JAMAICA AV/WARWICK ST,152
1.1711890687970578e+18,LEXINGTON AV/E 28 ST,65
1.1713021368207534e+18,DWIGHT ST/DIKEMAN ST,5
1.171648490889909e+18,PEARL ST/FULTON ST,161
1.166668321004873e+18,2 AV/E 78 ST,142
1.167975742517802e+18,3 AV/92 ST,81
1.1679957665528353e+18,FULTON ST/VAN SINDEREN AV,192
1.1680079062845156e+18,GATES AV/FAIRVIEW AV,402
1.1680919879631265e+18,HALSEY ST/TOMPKINS AV,100
1.168168558442208e+18,W 14 ST/8 AV,120
1.168168738463899e+18,W 14 ST/8 AV,120
1.1681687421117386e+18,W 14 ST/8 AV,120
1.168168869176628e+18,W 14 ST/8 AV,120
1.1667085626515177e+18,BEDELL ST/130 AV,863
1.1667421352806525e+18,E 57 ST/2 AV,52
1.1668405419460905e+18,57 AV/98 ST,153
1.1669108907253148e+18,SEAVIEW AV/E 105 ST,586
1.166985304842364e+18,THOMAS S BOYLAND ST/MACDOUGAL ST,119
1.1681693594850941e+18,E 9 ST/1 AV,35
1.1681694235723476e+18,E 9 ST/1 AV,35
1.1683005982935217e+18,GREENPOINT AV/47 ST,675
1.1686120366161372e+18,SMITH ST/UNION ST,90
1.1686863415360622e+18,E 10 ST/AVENUE A,274
1.1687030230532447e+18,AVENUE C/E 6 ST,90
1.1687066919830717e+18,E 10 ST/AVENUE B,146
1.168752743571994e+18,W 42 ST/AV OF THE AMERICAS,264
1.1716887126262356e+18,WEST END AV/HAMPTON AV,89
1.171784193331667e+18,UTICA AV/SAINT JOHNS PL,79
1.1718183968098478e+18,4 AV/E 10 ST,191
1.1718722994352397e+18,W 135 ST/MALCOLM X BLVD,17
1.171874826602262e+18,2 AV/E 92 ST,77
1.1719070625962125e+18,MAIN ST/77 RD,94
1.1719331706604639e+18,DE KALB AV/SAINT NICHOLAS AV,235
1.1720384578205335e+18,EAST TREMONT AV/COMMONWEALTH AV,100
1.172052370876056e+18,EAST TREMONT AV/COMMONWEALTH AV,106
1.17225895340059e+18,11 AV/W 44 ST,81
1.175891485820743e+18,5 AV/DEAN ST,119
1.175917377217905e+18,AVENUE C/E 8 ST,142
1.176109588788492e+18,W 50 ST/7 AV,21
1.1688996979140296e+18,LEXINGTON AV/E 104 ST,56
1.168901498789615e+18,REMSEN AV/FOSTER AV,515
1.168902661787806e+18,LEXINGTON AV/E 102 ST,104
1.1689694196348513e+18,VAN WYCK SOUTH SERVICE RD/BUILDING 90,16251
1.1691011241865464e+18,NORTHERN BLVD/PARSONS BLVD,152
1.169532841098522e+18,FULTON ST/ROCKAWAY AV,51
1.1696295408578732e+18,LORIMER ST/FROST ST,48
1.1761255179964892e+18,5 AV/W 39 ST,89
1.1761302419825162e+18,W 9 ST/5 AV,181
1.1722593029048796e+18,11 AV/W 44 ST,81
1.1722732435550397e+18,DECATUR ST/CENTRAL AV,69
1.1722945905705262e+18,BEDFORD AV/MONTGOMERY ST,77
1.1723596778085504e+18,5 AV/PROSPECT AV,271
1.17239044776121e+18,EAST TREMONT AV/COMMONWEALTH AV,208
1.1724457872414838e+18,FORT WASHINGTON AV/W 187 ST,130
1.1724621167115786e+18,NOSTRAND AV/PACIFIC ST,156
1.1724828720672095e+18,LEXINGTON AV/E 31 ST,207
1.176131434996346e+18,W 14 ST/6 AV,164
1.1761321352737754e+18,W 34 ST/5 AV,61
1.1761331699246743e+18,7 AV/W 25 ST,197
1.169664704428292e+18,ROCKAWAY AV/MARION ST,55
1.169852638825825e+18,WEST END AV/W 59 ST,66
1.1698581688353958e+18,3 AV/E 47 ST,53
1.170182963226148e+18,8 AV/W 39 ST,112
1.1702309631183626e+18,E 67 ST/1 AV,46
1.1702550044548541e+18,WARREN ST/GREENWICH ST,66
1.1703224113040448e+18,E 23 ST/PARK AV SOUTH,17
1.170382047568454e+18,BROADWAY/W 74 ST,116
1.176163500569034e+18,E 233 ST/MURDOCK AV,302
1.1761708324707402e+18,SUTTER AV/BARBEY ST,88
1.176179381586469e+18,BAYCHESTER AV/EDENWALD AV,150
1.1725199979879452e+18,NOSTRAND AV/GREENE AV,183
1.1725298868154926e+18,NOSTRAND AV/GREENE AV,170
1.1725324042269207e+18,NOSTRAND AV/GREENE AV,118
1.1726046718849285e+18,MYRTLE AV/THROOP AV,80
1.1726301458116186e+18,FREDERICK DOUGLASS BLVD/114 ST,61
1.1726503521668495e+18,ROCKAWAY AV/CHAUNCEY ST,66
1.176243945930186e+18,BAYCHESTER AV/EDENWALD AV,419
1.176333848981318e+18,3 AV/E 91 ST,145
1.1766383621632934e+18,BROADWAY/PARK ST,109
1.1703822327434634e+18,W 72 ST/WEST END AV,167
1.1703824649223754e+18,W 72 ST/WEST END AV,172
1.1704288103659855e+18,3 AV/92 ST,96
1.1704340644879974e+18,MYRTLE AV/EVERGREEN AV,225
1.1704354576400136e+18,46 AV/158 ST,184
1.1704355343854205e+18,3 AV/92 ST,96
1.1704400931037335e+18,3 AV/92 ST,96
1.1704463811197558e+18,3 AV/92 ST,96
1.1766830337327478e+18,BROADWAY/PARK ST,149
1.1767402684675223e+18,LEXINGTON AV/E 37 ST,105
1.176741119044321e+18,METROPOLITAN AV/GRAHAM AV,111
1.1726741143751626e+18,VAN BRUNT ST/COFFEY ST,58
1.1729600172276977e+18,5 AV/W 31 ST,141
1.1731037942173737e+18,3 AV/92 ST,96
1.1731083870299643e+18,44 DR/JACKSON AV,112
1.1731556864083566e+18,3 AV/92 ST,96
1.176742148306401e+18,E 116 ST/PLEASANT AV,311
1.1704477960696755e+18,3 AV/92 ST,96
1.1704496373918461e+18,3 AV/92 ST,96
1.1704513817707264e+18,3 AV/92 ST,96
1.1704533072869527e+18,3 AV/92 ST,96
1.1704588301411835e+18,3 AV/92 ST,96
1.1704610522360417e+18,3 AV/92 ST,96
1.1767503841955415e+18,COLLEGE POINT BLVD/MAPLE AV,56
1.176754800801854e+18,MADISON AV/E 29 ST,123
1.1767549424495404e+18,MADISON AV/E 28 ST,119
1.176757546948054e+18,5 AV/W 28 ST,113
1.1767576528653512e+18,5 AV/W 30 ST,76
1.176759865231956e+18,MADISON AV/E 28 ST,110
1.1767598738206892e+18,MADISON AV/E 30 ST,41
1.1767673287748493e+18,MADISON AV/E 40 ST,101
1.1731780200063898e+18,3 AV/92 ST,96
1.1731842256349501e+18,3 AV/92 ST,96
1.1732061964689216e+18,EAST TREMONT AV/WATERBURY AV,63
1.1732339625005637e+18,3 AV/92 ST,96
1.1732372889963223e+18,3 AV/92 ST,96
1.1732396093718454e+18,3 AV/92 ST,96
1.1733113015121165e+18,HALSEY ST/TOMPKINS AV,221
1.17338368927859e+18,1 AV/E 91 ST,96
1.1734601012397204e+18,VAN WYCK SOUTH SERVICE RD/BUILDING 90,15710
1.173497139301669e+18,NOSTRAND AV/BERGEN ST,56
1.1767674748371487e+18,MADISON AV/E 40 ST,101
1.170462643049849e+18,3 AV/92 ST,96
1.1704644401789512e+18,3 AV/92 ST,96
1.1705605426705623e+18,2 AV/E 50 ST,99
1.1775200825875264e+18,3 AV/92 ST,96
1.177521100394928e+18,W 57 ST/6 AV,76
1.1775251135941788e+18,W 42 ST/BROADWAY,265
1.177528855666993e+18,MADISON AV/E 37 ST,131
1.1775317895210673e+18,W 31 ST/6 AV,161
1.177545792823749e+18,9 AV/W 44 ST,63
1.1775459007268406e+18,9 AV/W 34 ST,229
1.1767913929316718e+18,E 14 ST/AVENUE B,104
1.1768042195280018e+18,GATES AV/SENECA AV,181
1.1768085186875305e+18,GATES AV/SENECA AV,101
1.1768096531702728e+18,GATES AV/CYPRESS AV,127
1.1768105078850609e+18,GATES AV/SAINT NICHOLAS AV,166
1.1768147668518758e+18,GATES AV/SENECA AV,154
1.1768453381338417e+18,MORRIS PARK AV/RADCLIFF AV,440
1.1738235296221005e+18,9 AV/W 44 ST,63
1.1739278821515727e+18,1 AV/E 91 ST,70
1.1741958072480678e+18,BROADWAY/W 152 ST,133
1.1742112438857539e+18,S 4 ST/HEWES ST,43
1.1742526330244736e+18,FORT WASHINGTON AV/W 190 ST,131
1.1745641547690719e+18,LENOX AV/W 135 ST,42
1.1746648762317066e+18,WASHINGTON ST/WEST HOUSTON ST,307
1.1746651403059817e+18,SUTTER AV/BRADFORD ST,55
1.1746672635491702e+18,CONEY ISLAND AV/TURNER PL,416
1.1747182472514058e+18,MORGAN AV/HARRISON PL,75
1.174723353117495e+18,GRAND CONCOURSE/E 206 ST,179
1.1768537642467773e+18,SAINT JOHNS PL/CLASSON AV,78
1.1775461472052872e+18,9 AV/W 46 ST,99
1.1775677846570278e+18,WATER ST/MAIDEN LN,45
1.1775703434715802e+18,7 AV/W 37 ST,257
1.1775718663400497e+18,7 AV/15 ST,68
1.1775722883531471e+18,E 149 ST/BROOK AV,119
1.1775722884117612e+18,E 149 ST/BROOK AV,119
1.1775752351842365e+18,W 42 ST/AV OF THE AMERICAS,133
1.1775775184037614e+18,W 57 ST/6 AV,242
1.1775781017810813e+18,BOWERY/SPRING ST,78
1.1775802332392228e+18,6 AV/W 45 ST,126
1.1768981634981097e+18,E 79 ST/YORK AV,226
1.1769018148705165e+18,8 AV/W 39 ST,176
1.1769078812250883e+18,DE KALB AV/TOMPKINS AV,126
1.1769143258577646e+18,TOMPKINS AV/MYRTLE AV,64
1.1769181021197965e+18,TOMPKINS AV/DEKALB AV,179
1.1769222947938227e+18,TOMPKINS AV/WILLOUGHBY AV,238
1.1769233804179172e+18,TOMPKINS AV/MYRTLE AV,150
1.1748268433938104e+18,LINDEN BLVD/SUTPHIN BLVD,474
1.1749439923959007e+18,E 116 ST/PLEASANT AV,351
1.1749642543780362e+18,MADISON ST/PIKE ST,78
1.1753937198486316e+18,11 ST/47 AV,535
1.1819332036306524e+18,E 138 ST/WILLIS AV,282
1.1769361796074486e+18,BROADWAY/PARK ST,91
1.1769499777464914e+18,SARATOGA AV/BAINBRIDGE ST,194
1.1775880640600876e+18,ALLEN ST/GRAND ST,48
1.1775916372394857e+18,MALCOLM X BLVD/W 137 ST,94
1.177606089286884e+18,W 14 ST/6 AV,250
1.1776766461941699e+18,METROPOLITAN AV/WOODHAVEN BLVD,709
1.1778893075685327e+18,20 AV/COLLEGE POINT BLVD,426
1.1781545479569219e+18,WYTHE AV/N 9 ST,118
1.17817194629562e+18,W 31 ST/6 AV,109
1.1782537524255386e+18,PENNYFIELD AV/LAWTON AV,215
1.1782549596042076e+18,92 ST/53 AV,139
1.1782955401093942e+18,5 AV/W 44 ST,130
1.1773275952542976e+18,3 AV/92 ST,96
1.1773591196930063e+18,3 AV/92 ST,96
1.1819878464678979e+18,10 AV/W 47 ST,76
1.1820282489634706e+18,SUTTER AV/ASHFORD ST,64
1.1820319216806177e+18,E 116 ST/3 AV,54
1.1822105058994842e+18,LEXINGTON AV/E 116 ST,65
1.1825864920721329e+18,8 AV/BLEECKER ST,180
1.1826474957718907e+18,7 AV/W 52 ST,116
1.182652033696961e+18,6 AV/W 38 ST,190
1.1826558806478892e+18,9 AV/W 40 ST,69
1.1826815371444385e+18,THROOP AV/LAFAYETTE AV,75
1.1774199771626819e+18,3 AV/92 ST,96
1.1774332267286605e+18,3 AV/92 ST,96
1.1783317021330342e+18,6 AV/W 27 ST,39
1.1783330938529272e+18,FREDERICK DOUGLASS BLVD/W 123 ST,147
1.1783340389158213e+18,PARK ROW/ANN ST,12
1.178358905663977e+18,ASTORIA BLVD SOUTH/STEINWAY ST,1463
1.1784157150547156e+18,BROADWAY/W 94 ST,84
1.1784197986953413e+18,5 AV/W 46 ST,198
1.178421569168776e+18,RODNEY ST/S 3 ST,34
1.178425983423625e+18,E 67 ST/MADISON AV,116
1.1774499882170373e+18,3 AV/92 ST,96
1.177450613427046e+18,COURT ST/AMITY ST,198
1.17745232525943e+18,3 AV/92 ST,96
1.1827031120926387e+18,3 AV/E 118 ST,97
1.1827818527862966e+18,BROADWAY/GRAND ST,79
1.182793483521638e+18,GATES AV/MARCY AV,80
1.1828309755260204e+18,FORT WASHINGTON AV/W 187 ST,132
1.1829225858847258e+18,WEBSTER AV/CLAREMONT PKWY,426
1.1829598789569733e+18,EAST NEW YORK AV/SCHENECTADY AV,359
1.183112253545124e+18,HAMPTON ST / WHITNEY AVE,362
1.18314174904359e+18,MESEROLE ST/UNION AV,140
1.1832907960561193e+18,3 AV/23 ST,284
1.177453509132102e+18,3 AV/92 ST,96
1.17745481661761e+18,3 AV/92 ST,96
1.1788653757680748e+18,METROPOLITAN AV/N 5 ST,215
1.1789013411446723e+18,3 AV/E 17 ST,96
1.178927151122557e+18,WILLIS AV/E 140 ST,232
1.1789330423068314e+18,WATER ST/GOUVERNEUR LN,223
1.1789405730302784e+18,WILLIS AV/E 140 ST,160
1.178989990878285e+18,DRIGGS AV/GRAND ST,76
1.1774616054614582e+18,3 AV/92 ST,96
1.177473168936528e+18,3 AV/92 ST,96
1.177476704781804e+18,3 AV/92 ST,96
1.1774780270226427e+18,3 AV/92 ST,96
1.1774790847766108e+18,YORK AV/E 88 ST,63
1.183310711479885e+18,5 AV/W 32 ST,64
1.1833155896763717e+18,VARICK ST/WATTS ST,251
1.1833197358971635e+18,AMSTERDAM AV/W 75 ST,78
1.1833213905022344e+18,86 ST/W 7 ST,42
1.1833686845744765e+18,6 AV/W 51 ST,186
1.1833707331797494e+18,HUDSON ST/NORTH MOORE ST,396
1.1833726120537715e+18,3 AV/E 47 ST,93
1.1833772312112686e+18,MADISON AV/E 28 ST,78
1.1833795337238566e+18,E 49 ST/LEXINGTON AV,80
1.1833830030009277e+18,BROADWAY/W 76 ST,190
1.1774794782778289e+18,YORK AV/E 86 ST,36
1.1774797780771023e+18,3 AV/92 ST,96
1.1790205914784136e+18,NOSTRAND AV/AVENUE X,168
1.1791189424405809e+18,W 14 ST/6 AV,49
1.179574566320269e+18,3 AV/E 17 ST,96
1.179739442698642e+18,DE KALB AV/MYRTLE AV,145
1.1798020843083274e+18,BERGEN ST/WASHINGTON AV,179
1.1802493975712215e+18,BEDFORD AV/WILLOUGHBY AV,10
1.1802731040172598e+18,FLUSHING AV/BEAVER ST,88
1.177481454077078e+18,3 AV/92 ST,96
1.1774869263450693e+18,3 AV/92 ST,96
1.1774949487246902e+18,NOSTRAND AV/GATES AV,77
1.1774954680220518e+18,3 AV/92 ST,96
1.1775006554413312e+18,3 AV/92 ST,96
1.183398239642739e+18,BROADWAY/WALKER ST,50
1.183404325423019e+18,9 AV/W 35 ST,143
1.1837626637260365e+18,EAST NEW YORK AV/SCHENECTADY AV,359
1.183775642432616e+18,EAST NEW YORK AV/SCHENECTADY AV,359
1.1838450924763377e+18,EAST NEW YORK AV/SCHENECTADY AV,359
1.1838571135739889e+18,EAST NEW YORK AV/SCHENECTADY AV,359
1.1840154207270502e+18,GRAND ST/CLINTON ST,157
1.1840158304889974e+18,GRAND ST/CLINTON ST,157
1.180992438919861e+18,LEXINGTON AV/E 31 ST,207
1.181127097467286e+18,WYTHE AV/N 9 ST,120
1.1811270975823347e+18,WYTHE AV/N 9 ST,120
1.1811271918874929e+18,WYTHE AV/N 9 ST,120
1.1775040456318787e+18,3 AV/92 ST,96
1.1775053271831626e+18,3 AV/92 ST,96
1.1775166301695662e+18,3 AV/92 ST,96
1.1775181499249738e+18,BROADWAY/GRAND ST,130
1.1862299660643843e+18,5 AV/W 39 ST,187
1.186233886414086e+18,W 57 ST/10 AV,292
1.1862440594059538e+18,MADISON ST/MARKET ST,54
1.1840392756916447e+18,5 AV/W 28 ST,147
1.1840465654952627e+18,5 AV/W 38 ST,175
1.184059411658291e+18,6 AV/W 29 ST,172
1.1840655833130714e+18,5 AV/W 56 ST,77
1.184068565040974e+18,6 AV/W 18 ST,117
1.184070598813464e+18,5 AV/21 ST,143
1.1841223804078244e+18,ATLANTIC AV/BOND ST,110
1.1841488608877046e+18,RIVERSIDE DR/W 139 ST,788
1.1841568946351772e+18,ADAM C POWELL BLVD/W 149 ST,144
1.186246679940531e+18,3 AV/E 45 ST,60
1.1811388483031153e+18,GRAHAM AV/MEEKER AV,245
1.1811585813465608e+18,SAINT JOHNS PL/TROY AV,141
1.1811625077482785e+18,REMSEN AV/WINTHROP ST,241
1.1811934368970143e+18,W 57 ST/6 AV,103
1.1812065687819622e+18,1 AV/E 17 ST,143
1.181208177611882e+18,SAINT JOHNS PL/TROY AV,141
1.1812294220977462e+18,ADAM C POWELL BLVD/W 116 ST,99
1.1812651243238218e+18,GRAHAM AV/JOHNSON AV,210
1.1862532061941783e+18,W 23 ST/6 AV,49
1.1862670829913708e+18,CONEY ISLAND AV/FOSTER AV,311
1.1862836527464458e+18,PEARL ST/FULTON ST,200
1.1862854292821883e+18,MADISON AV/E 47 ST,72
1.1862895054604285e+18,6 AV/W 47 ST,127
1.1862915109654602e+18,W 34 ST/BROADWAY,40
1.186294785158224e+18,2 AV/E 46 ST,134
1.1843702442654195e+18,LIBERTY AV/REMINGTON ST,621
1.184612752558619e+18,BOWERY/PRINCE ST,177
1.184614275534021e+18,5 AV/W 45 ST,112
1.1846174291666685e+18,LEXINGTON AV/E 55 ST,98
1.1846285142222876e+18,WEST ST/CARLISLE ST,153
1.1846298649364178e+18,7 AV/W 41 ST,68
1.184632004227393e+18,VARICK ST/CHARLTON ST,63
1.1848507261951194e+18,MYRTLE AV/MARCUS GARVEY BLVD,115
1.18491644028223e+18,5TH AVE / W 48TH ST,174
1.1863041029994194e+18,COLUMBIA ST/CARROLL ST,418
1.1863816639587295e+18,LORIMER ST/FROST ST,182
1.1864113630565064e+18,FRANKLIN ST/GREEN ST,52
1.1812707843558313e+18,6 AV/BROOME ST,75
1.1812715085754522e+18,GRAHAM AV/JOHNSON AV,223
1.1812728795404454e+18,GRAHAM AV/JOHNSON AV,66
1.181305119926101e+18,LORIMER ST/FROST ST,173
1.1813617989585475e+18,ATLANTIC AV/HENRY ST,233
1.1813945799840364e+18,MELROSE AV/E 155 ST,52
1.1815538171458038e+18,EAST HOUSTON ST/AV C,87
1.1817182742217828e+18,1 AV/E 11 ST,119
1.181822862889163e+18,LEXINGTON AV/E 31 ST,78
1.1864905193718784e+18,TOMPKINS AV/PUTNAM AV,176
1.1868059626695908e+18,REMSEN AV/FOSTER AV,439
1.18689490713037e+18,7 AV/W 41 ST,66
1.1868955277836672e+18,2 AV/E 84 ST,66
1.186897872833466e+18,6 AV/W 31 ST,71
1.1869034160176842e+18,8 AV/W 37 ST,120
1.1818292351335503e+18,BROADWAY/MADISON ST,111
1.189621467718975e+18,E 42 ST/LEXINGTON AV,118
1.189624020069287e+18,AMSTERDAM AV/W 81 ST,162
1.1896244446190881e+18,EAST BROADWAY/FORSYTH ST,201
1.1896249601131364e+18,W 181 ST/AMSTERDAM AV,220
1.1896266796594888e+18,ALLEN ST/HESTER ST,100
1.1896271040720172e+18,MADISON AV/E 25 ST,74
1.1896275669580982e+18,E 57 ST/LEXINGTON AV,176
1.1897488436020255e+18,STERLING PL/FRANKLIN AV,114
1.1898112308785006e+18,10 AV/W 37 ST,148
1.1849290086257492e+18,EAST HOUSTON ST/NORFOLK ST,175
1.184991550363915e+18,ADAM C POWELL BLVD/W 148 ST,145
1.185101406435194e+18,EASTCHESTER RD/E 222 ST,156
1.1851494962230723e+18,21 ST/38 AV,424
1.1851565312100508e+18,NARROWS AV/86 ST,84
1.185298315132796e+18,8 AV/W  56 ST,126
1.1853023196090463e+18,6 AV/W 27 ST,108
1.1853041392950856e+18,8 AV/W 39 ST,104
1.1853059518325327e+18,8 AV/W 37 ST,159
1.1854010559954202e+18,101 ST/31 AV,495
1.1869171907242286e+18,5 AV/W 49 ST,76
1.1869204583416676e+18,6 AV/W 51 ST,171
1.1869231875355067e+18,W 57 ST/6 AV,178
1.1869269905271012e+18,CENTRAL PARK SOUTH/6 AV,73
1.1869281554244795e+18,KINGS HWY/MCDONALD AV,372
1.1869563197220045e+18,SOUTH FERRY TERM/SOUTH FERRY TERM,65
1.1898117249625403e+18,6 AV/W 29 ST,153
1.1898126065166205e+18,BROADWAY/EXCHANGE ALLEY,182
1.1898130495105539e+18,5 AV/W 32 ST,60
1.18981598849438e+18,7 AV/W 28 ST,64
1.1898204041039826e+18,DE KALB AV/KNICKERBOCKER AV,133
1.1898262593961554e+18,W 34 ST/6 AV,106
1.1898266746641697e+18,CENTRAL PARK WEST/W 70 ST,107
1.1898271193657754e+18,9 AV/W 35 ST,248
1.1898328564994765e+18,W 23 ST/8 AV,150
1.1869658919284298e+18,7 AV/W 54 ST,65
1.1869713372087347e+18,HOMELAWN ST/HIGHLAND AV,397
1.185470040103299e+18,MIDLAND AV/FREEBORN ST,116
1.1856079613370017e+18,FLATBUSH AV/CORTELYOU RD,102
1.1856326984949737e+18,HAMPTON ST/BAXTER AV,42
1.1856484357887923e+18,HALSEY ST/TOMPKINS AV,288
1.185848618818016e+18,CENTRAL PARK SOUTH/COLUMBUS CIRCLE,73
1.1861771197553654e+18,SUTTER AV/WARWICK ST,114
1.1861848874665654e+18,AMSTERDAM AV/W 168 ST,79
1.1862062586132234e+18,1 AV/SAINT MARKS PL,95
1.1862113075895619e+18,COLUMBUS AV/W 63 ST,85
1.1869749415550026e+18,E 50 ST/2 AV,220
1.186980205962754e+18,9 AV/W 40 ST,264
1.1869839296798991e+18,MADISON AV/E 35 ST,67
1.1869887637456225e+18,6 AV/W 27 ST,44
1.1898332932926077e+18,EAST BROADWAY/FORSYTH ST,189
1.1898343790969405e+18,E 24 ST/LEXINGTON AV,87
1.1898405758062597e+18,6 AV/W 31 ST,55
1.189845545039028e+18,8 AV/W 28 ST,89
1.1898474584961925e+18,W 49 ST/AVENUE OF THE AMERICAS,145
1.1898479117808458e+18,W 23 ST/6 AV,101
1.189866576794193e+18,BROADWAY/W 94 ST,75
1.1898907564742136e+18,7 AV/W 44 ST,193
1.1898916385015933e+18,WATER ST/PINE ST,45
1.186996024281691e+18,6 AV/W 38 ST,155
1.1870107605119683e+18,3 AV/E 53 ST,64
1.186221745572681e+18,PEARL ST/FULTON ST,102
1.1862253587594447e+18,8 AV/W 34 ST,97
1.1862294736888717e+18,FARMERS BLVD/115 RD,140
1.192777768092031e+18,MYRTLE AV/111 ST,475
1.192828515848214e+18,CHRISTOPHER ST/WASHINGTON ST,155
1.1928997508752535e+18,FREDERICK DOUGLASS BLVD/W 121 ST,52
1.192903501898923e+18,E 49 ST/1 AV,312
1.187011379475488e+18,9 AV/W 40 ST,36
1.1871891071223793e+18,NORTHERN BLVD/PARSONS BLVD,88
1.187203236481709e+18,NORTHERN BLVD/PARSONS BLVD,191
1.187225034841478e+18,JAMAICA AV/JEROME ST,224
1.187229111817119e+18,KINGSTON AV/PROSPECT PL,93
1.1874037434154588e+18,9 AV/W 46 ST,84
1.189893799929838e+18,LEXINGTON AV/E 40 ST,137
1.1898942714876815e+18,2 AV/E 54 ST,176
1.1898947113321185e+18,9 AV/W 40 ST,88
1.1898951669196872e+18,7 AV/W 50 ST,1
1.1899018390427528e+18,W 125 ST/ADAM C POWELL BLVD,50
1.1899023296024328e+18,7 AV/W 34 ST,95
1.1899412443778068e+18,HILLSIDE AV/PARSONS BLVD,678
1.1899485501068419e+18,LEXINGTON AV/E 104 ST,117
1.1899503567163587e+18,FORT WASHINGTON AV/W 177 ST,135
1.190003667888458e+18,HARDING AV/CALHOUN AV,190
1.1900270797235018e+18,AMSTERDAM AV/W 170 ST,46
1.1876115088571087e+18,E 106 ST/2 AV,279
1.1929924259611866e+18,8 AV/W 31 ST,119
1.193005542763264e+18,8 AV/W 31 ST,119
1.1930161300871718e+18,W 14 ST/8 AV,309
1.1930680360134052e+18,QUEENS BLVD/55 AV,659
1.1931654621396306e+18,GRAND ST/BUSHWICK AV,356
1.193185407305022e+18,DUMONT AV/MONTAUK AV,63
1.1934223495211274e+18,2 AV/E 119 ST,173
1.1935443616761946e+18,9 AV/W 28 ST,230
1.1936151990800054e+18,MYRTLE AV/111 ST,305
1.1936250586421082e+18,MYRTLE AV/111 ST,412
1.1936432182576294e+18,MYRTLE AV/111 ST,479
1.187612697684877e+18,WATER ST/PINE ST,117
1.187614420725323e+18,GRAND ST/CLINTON ST,174
1.1876715759074688e+18,MADISON AV/E 47 ST,107
1.193646665023875e+18,3 AV/WARREN ST,105
1.1942204305737702e+18,JAMAICA AV/BRADFORD ST,183
1.1877351218341437e+18,FREDERICK DOUGLASS BLVD/W 143 ST,74
1.1900492169811146e+18,2 AV/E 119 ST,163
1.1902397945403203e+18,FULTON ST/THOMAS S BOYLAND ST,133
1.190409231701709e+18,W 49 ST/AVENUE OF THE AMERICAS,188
1.190411185465042e+18,11 AV/W 26 ST,140
1.1904116247780664e+18,6 AV/W 54 ST,127
1.1904147181924303e+18,CHURCH ST/CHAMBERS ST,113
1.190415199001854e+18,6 AV/GRAND ST,74
1.190415652281019e+18,BROADWAY/GRAND ST,283
1.1904177172132268e+18,WATER ST/JOHN ST,34
1.1904181905865884e+18,3 AV/E 37 ST,117
1.1904187351305536e+18,BROADWAY/MORRIS ST,215
1.1877557430895985e+18,EAST TREMONT AV/COMMONWEALTH AV,153
1.1880150174166756e+18,FLATLANDS AV/E 84 ST,382
1.188152660591876e+18,11 AV/W 44 ST,81
1.1883286919528195e+18,RALPH AV/MACDONOUGH ST,139
1.1942983594153482e+18,FULTON ST/CLASSON AV,71
1.1943650501587604e+18,149 AV/241 ST,6672
1.1944582699998904e+18,VAN WYCK SOUTH SERVICE RD/BUILDING 90,15242
1.194923183975939e+18,W 14 ST/6 AV,134
1.1949526291456602e+18,RIVERSIDE DR/W 94 ST,186
1.195127532287767e+18,WASHINGTON AV/BERGEN ST,87
1.1951835756883223e+18,LINCOLN AV/BRUCKNER BLVD,285
1.1883716039119795e+18,6 AV/W 45 ST,93
1.188372056540438e+18,1 AV/E 70 ST,148
1.1883741115790945e+18,BROADWAY/W 94 ST,57
1.1883785998086659e+18,11 AV/W 44 ST,81
1.1907203657549192e+18,HILLSIDE AV/WINCHESTER BLVD,296
1.1907654116794243e+18,HOMELAWN ST/84 RD,555
1.190846125102631e+18,3 AV/E 37 ST,98
1.191200874104195e+18,E 9 ST/UNIVERSITY PL,149
1.191240975339906e+18,WEST BROADWAY/DUANE ST,61
1.191242249658907e+18,5 AV/W 26 ST,77
1.1912509497835082e+18,6 AV/W 38 ST,215
1.1912517421266627e+18,W 14 ST/WASHINGTON ST,165
1.191261637583241e+18,9 AV/W 13 ST,110
1.1884052721078917e+18,LAFAYETTE AV/CARLTON AV,70
1.188540254211521e+18,PENNSYLVANIA AV/ATLANTIC AV,177
1.1886107361964572e+18,237 ST/128 AV,266
1.188687698590571e+18,DE KALB AV/CARLTON AV,123
1.1912659938784049e+18,LINCOLN AV/SOUTH RAILROAD AV,205
1.1912688380164244e+18,5 AV/W 38 ST,82
1.1912698551526584e+18,8 AV/W 46 ST,189
1.191273268316679e+18,W 49 ST/8 AV,69
1.1912774590277402e+18,EAST HOUSTON ST/FORSYTH ST,14
1.1912820947871068e+18,WATER ST/HANOVER SQ,233
1.1913139734549814e+18,PENNSYLVANIA AV/ATLANTIC AV,159
1.19135564565041e+18,ATLANTIC AV/LEFFERTS BLVD,1576
1.1887658969772204e+18,CASTLE HILL AV/NORTON AV,349
1.195285672281327e+18,HOLLIS AV/217 PL,269
1.195554348855678e+18,ESSEX ST/EAST BROADWAY,54
1.1955745339663222e+18,BROADWAY/W 204 ST,287
1.1956875029371471e+18,COLUMBUS AV/W 75 ST,208
1.1957866731783327e+18,HELL GATE CIRCLE/IFO FIELD 61,4328
1.195877462949589e+18,LAFAYETTE AV/MARCUS GARVEY BLVD,96
1.1959156656497272e+18,GRAHAM AV/JOHNSON AV,91
1.1959331989895583e+18,E 116 ST/PLEASANT AV,61
1.195987111459549e+18,HYLAN BLVD/SEGUINE AV,742
1.1890901419503555e+18,MADISON AV/E 77 ST,148
1.1891190300220372e+18,BROADWAY/GRAND ST,284
1.189156163386131e+18,GREENWICH ST/BATTERY PL,189
1.1891811596936707e+18,FRANCIS LWEIS BLVD/CANEY LN,406
1.1892434254113006e+18,LEXINGTON AV/E 40 ST,105
1.18924577646674e+18,2 AV/E 84 ST,100
1.1892684277906726e+18,west st/morris st,232
1.189281043249431e+18,UNION TPKE/135 ST,130
1.1892914498993032e+18,BROADWAY/MORRIS ST,208
1.196346309498203e+18,W 50 ST/9 AV,104
1.1963718096434934e+18,W 168 ST/AUDUBON AV,142
1.196497464450422e+18,4 AV/DEAN ST,63
1.1964977249319288e+18,AMSTERDAM AV/W 89 ST,93
1.1965755529107072e+18,CHURCH ST/DUANE ST,53
1.196581295094457e+18,BROADWAY/W 92 ST,129
1.1965820006117793e+18,18 AV/BENSON AV,247
1.1966312302374525e+18,WEST ST/KENT ST,469
1.1913692497445558e+18,W 54 ST/11 AV,50
1.1914047393260035e+18,4 AV/SENATOR ST,74
1.1914389206653294e+18,MERRICK BLVD/231 ST,734
1.1914460290778445e+18,FRANKLIN ST/GREEN ST,309
1.1914517055169175e+18,NASSAU AV/NEWEL ST,350
1.1914978406868096e+18,GRAND ST/ROEBLING ST,146
1.1920387152819346e+18,FOSTER AV/BEDFORD AV,213
1.1922524823586721e+18,5 AV/W 44 ST,130
1.192255067147043e+18,5 AV/W 44 ST,130
1.1922628456616028e+18,104 ST/ROOSEVELT AV,837
1.1892943566653693e+18,BROADWAY/EXCHANGE ALLEY,185
1.1894456655039199e+18,2 AV/E 96 ST,61
1.1896078751056753e+18,W 23 ST/6 AV,270
1.1896083067240696e+18,BROADWAY/THAMES ST,177
1.1896089844484188e+18,9 AV/W 40 ST,179
1.1966751373744184e+18,NORTHERN BLVD/PARSONS BLVD,336
1.1969707493153644e+18,CLEVELAND  PL/SPRING ST,220
1.1969710452869921e+18,ESSEX ST/DELANCEY ST,65
1.1969713030998362e+18,11 ST/JACKSON AV,566
1.1969738397930885e+18,BROADWAY/W 94 ST,57
1.2047711676990764e+18,CHURCH AV/LLOYD ST,138
1.2050372678369554e+18,8 AV/W  56 ST,149
1.205042267607787e+18,FLUSHING AV/JOHNSON AV,312
1.2050486600465152e+18,BROADWAY/GRANITE ST,271
1.2050491961837315e+18,FULTON ST/ROCKAWAY AV,54
1.205056344990896e+18,WYCKOFF AV/DE KALB AV,335
1.1969742786156703e+18,3 AV/E 47 ST,69
1.1970413107524278e+18,GREENPOINT AV/47 ST,260
1.197069668924931e+18,W 181 ST/SAINT NICHOLAS AV,24
1.1970749856860137e+18,6 AV/PRINCE ST,136
1.197101749992181e+18,3 AV/E 109 ST,110
1.1971664794644605e+18,WEBSTER AV/ITTNER PL,189
1.197179275483827e+18,AMSTERDAM AV/W 98 ST,336
1.1926809442338107e+18,3 AV/E 29 ST,65
1.198004382087812e+18,MALCOLM X BLVD/PUTNAM AV,136
1.1981004945929533e+18,ALBANY AV/RUTLAND RD,97
1.1985001252761585e+18,BROADWAY/ARION PL,272
1.1987523244860068e+18,ASTORIA BLVD/STEINWAY ST,876
1.198811777002173e+18,5 AV/W 44 ST,130
1.1988272620611057e+18,JAMAICA AV/WOODHAVEN BLVD,450
1.1988361119136635e+18,FRANKLIN AV/UNION ST,86
1.2050664113962783e+18,FLUSHING AV/JOHNSON AV,300
1.205073442837467e+18,FLUSHING AV/JOHNSON AV,307
1.2051401938124032e+18,E 169 ST/BOSTON RD,280
1.2054070055475346e+18,7 AV/18 ST,371
1.2054440481239352e+18,W 54 ST/11 AV,254
1.199223583280378e+18,BERGEN ST/4 AV,105
1.1993161536706002e+18,W 145 ST/ADAM C POWELL BLVD,168
1.1994743559073715e+18,n conduit av/cohancy st,1015
1.1996596424665492e+18,5 AV/W 44 ST,130
1.1996641420681085e+18,5 AV/W 44 ST,130
1.1999251222948723e+18,GATES AV/MARCY AV,127
1.1971921938550748e+18,FREEMAN ST/MANHATTAN AV,96
1.1972024076806595e+18,PIKE ST/SOUTH  ST,127
1.1972391168363364e+18,W 50 ST/7 AV,130
1.19726502357836e+18,BROADWAY/THAMES ST,215
1.1972847520248893e+18,9 AV/W 46 ST,110
1.1973012003328765e+18,KINGSTON AV/UNION ST,103
1.1975532092378637e+18,EAST GUN HILL RD/TRYON AV,66
1.1976718625423432e+18,E 79 ST/5 AV,58
1.205761267577581e+18,MANHATTAN AV/W 106 ST,66
1.2058469179934392e+18,HALSEY ST/BUSHWICK AV,94
1.2058567682236928e+18,ROGERS AV/CLARKSON AV,158
1.2058823922758205e+18,HALSEY ST/BUSHWICK AV,123
1.2059647966749184e+18,6 AV/W 18 ST,69
1.2060877757590464e+18,QUENTIN RD/E 19 ST,93
1.1977136775257334e+18,3 AV/10 ST,77
1.197714063298372e+18,ESSEX ST/DELANCEY ST,65
1.1977528004004577e+18,LINDEN BLVD/79 ST,657
1.197797780686529e+18,BOWERY/GRAND ST,67
1.197856347393329e+18,DWIGHT ST/DIKEMAN ST,137
1.1978591779738716e+18,GREENPOINT AV/44 ST,635
1.206400888255925e+18,HORACE HARDING EXPWY/KISSENA BLVD,171
1.1999868129612122e+18,VANDERBILT AV/FULTON ST,85
1.2000415235893133e+18,KINGS HWY/CLARENDON RD,151
1.2000955546821545e+18,BEDELL ST/BAISLEY BLVD,813
1.2002385722593884e+18,149 AV/257 ST,423
1.2002725690939407e+18,BOSTON RD/VYSE AV,166
1.2009926431815222e+18,south conduit en eb/cohancy st,2457
1.2010212168317696e+18,BROADWAY/WILLOUGHBY AV,240
1.201240426079643e+18,14 AV/123 ST,153
1.2013566641546266e+18,1 AV/E 52 ST,119
1.2013569592614246e+18,1 AV/E 52 ST,119
1.2064818965943908e+18,NORTHERN BLVD/PARSONS BLVD,333
1.2065745359663263e+18,LEXINGTON AV/E 74 ST,204
1.2065999003002337e+18,south conduit en eb/cohancy st,2457
1.2066064320012467e+18,NORTHERN BLVD/PARSONS BLVD,343
1.2066076245571116e+18,NORTHERN BLVD/PARSONS BLVD,276
1.206607880457066e+18,south conduit en eb/cohancy st,2457
1.2066382348085435e+18,5 AV/E 109 ST,56
1.206646876876752e+18,7 AV SOUTH/BARROW ST,118
1.2013960449088095e+18,AVENUE Z/E 7 ST,332
1.2014024525570527e+18,FRANKLIN ST/INDIA ST,134
1.201430587365404e+18,2 AV/E 25 ST,152
1.2014946975675016e+18,EAST HOUSTON ST/NORFOLK ST,76
1.201497791734624e+18,VANDERBILT AV/GREENE AV,68
1.201732576038059e+18,NOSTRAND AV/AVENUE Y,149
1.2017636831800968e+18,EASTERN PKWY/ROCHESTER AV,124
1.2018052496587354e+18,THROOP AV/HART ST,94
1.2067947300661048e+18,SOUNDVIEW AV/NEWMAN AV,462
1.210072001477755e+18,DECKER AV/CATHERINE ST,76
1.2101543671851315e+18,AVENUE L/E 87 ST,73
1.2101958976773804e+18,WEST END AV/W 61 ST,320
1.2103447559496018e+18,LAFAYETTE AV/CARLTON AV,114
1.2103765050500849e+18,LEXINGTON AV/E 104 ST,105
1.2103899699288384e+18,DECKER AV/CATHERINE ST,198
1.2104053449715658e+18,DECKER AV/PALMER AV,478
1.2104119413111864e+18,AMSTERDAM AV/W 158 ST,86
1.21061546903417e+18,21 ST/BROADWAY,387
1.2072373823853542e+18,HOYT AV SOUTH/31 ST,695
1.207253678620673e+18,WATER ST/GOUVERNEUR LN,50
1.2072877155373806e+18,ATLANTIC AV/111 ST,253
1.2018295288925624e+18,CLARKSON AV/NOSTRAND AV,210
1.202074411142207e+18,2 AV/E 75 ST,181
1.2022804161817298e+18,7 AV/W 25 ST,98
1.2073541603540483e+18,E 49 ST/1 AV,210
1.207387145759617e+18,E 49 ST/1 AV,210
1.2074551299323428e+18,9 AV/W 50 ST,136
1.2075076930461875e+18,BOWERY/SPRING ST,128
1.2109853819305633e+18,ASTORIA BLVD SOUTH/STEINWAY ST,1556
1.2110518530159734e+18,HEMPSTEAD AV/217 ST,94
1.2110758632856689e+18,RALPH AV/FOSTER AV,212
1.211209752256028e+18,ATLANTIC AV/WARWICK ST,92
1.2112538307212209e+18,gowanus py/6 av,112
1.2114406030171978e+18,GRAHAM AV/COOK ST,111
1.2114501803626194e+18,2 AV/E 75 ST,181
1.2114504114568955e+18,YORK ST/JAY ST,273
1.2075156978076882e+18,BOWERY/SPRING ST,108
1.2075192780564874e+18,FULTON ST/SARATOGA AV,201
1.2075482171888184e+18,ALLEN ST/DELANCEY ST,12
1.2075858303684027e+18,BROADWAY/W 187 ST,111
1.2115272137660884e+18,1 AV/MITCHELL PL,171
1.2115398283748997e+18,1 AV/E 23 ST,102
1.2078064210101007e+18,5 AV/W 31 ST,141
1.2078531861701071e+18,CROPSEY AV/BAY 17 ST,60
1.202281667370726e+18,7 AV/W 25 ST,98
1.2023488344702372e+18,THROOP AV/JEFFERSON AV,132
1.2024851211250196e+18,HAMPTON ST/BRITTON AV,726
1.2027580987790113e+18,FREDERICK DOUGLASS BLVD/W 113 ST,37
1.2027922741131756e+18,FREDERICK DOUGLASS BLVD/W 113 ST,70
1.202840148643069e+18,NOSTRAND AV/BERGEN ST,92
1.2028557280886684e+18,THOMAS S BOYLAND ST/MACDOUGAL ST,123
1.202858312395834e+18,NOSTRAND AV/BERGEN ST,92
1.202874477964232e+18,SAINT NICHOLAS AV/W 147 ST,19
1.207860637535149e+18,MANHATTAN AV/CLAY ST,103
1.2078965400949422e+18,MYRTLE AV/SUYDAM ST,158
1.207958356004097e+18,2 AV/E 70 ST,87
1.2079619236289958e+18,BROADWAY/MADISON ST,129
1.2079768389168358e+18,BROADWAY/MADISON ST,187
1.2080361205018156e+18,BROADWAY/W 161 ST,95
1.208074634862529e+18,BAY RIDGE AV/3 AV,255
1.208074934904627e+18,1 AV/E 70 ST,132
1.202875708853119e+18,2 AV/E 28 ST,69
1.2028767703306898e+18,5 AV/W 130 ST,114
1.2029547176575247e+18,REMSEN AV/AVENUE J,211
1.2030135811911334e+18,MALCOLM X BLVD/W 127 ST,5
1.203101908839089e+18,LEXINGTON AV/E 64 ST,69
1.2032238666629612e+18,BROOKLYN AV/ATLANTIC AV,82
1.2035642465821128e+18,3 AV/E 17 ST,96
1.2116081721600115e+18,ATLANTIC AV/90 ST,166
1.211632114992945e+18,PARK AV/WASHINGTON AV,107
1.2116721577638684e+18,1 AV/E 67 ST,100
1.2116773381335596e+18,NORTHERN BLVD/PARSONS BLVD,57
1.211758820311009e+18,W 42 ST/10 AV,213
1.2117710415667679e+18,UTICA AV/WINTHROP ST,249
1.2080842077600742e+18,W 31 ST/6 AV,5
1.2080962267251901e+18,ALBANY AV/RUTLAND RD,117
1.208097123799971e+18,9 AV/W 59 ST,80
1.2080999735537426e+18,BROADWAY/KENT AV,74
1.208183506604881e+18,ROGERS AV/CLARENDON RD,134
1.208353706940092e+18,HORACE HARDING EXPWY/KISSENA BLVD,298
1.2085437201826348e+18,HORACE HARDING EXPWY/KISSENA BLVD,311
1.2086226709435873e+18,2 AV/E 54 ST,182
1.208640642572493e+18,CLASSON AV/EASTERN PKWY,80
1.203607162308244e+18,GATES AV/PATCHEN AV,39
1.2036651763517276e+18,W 139 ST/MALCOLM X BLVD,194
1.2037106074793539e+18,9 AV/W 46 ST,110
1.2038661803020792e+18,BROOKLYN AV/ATLANTIC AV,117
1.2039209290305897e+18,KINGS HWY/E 16 ST,71
1.2039366360430659e+18,ELIOT AV/80 ST,488
1.2039602449718287e+18,S 4 ST/HOOPER ST,192
1.2043027237205394e+18,METROTECH UNDERPASS/LAWRENCE ST,135
1.2043062343689608e+18,FORT WASHINGTON AV/W 173 ST,57
1.208666089545224e+18,FARMERS BLVD/115 RD,7
1.2118175627120755e+18,ASTORIA BLVD NORTH/77 ST,325
1.2122643142331471e+18,S 4 ST/HEWES ST,85
1.2122691398952653e+18,THROOP AV/DE KALB AV,52
1.2122769016489692e+18,BROADWAY/MONTROSE AV,63
1.2122889244578924e+18,DUMONT AV/MONTAUK AV,67
1.2123476491971988e+18,COLLEGE POINT BLVD/MAPLE AV,206
1.212347883190845e+18,1 AV/E 62 ST,96
1.21236015433364e+18,BROADWAY/W 74 ST,54
1.2124352544018895e+18,7 AV/LINCOLN PL,42
1.2087711728907658e+18,3 AV/E 31 ST,60
1.20879544138051e+18,BOWERY/PRINCE ST,132
1.2088547169957235e+18,UTICA AV/SAINT JOHNS PL,175
1.208916458454949e+18,CORONA AV/51 AV,340
1.2090841262396242e+18,21 ST/BROADWAY,663
1.2093936335694164e+18,BROADWAY/GRAND ST,215
1.204321560216274e+18,MALCOLM X BLVD/W 129 ST,67
1.2043367807133568e+18,MYRTLE AV/CARLTON AV,155
1.2044227887646523e+18,MALCOLM X BLVD/W 125 ST,50
1.2044241918559035e+18,MALCOLM X BLVD/W 129 ST,52
1.2044244672534525e+18,1 AV/E 120 ST,144
1.2044253699992072e+18,W 125 ST/MALCOLM X BLVD,55
1.2046099490483098e+18,48 ST/50 AV,188
1.2143515415133868e+18,3 AV/E 17 ST,96
1.2144669412508472e+18,BROAD ST/SOUTH ST,107
1.2093957787714757e+18,BROADWAY/GRAND ST,249
1.209676112847838e+18,BROADWAY/MADISON ST,191
1.2124778986081715e+18,LINDEN BLVD/228 ST,568
1.2125826119031514e+18,1 AV/E 62 ST,103
1.2126247506802995e+18,SMITH ST/DOUGLASS ST,213
1.2128938801210604e+18,8 AV/W 28 ST,278
1.2129748727818084e+18,WOODRUFF AV/OCEAN AV,47
1.213027158255885e+18,W 10 ST/WAVERLY PL,146
1.2130789626103127e+18,9 AV/W 28 ST,173
1.2131378430273833e+18,E 49 ST/2 Av,133
1.213210056918463e+18,CHURCH AV/E 46 ST,278
1.2132423009521702e+18,COURT ST/WARREN ST,115
1.2097621262273485e+18,2 AV/E 33 ST,58
1.2100025641443405e+18,120 AV/196 ST,237
1.21005486301615e+18,WILSON AV/GREENE AV,326
1.214471070419042e+18,6 AV/W 45 ST,93
1.2144781553638433e+18,E 14 ST/IRVING PL,36
1.2144785582804024e+18,E 14 ST/IRVING PL,36
1.214478928294156e+18,E 14 ST/IRVING PL,36
1.2144794062677368e+18,E 14 ST/IRVING PL,36
1.2188413786625828e+18,AMSTERDAM AV/W 149 ST,126
1.218845399095529e+18,MADISON AV/E 34 ST,122
1.2144806642299853e+18,E 86 ST/2 AV,117
1.2144863110672932e+18,LEXINGTON AV/E 89 ST,71
1.214486987250118e+18,LEXINGTON AV/E 89 ST,71
1.214487278089766e+18,BROADWAY/W 91 ST,67
1.2144917249730537e+18,E 96 ST/3 AV,68
1.2188914713031232e+18,MADISON AV/E 38 ST,26
1.218986470947679e+18,COURT ST/SCHERMERHORN ST,146
1.2132887279492027e+18,DEAN ST/TROY AV,155
1.2133017624113787e+18,NOSTRAND AV/PUTNAM AV,162
1.2133644646058022e+18,KENT AV/S 6 ST,171
1.213384935138284e+18,DREW ST/SUTTER AV,226
1.213425687995363e+18,DREW ST/SUTTER AV,219
1.213610526930326e+18,COURT ST/MONTAGUE ST,91
1.213627489640171e+18,SUTTER AV/MONTAUK AV,56
1.2136889044223432e+18,ALLEN ST/GRAND ST,25
1.2136897250212518e+18,ALLEN ST/GRAND ST,56
1.2190163399097574e+18,2 AV/E 23 ST,86
1.2191002078303299e+18,E 116 ST/LEXINGTON AV,141
1.219216760016754e+18,1 AV/E 60 ST,123
1.214492079157446e+18,E 96 ST/3 AV,68
1.2144925665113654e+18,E 96 ST/3 AV,68
1.214492924370864e+18,E 96 ST/3 AV,189
1.2144933753129324e+18,E 96 ST/3 AV,68
1.214495260309473e+18,E 96 ST/3 AV,189
1.2195857141071987e+18,CORONA AV/JUNCTION BLVD,302
1.2196030287521649e+18,9 AV/W 44 ST,63
1.2196105470019438e+18,9 AV/W 46 ST,113
1.2196106349679027e+18,8 AV/W 31 ST,136
1.2196251202321032e+18,MARCUS GARVEY BLVD/LEXINGTON AV,177
1.2136898677620902e+18,ALLEN ST/GRAND ST,80
1.2136899430234335e+18,ALLEN ST/GRAND ST,203
1.2137226282305272e+18,W 49 ST/8 AV,241
1.213731743454096e+18,FDR DR/E 35 ST,67
1.2137573758949583e+18,BERGEN ST/NEVINS ST,97
1.2137626395965996e+18,21 ST/BROADWAY,1372
1.2138254652419758e+18,MYRTLE AV/MENAHAN ST,104
1.2196304111708052e+18,FULTON ST/SOUTH PORTLAND AV,183
1.2196465246739333e+18,BROADWAY/W 74 ST,90
1.2145977202838482e+18,RIVERSIDE DR/W 94 ST,375
1.2146090220391437e+18,7 AV/W 15 ST,51
1.2146364996682327e+18,2 AV/E 95 ST,62
1.214703376004679e+18,DREW ST/SUTTER AV,124
1.2147337217370557e+18,NEPTUNE AV/BRIGHTON 6 ST,322
1.2151179642539476e+18,ALLEN ST/GRAND ST,240
1.2151254043499395e+18,HALSEY ST/MARCY AV,82
1.215192926699068e+18,TOMPKINS AV/PUTNAM AV,222
1.215224488371019e+18,DRIGGS AV/S 2 ST,127
1.219756010828426e+18,W 57 ST/6 AV,68
1.2197614876914609e+18,BAY ST/GRANT ST,18
1.2198110498836406e+18,WYCKOFF AV/HARMAN ST,144
1.219815548009926e+18,WYCKOFF AV/HARMAN ST,198
1.2138309004030464e+18,SAINT NICHOLAS AV/W 184 ST,92
1.213853309354316e+18,WYCKOFF AV/BLEECKER ST,97
1.2138662852438577e+18,E 42 ST/2 AV,10
1.2138693137781192e+18,E 42 ST/2 AV,142
1.2138716574535596e+18,JAMAICA AV/94 ST,497
1.2139185392238467e+18,HOYT AV/31 ST,352
1.2139383825768282e+18,RALPH AV/HANCOCK ST,131
1.2139939986330596e+18,FRANKLIN ST/GREEN ST,243
1.219818636390744e+18,LEXINGTON AV/E 37 ST,83
1.2199728391464934e+18,57 AV/98 ST,150
1.2202197019097943e+18,HILLSIDE AV/178 ST,308
1.2208240178128264e+18,3 AV/E 11 ST,63
1.220949643970349e+18,TOMPKINS AV/DEKALB AV,114
1.2152845346239662e+18,RICHMOND TERR/CLINTON AV,360
1.2154139498500918e+18,FRANKLIN ST/GREEN ST,249
1.2154574939847286e+18,RIVERSIDE DR/W 142 ST,53
1.2158284587655956e+18,GATES AV/PATCHEN AV,168
1.215883954729701e+18,CLASSON AV/ATLANTIC AV,97
1.215930899551058e+18,GRAND AV/59 ST,226
1.2160352125194588e+18,MANHATTAN AV/W 122 ST,204
1.216120758101271e+18,E 10 ST/AVENUE C,18
1.2210053063364134e+18,LINDEN BLVD/179 ST,137
1.2210754097232046e+18,ASTORIA BLVD/STEINWAY ST,1322
1.2211115911313923e+18,11 ST/JACKSON AV,430
1.2140074488470866e+18,W 57 ST/6 AV,68
1.214181323231993e+18,BROADWAY/JEFFERSON ST,113
1.2257459269456778e+18,KISSENA BLVD/58 AV,77
1.225950099262765e+18,MYRTLE AV/MENAHAN ST,141
1.226035407815319e+18,GATES AV/MALCOLM X BLVD,8
1.2260837659467704e+18,GATES AV/MALCOLM X BLVD,75
1.2262373011326226e+18,ATLANTIC AV/104 ST,1087
1.2263705285142298e+18,EASTERN PKWY/BUFFALO AV,125
1.221121511065736e+18,MARCUS GARVEY BLVD/LEXINGTON AV,157
1.2216998558125573e+18,AVENUE B/RALPH AV,95
1.2217326696151977e+18,MORRIS AV/E 153 ST,126
1.2161869276522898e+18,UNION TPKE/PARSONS BLVD,1061
1.2164410858865733e+18,BROADWAY/W 97 ST,47
1.2165578504387625e+18,3 AV/10 ST,49
1.2165896485603986e+18,LEXINGTON AV/E 50 ST,32
1.2165896941790743e+18,LEXINGTON AV/E 50 ST,32
1.2165907998379924e+18,LEXINGTON AV/E 50 ST,32
1.2165908378846008e+18,LEXINGTON AV/E 50 ST,32
1.2218442171416584e+18,ROGERS AV/WINTHROP ST,94
1.2264166797168558e+18,94 ST/23 AV,627
1.2267551153554693e+18,1 AV/MITCHELL PL,171
1.2267593646391903e+18,W 34 ST/5 AV,338
1.2267594998908198e+18,5 AV/W 39 ST,186
1.2267597537729485e+18,5 AV/W 37 ST,76
1.2267627403590208e+18,1 AV/MITCHELL PL,171
1.2267804519275034e+18,W 57 ST/6 AV,111
1.226785506608966e+18,3 AV/E 33 ST,73
1.2220867292266685e+18,5 AV/14 ST,137
1.2224095336150935e+18,EAST HOUSTON ST/2 AV,64
1.2224732261439552e+18,ATLANTIC AV/LEFFERTS BLVD,780
1.2225914817861164e+18,MCDONALD AV/TERRACE PL,432
1.2226496879067384e+18,FLATBUSH AV/FLATLANDS AV,86
1.2226626116957056e+18,WYCKOFF AV/HARMAN ST,115
1.2227925193796997e+18,CLEVELAND  PL/SPRING ST,71
1.2230116261051827e+18,6 AV/W 23 ST,65
1.2166383785534408e+18,SUTTER AV/MONTAUK AV,82
1.2168003341366382e+18,TRINITY PL/RECTOR ST,91
1.2168546241775703e+18,GATES AV/SAINT NICHOLAS AV,138
1.2168719523678963e+18,CATHEDRAL PKWY/AMSTERDAM AV,89
1.2169034554741545e+18,GREENPOINT AV/47 ST,788
1.2172656222407053e+18,DECKER AV/CATHERINE ST,175
1.217279784872684e+18,BROADWAY/MADISON ST,133
1.2173259135844956e+18,VANDERBILT AV/ATLANTIC AV,41
1.2173699030004247e+18,RIVERSIDE DR/W 94 ST,375
1.217377258149579e+18,9 AV/W 34 ST,229
1.2230360773416453e+18,MADISON AV/E 74 ST,129
1.2231215249883338e+18,FLATBUSH AV/DORCHESTER RD,89
1.22679315706672e+18,E 96 ST/3 AV,131
1.226804576164979e+18,BERGEN ST/CLASSON AV,3
1.2268124793536704e+18,W 57 ST/6 AV,111
1.2268196913951772e+18,120 AV/234 ST,227
1.2268226068758879e+18,5 AV/W 37 ST,158
1.2268995840802732e+18,AVENUE D/E 45 ST,332
1.226906785020333e+18,GATES AV/PATCHEN AV,146
1.2269850807647944e+18,GATES AV/EVERGREEN AV,116
1.2270110064265062e+18,FREDERICK DOUGLASS BLVD/W 116 ST,68
1.2273110580437402e+18,SUTTER AV/VERMONT ST,6
1.2231893468004175e+18,FRANKLIN AV/LEFFERTS PL,169
1.2231957206482191e+18,CLASSON AV/PROSPECT PL,133
1.223219340695989e+18,CLASSON AV/PROSPECT PL,133
1.2232213802085955e+18,21 ST/41 AV,145
1.2232229887072794e+18,CLASSON AV/PROSPECT PL,47
1.2173863140895421e+18,9 AV/W 34 ST,229
1.2173942715950881e+18,EAST HOUSTON ST/LAFAYETTE ST,119
1.2174294301160952e+18,9 AV/W 44 ST,63
1.2174375327423235e+18,9 AV/W 44 ST,35
1.2175013061231818e+18,MADISON AV/E 41 ST,68
1.2175022586880033e+18,MADISON AV/E 41 ST,68
1.2175028118469384e+18,MADISON AV/E 41 ST,68
1.2175030679632123e+18,MADISON AV/E 41 ST,68
1.2232241716579566e+18,BERGEN ST/CLASSON AV,155
1.2233251396496904e+18,PIKE ST/DIVISION ST,66
1.2233278458138834e+18,3 AV/E 14 ST,16
1.227420009397766e+18,DRIGGS AV/N 4 ST,100
1.2274202614193746e+18,DRIGGS AV/N 4 ST,100
1.2275241536204362e+18,HEGEMAN AV/CHESTER ST,50
1.2277272077610432e+18,9 ST/2 AV,159
1.227818000807916e+18,METROPOLITAN AV/MACRI SQ,254
1.22820863692743e+18,SPRING ST/GREENWICH ST,172
1.217657027463551e+18,HOLLIS AV/190 ST,125
1.2176779416377528e+18,DECATUR ST/IRVING AV,57
1.2177455734835932e+18,NEW YORK AV/EAST NEW YORK AV,105
1.2179327017158387e+18,pulaski br/box st,202
1.2179389645709248e+18,8 AV/W 49 ST,176
1.218036824082271e+18,LEXINGTON AV/E 50 ST,32
1.218036870155601e+18,LEXINGTON AV/E 50 ST,32
1.2233650661455916e+18,KINGSLAND AV/MASPETH AV,297
1.2237787085476634e+18,ASTORIA BLVD SOUTH/STEINWAY ST,410
1.2282088407948675e+18,SPRING ST/GREENWICH ST,61
1.2282088739422264e+18,SPRING ST/GREENWICH ST,61
1.2282090414188232e+18,WASHINGTON ST/WEST HOUSTON ST,305
1.2282092271009085e+18,SPRING ST/HUDSON ST,60
1.2282094995135898e+18,HUDSON ST/CHARLTON ST,101
1.2282095376654172e+18,SPRING ST/GREENWICH ST,79
1.2282191566005284e+18,LINDEN BLVD/79 ST,510
1.2238732984551135e+18,7 AV/W 53 ST,42
1.223908931949226e+18,KENT AV/N 6 ST,336
1.2181091745867963e+18,RALPH AV/SUMPTER ST,220
1.2181275983241564e+18,W 49 ST/9 AV,146
1.2181332040109396e+18,FARMERS BLVD/145 DR,329
1.2181437448910848e+18,NORTHERN BLVD/PARSONS BLVD,198
1.21814913959516e+18,UNION TPKE/164 ST,1268
1.2181878573802883e+18,FRANKLIN ST/GREEN ST,270
1.2182843281788744e+18,FRANKLIN ST/GREEN ST,270
1.2240708275224195e+18,BOWERY/HESTER ST,55
1.2240726162826734e+18,BOWERY/HESTER ST,83
1.2240735546559583e+18,EAST BROADWAY/MARKET ST,435
1.2240746485126287e+18,EAST BROADWAY/MARKET ST,322
1.2240756129522253e+18,ALLEN ST/CANAL ST,144
1.2240765404190597e+18,BOWERY/BAYARD ST,216
1.2283451766768453e+18,MADISON AV/E 30 ST,92
1.2283596450347436e+18,10 AV/W 47 ST,71
1.228504657201318e+18,5 AV/W 44 ST,130
1.2285355530117028e+18,CARY AV/NORTH BURGHER AV,384
1.2285652765935424e+18,5 AV/W 44 ST,130
1.228568404001669e+18,SAINT NICHOLAS AV/W 145 ST,163
1.2285725183845484e+18,5 AV/W 44 ST,130
1.2240790696375562e+18,BOWERY/HESTER ST,28
1.2184392055888428e+18,FULTON ST/HOWARD AV,327
1.2186927865826158e+18,5 AV/18 ST,252
1.218791045034995e+18,W 72 ST/WEST END AV,183
1.2187913924772636e+18,BROADWAY/W 74 ST,140
1.2308004391593106e+18,E 106 ST/1 AV,15
1.2311351973616988e+18,10 AV/W 47 ST,175
1.231144645173836e+18,HORACE HARDING EXPWY/160 ST,121
1.2312696022906012e+18,OCEAN AV/AVENUE P,65
1.2241174750560381e+18,DREW ST/DUMONT AV,148
1.2242347114934346e+18,WATER ST/HANOVER SQ,34
1.2243834362248143e+18,JAMAICA AV/77 ST,468
1.2285768211493957e+18,MAIN ST/63 AV,2407
1.2285991793073482e+18,MANHATTAN AV/GREENPOINT AV,64
1.2289649749380454e+18,HALSEY ST/MARCY AV,207
1.228989876364419e+18,PARK AV/NORTH PORTLAND AV,207
1.2290239027315095e+18,W 31 ST/6 AV,58
1.229047776128464e+18,5 AV/W 14 ST,96
1.2291731573543933e+18,E 14 ST/UNION SQUARE WEST,197
1.2291789808848082e+18,UNION SQ EAST/E 15 ST,135
1.2244168994152643e+18,JAMAICA AV/ELDERT LN,319
1.224701359485705e+18,149 AV/257 ST,232
1.2249333533944876e+18,9 AV/W 42 ST,81
1.2254823828907876e+18,1 AV/E 102 ST,61
1.231278871716423e+18,MAURICE AV/MASPETH AV,222
1.231813822543643e+18,GRAND CONCOURSE/E 203 ST,50
1.231928660362309e+18,RALPH AV/E 88 ST,48
1.2319579449151616e+18,GREENPOINT AV/47 ST,357
1.2319952085238234e+18,FULTON ST/UTICA AV,227
1.2321431413420155e+18,BRUCKNER BLVD/HAVEMEYER AV,191
1.2321630188493814e+18,ATLANTIC AV/81 ST,686
1.232165228974076e+18,BRUCKNER BLVD/CASTLE HILL AV,148
1.2325015626638108e+18,1 AV/E 36 ST,140
1.23252181449137e+18,ROEBLING ST/GRAND ST,175
1.225491538755543e+18,RIVERSIDE DR/W 84 ST,91
1.2291820963425516e+18,FARMERS BLVD/177 PL,237
1.2295236065646467e+18,2 AV/E 31 ST,79
1.2296574956091205e+18,6 AV/PRINCE ST,127
1.22966974289831e+18,DRIGGS AV/N 9 ST,274
1.229670048587574e+18,1 AV/E 93 ST,90
1.2297725026436306e+18,BAY RIDGE PKWY/NEW UTRECHT AV,96
1.2298189089206546e+18,ALLERTON AV/FISH AV,7
1.225499106662966e+18,RIVERSIDE DR/W 82 ST,80
1.2370946419021527e+18,GATES AV/NOSTRAND AV,246
1.2371007641390533e+18,9 AV/W 40 ST,121
1.237138206798699e+18,E 167 ST/RIVER AV,91
1.2375312666027523e+18,1 AV/E 91 ST,203
1.2376990833460805e+18,METROPOLITAN AV/72 DR,412
1.2377169086956605e+18,BROADWAY/WALKER ST,87
1.2325818657247273e+18,METROPOLITAN AV/N 5 ST,196
1.2325995038437998e+18,SAINT JOHNS PL/TROY AV,141
1.2326957675880005e+18,8 AV/W 46 ST,91
1.2327282764668063e+18,WASHINGTON AV/EMPIRE BLVD,206
1.232732872159054e+18,FRESH POND RD/CATALPA AV,104
1.2328009634756995e+18,9 AV/W 46 ST,46
1.2328157548026417e+18,FRANKLIN AV/GREENE AV,98
1.2328219484242386e+18,AVENUE D/E 40 ST,107
1.2328630597443835e+18,STERLING PL/BEDFORD AV,225
1.2328674863218865e+18,CONVENT AV/W 129 ST,102
1.237717005881741e+18,BROADWAY/WALKER ST,87
1.2298874265913756e+18,FLATBUSH AV/CLARKSON AV,108
1.230157735855857e+18,SARATOGA AV/MACDONOUGH ST,128
1.2303935486264983e+18,BROADWAY/W 161 ST,92
1.2304134775369362e+18,RANDALL AV/OLMSTEAD AV,415
1.2304333838510136e+18,ATLANTIC AV/104 ST,831
1.2304564672531123e+18,SPRINGFIELD BLVD/SOUTH CONDUIT AV,321
1.2304647373606382e+18,8 AV/W 31 ST,213
1.2305801572043576e+18,E 72 ST/MADISON AV,150
1.2306872385694746e+18,5 AV/SENATOR ST,201
1.230779489579019e+18,E 106 ST/2 AV,175
1.237717109706769e+18,BROADWAY/WALKER ST,87
1.2377171099255396e+18,BROADWAY/WALKER ST,87
1.237794099370331e+18,GRAND ST/ESSEX ST,55
1.2378314249578166e+18,BROADWAY/W 108 ST,63
1.2378450003783736e+18,HILLSIDE AV/166 ST,349
1.237893377105898e+18,2 AV/E 46 ST,135
1.2328940516281733e+18,ADAM C POWELL BLVD/W 128 ST,147
1.2329082764009183e+18,FREDERICK DOUGLASS BLVD/W 125 ST,72
1.23291650274909e+18,W 125 ST/ADAM C POWELL BLVD,219
1.232921272429417e+18,W 125 ST/ADAM C POWELL BLVD,276
1.2329216788133304e+18,GREENPOINT AV/47 ST,1571
1.232950687599154e+18,WILSON AV/CORNELIA ST,42
1.2332142873790717e+18,LAUREL HILL BLVD/58 ST,415
1.233309290292583e+18,SAINT JOHNS PL/TROY AV,195
1.2379515479651185e+18,DRIGGS AV/N 11 ST,191
1.2379940996109507e+18,HILLSIDE AV/164 ST,589
1.2434079487323182e+18,OCEAN AV/GLENWOOD RD,108
1.243416180933866e+18,THOMAS S BOYLAND ST/MACDOUGAL ST,104
1.2434392503831885e+18,GRAHAM AV/AINSLIE ST,137
1.24343929602585e+18,DE KALB AV/CARLTON AV,149
1.2434760918231212e+18,JFK AIRPORT/TERMINAL 8,5049
1.2435397025498427e+18,MALCOLM X BLVD/W 129 ST,86
1.243589400344032e+18,UTICA AV/AVENUE I,97
1.2436134786820974e+18,LEXINGTON AV/E 40 ST,97
1.2436354762180132e+18,W 42 ST/9 AV,67
1.238331353606953e+18,3 AV/BUTLER ST,101
1.2383316934374003e+18,3 AV/BUTLER ST,101
1.238401183990908e+18,DRIGGS AV/LEONARD ST,60
1.2385078707481664e+18,BERGEN ST/ALBANY AV,76
1.233319156706824e+18,SAINT JOHNS PL/SCHENECTADY AV,172
1.2333198748635338e+18,E 14 ST/AVENUE A,58
1.2333265960099226e+18,SAINT JOHNS PL/TROY AV,141
1.2333286239099535e+18,SAINT JOHNS PL/TROY AV,64
1.2333325992571018e+18,SAINT JOHNS PL/SCHENECTADY AV,1
1.2333406047620365e+18,SAINT JOHNS PL/TROY AV,50
1.2333558403377444e+18,GRAND ST/GRAHAM AV,219
1.2334579588424415e+18,FREDERICK DOUGLASS BLVD/W 127 ST,182
1.233462337347072e+18,9 AV/W 44 ST,63
1.2334627190210084e+18,FREDERICK DOUGLASS BLVD/W 128 ST,86
1.2334741013910797e+18,FREDERICK DOUGLASS BLVD/W 125 ST,22
1.2334792430954107e+18,FREDERICK DOUGLASS BLVD/W 127 ST,173
1.238533278398375e+18,3 AV/E 121 ST,156
1.2385457506328842e+18,3 AV/39 ST,110
1.2385768180257672e+18,149 AV/241 ST,6234
1.2387243806212966e+18,NOSTRAND AV/SNYDER AV,98
1.2437349032942812e+18,WEST THAMES ST/SOUTH END AV,175
1.24399770940651e+18,CHRISTOPHER ST/HUDSON ST,113
1.2440074582599524e+18,KINGS HWY/TROY AV,252
1.2440251714536177e+18,ALLEN ST/HESTER ST,27
1.2440779673672548e+18,ESSEX ST/CANAL ST,41
1.2440985508447775e+18,n conduit av/cohancy st,575
1.2441290482022807e+18,GRAND ST/ROEBLING ST,122
1.2441443250250627e+18,FREDERICK DOUGLASS BLVD/W 138 ST,19
1.244147868043245e+18,FREDERICK DOUGLASS BLVD/W 140 ST,99
1.238744170136594e+18,NOSTRAND AV/SNYDER AV,78
1.2390751546339988e+18,E 8 ST/UNIVERSITY PL,273
1.2391612904936172e+18,W 31 ST/6 AV,54
1.2391651430183345e+18,W 31 ST/6 AV,82
1.2391657831868372e+18,120 AV/SPRINGFIELD BLVD,51
1.2441598158657815e+18,5 AV/W 38 ST,155
1.2441598840042816e+18,5 AV/W 38 ST,155
1.2441622056618988e+18,7 AV SOUTH/BEDFORD ST,24
1.2441624771054346e+18,6 AV/W 45 ST,93
1.2441630833068314e+18,7 AV SOUTH/BEDFORD ST,24
1.2441632610502216e+18,2 AV/E 70 ST,87
1.239167862033953e+18,MANHATTAN AV/W 112 ST,67
1.2335505496845757e+18,LIBERTY AV/172 ST,350
1.233585573686364e+18,OCEAN AV/GLENWOOD RD,92
1.233741840559332e+18,MORRIS AV/E 169 ST,125
1.233970831850161e+18,W 50 ST/8 AV,65
1.2340617549791158e+18,9 AV/W 44 ST,63
1.2341050276431903e+18,2 AV/E 13 ST,192
1.2341230603538755e+18,FREDERICK DOUGLASS BLVD/W 113 ST,78
1.2341756130831378e+18,BROADWAY/W 207 ST,31
1.2342097338022344e+18,2 AV/E 75 ST,197
1.2391707888955553e+18,SAINT NICHOLAS AV/W 189 ST,156
1.2393442455375547e+18,ATLANTIC AV/CLINTON ST,258
1.2393583107739492e+18,E 34 ST/PARK AV,162
1.2393704926971364e+18,MURDOCK AV/194 ST,238
1.239374670682339e+18,GATES AV/PATCHEN AV,205
1.2394146714241905e+18,E 57 ST/MADISON AV,133
1.244163327486284e+18,E 34 ST/PARK AV,115
1.244167203417942e+18,2 AV/E 70 ST,96
1.2441723607617702e+18,AVENUE A/E 5 ST,253
1.2441729370998057e+18,6 AV/W 29 ST,178
1.2442024798635796e+18,EAST NEW YORK AV/E 94 ST,323
1.2442421288456404e+18,149 AV/241 ST,7963
1.2442504048619336e+18,7 AV/W 25 ST,85
1.24425055808936e+18,7 AV/W 25 ST,88
1.2394229287919508e+18,E 57 ST/LEXINGTON AV,137
1.2394255158491648e+18,GRAND CONCOURSE/E 153 ST,222
1.2343290854998602e+18,FLATLANDS AV/E 101 ST,158
1.2343436991531187e+18,FARMERS BLVD/104 AV,69
1.2343701929197207e+18,FULTON ST/SARATOGA AV,131
1.234371026530565e+18,THOMAS S BOYLAND ST/ATLANTIC AV,137
1.23442281774585e+18,LINDEN BLVD/193 ST,453
1.2344657988110577e+18,W 49 ST/10 AV,207
1.2346946409357642e+18,67 AV/60 ST,290
1.2347371140545444e+18,3 AV/E 169 ST,177
1.234762276793314e+18,LEXINGTON AV/E 104 ST,54
1.239781634809396e+18,E 57 ST/1 AV,112
1.2400677005486822e+18,LAFAYETTE AV/MARCUS GARVEY BLVD,198
1.2400921118349798e+18,10 AV/W 42 ST,148
1.2443157622115233e+18,W 31 ST/6 AV,110
1.2443256593184223e+18,W 31 ST/6 AV,96
1.2444015094925524e+18,W 72 ST/BROADWAY,195
1.2444095311770237e+18,BROADWAY/W 161 ST,140
1.2444119907447857e+18,21 ST/BROADWAY,687
1.2445322000523955e+18,1 AV/E 91 ST,68
1.2448856642839667e+18,9 AV/W 44 ST,63
1.2448960240959544e+18,9 AV/W 44 ST,63
1.2449044040796398e+18,W 72 ST/BROADWAY,179
1.2406142155236959e+18,LEXINGTON AV/E 83 ST,105
1.240662626849426e+18,MARCY AV/METROPOLITAN AV,109
1.240781192769856e+18,LEWIS AV/GREENE AV,128
1.240902102261862e+18,FARMERS BLVD/ROCKAWAY BLVD,836
1.2348582594317202e+18,HORACE HARDING EXPWY/KISSENA BLVD,164
1.234871801934577e+18,WYTHE AV/N 12 ST,93
1.234873681397884e+18,7 AV/W 44 ST,192
1.2348777118163387e+18,WYTHE AV/N 12 ST,75
1.2348889294698353e+18,REMSEN AV/DITMAS AV,342
1.2349884397101473e+18,30 AV/21 ST,357
1.23501208264863e+18,MADISON AV/E 33 ST,86
1.2351369880293094e+18,CHAMBERS ST/HUDSON ST,142
1.235412119913701e+18,8 AV/W 37 ST,159
1.2357176491512492e+18,METROPOLITAN AV/WOODHAVEN BLVD,836
1.2409073890875612e+18,FARMERS BLVD/147 AV,220
1.2410738189475668e+18,147 AV/GUY R BREWER BLVD,189
1.2410890954913254e+18,FARMERS BLVD/147 AV,289
1.2449048293417167e+18,W 72 ST/BROADWAY,179
1.2449245856262958e+18,W 14 ST/7 AV,193
1.2449307370460762e+18,BOWERY/KENMARE ST,206
1.2449312055853384e+18,GREENWICH ST/HORATIO ST,208
1.244937341611766e+18,MYRTLE AV/SUYDAM ST,158
1.2449883308186545e+18,6 AV/W 29 ST,142
1.2450509729095885e+18,SUTPHIN BLVD/JAMAICA AV,188
1.2450538210671667e+18,MANHATTAN AV/INDIA ST,180
1.2450749834228273e+18,VAN WYCK SOUTH SERVICE RD/BUILDING 90,16426
1.2412588791588506e+18,GATES AV/TOMPKINS AV,207
1.2412856369411901e+18,WEBSTER AV/NEREID AV,44
1.2414708787007557e+18,RIVERDALE AV/GREYSTONE AV,701
1.2415396952169021e+18,10 AV/W 202 ST,235
1.2361584502506913e+18,BROADWAY/MADISON ST,224
1.2361864624088095e+18,FREDERICK DOUGLASS BLVD/W 145 ST,74
1.2363974546556762e+18,W 34 ST/9 AV,177
1.2364763569456932e+18,DECATUR ST/CENTRAL AV,77
1.236543137465968e+18,VICTORY BLVD/VAN DUZER ST,290
1.2365457105623063e+18,BORINQUEN PL/S 1 ST,76
1.2370828674570125e+18,1 AV/E 91 ST,67
1.2479282347677e+18,HALSEY ST/HOWARD AV,208
1.2479312131627832e+18,HALSEY ST/RALPH AV,78
1.247932278114123e+18,HALSEY ST/RALPH AV,31
1.241629765839746e+18,FLATBUSH AV/CORTELYOU RD,77
1.2416699194306586e+18,HALSEY ST/MALCOLM X BLVD,156
1.2419170693998167e+18,W 50 ST/7 AV,25
1.241918143091746e+18,8 AV/W 52 ST,156
1.2419687429822026e+18,GATES AV/PATCHEN AV,287
1.242103807595845e+18,ALLEN ST/STANTON ST,146
1.2450972545581338e+18,BOWERY/PRINCE ST,5
1.2451039231390968e+18,BOWERY/KENMARE ST,70
1.245148474416526e+18,BOWERY/PRINCE ST,189
1.2456036964891768e+18,MONTROSE AV/GRAHAM AV,12
1.2456560218413865e+18,LINDEN BLVD/SPRINGFIELD BLVD,164
1.2459043901689231e+18,COLUMBUS AV/W 84 ST,104
1.2459954909575972e+18,W 43 ST/8 AV,216
1.246333806730901e+18,UTOPIA PKWY/69 AV,142
1.246477580102197e+18,BORDEN AV/39 PL,1184
1.2467467011801528e+18,AMSTERDAM AV/W 77 ST,193
1.2421633853649308e+18,CROTONA AV/E 187 ST,365
1.2422072562702892e+18,3 AV/E 17 ST,96
1.2422077118543306e+18,3 AV/E 17 ST,96
1.2422586749131443e+18,SPRINGFIELD BLVD/114 AV,121
1.2479330738359314e+18,HALSEY ST/HOWARD AV,75
1.2481594013844774e+18,RIVERSIDE DR/W 139 ST,73
1.2481903263194877e+18,WHITE PLAINS RD/MACE AV,45
1.2483653507945454e+18,CROPSEY AV/BAY 31 ST,132
1.248425634913104e+18,W 72 ST/BROADWAY,195
1.2484846183636275e+18,7 AV/W 52 ST,135
1.242656828526994e+18,3 AV/E 21 ST,50
1.242756633514883e+18,W 72 ST/BROADWAY,179
1.2470828733800502e+18,FULTON ST/CARLTON AV,265
1.2471037193164513e+18,6 AV/BROOME ST,106
1.24711138467432e+18,MURDOCK AV/210 ST,219
1.247115723682801e+18,7 AV/W 54 ST,77
1.2471812910796145e+18,2 AV/E 6 ST,97
1.2471950314873196e+18,BOWERY/E 3 ST,100
1.2472070744925059e+18,GRAHAM AV/JOHNSON AV,201
1.2472077865416591e+18,BOWERY/KENMARE ST,96
1.2428040701466145e+18,ATLANTIC AV/76 ST,452
1.2428141480855488e+18,RIVERSIDE DR/W 94 ST,375
1.2428679633665375e+18,FREDERICK DOUGLASS BLVD/W 142 ST,55
1.2428807774314414e+18,LEWIS AV/GATES AV,187
1.2428827848750449e+18,FREDERICK DOUGLASS BLVD/W 140 ST,173
1.2428989398148692e+18,5 AV/W 44 ST,130
1.2429034607533821e+18,DREW ST/SUTTER AV,568
1.242940147823632e+18,6 AV/W 45 ST,92
1.2472146938239096e+18,GRAHAM AV/JOHNSON AV,70
1.247272707249663e+18,E 9 ST/2 AV,56
1.247283070924902e+18,2 AV/E 6 ST,71
1.24741495691692e+18,8 AV/W  56 ST,128
1.2477153486047007e+18,1 AV/E 36 ST,109
1.2477949001606653e+18,130 PL/BERGEN RD,1565
1.2478274018721144e+18,EAST TREMONT AV/ERICSON PL,1027
1.2478445859996403e+18,9 AV/W 55 ST,73
1.2478473034752177e+18,SAINT NICHOLAS AV/W 124 ST,125
1.248566167772196e+18,5 AV/W 32 ST,206
1.2486467764497452e+18,2 AV/E 78 ST,195
1.2486712914145103e+18,SEAVIEW AV/E 93 ST,339
1.2486740420616074e+18,10 AV/W 57 ST,91
1.248720851139421e+18,1 AV/E 102 ST,129
1.2487987202856986e+18,FLATBUSH AV/CORTELYOU RD,111
1.2488085686094963e+18,LEXINGTON AV/E 40 ST,71
1.2488177052959255e+18,LEXINGTON AV/E 42 ST,74
1.242953196053247e+18,11 AV/W 42 ST,132
1.24299263640807e+18,21 ST/35 AV,785
1.2430470444499072e+18,LAGUARDIA AIRPORT/TERMINAL B,1246
1.2488213350594985e+18,3 AV/E 39 ST,146
1.2488248457531087e+18,LEXINGTON AV/E 40 ST,60
1.249201891590319e+18,W 106 ST/BROADWAY,147
1.2492022543842076e+18,11 AV/W 23 ST,148
1.2492213526940503e+18,86 ST/DAHLGREN PL,147
1.2492357932708854e+18,2 AV/E 3 ST,62
1.2492538667272097e+18,2 AV/E 3 ST,67
1.2430804903275773e+18,E 86 ST/3 AV,58
1.2434016605852122e+18,E 49 ST/2 Av,212
1.2576590810388805e+18,CASTLETON AV/WEBSTER AV,328
1.2578287632035246e+18,MADISON AV/E 74 ST,129
1.2478475387652644e+18,YORK AV/E 86 ST,48
1.2478477620643896e+18,9 AV/W 23 ST,120
1.247919738289121e+18,HALSEY ST/HOWARD AV,152
1.2524611494842836e+18,METROPOLITAN AV/UNION AV,134
1.252473971468255e+18,NEW YORK AV/EASTERN PKWY,123
1.2524851443565025e+18,SAINT JOHNS PL/ALBANY AV,278
1.2527932097789952e+18,BELL BLVD/33 AV,130
1.2528396292816676e+18,6 AV/BROOME ST,108
1.2528435567400005e+18,6 AV/BROOME ST,106
1.2578751277162688e+18,W 54 ST/11 AV,4
1.2578832002408796e+18,7 AV/W 25 ST,95
1.2578890813348104e+18,MILL AV/AVENUE T,161
1.2492586742372541e+18,2 AV/E 3 ST,66
1.2493200257837071e+18,E 50 ST/2 AV,164
1.2493225720450476e+18,E 50 ST/2 AV,164
1.249338724924728e+18,THOMAS S BOYLAND ST/BAINBRIDGE ST,149
1.2494096625735004e+18,ALLEN ST/E HOUSTON ST,156
1.249477930400948e+18,BERGEN ST/HOYT ST,249
1.2494824316897715e+18,BROADWAY/W 92 ST,45
1.2496519825648328e+18,ASTORIA BLVD SOUTH/STEINWAY ST,409
1.249885081655471e+18,W 42 ST/9 AV,67
1.25796578776643e+18,5 AV/PROSPECT AV,205
1.2579914374502843e+18,LAFAYETTE AV/NOSTRAND AV,154
1.2579926804080689e+18,LAFAYETTE AV/NOSTRAND AV,154
1.2579944893702088e+18,LAFAYETTE AV/NOSTRAND AV,154
1.2579962352677458e+18,LAFAYETTE AV/NOSTRAND AV,154
1.2528437281533878e+18,6 AV/BROOME ST,109
1.2528451380490568e+18,6 AV/BROOME ST,106
1.2528455572751954e+18,6 AV/BROOME ST,108
1.2528465619297485e+18,6 AV/BROOME ST,111
1.2529288810883218e+18,SAINT NICHOLAS AV/W 141 ST,42
1.2529372412482908e+18,LEXINGTON AV/E 102 ST,98
1.2529421500765391e+18,LEXINGTON AV/E 100 ST,67
1.2529678960602273e+18,WEST HOUSTON ST/VARICK ST,120
1.2580030226899569e+18,CROTONA AV/E 187 ST,182
1.2581038797810816e+18,149 AV/241 ST,7953
1.2498851033110694e+18,LEXINGTON AV/E 40 ST,87
1.2498854770819835e+18,LEXINGTON AV/E 40 ST,87
1.249939338375173e+18,W 43 ST/8 AV,106
1.2499662303478735e+18,FREDERICK DOUGLASS BLVD/W 141 ST,73
1.2499697973524598e+18,FREDERICK DOUGLASS BLVD/W 138 ST,70
1.2499719059569902e+18,FREDERICK DOUGLASS BLVD/W 140 ST,117
1.249974916920534e+18,FREDERICK DOUGLASS BLVD/W 138 ST,121
1.2581229098372936e+18,10 AV/W 45 ST,73
1.2581308103534292e+18,OCEAN AV/FOSTER AV,38
1.2581396863134587e+18,10 AV/W 55 ST,181
1.2582679906000015e+18,LIBERTY AV/170 ST,163
1.2582869959920266e+18,NOSTRAND AV/HANCOCK ST,71
1.258294347905674e+18,21 ST/30 AV,1109
1.2582952734770365e+18,WATERSIDE PLAZA/WATERSIDE 2,68
1.2530062324113782e+18,W 72 ST/BROADWAY,179
1.253017414331445e+18,VARICK ST/CHARLTON ST,81
1.2530454418731244e+18,HOYT AV SOUTH/31 ST,1463
1.2530645373768783e+18,W 72 ST/BROADWAY,180
1.2530742847397396e+18,W 43 ST/8 AV,235
1.2530763986411845e+18,10 AV/W 47 ST,102
1.2530884662621133e+18,AMSTERDAM AV/W 149 ST,34
1.2530917344389658e+18,1 AV/E 77 ST,96
1.2531016523157253e+18,E 96 ST/3 AV,86
1.2584269910602624e+18,YORK AV/E 63 ST,5862
1.2499771859807526e+18,FREDERICK DOUGLASS BLVD/W 138 ST,120
1.250049815657628e+18,LEXINGTON AV/E 100 ST,58
1.2500895350357458e+18,10 AV/W 47 ST,121
1.2501333974864323e+18,MADISON AV/E 37 ST,115
1.2501395808781256e+18,9 AV/W 46 ST,219
1.2501527951368988e+18,6 AV/W 10 ST,77
1.2502919762639037e+18,LAFAYETTE AV/RICHMOND TERR,140
1.250323975616368e+18,CHURCH AV/STORY ST,109
1.258549260606059e+18,BROADWAY/WYTHE AV,162
1.2585749772521892e+18,149 AV/241 ST,7259
1.2586248999033405e+18,BOWERY/GRAND ST,21
1.2586640880879923e+18,8 AV/W 31 ST,143
1.2586878050567427e+18,MYRTLE AV/HART ST,204
1.258739292511721e+18,10 AV/W 47 ST,179
1.2587924121515023e+18,10 AV/W 45 ST,73
1.2531381544861133e+18,SAINT NICHOLAS AV/W 138 ST,93
1.2533788512575416e+18,SPRINGFIELD BLVD/SPRINGFIELD LN,303
1.2535878435899776e+18,E 34 ST/2 AV,209
1.2536197764704863e+18,BEDFORD AV/GREENE AV,89
1.2536267711300626e+18,FREDERICK DOUGLASS BLVD/W 140 ST,75
1.2536340572041994e+18,FREDERICK DOUGLASS BLVD/W 140 ST,75
1.2536351634880586e+18,FREDERICK DOUGLASS BLVD/W 140 ST,75
1.2536371971554952e+18,SEAVIEW AV/E 100 ST,307
1.2588584454559286e+18,3 AV/E 33 ST,106
1.2588596578202342e+18,LAUREL HILL BLVD/58 ST,1851
1.2503518041013724e+18,14 AV/CHURCH AV,2
1.2503537173015201e+18,W 42 ST/10 AV,6
1.2503573315238894e+18,LAFAYETTE AV/MALCOLM X BLVD,34
1.2504155885171758e+18,DE KALB AV/WILSON AV,6
1.2505487405919322e+18,3 AV/E 109 ST,104
1.2507155344653169e+18,JAMAICA AV/ELDERT LN,399
1.2507855439798436e+18,82 ST/ROOSEVELT AV,1263
1.2508155850424927e+18,RICHMOND TERR/NICHOLAS AV,335
1.2508318596930516e+18,MYRTLE AV/BUSHWICK AV,87
1.2509599383544957e+18,MCDONALD AV/VANDERBILT ST,368
1.2514159146715837e+18,3 AV/E 39 ST,61
1.2588660650532662e+18,MAIN ST/58 RD,77
1.2588895307749425e+18,6 AV/W 27 ST,155
1.2589196400236954e+18,GRAND ST/COLUMBIA ST,37
1.2536484165684137e+18,FREDERICK DOUGLASS BLVD/W 140 ST,75
1.253649844228479e+18,FREDERICK DOUGLASS BLVD/W 140 ST,75
1.2536615602274708e+18,MALCOLM X BLVD/W 129 ST,101
1.2536699867915643e+18,MALCOLM X BLVD/W 129 ST,101
1.253727555237366e+18,AMSTERDAM AV/W 109 ST,146
1.2537954791476357e+18,MADISON AV/E 28 ST,222
1.2539144614969042e+18,E 222 ST/BARNES AV,305
1.2542493933027492e+18,5 AV/W 44 ST,12
1.2542521872597663e+18,E 9 ST/3 AV,57
1.2589715049828984e+18,HALSEY ST/EVERGREEN AV,343
1.2589904480604516e+18,FULTON ST/EASTERN PKWY,277
1.2590354761028334e+18,HALSEY ST/EVERGREEN AV,310
1.259238929870325e+18,82 ST/ROOSEVELT AV,1394
1.2592657443666575e+18,COLUMBUS AV/W 89 ST,65
1.259346787743466e+18,W 31 ST/6 AV,63
1.25148461281401e+18,BERGEN ST/ALBANY AV,252
1.2520249006508562e+18,BEDFORD AV/PRESIDENT ST,190
1.252100033011584e+18,AMSTERDAM AV/W 149 ST,127
1.2521071724689027e+18,ESSEX ST/EAST BROADWAY,87
1.2521075600229181e+18,COOPER ST/CENTRAL AV,155
1.2521317928442235e+18,LEXINGTON AV/E 53 ST,67
1.2521510050183877e+18,YORK AV/E 79 ST,108
1.2521748634174287e+18,DREW ST/SUTTER AV,616
1.252199797400382e+18,ALLEN ST/GRAND ST,127
1.2522099612469924e+18,2 AV/E 33 ST,49
1.2593492970094659e+18,CLEVELAND  PL/SPRING ST,221
1.2593949326443208e+18,TOMPKINS AV/PUTNAM AV,208
1.254363600722938e+18,48 ST/48 AV,69
1.2544011729703017e+18,2 AV/E 78 ST,144
1.2544814929523776e+18,E 163 ST/FOX ST,144
1.2544939910071665e+18,BROADWAY/W 147 ST,131
1.2545403629637742e+18,WEST HOUSTON ST/SULLIVAN ST,155
1.254681143607227e+18,GATES AV/BUSHWICK AV,272
1.2549176853362163e+18,8 AV/W 28 ST,209
1.2550044472341704e+18,GATES AV/EVERGREEN AV,59
1.259446139253642e+18,2 AV/E 89 ST,78
1.2595597259489859e+18,ASTORIA BLVD SOUTH/STEINWAY ST,369
1.2595641747334738e+18,POSTAL FACILITY RD/AT FACILITY,1047
1.259621317677057e+18,HORACE HARDING EXPWY/OTIS AV,241
1.2597131319910612e+18,AVENUE D/E 37 ST,399
1.2522514822628255e+18,7 AV/W 55 ST,81
1.2522587389881848e+18,9 AV/W 46 ST,127
1.2522589593143324e+18,SAINT NICHOLAS AV/W 124 ST,34
1.252259007155113e+18,9 AV/W 46 ST,142
1.252259291896453e+18,AVENUE D/E 4 ST,156
1.2522592943414387e+18,E 57 ST/SUTTON PL,14
1.2522593116029555e+18,E 20 ST/1 AV,79
1.252259330397176e+18,2 AV/E 103 ST,193
1.2523397288462044e+18,E 57 ST/2 AV,65
1.2524130662425226e+18,120 AV/195 ST,313
1.252451165029445e+18,5 AV/W 128 ST,122
1.2597172371083922e+18,7 AV/15 ST,114
1.259851855754285e+18,48 ST/48 AV,1242
1.2601468036495995e+18,MYRTLE AV/MADISON ST,115
1.2602237012983872e+18,FLATBUSH AV/KINGS PLAZA,2173
1.2602366832616532e+18,ADAM C POWELL BLVD/W 129 ST,70
1.260295283243723e+18,BERGEN ST/CLASSON AV,125
1.2550509132061402e+18,HALSEY ST/EVERGREEN AV,4
1.2551281314685294e+18,62 DR/YELLOWSTONE BLVD,54
1.255183631506768e+18,VAN WYCK SOUTH SERVICE RD/BUILDING 90,15905
1.2554328596967096e+18,9 AV/W 40 ST,158
1.2557108724562596e+18,LEXINGTON AV/E 40 ST,67
1.255803889784022e+18,W 116 ST/FREDERICK DOUGLASS BLVD,42
1.2558133442663852e+18,VAN WYCK SOUTH SERVICE RD/BUILDING 90,17043
1.2558851867961587e+18,GATES AV/MARCY AV,249
1.2565994805189635e+18,MYRTLE AV/SENECA AV,189
1.256696774596202e+18,ROCKAWAY AV/MACDOUGAL ST,64
1.2603484609775532e+18,GRAND ST/FDR DRIVE,481
1.2628795237378435e+18,E 14 ST/IRVING PL,36
1.263007440183198e+18,ESSEX ST/RIVINGTON ST,85
1.2630371884599593e+18,9 AV/W 44 ST,63
1.2631302770683384e+18,5 AV/W 33 ST,104
1.26314935305146e+18,CLEVELAND  PL/SPRING ST,100
1.2631949388880225e+18,W 42 ST/5 AV,54
1.263227181565675e+18,DREW ST/SUTTER AV,395
1.2632290558874204e+18,130 PL/BERGEN RD,1629
1.2603574630589115e+18,LAUREL HILL BLVD/58 ST,1691
1.2603625573277028e+18,GATES AV/CENTRAL AV,325
1.260407153589761e+18,SAINT JOHNS PL/BROOKLYN AV,179
1.260858320667906e+18,E 34 ST/2 AV,81
1.260915037346536e+18,E 34 ST/2 AV,67
1.2610133532727754e+18,2 AV/E 108 ST,160
1.2568209942292997e+18,TROY AV/EASTERN PKWY,136
1.2569048747970035e+18,LAFAYETTE AV/PATCHEN AV,155
1.2570252409617746e+18,HAMPTON ST/BRITTON AV,663
1.2571782582326346e+18,1 AV/E 75 ST,238
1.2572374049571832e+18,WYCKOFF AV/DE KALB AV,186
1.2572400949662945e+18,WYCKOFF AV/DE KALB AV,186
1.25724113661282e+18,WYCKOFF AV/DE KALB AV,186
1.2572421765976573e+18,WYCKOFF AV/DE KALB AV,186
1.257244380059919e+18,WYCKOFF AV/DE KALB AV,186
1.2572690116762565e+18,LAFAYETTE AV/NOSTRAND AV,154
1.2610712800187786e+18,CATHEDRAL PKWY/AMSTERDAM AV,203
1.261570682665198e+18,FORT INDEPENDENCE ST/HEATH AV,86
1.2632358314349181e+18,ESSEX ST/EAST BROADWAY,115
1.2632498891772687e+18,ALLEN ST/HESTER ST,36
1.2634449911809684e+18,W 42 ST/7 AV,111
1.2636216226495562e+18,9 AV/W 52 ST,142
1.2636646649326313e+18,2 AV/E 70 ST,87
1.263703137945371e+18,9 AV/W 44 ST,63
1.2615749228930476e+18,ADAM C POWELL BLVD/W 116 ST,136
1.2616371711898998e+18,2 AV/E 31 ST,79
1.2616519744092385e+18,AMSTERDAM AV/W 89 ST,111
1.2618231011608814e+18,CASTLETON AV/DAVIS AV,176
1.2618979664278438e+18,OCEAN AV/AVENUE O,464
1.2619149116566746e+18,CONEY ISLAND AV/AVENUE O,349
1.2572831031137055e+18,HALSEY ST/BROADWAY,182
1.2572879727463516e+18,7 AV/W 37 ST,56
1.2573040365819983e+18,MARCUS GARVEY BLVD/MADISON ST,69
1.2573522972402732e+18,BROADWAY/BEDFORD AV,98
1.2573866131734444e+18,1 AV/E 11 ST,82
1.2574063501795249e+18,GATES AV/MARCUS GARVEY BLVD,108
1.2575694201325023e+18,FULTON ST/LAFAYETTE AV,48
1.2575830003604815e+18,EAST HOUSTON ST/AV B,177
1.268229579050977e+18,10 AV/W 45 ST,73
1.2622039027639101e+18,FRANKLIN AV/LEFFERTS PL,95
1.2637583498680594e+18,WYTHE AV/GRAND ST,95
1.2638174353035523e+18,ALLEN ST/HESTER ST,199
1.2638365657314588e+18,ADAM C POWELL BLVD/W 112 ST,182
1.263845056327421e+18,8 AV/W 31 ST,212
1.263864982013283e+18,1 AV/E 102 ST,183
1.2638838667014528e+18,YORK ST/JAY ST,271
1.2639070243750502e+18,SUTTER AV/ESSEX ST,257
1.2622299446796073e+18,8 AV/W 28 ST,209
1.2623629613533893e+18,ALBANY AV/ATLANTIC AV,110
1.2623926068534472e+18,82 ST/ROOSEVELT AV,1263
1.2624454124255882e+18,23 AV/87 ST,216
1.2639844269334976e+18,AMSTERDAM AV/W 140 ST,207
1.264002589926449e+18,DREW ST/SUTTER AV,624
1.2640890627636457e+18,3 AV/E 39 ST,116
1.264437085735167e+18,BROADWAY/CORTLANDT ST,120
1.2644630971134577e+18,6 AV/WEST HOUSTON ST,129
1.2624874688314217e+18,21 ST/30 AV,386
1.2682358144779425e+18,VANDERBILT AV/WILLOUGHBY AV,208
1.2682770111713395e+18,BOWERY/CANAL ST,352
1.2683685099156516e+18,2 AV/E 31 ST,93
1.268375002268643e+18,3 AV/E 77 ST,54
1.2683790127960786e+18,14 AV/132 ST,782
1.2683835794642138e+18,7 AV/FLATBUSH AV,86
1.268430318506005e+18,KINGSLAND AV/LOMBARDY ST,292
1.2684586049936645e+18,KINGSLAND AV/RICHARDSON ST,141
1.2684642355833055e+18,E 98 ST/HEGEMAN AV,127
1.2684659577036244e+18,KINGSLAND AV/RICHARDSON ST,170
1.2628732589346486e+18,W 31 ST/6 AV,143
1.2733219936260447e+18,39 ST/10 AV,240
1.2733598862596347e+18,ADAM C POWELL BLVD/W 145 ST,126
1.273363423384435e+18,NOSTRAND AV/SAINT JOHNS PL,106
1.2734290172275727e+18,E 86 ST/3 AV,176
1.2736879246806164e+18,LEXINGTON AV/E 37 ST,124
1.2738766658564137e+18,BROADWAY/W 167 ST,216
1.268673634073032e+18,CROPSEY AV/23 AV,386
1.268747298409857e+18,14 AV/132 ST,597
1.268782012785429e+18,LEWIS AV/GREENE AV,181
1.2688148719352822e+18,TOMPKINS AV/MYRTLE AV,8
1.2688198389708083e+18,E 10 ST/AVENUE C,59
1.2688555453839447e+18,9 AV/W 44 ST,63
1.2689086474207688e+18,CLARKSON AV/NOSTRAND AV,276
1.2689374593786225e+18,E 34 ST/3 AV,145
1.273887750459954e+18,BROADWAY/W 167 ST,226
1.2738920613240356e+18,SAINT NICHOLAS AV/W 167 ST,121
1.264487349748909e+18,WEST HOUSTON ST/SULLIVAN ST,99
1.2645152896330719e+18,ROEBLING ST/GRAND ST,243
1.264544827056065e+18,8 AV/W 39 ST,137
1.2645568784735939e+18,5 AV/18 ST,94
1.2645725069571146e+18,9 AV/W 42 ST,121
1.2646246026478047e+18,KENT AV/METROPOLITAN AV,390
1.2646433680488159e+18,NOSTRAND AV/AVENUE P,135
1.2651216694572529e+18,MYRTLE AV/FLEET PL,191
1.2652141428666156e+18,ATLANTIC AV/WARWICK ST,31
1.2738954025870275e+18,8 AV/W 20 ST,64
1.2738979409889615e+18,SAINT NICHOLAS AV/W 167 ST,43
1.273901684572145e+18,8 AV/W  56 ST,223
1.2739020183720645e+18,8 AV/W  56 ST,223
1.2739023209263332e+18,8 AV/W  56 ST,223
1.2739027143249887e+18,3 AV/E 97 ST,42
1.2739063100080983e+18,ALLEN ST/GRAND ST,198
1.268950356586184e+18,BEDFORD AV/S 4 ST,50
1.2689678717545132e+18,AMSTERDAM AV/W 153 ST,259
1.2689705528995848e+18,CATHEDRAL PKWY/AMSTERDAM AV,114
1.2689710295261524e+18,NORTHERN BLVD/STATION RD,587
1.2690049127979686e+18,HORACE HARDING EXPWY/PARSONS BLVD,1149
1.2696244357241713e+18,LITTLE NECK PKWY/ANNANDALE LN,511
1.2696322999405468e+18,MYRTLE AV/69 ST,154
1.2696346822334006e+18,ATLANTIC AV/VERMONT ST,81
1.2696392713107553e+18,PENNSYLVANIA AV/LIBERTY AV,332
1.2697612975213376e+18,RUTLAND RD/E 98 ST,175
1.2739823200837594e+18,MCDONALD AV/CHURCH AV,213
1.273999441913458e+18,1 AV/E 81 ST,140
1.2740182094851016e+18,ROCKAWAY AV/FULTON ST,157
1.2654148437801661e+18,FREDERICK DOUGLASS BLVD/W 145 ST,80
1.266014815917635e+18,9 ST/6 AV,223
1.2660488673240745e+18,E 116 ST/PARK AV,82
1.2660505269142646e+18,2 AV/E 12 ST,79
1.266099614220985e+18,BEDELL ST/127 AV,468
1.266221816823918e+18,ATLANTIC AV/124 ST,1249
1.266245822009648e+18,10 AV/W 45 ST,94
1.2665324464157888e+18,ADAM C POWELL BLVD/W 127 ST,57
1.2666434453833324e+18,2 AV/E 70 ST,99
1.2666646002752776e+18,149 AV/253 ST,189
1.2666672678426337e+18,E 106 ST/2 AV,222
1.2740765702207928e+18,DE KALB AV/EVERGREEN AV,119
1.2741437768790095e+18,SARATOGA AV/BAINBRIDGE ST,85
1.2742009071579139e+18,THOMAS S BOYLAND ST/BAINBRIDGE ST,53
1.274260479677982e+18,ATLANTIC AV/SCHENCK AV,97
1.274492556229323e+18,CHRISTOPHER ST/HUDSON ST,84
1.2746052311014858e+18,ROGERS AV/FENIMORE ST,126
1.2697801677280253e+18,FARMERS BLVD/QUENCER RD,186
1.2698195833345958e+18,W 168 ST/WOODYCREST AV,219
1.2698577764082547e+18,RIVERSIDE DR/W 145 ST,71
1.2702890888333947e+18,TRAVIS AV/DENKER PL,346
1.2703732325728294e+18,KINGS HWY/CLARENDON RD,49
1.2703742160258967e+18,W 72 ST/BROADWAY,275
1.2704058698415066e+18,FLUSHING AV/BEAVER ST,82
1.270501718885874e+18,MYRTLE AV/FOREST AV,242
1.2706032163651092e+18,MYRTLE AV/69 ST,213
1.2746600318401137e+18,W 49 ST/9 AV,53
1.2746910775618555e+18,HYLAN BLVD/WINCHESTER AV,101
1.2666824913088515e+18,FATHER CAPODANNO BLVD/ROBIN RD,325
1.266787305018735e+18,5 AV/W 30 ST,121
1.2667942513710415e+18,BEDFORD AV/DE KALB AV,120
1.2668127323738186e+18,DEAN ST/3 AV,152
1.2669658138312e+18,2 AV/E 54 ST,179
1.2669893091564603e+18,WESTCHESTER AV/MAHAN AV,33
1.2672610475918925e+18,2 AV/E 61 ST,220
1.267386030421794e+18,CLEVELAND  PL/SPRING ST,202
1.2673935064540639e+18,MYRTLE AV/69 ST,209
1.2747225906719048e+18,CHURCH AV/BROOKLYN AV,132
1.2747731880723715e+18,VICTORY BLVD/CHESHIRE PL,271
1.2748209994285627e+18,W 10 ST/BLEECKER ST,237
1.274826163511556e+18,LIBERTY AV/173 ST,132
1.2749075236025244e+18,YORK AV/E 63 ST,46
1.2749094121808868e+18,W 37 ST/CANAL AV,690
1.274943629134608e+18,DREW ST/SUTTER AV,351
1.2749854850274004e+18,9 AV/W 35 ST,112
1.270917903320486e+18,BROADWAY/SPRING ST,273
1.2710846931927767e+18,GOLD ST/TILLARY ST,87
1.2710934789062976e+18,E 72 ST/2 AV,160
1.2711088854211866e+18,WILLIS AV/E 144 ST,100
1.271119734962674e+18,WILLIS AV/E 146 ST,163
1.2711615650372124e+18,SMITH ST/2 ST,236
1.2711830663379628e+18,BEDFORD AV/CLARENDON RD,201
1.271189989544953e+18,SPRINGFIELD BLVD/92 AV,273
1.2713841046041887e+18,BAYCHESTER AV/EDENWALD AV,296
1.27170967932329e+18,RALPH AV/AVENUE K,291
1.2752763180526244e+18,7 AV/15 ST,75
1.2674197390748367e+18,E 20 ST/1 AV,92
1.2674419974023194e+18,LINDEN BLVD/175 PL,462
1.2674421599181937e+18,5 AV/24 ST,160
1.2674494051981855e+18,W 42 ST/9 AV,67
1.26748207599923e+18,ROCKAWAY PKWY/AVENUE N,192
1.267502386529187e+18,GRAHAM AV/COOK ST,142
1.267507175384078e+18,PUTNAM AV/NOSTRAND AV,106
1.267556868415501e+18,CROPSEY AV/23 AV,5
1.2675636158444564e+18,CROPSEY AV/BAY 31 ST,91
1.2753462706330967e+18,CEDAR AV/W 179 ST,262
1.2753699329267853e+18,TROY AV/CARROLL ST,197
1.275404590621393e+18,GRAHAM AV/METROPOLITAN AV,65
1.2754754757442693e+18,BROADWAY/DYCKMAN ST,290
1.2754898433445722e+18,6 AV/WHITE ST,121
1.2676114390307261e+18,SAINT JOHNS PL/SCHENECTADY AV,189
1.2676346730856225e+18,VAN WYCK SOUTH SERVICE RD/BUILDING 90,16580
1.268021034388489e+18,RODNEY ST/GRAND ST,465
1.2680607715991363e+18,KENT AV/METROPOLITAN AV,110
1.268061834889291e+18,9 AV/W 35 ST,51
1.268116616149914e+18,9 AV/W 44 ST,63
1.2681466455838495e+18,4 AV/95 ST,40
1.2789700734404132e+18,LEXINGTON AV/E 50 ST,36
1.2789700815383058e+18,E 49 ST/LEXINGTON AV,146
1.2754979989688804e+18,39 ST/4 AV,153
1.2720226417083566e+18,E 34 ST/1 AV,186
1.2720318137130373e+18,GRAHAM AV/RICHARDSON ST,194
1.2720458847962468e+18,DREW ST/SUTTER AV,418
1.2720766579211428e+18,NEW LOTS AV/ESSEX ST,278
1.2720908309441208e+18,LAFAYETTE AV/NOSTRAND AV,71
1.2723946317924316e+18,BROADWAY/CORTLANDT ST,274
1.272425612617326e+18,WATERSIDE PLAZA/WATERSIDE 1,105
1.2755507690838316e+18,BROADWAY/VESEY ST,160
1.2755649050702372e+18,FREDERICK DOUGLASS BLVD/W 138 ST,62
1.2755699280370063e+18,5 AV/PROSPECT AV,134
1.2789700929728456e+18,E 49 ST/LEXINGTON AV,148
1.278970102927438e+18,E 50 ST/LEXINGTON AV,1
1.278970113945078e+18,LEXINGTON AV/E 50 ST,23
1.2789701227526513e+18,E 50 ST/LEXINGTON AV,36
1.2789701329780234e+18,E 50 ST/LEXINGTON AV,39
1.2789701435780306e+18,E 49 ST/LEXINGTON AV,109
1.2790263209840123e+18,2 AV/E 54 ST,192
1.276167665304314e+18,BORDEN AV/VAN DAM ST,61
1.2762113151805489e+18,WILLIS AV/E 144 ST,256
1.2762222461319598e+18,BROADWAY/EASTERN PKWY,206
1.276256657123457e+18,DRIGGS AV/S 2 ST,86
1.2768305261372035e+18,W 23 ST/10 AV,208
1.2768976742787963e+18,MALCOLM X BLVD/W 132 ST,148
1.2724709026360456e+18,YORK AV/E 74 ST,205
1.2724711449385987e+18,AVENUE A/E 11 ST,90
1.2725209984508867e+18,GATES AV/PATCHEN AV,190
1.2725253242881777e+18,E 72 ST/LEXINGTON AV,70
1.2725323893439337e+18,W 54 ST/11 AV,4
1.2725538476853025e+18,MYRTLE AV/72 ST,324
1.2725614965726538e+18,E 14 ST/UNIVERSITY PL,63
1.2726595745426033e+18,ASTORIA BLVD/STEINWAY ST,543
1.2727649643208883e+18,MADISON AV/E 118 ST,62
1.2791677663397563e+18,E 14 ST/AVENUE B,30
1.2792345643189202e+18,FRANKLIN ST/CALYER ST,164
1.2793994989878152e+18,2 AV/E 95 ST,65
1.2795141144289426e+18,W 14 ST/6 AV,204
1.2795149235948626e+18,3 AV/E 47 ST,69
1.2795254163801213e+18,PARSONS BLVD/ELM AV,108
1.2769620669258568e+18,39 ST/9 AV,302
1.2769950250829187e+18,UNION TPKE/PARSONS BLVD,534
1.2774231702635067e+18,20 ST/10 AV,235
1.2775145408579087e+18,9 AV/W 46 ST,113
1.2775744820133228e+18,6 AV/W 31 ST,73
1.2795669731071951e+18,W 14 ST/8 AV,90
1.2795720051502505e+18,LEXINGTON AV/E 34 ST,49
1.2795723317751514e+18,AVENUE A/E 5 ST,34
1.2795726039564321e+18,AVENUE A/E 5 ST,34
1.277579374332627e+18,W 31 ST/6 AV,169
1.277582577634943e+18,ESSEX ST/EAST BROADWAY,111
1.2775956995831124e+18,104 ST/ROOSEVELT AV,801
1.277613014804999e+18,MYRTLE AV/72 ST,281
1.2776341701641644e+18,ALLERTON AV/FISH AV,16
1.2730571327036396e+18,8 AV/W  56 ST,223
1.2730574595998052e+18,E 34 ST/PARK AV,129
1.2731303572690068e+18,WESTERVELT AV/SAINT MARKS PL,348
1.2732170408684134e+18,ALLEN ST/GRAND ST,133
1.273239150338408e+18,ADAM C POWELL BLVD/W 139 ST,217
1.273264356481917e+18,JAMAICA AV/METROPOLITAN AV,142
1.27764694863935e+18,W 34 ST/8 AV,96
1.2778608426348052e+18,60 ST/23 AV,71
1.2796523765946586e+18,ALBANY AV/ATLANTIC AV,78
1.2796568552002816e+18,10 AV/W 47 ST,51
1.2796598422958917e+18,10 AV/W 47 ST,66
1.2796660815271485e+18,BROADWAY/BROOME ST,79
1.2796687049136717e+18,10 AV/W 47 ST,17
1.2796761406479852e+18,10 AV/W 47 ST,95
1.279691717688252e+18,10 AV/W 47 ST,79
1.2778736059077724e+18,ATLANTIC AV/LEFFERTS BLVD,998
1.2732644442946757e+18,SAINT NICHOLAS AV/W 167 ST,3
1.2732765789125294e+18,BROADWAY/W 170 ST,36
1.2732968237131922e+18,30 AV/21 ST,216
1.2827967448312566e+18,AMSTERDAM AV/W 91 ST,71
1.28279914277366e+18,ALLEN ST/GRAND ST,116
1.2829089810761073e+18,E 57 ST/2 AV,48
1.2832889789807334e+18,3 AV/E 47 ST,69
1.2779478964044687e+18,MYRTLE AV/72 ST,281
1.2781932263468032e+18,10 AV/W 47 ST,155
1.278216388903244e+18,9 AV/W 46 ST,88
1.2782466545853645e+18,2 AV/E 33 ST,66
1.2782800589999729e+18,E 49 ST/LEXINGTON AV,151
1.278297719419175e+18,BORDEN AV/VAN DAM ST,45
1.2796992452954007e+18,10 AV/W 45 ST,231
1.2797003549388027e+18,9 AV/W 40 ST,197
1.279730054509404e+18,TROY AV/CARROLL ST,102
1.279754470047771e+18,LINDEN BLVD/79 ST,854
1.2784067103736115e+18,CLASSON AV/PROSPECT PL,111
1.2784506749251845e+18,HAMPTON ST/BRITTON AV,175
1.2785904729811348e+18,AVENUE U/E 59 ST,1087
1.283352602978328e+18,BORDEN AV/VAN DAM ST,137
1.2834714969190728e+18,ADAM C POWELL BLVD/W 120 ST,89
1.2834968103305636e+18,1 AV/E 20 ST,163
1.283501553251838e+18,PUTNAM AV/ONDERDONK AV,63
1.2835055034864364e+18,PUTNAM AV/ONDERDONK AV,63
1.283506218457393e+18,PUTNAM AV/ONDERDONK AV,62
1.2835087814893806e+18,PUTNAM AV/ONDERDONK AV,63
1.283540656275384e+18,W 23 ST/8 AV,86
1.283990392173732e+18,10 AV/W 25 ST,56
1.2839913568491932e+18,W 23 ST/11 AV,126
1.2789044155601902e+18,E 49 ST/3 AV,59
1.2789118045392686e+18,E 49 ST/LEXINGTON AV,131
1.278911812432173e+18,3 AV/E 47 ST,66
1.278911823574122e+18,E 50 ST/LEXINGTON AV,8
1.279759802665836e+18,LINDEN BLVD/79 ST,701
1.2798380126080684e+18,LEXINGTON AV/E 28 ST,127
1.2798412636669527e+18,E 136 ST/LINCOLN AV,265
1.2798461304401114e+18,E 136 ST/LINCOLN AV,265
1.2800154206639962e+18,HELL GATE CIRCLE/IFO FIELD 61,4487
1.2800391550549135e+18,KINGSLAND AV/HERBERT ST,2
1.2802572433074982e+18,82 ST/ROOSEVELT AV,840
1.2789700527057933e+18,E 49 ST/LEXINGTON AV,53
1.278970062508865e+18,LEXINGTON AV/E 50 ST,41
1.2878015253139776e+18,DRIGGS AV/N 4 ST,100
1.287807615530473e+18,AMSTERDAM AV/W 123 ST,80
1.2878285990900915e+18,FLUSHING AV/EVERGREEN AV,337
1.2840030325178703e+18,6 AV/W 27 ST,131
1.284144040790199e+18,HALSEY ST/EVERGREEN AV,92
1.2841452129265103e+18,BROADWAY/THAMES ST,27
1.2841455703173158e+18,WEBSTER AV/ITTNER PL,486
1.284183370848525e+18,LAFAYETTE AV/NOSTRAND AV,154
1.284187784659821e+18,LAFAYETTE AV/NOSTRAND AV,154
1.2842032716210314e+18,12 AV/W 43 ST,22
1.2842181363163528e+18,THOMAS S BOYLAND ST/MACDOUGAL ST,130
1.2842431133570225e+18,BOWERY/GRAND ST,123
1.284251494613331e+18,94 ST/23 AV,395
1.284305290711174e+18,AMSTERDAM AV/W 109 ST,39
1.2843231957673226e+18,BROADWAY/THAMES ST,19
1.2803743947504773e+18,E 34 ST/3 AV,82
1.2804164168270147e+18,WESTCHESTER AV/SAINT ANN'S AV,205
1.2804410028414075e+18,COLUMBIA ST/WARREN ST,473
1.2804960946015757e+18,FULTON ST/EASTERN PKWY,142
1.280611088367759e+18,W 49 ST/7 AV,218
1.2806534581605647e+18,SARATOGA AV/MARION ST,154
1.2807799846739336e+18,E 167 ST/RIVER AV,327
1.2807848331424645e+18,ATLANTIC AV/124 ST,1182
1.2810599187830047e+18,WILSON AV/HIMROD ST,383
1.2810931344210294e+18,REMSEN AV/RUTLAND RD,196
1.2882237326777336e+18,FORT WASHINGTON AV/W 179 ST,334
1.2884070434799124e+18,FREDERICK DOUGLASS BLVD/W 113 ST,151
1.2884127622092513e+18,10 AV/W 45 ST,73
1.2884163660504164e+18,FOSTER AV/MARLBOROUGH RD,373
1.2885776621921551e+18,FRANKLIN ST/GREEN ST,121
1.2885835920545953e+18,46 AV/PARSONS BLVD,193
1.2887643337373535e+18,BROADWAY/CORONA AV,159
1.2890614126995057e+18,COLUMBUS AV/W 106 ST,69
1.2843345671254817e+18,KOSSUTH PL/BUSHWICK AV,330
1.2843884511741588e+18,23 AV/87 ST,1004
1.2844833537134362e+18,BAYCHESTER AV/STRANG AV,87
1.2845271269248914e+18,BAYCHESTER AV/EDENWALD AV,156
1.2847243768209894e+18,BROADWAY/W 151 ST,36
1.2847506207009275e+18,W 54 ST/11 AV,16
1.2890917546731763e+18,ESSEX ST/DELANCEY ST,65
1.2811207303391155e+18,GREENE AV/CLASSON AV,116
1.2812309791165755e+18,GATES AV/FRANKLIN AV,149
1.2812635428327918e+18,RALPH AV/HANCOCK ST,156
1.281431427554748e+18,LINCOLN AV/BRUCKNER BLVD,395
1.2814653599529603e+18,W 168 ST/WOODYCREST AV,219
1.28191069462967e+18,E 106 ST/2 AV,100
1.2820162284746875e+18,FULTON ST/HOWARD AV,178
1.282195238698316e+18,EAST HOUSTON ST/ESSEX ST,50
1.2822419190592049e+18,MORRIS AV/E 169 ST,125
1.289093096431602e+18,11 ST/JACKSON AV,566
1.2890936274481987e+18,LEXINGTON AV/E 55 ST,39
1.289094324927323e+18,E 57 ST/2 AV,65
1.2890946599170783e+18,AVENUE A/E 5 ST,116
1.2890988044046216e+18,6 AV/W 31 ST,183
1.2892317445762452e+18,NEW YORK AV/FENIMORE ST,228
1.2847511627753418e+18,W 54 ST/11 AV,4
1.284758582776263e+18,RIVERSIDE DR/W 114 ST,72
1.2847687778442783e+18,E 49 ST/LEXINGTON AV,128
1.28485972504436e+18,ADAM C POWELL BLVD/W 123 ST,67
1.2848636031992315e+18,7 AV/3 ST,218
1.284904964981044e+18,48 AV/GREENPOINT AV,377
1.2849134607515028e+18,WOODPOINT RD/CONSELYEA ST,135
1.2850435076193953e+18,SHORE PKWY/BAY PKWY,62
1.2892609596791447e+18,W 125 ST/ADAM C POWELL BLVD,198
1.2823966205483215e+18,42 RD/JACKSON AV,38
1.282435644308608e+18,WATERSIDE/WATERSIDE,77
1.2824575146482166e+18,BROADWAY/W 94 ST,138
1.2824717568023764e+18,9 AV/W 46 ST,97
1.2825459549800773e+18,MADISON AV/E 30 ST,150
1.282545955165351e+18,MADISON AV/E 30 ST,150
1.2892719726939448e+18,FREDERICK DOUGLASS BLVD/W 127 ST,121
1.289278904502725e+18,FREDERICK DOUGLASS BLVD/W 127 ST,150
1.28929170526913e+18,RIVERSIDE DR/W 94 ST,375
1.2893642387165302e+18,AMSTERDAM AV/W 79 ST,51
1.2893772575991444e+18,3 AV/E 88 ST,100
1.2894647951984643e+18,FORT WASHINGTON AV/W 181 ST,56
1.2894991754256768e+18,W 116 ST/MALCOLM X BLVD,167
1.2895257406651917e+18,EAST BROADWAY/CATHERINE ST,43
1.2850573959082883e+18,BOWERY/GRAND ST,120
1.285098325784674e+18,BROADWAY/PRINCE ST,126
1.2851316701737884e+18,BAY RIDGE AV/COLONIAL RD,183
1.2854079903035295e+18,MADISON AV/E 35 ST,120
1.2854105218737065e+18,8 AV/W  56 ST,223
1.2854109202211866e+18,BERGEN ST/4 AV,105
1.2898485100772739e+18,3 AV/E 39 ST,108
1.2899005987953234e+18,METROPOLITAN AV/RODNEY ST,381
1.289900853572333e+18,W 43 ST/8 AV,106
1.282546479462535e+18,MADISON AV/E 30 ST,150
1.2825695774008148e+18,MURDOCK AV/210 ST,118
1.282656672679723e+18,WATER ST/GOUVERNEUR LN,161
1.2827045675221015e+18,RALPH AV/E 86 ST,219
1.2827325529146903e+18,5 AV/W 28 ST,108
1.282740259645698e+18,5 AV/W 128 ST,163
1.282750052496655e+18,YORK AV/E 84 ST,121
1.2827964860275845e+18,6 AV/W 29 ST,178
1.289901188619086e+18,2 AV/E 6 ST,147
1.2854150654053714e+18,CHRISTOPHER ST/HUDSON ST,79
1.2854154240546918e+18,BOWERY/PRINCE ST,132
1.2854157631256197e+18,1 AV/E 93 ST,90
1.2854182211614602e+18,W 54 ST/11 AV,4
1.2899014948626424e+18,BERGEN ST/5 AV,36
1.2899062206102287e+18,EASTERN PKWY/BUFFALO AV,158
1.289911415132475e+18,W 49 ST/10 AV,72
1.289922974425688e+18,RIVERSIDE DR/W 94 ST,375
1.2899451140683215e+18,BEDFORD AV/BEVERLEY RD,135
1.2899452286577782e+18,SAINT NICHOLAS AV/W 151 ST,122
1.2899678179823887e+18,1 AV/E 81 ST,140
1.2900209570726956e+18,n conduit av/95 st,771
1.2900573020831852e+18,DREW ST/SUTTER AV,470
1.291598697507625e+18,3 AV/E 39 ST,17
1.2916763916445967e+18,BOWERY/BAYARD ST,132
1.2916800701070546e+18,BROADWAY/W 138 ST,177
1.2917718687320916e+18,ALLEN ST/HESTER ST,113
1.2918821632746422e+18,7 AV/W 28 ST,62
1.2921123040252874e+18,SHEEPSHEAD BAY RD/EMMONS AV,48
1.2921679318898703e+18,W 50 ST/8 AV,117
1.2922222609924874e+18,BROADWAY/W 238 ST,205
1.2922368849095404e+18,BROOKLYN AV/BERGEN ST,136
1.2922373726315786e+18,E 34 ST/2 AV,123
1.292241759982738e+18,NATIONAL ST/43 AV,328
1.2900589896539546e+18,CATHEDRAL PKWY/BROADWAY,137
1.2900733192084224e+18,FLATBUSH AV/SAINT MARKS AV,131
1.2855268051229335e+18,KISSENA BLVD/58 AV,138
1.2856003858795692e+18,THOMAS S BOYLAND ST/BAINBRIDGE ST,87
1.2856173937932882e+18,WATER ST/WHITEHALL ST,264
1.2856256439361183e+18,LEXINGTON AV/E 74 ST,78
1.2856655253226355e+18,ATLANTIC AV/104 ST,989
1.2858871727443968e+18,30 AV/21 ST,425
1.2859153985251776e+18,1 AV/E 52 ST,125
1.2862208727409674e+18,DELANCEY ST/COLUMBIA ST,160
1.2862272755105157e+18,SCHMIDTS LN/SLOSSON AV,109
1.2901812446933033e+18,E 72 ST/YORK AV,110
1.290483407607836e+18,3 AV/E 24 ST,150
1.2904838051865626e+18,LEXINGTON AV/E 55 ST,39
1.290484171421571e+18,WATER ST/GOUVERNEUR LN,257
1.2904849773999585e+18,WATER ST/GOUVERNEUR LN,180
1.2904861571498145e+18,8 AV/W 49 ST,181
1.2904865439118577e+18,8 AV/W 49 ST,181
1.290486953855587e+18,8 AV/W 49 ST,181
1.2904873912959332e+18,8 AV/W 49 ST,181
1.2904878376614085e+18,E 57 ST/1 AV,54
1.2904882567169085e+18,E 57 ST/1 AV,54
1.290488631237452e+18,E 57 ST/1 AV,54
1.292243575838036e+18,GREENPOINT AV/47 ST,282
1.2922445920586483e+18,NATIONAL ST/43 AV,151
1.292254474266672e+18,NATIONAL ST/43 AV,215
1.29225979238359e+18,103 ST/ROOSEVELT AV,148
1.2923141140665313e+18,3 AV/SHORE RD,57
1.2923621429666542e+18,WYCKOFF AV/MADISON ST,81
1.292508780689627e+18,W 79 ST/BROADWAY,79
1.2925734637611773e+18,METROPOLITAN AV/69 AV,131
1.2927716012326907e+18,9 AV/W 55 ST,49
1.290488993311067e+18,BERGEN ST/5 AV,36
1.2862305174848922e+18,DELANCEY ST/COLUMBIA ST,1002
1.286235718022471e+18,LEWIS ST/GRAND ST,150
1.286317209270569e+18,GRAHAM AV/JOHNSON AV,106
1.286376625557079e+18,ADAM C POWELL BLVD/W 129 ST,109
1.2865321551642092e+18,PENNSYLVANIA AV/HEGEMAN AV,183
1.2869428909134817e+18,GATES AV/PATCHEN AV,160
1.287085243477928e+18,CENTRE ST/GRAND ST,330
1.2870857753452756e+18,FLATBUSH AV/SAINT MARKS AV,183
1.28711442674226e+18,LEFFERTS BLVD/AIRTRAIN STATION,3419
1.2904909639408182e+18,METROPOLITAN AV/RODNEY ST,381
1.2905142411693947e+18,E 50 ST/3 AV,105
1.29052652986769e+18,8 AV/W 28 ST,209
1.2905327596360481e+18,LEXINGTON AV/E 50 ST,110
1.2905328039287037e+18,8 AV/W 31 ST,212
1.2905400760713787e+18,LAFAYETTE AV/CLASSON AV,89
1.290543288000957e+18,CLEVELAND  PL/SPRING ST,120
1.290547153584775e+18,8 AV/W 31 ST,212
1.290592430548308e+18,8 AV/W 31 ST,212
1.2906529712771333e+18,DE KALB AV/WILSON AV,57
1.2906805260444344e+18,MYRTLE AV/71 PL,585
1.2927977570470687e+18,BEDFORD AV/N 5 ST,230
1.2928048601934643e+18,LEXINGTON AV/E 83 ST,194
1.2928068299948846e+18,BERGEN ST/BROOKLYN AV,185
1.2928130725514314e+18,CENTRAL PARK WEST/W 100 ST,157
1.292840951307082e+18,SPRINGFIELD BLVD/SPRINGFIELD LN,558
1.2928551736731676e+18,LEXINGTON AV/E 102 ST,81
1.292859461638995e+18,NEW YORK AV/FENIMORE ST,211
1.2928870623262684e+18,LINDEN BLVD/VAN WYCK EXPWY,880
1.2929149439312576e+18,LIBERTY AV/REMINGTON ST,266
1.2907125724377876e+18,CORONA AV/JUNCTION BLVD,117
1.2872349326455222e+18,EAST HOUSTON ST/AV B,126
1.2872967945484982e+18,DREW ST/SUTTER AV,470
1.287503410245558e+18,MADISON AV/E 56 ST,26
1.2876695723015404e+18,3 AV/E 47 ST,72
1.2876767228877883e+18,LEXINGTON AV/E 53 ST,187
1.287702087569067e+18,W 43 ST/8 AV,117
1.2877394614814392e+18,MURDOCK AV/210 ST,118
1.2949979339520463e+18,TOMPKINS AV/GREENE AV,79
1.2950195991606454e+18,21 ST/30 AV,343
1.29504555742145e+18,THROOP AV/HART ST,104
1.2950540214394796e+18,5 AV/W 128 ST,83
1.2907481923281498e+18,9 AV/W 52 ST,78
1.2907558935480443e+18,STERLING PL/BEDFORD AV,94
1.2907582820150597e+18,9 AV/W 23 ST,110
1.290760416487868e+18,10 AV/W 45 ST,73
1.2907683762400238e+18,130 PL/BERGEN RD,1830
1.2950582077734205e+18,21 ST/30 AV,943
1.2950608688031667e+18,21 ST/BROADWAY,438
1.2950823722889554e+18,ROGERS AV/LINCOLN RD,75
1.2951941107683653e+18,E 222 ST/BARNES AV,73
1.2952263725624425e+18,GREENE AV/GRAND AV,68
1.295243164500589e+18,KINGSLAND AV/WITHERS ST,47
1.2956917037685094e+18,MADISON AV/E 74 ST,129
1.2956920474700887e+18,1 AV/E 93 ST,90
1.290782983190686e+18,10 AV/W 45 ST,73
1.2929977983991478e+18,HALSEY ST/MALCOLM X BLVD,61
1.2930136944780767e+18,ADAM C POWELL BLVD/W 113 ST,173
1.293015118025188e+18,AMSTERDAM AV/W 152 ST,120
1.2930323782007017e+18,W 106 ST/COLUMBUS AV,17
1.2931503782989074e+18,EAST HOUSTON ST/CLINTON ST,288
1.2931884398182272e+18,W 34 ST/BROADWAY,27
1.2935059439124544e+18,AMSTERDAM AV/W 89 ST,151
1.293583627676868e+18,9 AV/W 35 ST,39
1.2935917752523835e+18,LINDEN BLVD/VAN WYCK EXPWY,639
1.2908164843071468e+18,FLATLANDS AV/ELTON ST,332
1.290927439735614e+18,HOYT AV/31 ST,342
1.291307990966527e+18,12 AV/W 42 ST,54
1.2915693784148918e+18,E 42 ST/3 AV,177
1.295692552462034e+18,7 AV/W 25 ST,91
1.295693412922616e+18,AMSTERDAM AV/W 100 ST,84
1.2956972185564204e+18,E 10 ST/AVENUE B,231
1.295697993602464e+18,ATLANTIC AV/VANDERBILT AV,92
1.299369433716817e+18,7 AV/W 25 ST,184
1.2994001185333097e+18,CLINTON AV/PARK AV,249
1.2956984213503475e+18,VANDERBILT AV/ATLANTIC AV,41
1.295698600322875e+18,1 AV/E 70 ST,94
1.295698918555148e+18,VANDERBILT AV/ATLANTIC AV,41
1.2956994031331512e+18,VANDERBILT AV/ATLANTIC AV,41
1.295699768902276e+18,28 ST/QUEENS PLAZA SOUTH,135
1.299405124262455e+18,SCHAEFER ST/BUSHWICK AV,185
1.2994714684285473e+18,PARK AV/WASHINGTON AV,173
1.2994911372918436e+18,GRAND ST/CLINTON ST,293
1.2936032634064515e+18,5 AV/W 128 ST,89
1.2936159374186926e+18,HALSEY ST/HOWARD AV,151
1.2936188816532163e+18,W 42 ST/9 AV,101
1.2936223833837268e+18,HALSEY ST/HOWARD AV,151
1.2936236745119452e+18,HALSEY ST/HOWARD AV,158
1.2936243954350333e+18,HALSEY ST/HOWARD AV,85
1.2936253715089526e+18,HALSEY ST/HOWARD AV,151
1.2936261625176015e+18,HALSEY ST/HOWARD AV,54
1.2936309268946644e+18,8 AV/W 37 ST,179
1.2936354517399368e+18,MACOMBS RD/FEATHERBED LN,120
1.2995022972528614e+18,JAMAICA AV/WARWICK ST,214
1.2957004302874826e+18,BERGEN ST/5 AV,35
1.2957042851265262e+18,LEXINGTON AV/E 28 ST,182
1.2957046367804247e+18,6 AV/W 45 ST,93
1.2957050381902223e+18,1 AV/E 93 ST,99
1.2957206057435853e+18,BOWERY/E 3 ST,112
1.2957534536909834e+18,BROADWAY/WALKER ST,133
1.2995241312592858e+18,HOYT AV SOUTH/31 ST,1243
1.299618509120167e+18,CHRISTOPHER ST/7 AV SOUTH,94
1.29966731429703e+18,FULTON ST/SAINT JAMES PL,89
1.3000297013733445e+18,CHRISTOPHER ST/WASHINGTON ST,95
1.3000376812334374e+18,EASTERN PKWY/ROCHESTER AV,149
1.3001243622809464e+18,1 AV /E 4 ST,163
1.300178500689802e+18,NOSTRAND AV/FULTON ST,95
1.2957583387558597e+18,GREENPOINT AV/MANHATTAN AV,168
1.2957669970195814e+18,GREENPOINT AV/MANHATTAN AV,168
1.2957677812835062e+18,GREENPOINT AV/MANHATTAN AV,168
1.295774180041435e+18,GREENPOINT AV/MANHATTAN AV,168
1.2957752431919782e+18,GREENPOINT AV/MANHATTAN AV,168
1.2957797839272092e+18,GREENPOINT AV/MANHATTAN AV,168
1.295816599469836e+18,NEW YORK AV/PROSPECT PL,126
1.2959482595295183e+18,NOSTRAND AV/WILLOUGHBY AV,67
1.300289378125009e+18,SAINT NICHOLAS AV/W 151 ST,111
1.3005678351562222e+18,W 54 ST/11 AV,4
1.300568410346446e+18,COLUMBUS AV/W 89 ST,65
1.300568695477078e+18,COLUMBUS AV/W 89 ST,65
1.2936379332362755e+18,lincoln tnl app/lincoln tnl app,49
1.29366006897053e+18,McGUINNESS BLVD/FREEMAN ST,150
1.2936609314103992e+18,UTICA AV/CARROLL ST,188
1.2936825010634253e+18,MADISON ST/GOUVERNEUR ST,185
1.2938049159551703e+18,E 80 ST/AVENUE N,160
1.2942540536044925e+18,UTICA AV/CARROLL ST,119
1.2942901478412495e+18,9 AV/W 40 ST,204
1.2943572099172365e+18,LEXINGTON AV/E 104 ST,167
1.2943873525311145e+18,BROADWAY/W 75 ST,67
1.3005689671225057e+18,BROADWAY/W 94 ST,66
1.300569382834239e+18,CHRISTOPHER ST/BLEECKER ST,1
1.3005696406736538e+18,CHRISTOPHER ST/BLEECKER ST,1
1.2963391380601925e+18,THOMAS S BOYLAND ST/MARION ST,117
1.296404738128498e+18,FORT HAMILTON PKWY/83 ST,232
1.2964823311165094e+18,DE KALB AV/IRVING AV,254
1.2965940994653816e+18,WYCKOFF AV/GREENE AV,252
1.2966425031922483e+18,BROADWAY/W 204 ST,453
1.2966694204706007e+18,DREW ST/SUTTER AV,470
1.2967183629768136e+18,21 ST/35 ST,290
1.2971603291388042e+18,MERRICK BLVD/116 AV,634
1.300820745713362e+18,95 AV/LIVERPOOL ST,532
1.3008235538008046e+18,SUTPHIN BLVD/94 AV,448
1.294388669495955e+18,BROADWAY/W 75 ST,67
1.2943892524937075e+18,BROADWAY/W 75 ST,67
1.2943903632649907e+18,BROADWAY/W 75 ST,67
1.2944013529321121e+18,BROADWAY/W 75 ST,67
1.2944018984587738e+18,BROADWAY/W 75 ST,67
1.294403149481742e+18,BROADWAY/W 75 ST,67
1.2944045696772918e+18,BROADWAY/W 75 ST,67
1.294405057305124e+18,BROADWAY/W 75 ST,67
1.2944181251916398e+18,MYRTLE AV/SUYDAM ST,278
1.300839454193927e+18,W 14 ST/7 AV,318
1.3015258391306908e+18,FLATBUSH AV/BEVERLY RD,183
1.3015567988518966e+18,BOWERY/PRINCE ST,132
1.2972192494955625e+18,CROPSEY AV/23 AV,37
1.2972776111755948e+18,COLUMBUS AV/W 84 ST,99
1.2973480674013967e+18,CHRISTOPHER ST/WASHINGTON ST,161
1.2973887515121034e+18,BROADWAY/ABERDEEN ST,126
1.2974226992099945e+18,HENRY HUDSON PKWY EAST/W 246 ST,415
1.297762041714647e+18,FRANCIS LEWIS BLVD/112 AV,205
1.2978202858094423e+18,PIKE ST/DIVISION ST,100
1.2978237167276485e+18,BAY RIDGE PKWY/15 AV,614
1.3015616363710054e+18,W 49 ST/8 AV,176
1.3016213346625958e+18,FRANCIS LEWIS BLVD/147 DR,562
1.3017375858693765e+18,MYRTLE AV/TOMPKINS AV,67
1.2944849085593992e+18,TIFFANY ST/RANDALL AV,280
1.2945564747458284e+18,149 AV/241 ST,7489
1.294686138639736e+18,EAST BROADWAY/PIKE ST,79
1.294847782653169e+18,THROOP AV/GREENE AV,134
1.294910428499824e+18,EAST GUN HILL RD/SEYMOUR AV,243
1.2949209992782927e+18,9 AV/W 35 ST,76
1.2949452974718013e+18,9 AV/W 35 ST,52
1.2949815043909164e+18,7 AV SOUTH/BEDFORD ST,149
1.2949977337809016e+18,S 4 ST/HOOPER ST,139
1.3050233989033244e+18,MYRTLE AV/82 AV,150
1.3021754727205202e+18,E 34 ST/3 AV,190
1.3021924904572815e+18,MADISON AV/E 37 ST,169
1.3022065547051796e+18,AMSTERDAM AV/W 170 ST,109
1.302244340227836e+18,BERGEN ST/BUFFALO AV,81
1.305059574266469e+18,BROADWAY/W 89 ST,116
1.3050803025474258e+18,10 AV/W 53 ST,121
1.305083038306649e+18,LEXINGTON AV/E 40 ST,76
1.3050899560171453e+18,5 AV/W 37 ST,27
1.3050911927842563e+18,5 AV/W 39 ST,247
1.3050925415182308e+18,BROADWAY/CORTLANDT ST,138
1.3050929698365568e+18,BROADWAY/CORTLANDT ST,138
1.3050936908422282e+18,BROADWAY/CORTLANDT ST,138
1.297832286041209e+18,PROSPECT PARK SOUTHWEST/10 AV,25
1.2978378225805228e+18,FRESH POND RD/GROVE ST,57
1.2978828545755653e+18,BROADWAY/W 92 ST,81
1.297891655160959e+18,2 AV/E 61 ST,158
1.2979003619241715e+18,AMSTERDAM AV/W 175 ST,187
1.2979166116878584e+18,W 14 ST/7 AV,146
1.2979208743803658e+18,AMBOY RD/RICHMOND VALLEY RD,224
1.2979547939296276e+18,FLATBUSH AV/SAINT MARKS AV,192
1.2980166671750461e+18,9 AV/W 52 ST,78
1.3022655174706496e+18,FRANKLIN ST/INDIA ST,190
1.3050944455061763e+18,BROADWAY/CORTLANDT ST,138
1.305094594871339e+18,BROADWAY/CORTLANDT ST,138
1.3050951067161935e+18,BROADWAY/CORTLANDT ST,138
1.3050952938162135e+18,BROADWAY/CORTLANDT ST,138
1.3050954660984215e+18,BROADWAY/CORTLANDT ST,138
1.3050956861236634e+18,BROADWAY/CORTLANDT ST,138
1.3023137669536632e+18,MYRTLE AV/FOREST AV,253
1.3024140612256026e+18,ADAM C POWELL BLVD/W 154 ST,75
1.3024409742538414e+18,BROADWAY/ARION PL,193
1.3024619157769428e+18,21 ST/35 ST,764
1.3025525528822712e+18,ATLANTIC AV/BOND ST,201
1.298059391582168e+18,2 AV/E 6 ST,93
1.2980680154000192e+18,E 9 ST/3 AV,78
1.2980783469928678e+18,3 AV/E 88 ST,79
1.298087756403015e+18,2 AV/E 20 ST,119
1.298254618591901e+18,GREENPOINT AV/40 ST,176
1.2984564674633434e+18,METROPOLITAN AV/MACRI SQ,276
1.2984831549350612e+18,67 AV/FRESH POND RD,319
1.3050963228269565e+18,BROADWAY/CORTLANDT ST,138
1.305126466271364e+18,10 AV/W 47 ST,102
1.3051272713096955e+18,THOMAS S BOYLAND ST/MARION ST,146
1.305136788001791e+18,W 31 ST/6 AV,67
1.3051553958857902e+18,10 AV/W 47 ST,102
1.305216263895459e+18,2 AV/E 111 ST,127
1.3052329948733798e+18,10 AV/W 47 ST,80
1.3025706980152553e+18,E 57 ST/3 AV,211
1.3025988731403666e+18,HALSEY ST/KNICKERBOCKER AV,14
1.3027495137671135e+18,GLENWOOD RD/BROOKLYN AV,176
1.302886734172327e+18,BROADWAY/W 225 ST,336
1.3029151992480177e+18,NEREID AV/CARPENTER AV,76
1.298553614369115e+18,CATHEDRAL PKWY/AMSTERDAM AV,2
1.2987369587090301e+18,FRESH POND RD/GROVE ST,178
1.2987572253952412e+18,LINDEN BLVD/NEWBURG ST,196
1.2991339040999854e+18,W 49 ST/8 AV,250
1.2991943381439327e+18,COLUMBUS AV/W 89 ST,65
1.2992599369400622e+18,WATERSIDE PLAZA/WATERSIDE 1,81
1.2992741591070592e+18,SPRINGFIELD BLVD/92 AV,394
1.2993036492339983e+18,213 ST/92 AV,396
1.3029500436291694e+18,RIVERSIDE DR/W 108 ST,82
1.3030015808147156e+18,7 AV/W 28 ST,179
1.303275785387886e+18,NASSAU AV/NEWEL ST,70
1.305258718947756e+18,BROADWAY/E 13 ST,108
1.3052945891808236e+18,ESSEX ST/EAST BROADWAY,132
1.3054088015978888e+18,VANDERBILT AV/MYRTLE AV,50
1.305715886149338e+18,E 23 ST/2 AV,247
1.3057673901661975e+18,42 RD/JACKSON AV,68
1.30581276187202e+18,KINGS HWY/FOSTER AV,153
1.3058220101081887e+18,9 AV/W 35 ST,171
1.3034694918276897e+18,LIVINGSTON ST/NEVINS ST,136
1.303498152597541e+18,LIVINGSTON ST/NEVINS ST,136
1.3034984418284626e+18,PARK AV SOUTH/E 18 ST,148
1.303498705343457e+18,MARCY AV/S 4 ST,70
1.303498949364273e+18,MARCY AV/S 4 ST,70
1.3035448014953244e+18,NASSAU AV/ECKFORD ST,45
1.3035641207848753e+18,LIVINGSTON ST/NEVINS ST,136
1.3082397641345254e+18,GREENPOINT AV/MANHATTAN AV,152
1.3082399623558618e+18,E 68 ST/1 AV,83
1.3082884408076518e+18,PROSPECT PARK SOUTHWEST/10 AV,316
1.308526950566373e+18,10 AV/W 53 ST,112
1.3086547056712353e+18,SAINT NICHOLAS AV/W 184 ST,159
1.3086887322051005e+18,LORIMER ST/MESEROLE ST,69
1.3087165523651459e+18,MARCY AV/S 4 ST,70
1.308780466970105e+18,EASTERN PKWY/SCHENECTADY AV,232
1.303587397243545e+18,1 AV /E 4 ST,141
1.303617700217918e+18,TROY AV/CARROLL ST,379
1.3058691341832758e+18,KINGS HWY/FOSTER AV,149
1.3058847355024476e+18,SUTTER AV/BERRIMAN ST,307
1.3058890684608837e+18,FULTON ST/GRAND AV,129
1.3059300031900964e+18,FULTON ST/GRAND AV,129
1.305930848567797e+18,FULTON ST/GRAND AV,129
1.305931686533722e+18,FULTON ST/GRAND AV,129
1.305945251288604e+18,FULTON ST/GRAND AV,129
1.3059460292082237e+18,FULTON ST/GRAND AV,129
1.3059468326202588e+18,FULTON ST/GRAND AV,129
1.305989386371668e+18,10 AV/W 45 ST,73
1.3060494332571917e+18,LEXINGTON AV/E 40 ST,167
1.303622154116535e+18,RIVERSIDE DR/W 94 ST,375
1.3036379138472486e+18,EMMONS AV/FORD ST,169
1.3036499872965821e+18,5 AV/W 130 ST,126
1.303689041445035e+18,108 ST/HORACE HARDING EXPWY,52
1.303742851922211e+18,5 AV/DOUGLASS ST,67
1.3087910705788124e+18,8 AV/W 46 ST,176
1.3087928612074816e+18,BROADWAY/JEFFERSON AV,131
1.3088108396951045e+18,8 AV/W 46 ST,62
1.3088135929172475e+18,SUTTER AV/CLEVELAND ST,222
1.308818815569048e+18,GRAHAM AV/JACKSON ST,214
1.308822069323763e+18,BROADWAY/W 141 ST,13
1.3088497206534316e+18,18 AV/70 ST,224
1.3088646668916017e+18,3 AV/E 88 ST,96
1.3088808118727828e+18,82 ST/ROOSEVELT AV,1114
1.3037890152753498e+18,CLASSON AV/PROSPECT PL,133
1.3037920061488087e+18,CLASSON AV/PROSPECT PL,133
1.3037966881893676e+18,CLASSON AV/PROSPECT PL,133
1.3038086975059018e+18,LAFAYETTE AV/STUYVESANT AV,84
1.303812144286247e+18,EASTERN PKWY/SCHENECTADY AV,161
1.303857126206578e+18,10 AV/W 45 ST,73
1.3038596133566031e+18,E 14 ST/3 AV,20
1.303873258789253e+18,MURDOCK AV/204 ST,227
1.30888376853791e+18,MADISON AV/E 63 ST,130
1.3088901020804524e+18,2 AV/E 28 ST,71
1.3088920905990822e+18,W 157 ST/EDWARD M MORGAN PL,100
1.3090312548827292e+18,MALCOLM X BLVD/PUTNAM AV,97
1.309068453752045e+18,1 AV/E 36 ST,84
1.3090977995943803e+18,DE KALB AV/FORT GREENE PL,54
1.3094348380188198e+18,RICHMOND TERR/FEDERAL PL,109
1.309436752421407e+18,BOWERY/PRINCE ST,177
1.309445836235424e+18,63 RD/108 ST,920
1.3094488195694502e+18,CLEVELAND  PL/SPRING ST,113
1.3060532461771732e+18,LEXINGTON AV/E 40 ST,167
1.3060581102901276e+18,LEXINGTON AV/E 40 ST,167
1.306060122462235e+18,HUDSON ST/W 12 ST,56
1.3061410195992233e+18,W 14 ST/7 AV,124
1.3066926117424105e+18,COLUMBUS AV/W 75 ST,147
1.3067605240064965e+18,ASTORIA BLVD SOUTH/STEINWAY ST,1563
1.3067752724247462e+18,ASTORIA BLVD SOUTH/STEINWAY ST,1357
1.3069648502199736e+18,88 AV/153 ST,93
1.307179957177383e+18,NEREID AV/CARPENTER AV,196
1.3072056442278674e+18,BERGEN ST/ALBANY AV,115
1.3038846042263718e+18,JAMAICA AV/115 ST,65
1.3038930432527176e+18,RALPH AV/STERLING PL,206
1.3039175193149678e+18,117 ST/JAMAICA AV,112
1.304417138516107e+18,SUMMERFIELD ST/WYCKOFF AV,73
1.304448898348857e+18,BROADWAY/LEONARD ST,336
1.3044746867892493e+18,HYLAN BLVD/NELSON AV,270
1.3045494205890335e+18,QUEENS BLVD/63 AV,259
1.3074363379272044e+18,BELL BLVD/42 AV,302
1.3074735423645924e+18,SPRINGFIELD BLVD/107 AV,49
1.3075179323749284e+18,SAINT JOHNS PL/TROY AV,63
1.307526528439125e+18,52 ST/2 AV,151
1.307590389811951e+18,DEAN ST/VANDERBILT AV,192
1.3075949815425925e+18,E 106 ST/1 AV,31
1.3076583637541765e+18,LINDEN PL/35 AV,93
1.307945273388687e+18,FRANKLIN AV/WILLOUGHBY AV,76
1.3079529856865042e+18,LORIMER ST/MEEKER AV,195
1.309456468111337e+18,BOWERY/PRINCE ST,56
1.3094756908797053e+18,LEXINGTON AV/E 102 ST,155
1.3094759980479657e+18,5 AV/W 32 ST,164
1.309481208952817e+18,LEXINGTON AV/E 102 ST,100
1.3094894981944202e+18,E 9 ST/3 AV,76
1.309506029802138e+18,THROOP AV/HART ST,102
1.3095590297373215e+18,GATES AV/LEWIS AV,106
1.309565575952935e+18,GATES AV/LEWIS AV,106
1.3095670174945236e+18,GATES AV/LEWIS AV,106
1.3095680191965747e+18,GATES AV/LEWIS AV,106
1.304556482432499e+18,BOWERY/GRAND ST,123
1.3048883273033341e+18,LIVINGSTON ST/NEVINS ST,136
1.3048933835701366e+18,7 AV/W 25 ST,91
1.3133862332232174e+18,2 AV/E 3 ST,98
1.3134308594288443e+18,FOSTER AV/E 18 ST,349
1.313441654489725e+18,SEAVIEW AV/OLYMPIA BLVD,206
1.3079577883179945e+18,3 AV/E 29 ST,109
1.3079609933235517e+18,9 AV/W 28 ST,198
1.3079627358400202e+18,WATER ST/JOHN ST,218
1.307981424683991e+18,5 AV/W 54 ST,167
1.3079969843167557e+18,BERGEN ST/BUFFALO AV,337
1.3080428214968374e+18,10 AV/W 45 ST,73
1.3080701890757304e+18,ESSEX ST/EAST BROADWAY,104
1.3135878200267464e+18,EAST BROADWAY/MARKET ST,94
1.309569185904747e+18,GATES AV/LEWIS AV,106
1.309578837258278e+18,6 AV/W 45 ST,93
1.309589557119469e+18,ADAM C POWELL BLVD/W 123 ST,142
1.3095949721190333e+18,6 AV/W 45 ST,93
1.3096092679352353e+18,6 AV/W 45 ST,92
1.3097602759852623e+18,MERRICK BLVD/BAISLEY BLVD,550
1.310132633661458e+18,W 145 ST/AMSTERDAM AV,110
1.3101329923871217e+18,FULTON ST/GRAND AV,102
1.3101908533791124e+18,E 9 ST/2 AV,34
1.3102072992751624e+18,AVENUE C/E 6 ST,157
1.3136000269295437e+18,MADISON ST/MARKET ST,58
1.313629691409425e+18,E 96 ST/3 AV,209
1.3136540448638103e+18,2 AV/E 28 ST,30
1.3138313226132365e+18,HALSEY ST/CENTRAL AV,120
1.3138504127643156e+18,MALCOLM X BLVD/W 122 ST,114
1.3138664293332342e+18,FRANKLIN AV/PUTNAM AV,80
1.313873315894375e+18,AMSTERDAM AV/W 145 ST,86
1.310265281936741e+18,9 AV/W 55 ST,190
1.3102924748767726e+18,OCEAN AV/CATON AV,161
1.3103233149349112e+18,E 10 ST/AVENUE B,187
1.3103334635290483e+18,3 AV/E 37 ST,94
1.3108355425454858e+18,3 AV/E 21 ST,50
1.3109294248568474e+18,EASTCHESTER RD/EAST GUN HILL RD,294
1.311012817657837e+18,LEWIS ST/GRAND ST,54
1.3138873703379471e+18,E 24 ST/LEXINGTON AV,160
1.3138877726919424e+18,LINDEN BLVD/VAN WYCK EXPWY,1079
1.3080859780895416e+18,10 AV/W 53 ST,190
1.3080862387722895e+18,EAST HOUSTON ST/CLINTON ST,376
1.3080957577516726e+18,PUTNAM AV/BEDFORD AV,164
1.3081182748760945e+18,6 AV/W 29 ST,167
1.308124757052621e+18,CENTRE ST/GRAND ST,245
1.3081470046900948e+18,LORIMER ST/MONTROSE AV,82
1.308178606830498e+18,MORRIS AV/E 163 ST,190
1.308179300183428e+18,SCHAEFER ST/CENTRAL AV,190
1.3138883452276247e+18,DECATUR ST/CENTRAL AV,76
1.313898436335093e+18,GATES AV/LEWIS AV,106
1.3138992899052454e+18,MANHATTAN AV/W 114 ST,64
1.3139005991243425e+18,GATES AV/LEWIS AV,106
1.313902189955846e+18,GATES AV/LEWIS AV,106
1.313904957732343e+18,GATES AV/LEWIS AV,106
1.3139075587630902e+18,GATES AV/LEWIS AV,106
1.3139088810975002e+18,MONTROSE AV/LORIMER ST,59
1.3139217746225116e+18,7 AV/W 55 ST,147
1.3082269256383007e+18,GREENPOINT AV/MANHATTAN AV,152
1.3082331963817654e+18,GREENPOINT AV/MANHATTAN AV,152
1.3159769816500772e+18,E 55 ST/1 AV,214
1.3160136626750564e+18,BOWERY/GRAND ST,123
1.3160931269461734e+18,ALLEN ST/STANTON ST,80
1.3161405303211287e+18,MANHATTAN AV/W 121 ST,90
1.316175756064755e+18,MYRTLE AV/FOREST AV,323
1.3161767001840387e+18,WYCKOFF AV/HARMAN ST,128
1.3161978660226452e+18,ROCKAWAY PKWY/SHORE PKWY SERVICE RD NORTH,11673
1.316631934780826e+18,LEXINGTON AV/E 86 ST,72
1.3139232919373212e+18,LORIMER ST/TEN EYCK ST,119
1.3139504508871332e+18,W 54 ST/11 AV,4
1.3110391858526006e+18,HILLSIDE AV/166 ST,403
1.3110988748699953e+18,MADISON AV/E 132 ST,180
1.3115364864687887e+18,W 72 ST/AMSTERDAM AV,57
1.3116190352127782e+18,1 AV/E 70 ST,93
1.311689357740272e+18,3 AV/15 ST,353
1.3117177675856358e+18,GATES AV/NOSTRAND AV,204
1.3118519650250836e+18,DREW ST/SUTTER AV,470
1.311895201837759e+18,ALLEN ST/STANTON ST,75
1.311988990788249e+18,2 AV/E 82 ST,156
1.3140558102872353e+18,EAST HOUSTON ST/AV B,174
1.3143710544375242e+18,THROOP AV/DE KALB AV,72
1.3144701860734438e+18,W 50 ST/10 AV,137
1.3144918037063173e+18,8 AV/W  56 ST,112
1.3145255333924925e+18,ATLANTIC AV/90 ST,167
1.314549753852039e+18,2 AV/E 84 ST,63
1.3145550894808538e+18,MANHATTAN AV/W 114 ST,88
1.3123290500520092e+18,VANDERBILT AV/DE KALB AV,158
1.3124213429495798e+18,9 AV/W 52 ST,152
1.3125456047810752e+18,FARMERS BLVD/144 AV,319
1.3125499164980733e+18,CHURCH AV/BROOKLYN AV,267
1.312570839471079e+18,HORACE HARDING EXPWY/PARSONS BLVD,1068
1.3130679287087373e+18,3 AV/E 88 ST,96
1.3131018808360381e+18,MADISON AV/E 74 ST,129
1.313102390068817e+18,21 ST/35 AV,1185
1.3131099428244493e+18,BROOKLYN AV/BERGEN ST,97
1.3166367243094292e+18,6 AV/PRINCE ST,116
1.3166686963693527e+18,E 14 ST/AVENUE B,93
1.316676553522722e+18,W 43 ST/8 AV,244
1.3167083491705124e+18,9 AV/W 46 ST,88
1.3167711048274097e+18,W 106 ST/AMSTERDAM AV,58
1.3169471946931274e+18,ATLANTIC AV/WOODHAVEN BLVD,349
1.3170895418444908e+18,9 ST/7 AV,225
1.317476314700376e+18,21 ST/BROADWAY,1317
1.317760474411072e+18,LAUREL HILL BLVD/58 ST,1038
1.31777164270491e+18,LAUREL HILL BLVD/58 ST,1214
1.3146526293716598e+18,E 170 ST/MORRIS AV,96
1.314666285887992e+18,WESTCHESTER AV/SAINT ANN'S AV,338
1.3146920634159775e+18,FLUSHING AV/EVERGREEN AV,248
1.3147106180356122e+18,WESTCHESTER AV/JACKSON AV,591
1.3147820907186924e+18,FOSTER AV/E 16 ST,80
1.314854424760333e+18,MORRIS AV/E 166 ST,143
1.3149093586456174e+18,5 AV/E 109 ST,78
1.3177765307222513e+18,DRIGGS AV/UNION AV,216
1.3178214892206776e+18,1 AV/E 99 ST,169
1.3179487956469484e+18,NEW YORK AV/ATLANTIC AV,8
1.3180384744723287e+18,W 34 ST/9 AV,4
1.318038812671846e+18,E 57 ST/2 AV,65
1.3180391559888207e+18,E 57 ST/2 AV,65
1.318039459541133e+18,E 57 ST/2 AV,65
1.3149096379746803e+18,E 57 ST/1 AV,199
1.3149101901954918e+18,CENTRAL PARK WEST/W 108 ST,67
1.3152107166564465e+18,3 AV/E 157 ST,347
1.3152196566733898e+18,3 AV/E 60 ST,226
1.3152369811688678e+18,21 ST/35 ST,472
1.315244571825005e+18,5TH AVE / W 48TH ST,121
1.3131225953164454e+18,EAST NEW YORK AV/RALPH AV,21
1.3131515282262595e+18,CATHEDRAL PKWY/COLUMBUS AV,37
1.313156485419306e+18,2 AV/E 78 ST,236
1.3131739564355064e+18,SARATOGA AV/SAINT MARKS AV,77
1.3132382984458726e+18,BOWERY/GRAND ST,123
1.31327549160413e+18,60 LN/SAINT FELIX AV,68
1.3133400922169626e+18,BROADWAY/JEFFERSON ST,49
1.313351484190596e+18,3 AV/E 88 ST,98
1.31811895726895e+18,W 23 ST/10 AV,88
1.318119411467041e+18,8 AV/W  56 ST,223
1.3152448484803922e+18,YORK ST/JAY ST,273
1.318083316561909e+18,E 14 ST/IRVING PL,36
1.3180840076585723e+18,2 AV/E 64 ST,139
1.3180844223899543e+18,E 34 ST /1 AV,31
1.318085057218198e+18,E 34 ST /1 AV,31
1.318085624594588e+18,RIVERSIDE BLVD/W 69 ST,140
1.315245097183942e+18,YORK ST/JAY ST,273
1.315245332784118e+18,W 42 ST/11 AV,43
1.3153086578331994e+18,EAST HOUSTON ST/RIDGE ST,101
1.3181197393618186e+18,WEST HOUSTON ST/SULLIVAN ST,121
1.3181200616060188e+18,3 AV/E 63 ST,110
1.3181204091780713e+18,4 AV/E 13 ST,78
1.3181207268369626e+18,4 AV/E 13 ST,78
1.3153194822768292e+18,KINGSTON AV/PROSPECT PL,144
1.3153270232093932e+18,EAST HOUSTON ST/RIDGE ST,160
1.3153343566913444e+18,MANHATTAN AV/W 106 ST,140
1.3180861204836298e+18,E 23 ST/3 AV,69
1.318086509109743e+18,W 14 ST/6 AV,224
1.3180872640775132e+18,1 AV/E 91 ST,82
1.3180877537412078e+18,1 AV/E 93 ST,99
1.3180881004675707e+18,8 AV/W 12 ST,96
1.3153438988646958e+18,KINGSTON AV/PROSPECT PL,129
1.3181286262102252e+18,W 23 ST/10 AV,88
1.318129134684264e+18,2 AV/E 64 ST,139
1.3181295029488105e+18,W 23 ST/10 AV,88
1.3181299634410532e+18,E 23 ST/3 AV,69
1.318130342610189e+18,7 AV/W 25 ST,95
1.3154250854494136e+18,HOYT AV SOUTH/31 ST,754
1.315506799813443e+18,5 AV/W 132 ST,142
1.3180888611158758e+18,11 ST/JACKSON AV,566
1.31808921794882e+18,3 AV/E 31 ST,135
1.318090844176508e+18,NORTH END AV/WARREN ST,150
1.3180915265658363e+18,NORTH END AV/WARREN ST,150
1.3180919512739827e+18,7 AV/W 25 ST,95
1.3155409492178348e+18,EAST HOUSTON ST/AV B,254
1.3155656991045632e+18,243 ST/WELLER AV,328
1.3181310643541573e+18,4 AV/E 13 ST,1
1.3181314164685537e+18,E 14 ST/IRVING PL,36
1.3181319864169068e+18,4 AV/E 13 ST,1
1.3181323256559987e+18,7 AV/W 25 ST,95
1.3181332564241185e+18,E 34 ST /1 AV,31
1.3156176614424796e+18,2 AV/E 103 ST,82
1.3180926966249592e+18,NORTH END AV/WARREN ST,150
1.3180931697120653e+18,E 34 ST /1 AV,31
1.318094196262685e+18,RIVERSIDE BLVD/W 69 ST,140
1.31809457844623e+18,5 AV/E 77 ST,100
1.3180949240058834e+18,5 AV/E 77 ST,100
1.31570010242926e+18,CONEY ISLAND AV/TURNER PL,365
1.318133857550834e+18,E 34 ST /1 AV,31
1.3181359895509706e+18,AMSTERDAM AV/W 96 ST,104
1.3181363724450524e+18,5 AV/E 77 ST,100
1.3181367664653486e+18,3 AV/E 31 ST,142
1.3158409271402944e+18,W 43 ST/8 AV,221
1.3158721925580403e+18,RODNEY ST/AINSLIE ST,199
1.315878769422056e+18,W 34 ST/9 AV,4
1.3159246662075635e+18,SPRINGFIELD BLVD/130 AV,328
1.3181386406815283e+18,7 AV/W 20 ST,77
1.318139315029901e+18,PEARL ST/FULTON ST,201
1.3181400950123116e+18,PEARL ST/FULTON ST,201
1.3181407278765453e+18,W 23 ST/10 AV,88
1.3181416894384563e+18,METROPOLITAN AV/RODNEY ST,381
1.318096133252484e+18,7 AV/W 20 ST,77
1.3180968953665172e+18,E 14 ST/IRVING PL,36
1.3180978925674412e+18,NORTH END AV/WARREN ST,150
1.3159391907514975e+18,ATLANTIC AV/BOERUM PL,74
1.3159396349818775e+18,ATLANTIC AV/BOERUM PL,74
1.3181420355694277e+18,COLUMBUS AV/W 89 ST,65
1.3181423551746647e+18,AMSTERDAM AV/W 69 ST,125
1.318142962695202e+18,W 23 ST/10 AV,88
1.3181434413268547e+18,3 AV/E 63 ST,110
1.3181513550859656e+18,7 AV/W 25 ST,95
1.3159400563035318e+18,W 96 ST/AMSTERDAM AV,113
1.3159404058588495e+18,E 86 ST/2 AV,135
1.3159409650746575e+18,E 86 ST/2 AV,135
1.3159414611210048e+18,E 86 ST/2 AV,135
1.318098479110754e+18,8 AV/W 31 ST,111
1.3180995784215398e+18,3 AV/E 31 ST,128
1.318099975855322e+18,VANDERBILT AV/ATLANTIC AV,41
1.318100579252743e+18,4 AV/E 13 ST,78
1.3159419347964677e+18,3 AV/E 31 ST,128
1.3181519855751616e+18,E 23 ST/3 AV,69
1.3181523566986813e+18,7 AV/W 25 ST,95
1.318152907851247e+18,4 AV/E 13 ST,1
1.318153219480794e+18,E 14 ST/IRVING PL,36
1.3181537192710428e+18,2 AV/E 64 ST,139
1.3159693803415311e+18,E 32 ST/5 AV,70
1.3159698982979697e+18,E 32 ST/5 AV,70
1.315970336409079e+18,E 32 ST/5 AV,70
1.3159707494846244e+18,E 32 ST/5 AV,70
1.3181009256351846e+18,W 54 ST/11 AV,4
1.3181013059239258e+18,RODNEY ST/AINSLIE ST,199
1.3181018693555338e+18,2 AV/E 95 ST,266
1.3181060835043287e+18,E 23 ST/3 AV,69
1.318106415889167e+18,2 AV/E 64 ST,139
1.3159711589108434e+18,E 32 ST/5 AV,70
1.3159716484280863e+18,EAST HOUSTON ST/2 AV,89
1.3181541219380685e+18,28 ST/QUEENS PLAZA SOUTH,135
1.3181548492644844e+18,E 14 ST/IRVING PL,36
1.3181553540440271e+18,7 AV/W 25 ST,95
1.3181558740178038e+18,RIVERSIDE BLVD/W 69 ST,140
1.3181574383279025e+18,5 AV/E 77 ST,100
1.3159721071791473e+18,EAST HOUSTON ST/2 AV,89
1.3159725081346627e+18,EAST HOUSTON ST/NORFOLK ST,48
1.315973187227035e+18,E 32 ST/5 AV,70
1.315973657747267e+18,E 32 ST/5 AV,70
1.3181577607446666e+18,E 23 ST/3 AV,69
1.3181582138521336e+18,E 23 ST/3 AV,69
1.3181585627142193e+18,5 AV/E 77 ST,100
1.3181589062122665e+18,7 AV/W 20 ST,77
1.315974096422434e+18,E 23 ST/3 AV,5
1.3181067214580045e+18,2 AV/E 64 ST,139
1.3181070727463035e+18,7 AV/W 25 ST,95
1.3181076731234698e+18,7 AV/W 25 ST,95
1.3181082843716488e+18,E 23 ST/3 AV,69
1.3181086398716964e+18,NORTH END AV/WARREN ST,150
1.3192265900008655e+18,BROADWAY/JEFFERSON AV,186
1.3195559226656868e+18,48 ST/GREENPOINT AV,12
1.3195692158993403e+18,21 ST/30 AV,115
1.3181595477019497e+18,W 23 ST/10 AV,88
1.3181601958884813e+18,CENTRAL PARK SOUTH/6 AV,326
1.3181612242275717e+18,W 23 ST/10 AV,88
1.3181621280514388e+18,W 18 ST/10 AV,217
1.3197602326728172e+18,BOWERY/CANAL ST,244
1.3181091814473656e+18,4 AV/E 13 ST,1
1.318109482196566e+18,NORTH END AV/WARREN ST,150
1.3181099943270597e+18,NORTH END AV/WARREN ST,150
1.318110489094937e+18,4 AV/E 13 ST,1
1.318110808401266e+18,NORTH END AV/WARREN ST,150
1.3198288221697656e+18,ROGERS AV/PARK PL,98
1.320192903104387e+18,WYCKOFF AV/DE KALB AV,114
1.320243299566592e+18,3 AV/E 17 ST,117
1.3181112691551483e+18,E 34 ST /1 AV,31
1.3181119390434458e+18,RIVERSIDE BLVD/W 69 ST,140
1.3181122925857055e+18,RIVERSIDE BLVD/W 69 ST,140
1.3181126917307684e+18,NORTH END AV/WARREN ST,150
1.3181131928407478e+18,E 23 ST/3 AV,69
1.31816361993924e+18,EAST HOUSTON ST/MOTT ST,193
1.3181639863049923e+18,3 AV/E 31 ST,128
1.318164459980695e+18,W 54 ST/11 AV,4
1.3181813350647665e+18,1 AV/E 62 ST,79
1.3182167887165668e+18,UTICA AV/PROSPECT PL,77
1.3182264132664297e+18,UTICA AV/PROSPECT PL,77
1.3203402819328105e+18,CROTONA AV/E 187 ST,315
1.320409769902056e+18,SANFORD AV/MAIN ST,108
1.3206536222176714e+18,BORINQUEN PL/S 1 ST,205
1.3206886452158044e+18,WILSON AV/HALSEY ST,87
1.3181136159961083e+18,W 23 ST/10 AV,88
1.3181143021189878e+18,W 23 ST/10 AV,88
1.3181149262975562e+18,5 AV/E 77 ST,100
1.3181152252603958e+18,E 34 ST /1 AV,31
1.3181158538592023e+18,7 AV/W 20 ST,77
1.3208993422417633e+18,3 AV/E 31 ST,135
1.3209927091684524e+18,8 AV/W 31 ST,158
1.3210158010903388e+18,UTICA AV/PROSPECT PL,77
1.3210191274991885e+18,UTICA AV/PROSPECT PL,77
1.3210221595951145e+18,UTICA AV/PROSPECT PL,77
1.3210274259091996e+18,UTICA AV/PROSPECT PL,77
1.3210318827637455e+18,UTICA AV/PROSPECT PL,77
1.318116449902612e+18,COURT ST/SCHERMERHORN ST,376
1.3181168707450033e+18,COURT ST/SCHERMERHORN ST,376
1.318117481722272e+18,6 AV/W 45 ST,93
1.3181178882528707e+18,COLUMBUS AV/W 89 ST,65
1.327003285295294e+18,E 10 ST/AVENUE B,207
1.327032534577083e+18,FLATBUSH AV/AVENUE K,361
1.3210330891665293e+18,UTICA AV/PROSPECT PL,77
1.3210347596386301e+18,UTICA AV/PROSPECT PL,77
1.3210368250504282e+18,UTICA AV/PROSPECT PL,77
1.3182558843808835e+18,BROADWAY/W 170 ST,211
1.3182610473217638e+18,W 42 ST/5 AV,188
1.3182833265214822e+18,3 AV/E 45 ST,85
1.3183438015063363e+18,W 44 ST/6 AV,150
1.318351786056352e+18,5 AV/W 44 ST,5
1.3183579731966193e+18,LINDEN BLVD/VAN WYCK EXPWY,1285
1.3183889723419988e+18,TROY AV/EASTERN PKWY,141
1.3184030221805788e+18,LINDEN BLVD/230 ST,274
1.318470838945355e+18,NEW YORK AV/LINDEN BLVD,211
1.3184990366555512e+18,EUCLID AV/BLAKE AV,108
1.31850732570518e+18,EUCLID AV/BLAKE AV,108
1.3212221725352548e+18,ROCKAWAY AV/FULTON ST,32
1.3212262096785572e+18,7 AV/LINCOLN PL,247
1.3212304922223224e+18,REMSEN AV/DITMAS AV,287
1.3212700012442289e+18,LINDEN BLVD/ROCKAWAY PKWY,535
1.3212771503581663e+18,MADISON AV/E 129 ST,136
1.3213039174797716e+18,MERRICK BLVD/169 PL,519
1.3213234795040315e+18,DEAN ST/KINGSTON AV,54
1.3185076886923768e+18,W 72 ST/COLUMBUS AV,238
1.3185089781985836e+18,CLARKSON AV/BEDFORD AV,148
1.318510556447793e+18,EUCLID AV/BLAKE AV,108
1.318513028126369e+18,EUCLID AV/BLAKE AV,108
1.3187401344067996e+18,MARCY AV/S 4 ST,70
1.3187929599582705e+18,8 AV/W 12 ST,96
1.3188156291911657e+18,MADISON AV/E 37 ST,212
1.3188386232301356e+18,NASSAU AV/MONITOR ST,77
1.3275398839584502e+18,GRAND ST/FDR DRIVE,161
1.327621291124719e+18,FREDERICK DOUGLASS BLVD/114 ST,62
1.3276289463862228e+18,INDEPENDENCE AV/W 237 ST,1025
1.3276384612266191e+18,HOYT AV/31 ST,965
1.3276584985537098e+18,W 106 ST/COLUMBUS AV,54
1.3276727239690033e+18,COLUMBUS AV/W 108 ST,79
1.3277037647644751e+18,62 DR/YELLOWSTONE BLVD,264
1.3278003380465183e+18,BELL BLVD/33 RD,363
1.3282468307276168e+18,W 50 ST/10 AV,71
1.3282679818420137e+18,W 49 ST/9 AV,288
1.3282717799435136e+18,WEST HOUSTON ST/LAGUARDIA PL,348
1.3213640845731008e+18,BRUCKNER BLVD/JARVIS AV,217
1.3215776622619075e+18,SPRINGFIELD BLVD/130 AV,328
1.3219289597231724e+18,NOSTRAND AV/PROSPECT PL,156
1.3220432317418875e+18,EUCLID AV/BLAKE AV,107
1.3220471999058806e+18,EUCLID AV/BLAKE AV,107
1.3225549785413307e+18,101 ST/31 AV,437
1.3189290144739822e+18,BOWERY/GRAND ST,123
1.3190156813806694e+18,BROADWAY/W 89 ST,75
1.3190226745121119e+18,FLUSHING AV/KENT  AV,70
1.3190227758632333e+18,FLUSHING AV/BEDFORD AV,90
1.3190229349843044e+18,FLUSHING AV/KENT  AV,62
1.319078032714536e+18,E 106 ST/1 AV,184
1.3313281488350853e+18,CASTLE HILL AV/TURNBULL AV,77
1.3313584229027095e+18,LAUREL HILL BLVD/58 ST,952
1.3225612243372255e+18,RIVERSIDE DR/W 97 ST,33
1.3232111712921316e+18,CLEVELAND  PL/SPRING ST,120
1.3283873086651223e+18,EAST HOUSTON ST/FORSYTH ST,228
1.328389210503109e+18,2 AV/E 28 ST,54
1.3283971683874191e+18,AMSTERDAM AV/W 145 ST,86
1.3284133346841574e+18,ROEBLING ST/GRAND ST,222
1.3284610122129964e+18,GREENPOINT AV/GALE AV,106
1.3284911243823424e+18,9 AV/W 52 ST,66
1.3284957536277076e+18,9 AV/W 52 ST,95
1.3285770716110241e+18,GATES AV/TOMPKINS AV,44
1.3288781006892237e+18,10 AV/W 27 ST,171
1.3289835616414062e+18,W 49 ST/7 AV,17
1.3290010045229432e+18,KINGS HWY/E 29 ST,67
1.3232598780550456e+18,EASTERN PKWY/UTICA AV,1
1.3232889958178982e+18,BOWERY/KENMARE ST,10
1.3232981019342438e+18,WEST HOUSTON ST/SULLIVAN ST,52
1.3233046603030682e+18,BOWERY/KENMARE ST,68
1.323477990710404e+18,FARMERS BLVD/143 RD,264
1.3234877264950595e+18,BROOKLYN-QUEENS EXPWY/47 ST,139
1.3313860254714575e+18,MYRTLE AV/MENAHAN ST,124
1.331510015677419e+18,99/CHRISTIE AV,329
1.331537410605213e+18,SOUTH CONDUIT AV/231 ST,446
1.3315545752751337e+18,MADISON AV/E 129 ST,102
1.3315612574528955e+18,E 106 ST/1 AV,60
1.3319815162368645e+18,GATES AV/CENTRAL AV,391
1.3320263728271455e+18,MALCOLM X BLVD/W 125 ST,103
1.3320888513375944e+18,E 14 ST/AVENUE C,167
1.3322033064888507e+18,NOSTRAND AV/TILDEN AV,113
1.3322221577277742e+18,VICTORY BLVD/WOODSTOCK AV,286
1.3235965651523889e+18,FLUSHING AV/EVERGREEN AV,228
1.3239117154762007e+18,E 50 ST/2 AV,15
1.3241261559427177e+18,1 AV/E 17 ST,125
1.324196587232499e+18,E 180 ST/ARTHUR AV,194
1.324892554089695e+18,MAIN ST/58 RD,615
1.3290239071166636e+18,SPRINGFIELD BLVD/SPRINGFIELD LN,467
1.3290617532669932e+18,RALPH AV/BAINBRIDGE ST,144
1.3290737824104573e+18,GATES AV/BEDFORD AV,145
1.3291240048216868e+18,EAST TREMONT AV/MILES AV,223
1.3291329835810115e+18,WYCKOFF AV/HIMROD ST,200
1.3291560797368993e+18,9 AV/W 52 ST,78
1.3291785301143117e+18,46 AV/163 ST,296
1.3292000467931471e+18,EAST NEW YORK AV/ALBANY AV,251
1.329218591028594e+18,GATES AV/EVERGREEN AV,200
1.3292329284954168e+18,SAINT JOHNS PL/BEDFORD AV,36
1.3292418801268342e+18,GRAHAM AV/SEIGEL ST,63
1.3249016184302802e+18,MAIN ST/58 RD,263
1.324905762308381e+18,HORACE HARDING EXPWY/148 ST,511
1.3252404289140073e+18,EAST HOUSTON ST/CLINTON ST,235
1.3252479989885274e+18,3 AV/E 47 ST,70
1.3253536668143017e+18,LIVINGSTON ST/NEVINS ST,137
1.3322697674748946e+18,JOHNSON AV/HUMBOLDT ST,128
1.3323109188818168e+18,3 AV/E 72 ST,49
1.3326185670606543e+18,3 AV/15 ST,250
1.332666494586594e+18,21 ST/38 AV,435
1.3328235067182362e+18,NASSAU AV/HUMBOLDT ST,155
1.332889831349518e+18,BETHUNE ST/GREENWICH ST,133
1.332922746745732e+18,238 ST/121 AV,1153
1.3329573743167977e+18,SAINT MARKS PL/HYATT ST,305
1.3329613860511532e+18,KENT AV/N 12 ST,68
1.3332686754388352e+18,8 AV/W 39 ST,104
1.3253541492855396e+18,KENT AV/METROPOLITAN AV,35
1.325359920175203e+18,18 AV/OCEAN PKWY,351
1.329252176809884e+18,MESEROLE ST/GRAHAM AV,137
1.3292535601470766e+18,LINDEN BLVD/VAN WYCK EXPWY,1046
1.3292700941499802e+18,BROADWAY/MYRTLE AV,122
1.329305163271198e+18,MYRTLE AV/FOREST AV,125
1.3293088754676936e+18,6 AV/W 3 ST,206
1.3296829316807616e+18,W 14 ST/7 AV,48
1.3296875171583434e+18,RIVERSIDE DR/W 94 ST,375
1.329702366325398e+18,PARK AV SOUTH/E 18 ST,148
1.3253666185947282e+18,MANHATTAN AV/CALYER ST,217
1.3254166223680735e+18,FREDERICK DOUGLASS BLVD/W 127 ST,82
1.3254246077002862e+18,W 125 ST/FREDERICK DOUGLASS BLVD,226
1.325427459648252e+18,FREDERICK DOUGLASS BLVD/W 127 ST,80
1.3254641234443062e+18,3 AV/E 104 ST,108
1.3254708864798845e+18,7 AV/UNION ST,160
1.3254768769479434e+18,BOWERY/GRAND ST,123
1.3254942634811564e+18,W 31 ST/6 AV,147
1.3254963082103383e+18,ARDEN AV/ROLLING HILL GREEN,598
1.3297044386775826e+18,BROADWAY/CATHEDRAL PKWY,58
1.3297968754730609e+18,GATES AV/EVERGREEN AV,200
1.3298052395657572e+18,PARK ROW/BEEKMAN ST,105
1.329820304712321e+18,GATES AV/EVERGREEN AV,200
1.3298291743591954e+18,GATES AV/EVERGREEN AV,200
1.3298375222438006e+18,BETHUNE ST/GREENWICH ST,186
1.3298376946787302e+18,GATES AV/EVERGREEN AV,200
1.329844199114065e+18,GATES AV/EVERGREEN AV,200
1.3298509952108442e+18,GATES AV/EVERGREEN AV,200
1.3333356935240832e+18,McGUINNESS BLVD/FREEMAN ST,77
1.3333965141057748e+18,EAST NEW YORK AV/E 92 ST,107
1.3334003451916014e+18,ASTORIA BLVD/STEINWAY ST,484
1.33346556559831e+18,MERRICK BLVD/242 ST,342
1.3334890280911562e+18,LEXINGTON AV/E 31 ST,92
1.333504568352496e+18,8 AV/W 31 ST,158
1.3335167177515103e+18,BRONXWOOD AV/E 222 ST,178
1.3335251132731704e+18,LEXINGTON AV/E 31 ST,70
1.3335474617827958e+18,ADAM C POWELL BLVD/W 122 ST,59
1.3336023315476206e+18,UTICA AV/AVENUE M,126
1.3336119455374395e+18,5 AV/42 ST,192
1.325520876512896e+18,WOODROW RD/DELMAR AV,349
1.3255346475953362e+18,FLATBUSH AV/AVENUE K,354
1.3255463946748854e+18,FLATBUSH AV/AVENUE K,257
1.3255859105122565e+18,LINDEN BLVD/SUTPHIN BLVD,415
1.3256802041280282e+18,CHURCH AV/ROGERS AV,124
1.325889190039002e+18,GLENWOOD RD/NOSTRAND AV,26
1.326061500346915e+18,FRANCIS LEWIS BLVD/147 DR,288
1.326074013593091e+18,9 AV/W 46 ST,113
1.3261331283616653e+18,PARK ROW/SAINT JAMES PL,60
1.33399813291161e+18,W 96 ST/COLUMBUS AV,204
1.334028366017922e+18,2 AV/E 46 ST,113
1.3340510097798157e+18,2 AV/E 46 ST,113
1.3340651384115057e+18,8 AV/W 28 ST,67
1.334084983938115e+18,8 AV/W 31 ST,164
1.3341165753848225e+18,GREENPOINT AV/FRANKLIN ST,118
1.3298778681122132e+18,2 AV/E 75 ST,71
1.3298784815794488e+18,SAINT JOHNS PL/BEDFORD AV,36
1.3298898577508664e+18,SAINT JOHNS PL/BEDFORD AV,36
1.3298951928197e+18,SAINT JOHNS PL/BEDFORD AV,36
1.329901907881476e+18,SAINT JOHNS PL/BEDFORD AV,36
1.3299042111392333e+18,VANDERBILT AV/DE KALB AV,41
1.3299066223761144e+18,SAINT JOHNS PL/BEDFORD AV,36
1.3261503063926024e+18,AVENUE C/E 3 ST,229
1.3261639322560765e+18,AVENUE C/E 16 ST,156
1.3261894255883028e+18,SAINT JOHNS PL/ALBANY AV,207
1.3261946026444913e+18,3 AV/E 53 ST,204
1.3299132927100772e+18,SAINT JOHNS PL/BEDFORD AV,36
1.3299219863615544e+18,GRAHAM AV/SEIGEL ST,63
1.3299392109214858e+18,GRAHAM AV/SEIGEL ST,63
1.32994382791162e+18,GRAHAM AV/SEIGEL ST,63
1.3299485168918077e+18,GRAHAM AV/SEIGEL ST,63
1.329953910832174e+18,GRAHAM AV/SEIGEL ST,63
1.3262077577664763e+18,FREDERICK DOUGLASS BLVD/W 111 ST,145
1.326353626622781e+18,MAIN ST/BOOTH MEMORIAL AV,327
1.3263922730550502e+18,FARMERS BLVD/122 AV,99
1.3264755271690455e+18,EAST HOUSTON ST/RIDGE ST,243
1.326843545245474e+18,BERGEN ST/SCHENECTADY AV,144
1.3341612804059517e+18,1 AV/E 91 ST,131
1.3341613578118843e+18,8 AV/W 31 ST,151
1.3341644807056474e+18,3 AV/E 91 ST,98
1.334172218623913e+18,ASTORIA BLVD/STEINWAY ST,1258
1.3342556522762767e+18,9 AV/W 55 ST,37
1.334272524656681e+18,JACKSON AV/45 AV,388
1.3343462457605617e+18,21 ST/BROADWAY,514
1.33443852011039e+18,FULTON ST/FRANKLIN AV,117
1.334697297154315e+18,EASTERN PKWY/RALPH AV,21
1.3299756307504238e+18,EAST HOUSTON ST/FORSYTH ST,149
1.329993043238178e+18,3 AV/E 45 ST,137
1.330018504919572e+18,NEW LOTS AV/JEROME ST,300
1.3300233154714184e+18,LAUREL HILL BLVD/58 ST,1268
1.3303743079649567e+18,ASTOR PL/COOPER SQ EAST,82
1.3303746434738675e+18,ASTOR PL/COOPER SQ EAST,82
1.330439807102815e+18,6 AV/W 3 ST,143
1.3304742893859228e+18,3 AV/E 37 ST,105
1.3305899520357281e+18,6 AV/W 23 ST,189
1.336630811044016e+18,8 AV/W 31 ST,148
1.3369284438353382e+18,FULTON ST/LAFAYETTE AV,48
1.3370658845064996e+18,DE KALB AV/THROOP AV,206
1.3371214409029545e+18,E 57 ST/MADISON AV,150
1.3371970559355835e+18,BROADWAY/WALKER ST,49
1.3372464073850586e+18,RALPH AV/E 86 ST,219
1.3305909974685176e+18,8 AV/W 37 ST,183
1.33059589337549e+18,120 AV/178 PL,223
1.3306035153954412e+18,EAST HOUSTON ST/AV B,292
1.3307578950318633e+18,W 23 ST/8 AV,48
1.3307585943347953e+18,HARDING AV/BALCOM AV,349
1.3307654475225224e+18,120 AV/177 ST,110
1.3312182577266947e+18,LEXINGTON AV/E 77 ST,94
1.3313077293768855e+18,WILSON AV/STANHOPE ST,13
1.3399574766234573e+18,W 57 ST/5 AV,220
1.3399975054276303e+18,7 AV/W 15 ST,183
1.3400053274863242e+18,W 44 ST/6 AV,47
1.334738521202875e+18,OLD FULTON ST/ELIZABETH PL,431
1.33481354987351e+18,OLD FULTON ST/ELIZABETH PL,431
1.33482622809087e+18,E 110 ST/MADISON AV,132
1.3348309164532534e+18,2 AV/E 61 ST,126
1.3348969362273974e+18,WILSON AV/SUYDAM ST,191
1.334901607131249e+18,120 AV/226 ST,101
1.3349039837043743e+18,2 AV/E 28 ST,54
1.3372744437295063e+18,EAST NEW YORK AV/MONTGOMERY ST,181
1.337354616633307e+18,SEAVIEW AV/OLYMPIA BLVD,83
1.337819484961877e+18,NEW YORK AV/STERLING PL,110
1.3378310511709207e+18,149 AV/241 ST,7269
1.3379254893414781e+18,MYRTLE AV/72 ST,394
1.337935453632063e+18,MYRTLE AV/74 ST,249
1.3379585170157373e+18,BROADWAY/ABERDEEN ST,144
1.3380057087772838e+18,ROGERS AV/CLARKSON AV,88
1.3380318884354627e+18,HARDING AV/BALCOM AV,327
1.3349188541641e+18,TOMPKINS AV/GATES AV,130
1.334924019925162e+18,TOMPKINS AV/GATES AV,130
1.3349258540964388e+18,TOMPKINS AV/GATES AV,130
1.3349500273828954e+18,BRONXWOOD AV/E 222 ST,25
1.33498420720481e+18,W 34 ST/BROADWAY,103
1.335111561202048e+18,FULTON ST/TOMPKINS AV,6
1.3351770711175962e+18,6 AV/W 38 ST,177
1.3353948647547346e+18,8 AV/W 12 ST,96
1.338261042556034e+18,STANLEY AV/WILLIAMS AV,410
1.3383044137823247e+18,PENNSYLVANIA AV/LINDEN BLVD,216
1.3400215954196306e+18,TOMPKINS AV/MYRTLE AV,113
1.3400609179774226e+18,MYRTLE AV/THROOP AV,133
1.340152647901124e+18,FULTON ST/KINGSTON AV,67
1.340352405436673e+18,MADISON AV/E 127 ST,69
1.3405279078618153e+18,30 AV/21 ST,252
1.3405400420780204e+18,HALSEY ST/EVERGREEN AV,265
1.3405421167850726e+18,3 AV/92 ST,64
1.3405635137687153e+18,3 AV/92 ST,149
1.3405685645502244e+18,69 ST/QUEENS MIDTOWN EXPWY,167
1.3405704524793976e+18,CEBRA AV/WARD AV,322
1.3383385535614884e+18,10 AV/W 47 ST,102
1.335395315572245e+18,2 AV/E 46 ST,113
1.3353956367010002e+18,BROADWAY/W 92 ST,121
1.33553697465851e+18,10 AV/W 47 ST,86
1.3355408732581097e+18,CENTRE ST/GRAND ST,245
1.3355538869703887e+18,E 23 ST/1 AV,159
1.3356212784363484e+18,MARCUS GARVEY BLVD/PARK AV,99
1.335724136079205e+18,10 AV/W 47 ST,102
1.3383826301419502e+18,DEAN ST/CARLTON AV,90
1.338396814205818e+18,SAINT NICHOLAS AV/W 139 ST,110
1.338415718596626e+18,E 110 ST/MADISON AV,132
1.338417690677308e+18,RICHMOND RD/ROME AV,48
1.3384201223035597e+18,E 110 ST/MADISON AV,132
1.3384217429765445e+18,6 AV/W 45 ST,93
1.3358284335262497e+18,CHURCH AV/E 48 ST,148
1.3358456794342653e+18,NORTHERN BLVD/159 ST,120
1.3358998947356867e+18,82 ST/ROOSEVELT AV,413
1.336235867528596e+18,21 ST/30 AV,261
1.336246243002151e+18,3 AV/E 91 ST,138
1.336292783656291e+18,3 AV/E 99 ST,142
1.3363277465305836e+18,1 AV/E 70 ST,94
1.3363309812553485e+18,3 AV/E 26 ST,122
1.336377070400009e+18,YORK ST/JAY ST,417
1.340587092410021e+18,MADISON AV/E 61 ST,106
1.3407092430309704e+18,9 AV/W 46 ST,65
1.3407485075265382e+18,LINDEN BLVD/NEWBURG ST,217
1.3407775838028285e+18,W 49 ST/9 AV,268
1.3407983932512627e+18,W 50 ST/7 AV,116
1.3408079911158185e+18,GATES AV/MARCY AV,233
1.3408149267545628e+18,HALSEY ST/WILSON AV,237
1.3410973086207007e+18,E 9 ST/2 AV,71
1.3412232896461601e+18,ESSEX ST/DELANCEY ST,65
1.3412236621771773e+18,3 AV/E 60 ST,227
1.3384263225752274e+18,E 110 ST/MADISON AV,132
1.3384307610044974e+18,7 AV/11 ST,23
1.3384307789954504e+18,E 110 ST/MADISON AV,133
1.338435621107578e+18,E 110 ST/MADISON AV,133
1.3384402302654863e+18,LEXINGTON AV/E 100 ST,221
1.338441705488554e+18,2 AV/E 25 ST,132
1.3412402242770578e+18,LINDEN BLVD/235 ST,280
1.3412558757877453e+18,RIVERSIDE DR/W 94 ST,375
1.3412607852394744e+18,LORIMER ST/NASSAU AV,32
1.341279233251989e+18,W 14 ST/7 AV,216
1.3412953572016668e+18,E 110 ST/MADISON AV,133
1.3412970189903053e+18,VAN WYCK SOUTH SERVICE RD/BUILDING 90,16576
1.3412996191885084e+18,MADISON AV/E 111 ST,154
1.3413016154075868e+18,E 110 ST/MADISON AV,133
1.3413016430105792e+18,E 110 ST/MADISON AV,132
1.3413149522911498e+18,57 AV/JUNCTION BLVD,229
1.338445506302185e+18,PENNSYLVANIA AV/HEGEMAN AV,221
1.3384878246786314e+18,W 10 ST/BLEECKER ST,41
1.3385213022508406e+18,GATES AV/PATCHEN AV,126
1.3364253584305065e+18,MARCUS GARVEY BLVD/PARK AV,80
1.3364432723746657e+18,BOWERY/GRAND ST,123
1.343645202762334e+18,81 ST/MYRTLE AV,31
1.343669710961051e+18,TOMPKINS AV/FULTON ST,13
1.3436828890367588e+18,MYRTLE AV/MENAHAN ST,257
1.3436969086458273e+18,MANHATTAN AV/W 108 ST,38
1.343729614536793e+18,DE KALB AV/THROOP AV,140
1.3438149267168515e+18,DE KALB AV/CARLTON AV,161
1.3438372379311593e+18,MADISON ST/RUTGERS ST,96
1.3442039893204406e+18,METROPOLITAN AV/LEONARD ST,162
1.3385445766768038e+18,GATES AV/PATCHEN AV,79
1.3385544033414991e+18,E 9 ST/3 AV,157
1.3385561109839857e+18,5 AV/W 46 ST,128
1.338558317389292e+18,5 AV/W 17 ST,149
1.338559104093353e+18,BOWERY/E 3 ST,89
1.3385595084818394e+18,WEST HOUSTON ST/SULLIVAN ST,116
1.3385831296644524e+18,E 110 ST/MADISON AV,132
1.3413646632349806e+18,MURRAY ST/WEST BROADWAY,188
1.341388202889782e+18,4 AV/92 ST,312
1.341398588435786e+18,W 57 ST/6 AV,103
1.341443100146766e+18,HALSEY ST/KNICKERBOCKER AV,40
1.3414624650180237e+18,W 72 ST/BROADWAY,195
1.3414637940093489e+18,W 72 ST/BROADWAY,179
1.3414652157619387e+18,W 72 ST/BROADWAY,195
1.3415504370171517e+18,COLUMBUS AV/W 84 ST,84
1.3415506990975096e+18,3 AV/E 88 ST,83
1.3385863084798766e+18,E 110 ST/MADISON AV,132
1.33858763709737e+18,E 110 ST/MADISON AV,133
1.3386100811500408e+18,BEDFORD AV/N 3 ST,96
1.3386269372945324e+18,FRANKLIN ST/INDIA ST,144
1.338629253127116e+18,CHURCH AV/STORY ST,152
1.3442444891924698e+18,FLATLANDS AV/E 80 ST,303
1.3442843845536916e+18,HALSEY ST/MARCY AV,180
1.3442981155305695e+18,MYRTLE AV/STOCKHOLM ST,532
1.3443150240794202e+18,MANHATTAN AV/W 106 ST,4
1.3443241469034834e+18,W 106 ST/COLUMBUS AV,56
1.3443244759744576e+18,VANDERBILT AV/PARK AV,156
1.3443512989135634e+18,KINGSTON AV/PROSPECT PL,98
1.3443603189283433e+18,KINGSTON AV/PROSPECT PL,98
1.3443623485222203e+18,KINGSTON AV/PROSPECT PL,98
1.3443678056538158e+18,KINGSTON AV/PROSPECT PL,98
1.3386376509466522e+18,BEDFORD AV/LENOX RD,134
1.3386716208889178e+18,FLUSHING AV/MELROSE ST,365
1.3386959428391409e+18,CHURCH AV/NEW YORK AV,73
1.3387712742895724e+18,CLASSON AV/WILLOUGHBY AV,103
1.3415508627039724e+18,W 49 ST/10 AV,58
1.3415509311182205e+18,10 AV/W 53 ST,131
1.3415512073057692e+18,3 AV/E 91 ST,56
1.3415515558857856e+18,9 AV/W 35 ST,132
1.3415515872832814e+18,10 AV/W 45 ST,121
1.3415871344684398e+18,W 49 ST/9 AV,163
1.3416304360706865e+18,5 AV/W 45 ST,78
1.3417574255487596e+18,99 ST/55 AV,365
1.3420383498467745e+18,COOPER ST/CENTRAL AV,355
1.3388261158106647e+18,EAST TREMONT AV/DOGWOOD DR,112
1.3391244265592837e+18,ATLANTIC AV/CLINTON ST,60
1.3443699423882258e+18,KINGSTON AV/PROSPECT PL,98
1.3443945991275098e+18,WYTHE AV/N 6 ST,70
1.3444007617594604e+18,ALLEN ST/DELANCEY ST,150
1.344414959095536e+18,HYLAN BLVD/VAUGHN ST,182
1.344417181599759e+18,FULTON ST/MARCY AV,217
1.3444314399498056e+18,SCHAEFER ST/CENTRAL AV,84
1.3444633941976794e+18,10 AV/W 42 ST,107
1.3444973161528026e+18,LAUREL HILL BLVD/58 ST,1176
1.3446303701752553e+18,8 AV/W 17 ST,211
1.339124758886044e+18,LEXINGTON AV/E 37 ST,166
1.3391252507819628e+18,YORK AV/E 84 ST,280
1.339125523437574e+18,YORK AV/E 84 ST,280
1.3391257695941932e+18,YORK AV/E 84 ST,280
1.3391260266258222e+18,YORK AV/E 84 ST,280
1.3391262629286405e+18,YORK AV/E 84 ST,280
1.3391265823212058e+18,YORK AV/E 84 ST,279
1.3422118324059927e+18,WILSON AV/DE KALB AV,69
1.3423056093810194e+18,EUCLID AV/LIBERTY AV,273
1.3426362964456376e+18,E 9 ST/3 AV,102
1.3427841251833272e+18,GRAND ST/PITT ST,300
1.3430675136288983e+18,WORTH ST/CHURCH ST,22
1.3430700403866872e+18,153 ST/HILLSIDE AV,516
1.343244748884304e+18,BROADWAY/LAWTON ST,113
1.343440696309405e+18,3 AV/92 ST,96
1.3434745170465413e+18,3 AV/92 ST,48
1.3434856813323459e+18,3 AV/94 ST,84
1.3434904422567094e+18,7 AV/11 ST,23
1.3391269108121467e+18,YORK AV/E 84 ST,280
1.3391349788674568e+18,YORK AV/E 84 ST,280
1.3391586152781883e+18,NASSAU AV/ECKFORD ST,149
1.3391818546070874e+18,BROADWAY/W 204 ST,240
1.3391853262536287e+18,NORTH BOUNDARY RD/FEDERAL EXPRESS,1877
1.3447742922288952e+18,27 AV/2 ST,256
1.3449313274714708e+18,8 AV/W 31 ST,212
1.344968633461947e+18,6 AV/WAVERLY PL,158
1.3449736638008156e+18,5 AV/W 118 ST,104
1.3450259142034762e+18,KINGSTON AV/PROSPECT PL,98
1.345029823295184e+18,KINGSTON AV/PROSPECT PL,98
1.345035575943032e+18,KINGSTON AV/PROSPECT PL,98
1.3450458313398587e+18,W 34 ST/DYER AV,87
1.3450793762928712e+18,W 125 ST/MALCOLM X  BLVD,84
1.345088504050737e+18,10 AV/W 53 ST,121
1.3392797323335836e+18,AMSTERDAM AV/W 59 ST,99
1.3392809764122565e+18,9 AV/W 44 ST,63
1.339361521089358e+18,NOSTRAND AV/PUTNAM AV,75
1.339398779116304e+18,HALSEY ST/THROOP AV,211
1.3394135451257958e+18,FULTON ST/TOMPKINS AV,38
1.3394515394070336e+18,5 AV/W 45 ST,78
1.343490918846369e+18,7 AV/11 ST,23
1.3434911668737528e+18,W 14 ST/8 AV,41
1.343500906267663e+18,2 AV/E 89 ST,60
1.343501201796668e+18,2 AV/E 89 ST,62
1.3435014881170775e+18,2 AV/E 89 ST,60
1.3435018204751304e+18,LINDEN BLVD/GUY R BREWER BL,797
1.343524762424128e+18,W 10 ST/7 AV S,68
1.343525125741306e+18,W 10 ST/7 AV S,68
1.34352538806168e+18,W 10 ST/7 AV S,68
1.3394519465087263e+18,3 AV/15 ST,319
1.3395553352124562e+18,MALCOLM X BLVD/W 129 ST,92
1.3397673900092767e+18,LINDEN BLVD/204 ST,388
1.3451606874456755e+18,9 AV/W 52 ST,139
1.3451777499996518e+18,WEST ST/CHRISTOPHER ST,143
1.3451898701543997e+18,14 AV/CHURCH AV,147
1.34520443264329e+18,88 AV/153 ST,304
1.3452637001546158e+18,BROOKVILLE BLVD/137 AV,770
1.3453048750351137e+18,GRAND AV/QUEENS BLVD,23
1.3453499082040568e+18,5 AV/E 63 ST,153
1.345546683941355e+18,EAST BROADWAY/FORSYTH ST,66
1.3457188731036324e+18,MAIN ST/60 AV,176
1.3457450366875566e+18,ADAM C POWELL BLVD/W 113 ST,142
1.3398281352327514e+18,3 AV/E 9 ST,68
1.3398343689267868e+18,3 AV/E 9 ST,99
1.3398389386681065e+18,6 AV/W 45 ST,92
1.339850833161398e+18,82 ST/ROOSEVELT AV,1198
1.3435256759049037e+18,W 10 ST/7 AV S,68
1.343525982711081e+18,W 10 ST/7 AV S,68
1.3435546659522227e+18,5 AV/W 52 ST,51
1.343566675259579e+18,SAINT MARKS PL/1 AV,187
1.3435707308297674e+18,E 106 ST/LEXINGTON AV,91
1.3435802186612209e+18,CHURCH ST/WORTH ST,73
1.3435893071815073e+18,CHURCH ST/CHAMBERS ST,44
1.343602946696487e+18,HALSEY ST/HOWARD AV,150
1.3436060465877286e+18,HALSEY ST/HOWARD AV,151
1.343607019418098e+18,HALSEY ST/HOWARD AV,151
1.34360831296502e+18,HALSEY ST/HOWARD AV,150
1.3398523380959334e+18,PEARL ST/PECK SLIP,139
1.339854866528452e+18,W 86 ST/CENTRAL PK WEST,112
1.3398869788160476e+18,YORK AV/E 84 ST,280
1.3398872213425736e+18,YORK AV/E 84 ST,280
1.3398874635413965e+18,YORK AV/E 84 ST,280
1.3399013051830303e+18,3 AV/15 ST,368
1.3516732219828695e+18,lincoln tnl app/lincoln tnl app,146
1.3457458320690427e+18,ATLANTIC AV/LEFFERTS BLVD,1351
1.3458304653047168e+18,ESSEX ST/EAST BROADWAY,60
1.3458527364564477e+18,PIKE ST/DIVISION ST,126
1.3458840779508864e+18,1 AV/E 57 ST,175
1.3459318314428685e+18,W 79 ST/AMSTERDAM AV,232
1.3460059035202788e+18,11 ST/JACKSON AV,483
1.3460113852456886e+18,BOWERY/HESTER ST,101
1.346073166317554e+18,W 34 ST/8 AV,250
1.346093486392264e+18,6 AV/BROOME ST,150
1.346339716074424e+18,AMSTERDAM AV/W 86 ST,83
1.3463797329524444e+18,8 AV/W 31 ST,111
1.3517024973806313e+18,CENTRAL PARK WEST/W 100 ST,206
1.3517509710946757e+18,COLUMBUS AV/W 100 ST,196
1.3517572917473132e+18,W 23 ST/10 AV,132
1.3518110733081777e+18,5 AV/W 40 ST,132
1.3480307159375956e+18,MADISON AV/E 34 ST,156
1.3480323001672218e+18,9 AV/W 35 ST,54
1.3480651756441928e+18,9 AV/W 35 ST,54
1.348081441771733e+18,W 42 ST/8 AV,138
1.3481019302266555e+18,1 AV/SAINT MARKS PL,71
1.3481167067451523e+18,6 AV/W 12 ST,211
1.3482084333982354e+18,149 AV/241 ST,7470
1.3482246380430525e+18,1 AV/E 93 ST,118
1.3482503006319101e+18,NEW YORK AV/LINDEN BLVD,146
1.3484506283979057e+18,3 AV/E 21 ST,91
1.3519360188870351e+18,MADISON AV/E 129 ST,69
1.3521056426396746e+18,AMSTERDAM AV/W 81 ST,108
1.3522701548608852e+18,1 AV/E 1 ST,103
1.352275562304746e+18,8 AV/W 23 ST,91
1.3523263929771505e+18,10 AV/W 19 ST,151
1.3463872844416538e+18,ESSEX ST/EAST BROADWAY,97
1.346430883382997e+18,2 AV/E 92 ST,117
1.3464419578733606e+18,2 AV/E 94 ST,92
1.3464652802064264e+18,NOSTRAND AV/SAINT JOHNS PL,34
1.346473578110968e+18,9 AV/W 46 ST,113
1.3464848059836844e+18,9 AV/W 46 ST,113
1.3465150754453676e+18,VALENTINE AV/E 199 ST,80
1.3465662573287066e+18,W 86 ST/COLUMBUS AV,160
1.346637664674557e+18,HALSEY ST/CENTRAL AV,39
1.3466421258201352e+18,DECATUR ST/CENTRAL AV,64
1.3467276516949194e+18,DYCKMAN ST/NAGLE AV,276
1.352334846814794e+18,VANDERBILT AV/DE KALB AV,38
1.3523843494510377e+18,YORK AV/E 82 ST,67
1.3484660132644641e+18,2 AV/E 84 ST,121
1.3484954774135017e+18,E 49 ST/1 AV,56
1.3485551254556472e+18,SAINT MARKS PL/1 AV,134
1.3485762023260713e+18,DE KALB AV/IRVING AV,224
1.348612499277449e+18,4 AV/E 10 ST,121
1.3486318314461937e+18,PARK AV SOUTH/E 22 ST,210
1.3486363273883917e+18,RALPH AV/E 86 ST,219
1.3486763383982019e+18,RIVERSIDE DR/W 94 ST,375
1.3486960412399982e+18,JAMAICA AV/WARWICK ST,339
1.3487011204352724e+18,BROADWAY/SPRING ST,116
1.3487113985339e+18,9 AV/W 59 ST,81
1.352512516669533e+18,W 34 ST/DYER AV,187
1.35251647982123e+18,21 ST/BROADWAY,554
1.3525867255053494e+18,ROCKAWAY AV/ATLANTIC AV,230
1.3525956735651686e+18,ROCKAWAY AV/FULTON ST,86
1.3529101459445637e+18,8 AV/W 14 ST,20
1.3529781717698294e+18,W 42 ST/9 AV,123
1.3530107968511741e+18,FULTON ST/STUYVESANT AV,238
1.3530119919823035e+18,GREENPOINT AV/47 ST,218
1.3530401937576077e+18,9 AV/W 35 ST,118
1.3487126810396541e+18,BROADWAY/SPRING ST,117
1.3487154130411784e+18,BOWERY/E 3 ST,89
1.3487157701803292e+18,BEDFORD AV/N 8 ST,112
1.348716025756829e+18,MADISON ST/JEFFERSON ST,186
1.3487226346855928e+18,BOWERY/E 3 ST,89
1.3487234301860823e+18,BOWERY/E 3 ST,89
1.3487243668006477e+18,SPRING ST/GREENWICH ST,137
1.3487247171863506e+18,BOWERY/SPRING ST,199
1.3487250928498657e+18,BROADWAY/W 3 ST,134
1.3487254243409216e+18,BOWERY/E 3 ST,94
1.3467409950814e+18,W 43 ST/8 AV,112
1.3472263505310351e+18,MYRTLE AV/62 ST,340
1.347235662501302e+18,COLLEGE POINT BLVD/MAPLE AV,288
1.3473135957637379e+18,3 AV/E 29 ST,130
1.3473975429332767e+18,2 AV/E 33 ST,87
1.3474306400983245e+18,ALLEN ST/HESTER ST,39
1.3474440303200614e+18,ALLEN ST/GRAND ST,57
1.347451723436027e+18,LEXINGTON AV/E 41 ST,43
1.347459750225269e+18,ESSEX ST/CANAL ST,53
1.347732595289938e+18,WEST HOUSTON ST/GREENE ST,4
1.3479449370852157e+18,FORT WASHINGTON AV/W 170 ST,152
1.347961648591546e+18,STARR ST/WOODWARD AV,234
1.353045546764573e+18,WYCKOFF AV/JEFFERSON AV,92
1.3530547923536502e+18,9 AV/W 35 ST,118
1.3530631279980777e+18,6 AV/W 45 ST,93
1.353084950392252e+18,WEST HOUSTON ST/GREENE ST,179
1.3531128205613222e+18,TOMPKINS AV/SAINT MARYS AV,179
1.3532844921205647e+18,ROOSEVELT AV/COLLEGE POINT BLVD,112
1.347967916650192e+18,FORT WASHINGTON AV/W 172 ST,119
1.348027931467313e+18,2 AV/E 31 ST,94
1.3536983830343168e+18,BOWERY/BAYARD ST,230
1.3536985664511252e+18,YORK AV/E 88 ST,58
1.3536985865812047e+18,MANHATTAN AV/W 106 ST,55
1.353698744056655e+18,W 50 ST/10 AV,118
1.3536992195741565e+18,EAST BROADWAY/PIKE ST,72
1.3536992328090634e+18,2 AV/E 94 ST,88
1.3536993681785874e+18,9 AV/W 46 ST,123
1.3536995261550838e+18,CHURCH AV/WESTMINSTER RD,182
1.3536995478566413e+18,1 AV/E 81 ST,118
1.3533202018369943e+18,ROOSEVELT AV/COLLEGE POINT BLVD,137
1.3535361454065646e+18,27 AV/2 ST,255
1.35358222001255e+18,6 AV/W 20 ST,172
1.348725772101236e+18,BOWERY/E 3 ST,89
1.3487260806999444e+18,BROADWAY/SPRING ST,117
1.348726664318702e+18,BOWERY/KENMARE ST,47
1.3487528322834232e+18,EAST HOUSTON ST/BOWERY,70
1.3487536120616307e+18,WEST HOUSTON ST/SULLIVAN ST,116
1.348754799813555e+18,YORK AV/E 63 ST,75
1.348759114419487e+18,NORTH END AV/WARREN ST,137
1.3487825206146941e+18,W 57 ST/BROADWAY,143
1.3488136119944325e+18,JAMAICA AV/ELTON ST,261
1.349360291949376e+18,1 AV /E 4 ST,129
1.349410822476165e+18,BOWERY/BLEECKER ST,161
1.353621477624411e+18,AVENUE A/E 11 ST,154
1.353635043469683e+18,8 AV/W 49 ST,181
1.3536354016902344e+18,8 AV/W 49 ST,181
1.3536549340700856e+18,SARATOGA AV/SAINT MARKS AV,215
1.3536997328551188e+18,EAST HOUSTON ST/NORFOLK ST,89
1.353700174408031e+18,5 AV/E 108 ST,92
1.3537001914157737e+18,9 AV/W 55 ST,58
1.353700480813404e+18,AMSTERDAM AV/W 109 ST,83
1.3537004961637924e+18,AMSTERDAM AV/W 109 ST,1
1.3537006508766303e+18,AMSTERDAM AV/W 109 ST,69
1.3537006716628772e+18,STARR ST/WOODWARD AV,292
1.3537008290948849e+18,AMSTERDAM AV/W 106 ST,196
1.3537008741340221e+18,CENTRAL PARK NORTH/CENTRAL PARK WEST,52
1.3537010496925906e+18,CATHEDRAL PKWY/FREDERICK DOUGLASS BLVD,34
1.3537010567297702e+18,BROADWAY/FLUSHING AV,64
1.3536724879932265e+18,CATHEDRAL PKWY/FREDERICK DOUGLASS BLVD,50
1.3536724975320417e+18,FREDERICK DOUGLASS BLVD/W 113 ST,18
1.3536730576076209e+18,YORK AV/E 88 ST,118
1.3536730651360566e+18,MANHATTAN AV/W 108 ST,90
1.3536732417849892e+18,W 135 ST/BROADWAY,153
1.3536744074091187e+18,WATER ST/WALL ST,127
1.353675570359767e+18,PUTNAM AV/FRESH POND RD,214
1.3494133340963873e+18,BROADWAY/W 3 ST,134
1.3494136340393946e+18,5 AV/W 17 ST,149
1.3494138724358756e+18,2 AV/E 17 ST,54
1.3494144020172296e+18,BROADWAY/GRAND ST,299
1.349414965522368e+18,BROADWAY/SPRING ST,277
1.3494154176722483e+18,WEST HOUSTON ST/LAGUARDIA PL,351
1.3494242564126684e+18,7 AV/W 37 ST,69
1.3495147363871619e+18,BROADWAY/SPRING ST,117
1.3495471392055519e+18,OCEAN AV/CATON AV,168
1.3495546555322893e+18,VANDERBILT AV/DE KALB AV,38
1.3495727941057956e+18,8 AV/W 31 ST,64
1.3536767954940657e+18,BOWERY/CANAL ST,187
1.353685472951268e+18,9 AV/W 46 ST,140
1.3536857525919826e+18,EAST HOUSTON ST/ESSEX ST,10
1.35368588739446e+18,W 125 ST/MORNINGSIDE AV,31
1.3536861763278538e+18,YORK AV/E 88 ST,8
1.3536862251915075e+18,YORK AV/E 87 ST,236
1.353686279901863e+18,YORK AV/E 87 ST,283
1.3536863402625172e+18,YORK AV/E 88 ST,21
1.3536867322467092e+18,lincoln tnl app/lincoln tnl app,278
1.3536870710233894e+18,10 AV/W 47 ST,148
1.353701236974792e+18,BERGEN ST/KINGSTON AV,21
1.3537014037720481e+18,BROADWAY/LEONARD ST,217
1.3537014302477714e+18,BEDFORD AV/CLARKSON AV,3
1.35370162047383e+18,STERLING PL/FRANKLIN AV,203
1.3537016247983557e+18,FRANKLIN AV/PROSPECT PL,89
1.353711016043851e+18,RIVERSIDE DR/W 137 ST,59
1.3537110561066888e+18,BROADWAY/LA SALLE ST,110
1.3537110646645473e+18,BOWERY/HESTER ST,243
1.3537110665895365e+18,9 AV/W 46 ST,148
1.3537110841935255e+18,BROADWAY/W 151 ST,65
1.3537110895285645e+18,CENTRAL PARK WEST/W 108 ST,60
1.3536871515135204e+18,YORK AV/E 87 ST,269
1.3536872051333637e+18,YORK AV/E 88 ST,106
1.353687234944525e+18,W 49 ST/10 AV,12
1.3536872728454144e+18,W 49 ST/10 AV,71
1.3536873109732964e+18,10 AV/W 47 ST,183
1.3536873598615293e+18,9 AV/W 18 ST,196
1.3536875371656786e+18,EAST BROADWAY/FORSYTH ST,755
1.35368755592159e+18,BOWERY/BAYARD ST,295
1.3536876035922138e+18,ALLEN ST/CANAL ST,199
1.353687623699897e+18,ALLEN ST/CANAL ST,97
1.3536876646636544e+18,E 57 ST/1 AV,67
1.353711091407552e+18,MADISON AV/E 109 ST,63
1.3537110914133489e+18,FREDERICK DOUGLASS BLVD/W 128 ST,82
1.353711095386828e+18,COLUMBUS AV/W 108 ST,101
1.3537110997750574e+18,5 AV/E 109 ST,91
1.3537111175634583e+18,E 106 ST/2 AV,162
1.353711394729738e+18,W 106 ST/AMSTERDAM AV,231
1.3537113952365102e+18,CATHEDRAL PKWY/BROADWAY,64
1.3537115023666957e+18,W 106 ST/COLUMBUS AV,137
1.3537115035231214e+18,FREDERICK DOUGLASS BLVD/W 138 ST,150
1.3537115080037074e+18,ASTORIA BLVD SOUTH/STEINWAY ST,513
1.3537115117416253e+18,GREENE AV/VANDERBILT AV,121
1.353687796364261e+18,9 AV/W 23 ST,66
1.353687853313309e+18,E 57 ST/SUTTON PL,178
1.3496561498564823e+18,FULTON ST/EASTERN PKWY,139
1.3499264899157998e+18,1 AV/E 11 ST,205
1.3499801683100183e+18,SENECA AV/CORNELIA ST,32
1.350081637464839e+18,UTICA AV/EASTERN PKWY,34
1.3501145750538327e+18,SARATOGA AV/ATLANTIC AV,135
1.3501308876706908e+18,3 AV/92 ST,97
1.3502317889901932e+18,DE KALB AV/STUYVESANT AV,119
1.3502632931843983e+18,BROADWAY/W 143 ST,93
1.3502751309897085e+18,BROOKLYN AV/PARK PL,166
1.3503015277348124e+18,E 79 ST/LEXINGTON AV,124
1.35030188489483e+18,WHITE PLAINS RD/E 219 ST,49
1.3536879495994483e+18,9 AV/W 23 ST,78
1.3536879719829133e+18,9 AV/W 20 ST,97
1.353693702550298e+18,BROADWAY/LA SALLE ST,79
1.353693735213217e+18,CLARKSON AV/NOSTRAND AV,8
1.3536937352903864e+18,MANHATTAN AV/W 108 ST,65
1.3537115181052488e+18,MARCUS GARVEY BLVD/JEFFERSON AV,61
1.3537115694791127e+18,BEDFORD AV/CLARKSON AV,31
1.3537115720920835e+18,MANHATTAN AV/W 114 ST,104
1.3537115785953859e+18,PUTNAM AV/FRESH POND RD,184
1.3537116118994652e+18,BROADWAY/PARK ST,141
1.3537116206543242e+18,BROADWAY/W 149 ST,77
1.3537116217444767e+18,BROADWAY/W 138 ST,62
1.3537117204523597e+18,CENTRAL PARK WEST/W 106 ST,78
1.353711720529704e+18,YORK AV/E 86 ST,62
1.3537117725821358e+18,8 AV/W 46 ST,160
1.3537117808227087e+18,W 49 ST/9 AV,134
1.3536939825813645e+18,E 96 ST/3 AV,124
1.3536939932536102e+18,YORK AV/E 79 ST,44
1.353696789115031e+18,AVENUE C/E 8 ST,113
1.3536968162881964e+18,WOODPOINT RD/CONSELYEA ST,122
1.353697259721257e+18,10 AV/W 49 ST,157
1.3504373191467807e+18,30 AV/21 ST,171
1.3505502548560348e+18,9 AV/W 40 ST,234
1.3507042157108288e+18,LEXINGTON AV/E 50 ST,32
1.3507042574659722e+18,E 49 ST/LEXINGTON AV,144
1.3507252519835103e+18,AVENUE L/E 87 ST,215
1.3508071900130227e+18,SAINT JOHNS PL/TROY AV,182
1.350809715431401e+18,3 AV/E 37 ST,148
1.350810459733149e+18,SAINT NICHOLAS AV/W 125 ST,88
1.350810468780138e+18,SAINT JOHNS PL/WASHINGTON AV,34
1.350810475690809e+18,BROADWAY/CATHEDRAL PKWY,21
1.3536972605710707e+18,BROADWAY/W 150 ST,201
1.353697451883227e+18,1 AV/E 20 ST,86
1.3536974542555464e+18,6 AV/WEST HOUSTON ST,3
1.3536976321022676e+18,MANHATTAN AV/W 113 ST,52
1.3536976370400105e+18,FRESH POND RD/CATALPA AV,252
1.3536978448509965e+18,ADAM C POWELL BLVD/W 133 ST,86
1.3536978458498043e+18,W 135 ST/ADAM C POWELL BLVD,162
1.3536979935820314e+18,9 AV/W 23 ST,83
1.353698174083565e+18,STERLING PL/FRANKLIN AV,5
1.3537120240913495e+18,W 125 ST/MORNINGSIDE AV,100
1.3537120323277204e+18,SAINT NICHOLAS AV/W 124 ST,87
1.3537121296679204e+18,ALLEN ST/CANAL ST,74
1.353712131340559e+18,ALLEN ST/CANAL ST,147
1.353712668085642e+18,EAST BROADWAY/MARKET ST,35
1.353712939918272e+18,MANHATTAN AV/W 106 ST,55
1.3537130283701025e+18,CLARKSON AV/NOSTRAND AV,345
1.3537134543043039e+18,E 10 ST/AVENUE B,143
1.3537134889298353e+18,EAST HOUSTON ST/NORFOLK ST,51
1.3537136254971359e+18,2 AV/E 103 ST,166
1.3537137299104356e+18,1 AV/E 102 ST,192
1.3537137930136136e+18,E 106 ST/2 AV,163
1.3536983541593915e+18,FRANKLIN AV/PROSPECT PL,94
1.3537221551796867e+18,ALLEN ST/CANAL ST,55
1.3537221983671396e+18,MANHATTAN AV/W 108 ST,77
1.3537226475385853e+18,9 AV/W 55 ST,82
1.3537229245661384e+18,CATHEDRAL PKWY/BROADWAY,81
1.3537229573516196e+18,W 106 ST/COLUMBUS AV,101
1.3537230239694405e+18,AMSTERDAM AV/W 109 ST,93
1.3537231097536965e+18,W 50 ST/11 AV,64
1.3537232010723325e+18,E 14 ST/AVENUE B,175
1.3508331778373427e+18,SAINT JOHNS PL/TROY AV,182
1.3508342915248448e+18,SAINT JOHNS PL/TROY AV,182
1.3508765091538196e+18,9 AV/W 28 ST,208
1.3509293951337408e+18,HUDSON ST/NORTH MOORE ST,230
1.3509558434410655e+18,AVENUE C/E 10 ST,106
1.351029252767841e+18,5 AV/21 ST,378
1.3511118771158932e+18,MORRIS PARK AV/BRONXDALE AV,365
1.3511626319314422e+18,5TH AVE / W 48TH ST,54
1.351415477188607e+18,8 AV/W 20 ST,106
1.3514892848045632e+18,ATLANTIC AV/BOND ST,110
1.3515351019140024e+18,E 68 ST/3 AV,107
1.3537232864149706e+18,COLUMBUS AV/W 108 ST,96
1.3537238830388867e+18,CLARKSON AV/NOSTRAND AV,345
1.3537190247545905e+18,ADAM C POWELL BLVD/W 123 ST,58
1.3537190447885568e+18,GRAND ST/OLIVE ST,231
1.3537200008850842e+18,MADISON AV/E 107 ST,92
1.3537200204329544e+18,9 AV/W 55 ST,73
1.3537201288987003e+18,BROADWAY/W 108 ST,140
1.3537202260643758e+18,CATHEDRAL PKWY/AMSTERDAM AV,94
1.353720740360747e+18,COLUMBUS AV/W 108 ST,106
1.353720771206631e+18,CATHEDRAL PKWY/AMSTERDAM AV,217
1.3537209600866107e+18,BROADWAY/W 149 ST,145
1.3537211506375729e+18,YORK AV/E 88 ST,68
1.3537211517121318e+18,9 AV/W 42 ST,119
1.3537239507817196e+18,MORNINGSIDE AV/W 125 ST,135
1.3537239671903276e+18,YORK AV/E 79 ST,43
1.35372425253819e+18,YORK AV/E 86 ST,54
1.3537242546231946e+18,YORK AV/E 88 ST,63
1.3537246366168788e+18,MANHATTAN AV/W 106 ST,57
1.353724639523596e+18,MANHATTAN AV/W 106 ST,41
1.3537250775337736e+18,MADISON AV/E 107 ST,99
1.353725081782885e+18,AVENUE A/E 5 ST,108
1.3537252247252972e+18,MADISON AV/E 109 ST,153
1.3537252401889231e+18,1 AV /E 4 ST,52
1.353725388956918e+18,MADISON AV/E 107 ST,75
1.3537254164990912e+18,CATHEDRAL PKWY/BROADWAY,24
1.353725524575745e+18,CATHEDRAL PKWY/MANHATTAN AV,61
1.3537212404896212e+18,MANHATTAN AV/W 106 ST,42
1.3537215543537364e+18,9 AV/W 23 ST,91
1.353721760777671e+18,ADAM C POWELL BLVD/W 138 ST,45
1.3537217630819264e+18,COLUMBUS AV/W 108 ST,153
1.353721948893112e+18,COLUMBUS AV/W 108 ST,94
1.3537219500859576e+18,W 125 ST/MORNINGSIDE AV,51
1.3537220661091835e+18,MANHATTAN AV/W 106 ST,78
1.3537221351385902e+18,RIVERSIDE DR/W 137 ST,90
1.3594145494663903e+18,FULTON ST/HOWARD AV,187
1.3594283845379725e+18,W 49 ST/10 AV,58
1.3594365870272095e+18,3 AV/E 91 ST,68
1.3594533632997507e+18,5 AV/W 31 ST,91
1.353965318849191e+18,CORONA AV/91 PL,504
1.3539833384544765e+18,CORONA AV/91 PL,88
1.3541535983169193e+18,TOMPKINS AV/GATES AV,61
1.354154213648707e+18,FREDERICK DOUGLASS BLVD/114 ST,35
1.3541558652050885e+18,W 49 ST/9 AV,148
1.354303870053593e+18,MANHATTAN AV/W 109 ST,14
1.3543257095920138e+18,9 AV/W 44 ST,63
1.3544163997168663e+18,LINDEN PL/35 AV,115
1.354421028439883e+18,STARR ST/WOODWARD AV,148
1.3544239030838203e+18,LEXINGTON AV/E 116 ST,105
1.354444544346795e+18,MAIN ST/NORTHERN BLVD,135
1.3537256003523374e+18,WEST HOUSTON ST/VARICK ST,218
1.3537258126773983e+18,WEST HOUSTON ST/VARICK ST,197
1.3537258502957373e+18,1 AV/E 57 ST,78
1.353725874032333e+18,67 AV/FRESH POND RD,84
1.3537258744576174e+18,67 AV/60 ST,178
1.3537262068331174e+18,COLUMBUS AV/W 106 ST,80
1.3537262243902582e+18,ALLEN ST/CANAL ST,56
1.3537264630316242e+18,BROADWAY/W 122 ST,185
1.353726467664276e+18,9 AV/W 44 ST,35
1.3537266768714035e+18,MANHATTAN AV/W 109 ST,60
1.353726801089985e+18,MANHATTAN AV/W 108 ST,70
1.353726804090218e+18,AVENUE A/E 5 ST,114
1.3537268099541053e+18,2 AV/E 103 ST,210
1.3544555457713728e+18,LINDEN PL/35 AV,116
1.354456237766694e+18,ALLEN ST/CANAL ST,149
1.354456333139188e+18,9 AV/W 46 ST,101
1.354456404025493e+18,9 AV/W 46 ST,83
1.354456534460992e+18,9 AV/W 46 ST,166
1.3544566273715694e+18,9 AV/W 20 ST,143
1.354456800849338e+18,GATES AV/MARCY AV,258
1.354459722468381e+18,LEXINGTON AV/E 104 ST,44
1.3544642965714043e+18,LINDEN PL/35 AV,116
1.3544711234915712e+18,E 106 ST/LEXINGTON AV,92
1.354508177765511e+18,GRAND ST/COLUMBIA ST,133
1.353727063845727e+18,CATHEDRAL PKWY/FREDERICK DOUGLASS BLVD,36
1.3537271317227182e+18,1 AV/E 57 ST,98
1.359463438376807e+18,3 AV/E 47 ST,69
1.3594644579693847e+18,COLUMBUS AV/W 84 ST,84
1.359468969360356e+18,11 AV/W 42 ST,162
1.3595046074976543e+18,AVENUE A/E 11 ST,108
1.3595735310797857e+18,ALBANY AV/ATLANTIC AV,137
1.3595745310444754e+18,LEWIS AV/MYRTLE AV,16
1.35967005866158e+18,8 AV/W 46 ST,203
1.359702695327441e+18,BAYCHESTER AV/EDENWALD AV,340
1.3597543290058227e+18,MADISON AV/E 109 ST,144
1.3537272154712018e+18,1 AV/E 57 ST,95
1.3537273136091308e+18,ASTORIA BLVD/STEINWAY ST,541
1.3537274826398764e+18,W 135 ST/ADAM C POWELL BLVD,190
1.3537275265006945e+18,W 42 ST/9 AV,273
1.3537275986826573e+18,YORK AV/E 88 ST,120
1.3537278819769925e+18,FRANKLIN AV/PUTNAM AV,138
1.3537279045299674e+18,KINGSLAND AV/SKILLMAN AV,145
1.3537279774139328e+18,E 10 ST/AVENUE B,55
1.3537280936638461e+18,SAINT NICHOLAS AV/W 128 ST,66
1.353728096580647e+18,CENTRAL PARK WEST/W 106 ST,66
1.3537281048087183e+18,AVENUE C/E 7 ST,128
1.35372880876753e+18,8 AV/W 46 ST,122
1.3545265707026762e+18,GRAND ST/COLUMBIA ST,111
1.3545346382374753e+18,GRAND ST/EAST BROADWAY,244
1.3545428981818719e+18,GRAND ST/COLUMBIA ST,105
1.354547956913806e+18,LIVINGSTON ST/COURT ST,147
1.3545493865888947e+18,GRAND ST/COLUMBIA ST,105
1.3546308089434778e+18,BROADWAY/DE KALB AV,89
1.3546343053544543e+18,HAMPTON ST / WHITNEY AVE,497
1.3546920625270415e+18,9 AV/W 40 ST,104
1.3548280082608238e+18,ATLANTIC AV/124 ST,724
1.3550544208747223e+18,MARCY AV/S 4 ST,70
1.3537292069145815e+18,MANHATTAN AV/W 122 ST,122
1.3537292431056978e+18,FREDERICK DOUGLASS BLVD/W 123 ST,91
1.353729267128071e+18,RIVERSIDE DR/W 137 ST,87
1.3601764325007572e+18,MADISON AV/E 37 ST,108
1.3602008876788887e+18,FRESH POND RD/CATALPA AV,153
1.360235579219454e+18,BERGEN ST/NEVINS ST,228
1.3602906296840824e+18,GATES AV/KNICKERBOCKER AV,49
1.36033198516144e+18,WATER ST/MAIDEN LN,292
1.3603519973234788e+18,THROOP AV/LAFAYETTE AV,82
1.3606265257724498e+18,FULTON ST/ROCKAWAY AV,104
1.3608377522375982e+18,DE KALB AV/MARCY AV,103
1.3608999308911406e+18,W 31 ST/6 AV,88
1.3609111554033505e+18,LINDEN BLVD/193 ST,457
1.3537292946988908e+18,EAST BROADWAY/MARKET ST,59
1.353729375153277e+18,MANHATTAN AV/W 109 ST,69
1.3537297624072172e+18,GRAHAM AV/SEIGEL ST,96
1.3537298384299057e+18,YORK AV/E 87 ST,2
1.3537299011082289e+18,FLUSHING AV/BEAVER ST,96
1.3537301744763433e+18,YORK AV/E 88 ST,68
1.3537301832953723e+18,CENTRAL PARK WEST/W 108 ST,90
1.3537302335243876e+18,10 AV/W 47 ST,89
1.353730291515019e+18,SAINT NICHOLAS AV/W 125 ST,71
1.3537304258796045e+18,MANHATTAN AV/W 106 ST,47
1.353731572835667e+18,SAINT MARKS PL/2 AV,185
1.3537316121523187e+18,PUTNAM AV/FRANKLIN AV,131
1.353731728339594e+18,AMSTERDAM AV/W 109 ST,140
1.3537317310829967e+18,9 AV/W 55 ST,248
1.3537317732400474e+18,CATHEDRAL PKWY/BROADWAY,142
1.3537323122677148e+18,YORK AV/E 86 ST,110
1.3537323385073142e+18,EAST BROADWAY/FORSYTH ST,47
1.3537324473443581e+18,EAST BROADWAY/MARKET ST,25
1.3537326159946644e+18,W 106 ST/AMSTERDAM AV,271
1.3550717109491645e+18,GREENPOINT AV/47 ST,454
1.3550812530099843e+18,2 AV/E 28 ST,86
1.35508822789757e+18,MADISON AV/E 34 ST,122
1.3551182522493862e+18,E 110 ST/MADISON AV,133
1.355123322106678e+18,MADISON AV/E 111 ST,147
1.3551300037080832e+18,E 110 ST/MADISON AV,133
1.3551594693492772e+18,10 AV/W 47 ST,102
1.3551832762733745e+18,8 AV/46 ST,264
1.3552035248391142e+18,7 AV/GARFIELD PL,372
1.3552371666869476e+18,REMSEN AV/RUTLAND RD,249
1.3537329659503496e+18,W 49 ST/10 AV,42
1.3537332242340234e+18,AVENUE D/E 4 ST,118
1.353733290594019e+18,AMSTERDAM AV/W 106 ST,174
1.3609114943360233e+18,SAINT JOHNS PL/BUFFALO AV,128
1.3609283452674452e+18,CLARKSON AV/NOSTRAND AV,24
1.3609714130619372e+18,RODNEY ST/AINSLIE ST,90
1.3610736724503437e+18,GATES AV/BEDFORD AV,107
1.3611550714743012e+18,BERGEN ST/GRAND AV,78
1.3612137758161702e+18,E 57 ST/1 AV,202
1.3613849741397545e+18,E 79 ST/3 AV,25
1.3615679198091098e+18,WORTH ST/CHURCH ST,116
1.3616044194652419e+18,NEW YORK AV/MONTGOMERY ST,267
1.353733727395029e+18,CATHEDRAL PKWY/BROADWAY,75
1.353735403531313e+18,MANHATTAN AV/W 108 ST,10
1.3537357804273702e+18,MANHATTAN AV/W 114 ST,123
1.3537359923946798e+18,5 AV/E 109 ST,47
1.3537693479891684e+18,BROADWAY/JEFFERSON AV,279
1.3537890740904476e+18,ATLANTIC AV/CHESTNUT ST,386
1.3537912493724723e+18,7 AV/19 ST,289
1.3538761181697044e+18,5 AV/W 46 ST,62
1.3538766425087409e+18,5 AV/W 46 ST,62
1.3552531093828442e+18,REMSEN AV/RUTLAND RD,156
1.3552610016259965e+18,FRANKLIN AV/LEFFERTS PL,140
1.3552756243386985e+18,FLATBUSH AV/HAWTHORNE ST,258
1.3553804337789842e+18,MYRTLE AV/72 ST,387
1.355382147091544e+18,MERRICK BLVD/116 AV,691
1.355508559496881e+18,8 AV/W 28 ST,97
1.35580311723357e+18,BROADWAY/W 207 ST,155
1.3559560348672287e+18,MYRTLE AV/WASHINGTON AV,122
1.3559872910881795e+18,WATER ST/MAIDEN LN,292
1.3560048802223214e+18,BEDFORD AV/SNYDER AV,103
1.3645142056008364e+18,WATER ST/JOHN ST,244
1.364520501582908e+18,BROADWAY/CORTLANDT ST,202
1.361612505091432e+18,CENTRAL PARK NORTH/5 AV,128
1.3616152148702162e+18,CENTRAL PARK NORTH/5 AV,128
1.3616162107685734e+18,CENTRAL PARK NORTH/5 AV,128
1.3616208303923814e+18,EAST HOUSTON ST/AV C,146
1.3616687522038036e+18,E 57 ST/1 AV,136
1.3616715465622623e+18,5 AV/W 26 ST,178
1.361840108844138e+18,3 AV/E 39 ST,71
1.3618624072269002e+18,GATES AV/PATCHEN AV,194
1.3618704603466066e+18,VAN BUREN ST/BROADWAY,199
1.361887973862901e+18,MERRICK BLVD/FOCH BLVD,164
1.3619493909037176e+18,SOUTH AV/AMADOR ST,560
1.3645283533788234e+18,8 AV/W 31 ST,212
1.3645292832306217e+18,PARK AV/RYERSON ST,202
1.3645346615128287e+18,PARK ROW/ANN ST,224
1.3645577293947397e+18,BROADWAY/VESEY ST,257
1.364561054344359e+18,COLUMBUS AV/W 84 ST,84
1.3645610894380762e+18,LEXINGTON AV/E 40 ST,76
1.3645616375973166e+18,W 42 ST/11 AV,40
1.364579260115678e+18,2 AV/E 89 ST,62
1.3646078458190433e+18,COOPER ST/CENTRAL AV,30
1.364624861595099e+18,WATER ST/JOHN ST,300
1.364631206091432e+18,AVENUE C/E 8 ST,152
1.356043661815111e+18,DE KALB AV/STUYVESANT AV,151
1.3560548422558008e+18,BROADWAY/WILLOUGHBY AV,194
1.3561341381822702e+18,GRAHAM AV/RICHARDSON ST,237
1.3561772553677432e+18,JAMAICA AV/WOODHAVEN BLVD,34
1.3566244843752502e+18,ROOSEVELT AV/COLLEGE POINT BLVD,368
1.35680319426419e+18,BRONXWOOD AV/E 222 ST,18
1.3568099660946368e+18,LEFFERTS AV/SCHENECTADY AV,192
1.3568138738857649e+18,JAMAICA AV/CYPRESS HILLS ST,187
1.3568629588256732e+18,E 98 ST/SUTTER AV,98
1.356893086423977e+18,E 106 ST/LEXINGTON AV,86
1.362337688179926e+18,MANHATTAN AV/W 116 ST,99
1.362352331028746e+18,MANHATTAN AV/W 116 ST,230
1.362366050883307e+18,EAST HOUSTON ST/1 AV,125
1.3624078137559608e+18,W 34 ST/HUDSON BLVD E,171
1.362456424463439e+18,SUTTER AV/BARBEY ST,104
1.362598915038448e+18,BOWERY/HESTER ST,132
1.3627807551586253e+18,W 49 ST/9 AV,44
1.362969192110963e+18,FORT WASHINGTON AV/W 165 ST,147
1.36315669891512e+18,MYRTLE AV/BUSHWICK AV,321
1.3632916008705326e+18,3 AV/E 79 ST,63
1.3634027352178998e+18,1 AV/E 45 ST,207
1.3646577050908623e+18,YORK ST/GOLD ST,194
1.3646583423489777e+18,YORK ST/GOLD ST,194
1.3646775860913664e+18,WATER ST/JOHN ST,275
1.364683828642541e+18,BROADWAY/CORTLANDT ST,225
1.3646981200193385e+18,WATER ST/JOHN ST,288
1.3647198023319557e+18,BROADWAY/VESEY ST,169
1.3647321990834895e+18,WATER ST/JOHN ST,388
1.3647881046948257e+18,52 ST/4 AV,142
1.3648872296778793e+18,KISSENA BLVD/ROSE AV,158
1.3651627496333722e+18,SAINT JOHNS PL/BEDFORD AV,36
1.3575741586306906e+18,7 AV/13 ST,55
1.3576459797215775e+18,GRAND CONCOURSE/E 144 ST,448
1.3578765181675064e+18,67 AV/60 ST,144
1.357897816189402e+18,MARCUS GARVEY BLVD/MACDONOUGH ST,103
1.357898220049717e+18,67 AV/FRESH POND RD,217
1.358068171999092e+18,BROADWAY/W 57 ST,112
1.358373520011452e+18,JAMAICA AV/78 ST,78
1.3586103566215214e+18,3 AV/E 47 ST,69
1.3586460348638129e+18,3 AV/E 79 ST,45
1.3587196931588206e+18,W 50 ST/10 AV,94
1.3652182039184952e+18,6 AV/WEST HOUSTON ST,36
1.3652387505485473e+18,WILSON AV/PUTNAM AV,298
1.365244570965156e+18,WILSON AV/PUTNAM AV,298
1.365247115922413e+18,WILSON AV/PUTNAM AV,298
1.3652479623372145e+18,WILSON AV/PUTNAM AV,298
1.3652488409820844e+18,WILSON AV/PUTNAM AV,298
1.365257869016994e+18,GATES AV/KNICKERBOCKER AV,84
1.3634183284281917e+18,JAMAICA AV/111 ST,52
1.363522128707573e+18,RALPH AV/EASTERN PKWY,82
1.3636072562372188e+18,RALPH AV/SUTTER AV,185
1.3638423940130796e+18,8 AV/W 37 ST,236
1.3638676059796006e+18,GRAHAM AV/METROPOLITAN AV,63
1.3638993251336164e+18,E 106 ST/2 AV,223
1.3639216973876337e+18,BROADWAY/W 86 ST,76
1.3639338166941558e+18,MYRTLE AV/82 AV,119
1.363966319952515e+18,PARK ROW/ANN ST,234
1.3639930309317796e+18,BROADWAY/CORTLANDT ST,175
1.3652616582790894e+18,FULTON ST/GRAND AV,129
1.3652656847182528e+18,FULTON ST/GRAND AV,129
1.365267287643235e+18,FULTON ST/GRAND AV,129
1.358727341404448e+18,BROADWAY/W 135 ST,14
1.3587533897728996e+18,LEXINGTON AV/E 100 ST,193
1.3587551553441426e+18,W 72 ST/AMSTERDAM AV,71
1.3587783938482924e+18,FREDERICK DOUGLASS BLVD/W 127 ST,182
1.3587869631864445e+18,FREDERICK DOUGLASS BLVD/W 127 ST,86
1.3587904369838659e+18,W 125 ST/FREDERICK DOUGLASS BLVD,183
1.3588226599206065e+18,HALSEY ST/MARCUS GARVEY BLVD,76
1.3588282540422287e+18,WASHINGTON AV/MONTGOMERY ST,80
1.3588609539540408e+18,FRANCIS LEWIS BLVD/56 AV,419
1.3588682367186819e+18,SAINT NICHOLAS AV/W 189 ST,164
1.365268995370876e+18,FULTON ST/GRAND AV,129
1.3652705782396234e+18,FULTON ST/GRAND AV,129
1.3652714186863332e+18,FULTON ST/GRAND AV,129
1.3652722810945395e+18,FULTON ST/GRAND AV,129
1.3652809607173294e+18,GOLD ST/TILLARY ST,108
1.3652825884360525e+18,GOLD ST/TILLARY ST,108
1.3652826383417782e+18,GOLD ST/TILLARY ST,108
1.3653146367444116e+18,E 110 ST/MADISON AV,133
1.3639987117112686e+18,BROADWAY/CORTLANDT ST,155
1.3641149707670838e+18,39 ST/7 AV,18
1.3641916612740326e+18,CHRISTOPHER ST/WASHINGTON ST,182
1.3642609517796324e+18,AMSTERDAM AV/W 67 ST,322
1.3643002671594655e+18,UNION TPKE/PARSONS BLVD,999
1.3643083926173655e+18,THOMAS S BOYLAND ST/DEAN ST,68
1.3643678463176044e+18,3 AV/E 93 ST,136
1.3643681077636966e+18,9 AV/W 20 ST,140
1.3643684386357338e+18,1 AV/E 81 ST,104
1.3643684871904387e+18,AVENUE C/E 8 ST,147
1.3643687426152937e+18,FLUSHING AV/HUMBOLDT ST,156
1.3643693953913121e+18,W 125 ST/SAINT NICHOLAS AV,277
1.36532547715082e+18,LAFAYETTE AV/NOSTRAND AV,154
1.365328001081542e+18,LAFAYETTE AV/NOSTRAND AV,154
1.3653303098023447e+18,ASTORIA BLVD SOUTH/STEINWAY ST,1975
1.3653398359645896e+18,LAFAYETTE AV/NOSTRAND AV,154
1.3653443308866048e+18,JAMAICA AV/QUEENS BLVD,195
1.3588882811466824e+18,1 AV/E 17 ST,17
1.3589703524409836e+18,W 135 ST/ADAM C POWELL BLVD,195
1.3593805944397763e+18,KINGSTON AV/PACIFIC ST,130
1.3667344053890524e+18,WASHINGTON AV/PROSPECT PL,151
1.3667582551824366e+18,ROCKAWAY AV/MACDOUGAL ST,238
1.3667636900548022e+18,FULTON ST/ROCKAWAY AV,143
1.366767632362362e+18,HALSEY ST/HOWARD AV,115
1.366771750105847e+18,HALSEY ST/HOWARD AV,115
1.3667733254070979e+18,HALSEY ST/HOWARD AV,115
1.3653540329149478e+18,FRANKLIN ST/GREEN ST,245
1.3654067139011804e+18,THROOP AV/GREENE AV,86
1.365417116101094e+18,LEXINGTON AV/E 34 ST,89
1.3668458146981043e+18,W 106 ST/AMSTERDAM AV,141
1.3669128749903255e+18,GREENPOINT AV/47 ST,1100
1.3643701133372815e+18,CATHEDRAL PKWY/BROADWAY,1
1.3643703217277752e+18,NEW YORK AV/ATLANTIC AV,54
1.3643703561010796e+18,60 LN/METROPOLITAN AV,384
1.364371022850918e+18,9 ST/4 AV,263
1.3643981608307763e+18,SCHAEFER ST/CENTRAL AV,72
1.3644777144616842e+18,E 50 ST/2 AV,168
1.364504149036333e+18,FAIRVIEW AV/PUTNAM AV,183
1.365484573394973e+18,BROADWAY/MADISON ST,137
1.3654949085328517e+18,MYRTLE AV/HARMAN ST,291
1.365496120882253e+18,CENTRAL PARK NORTH/5 AV,298
1.3655119061829463e+18,MYRTLE AV/HARMAN ST,291
1.3656817820456105e+18,LAUREL HILL BLVD/58 ST,1254
1.3656872401405228e+18,LAUREL HILL BLVD/58 ST,1243
1.365812777839379e+18,VANDERBILT AV/ATLANTIC AV,18
1.365865620836753e+18,VANDERBILT AV/ATLANTIC AV,18
1.3659040380877455e+18,BEDFORD AV/STERLING PL,79
1.365987477656199e+18,RALPH AV/GATES AV,70
1.3660776113503078e+18,GRAND CONCOURSE/E 161 ST,188
1.3661141495388073e+18,TOMPKINS AV/WILLOUGHBY AV,106
1.366123641898773e+18,THROOP AV/HART ST,83
1.3661293181167585e+18,MYRTLE AV/THROOP AV,172
1.3661409295139448e+18,MYRTLE AV/THROOP AV,161
1.3661445175625615e+18,WILSON AV/WILLOUGHBY AV,166
1.3661571113702958e+18,TOMPKINS AV/WILLOUGHBY AV,123
1.3661644806313344e+18,DE KALB AV/THROOP AV,178
1.3661673209968594e+18,UTICA AV/PROSPECT PL,59
1.366228575653775e+18,CENTRAL PARK WEST/W 102 ST,210
1.3662373224107036e+18,COLUMBUS AV/W 102 ST,69
1.3662598303821038e+18,COLUMBUS AV/W 106 ST,63
1.3662633594005576e+18,COLUMBUS AV/W 102 ST,301
1.3662761591148687e+18,LAFAYETTE AV/SOUTH PORTLAND AV,96
1.3663024855180541e+18,8 AV/W 42 ST,131
1.36633353237485e+18,CONVENT AV/W 129 ST,91
1.3667173213901112e+18,HALSEY ST/HOWARD AV,115
1.3667219047095173e+18,3 AV/E 33 ST,108
1.3667226927553418e+18,6 AV/W 45 ST,93
1.3667232282430648e+18,HALSEY ST/HOWARD AV,115
